fam,naam,hefboom,munten,is_jaar,is_daling,is_t,is_zt3,oos_jaar,oos_daling,oos_t,trades_jr,winrate,gem_winst,gem_verlies,vi,jaren
1 trend,SMA50 dag band 0%,1.0,BTC+ETH,0.5494411520367395,-0.5549406875184142,2.8114191787548943,2.8241797087038276,0.42695029539893303,-0.3067584948224824,1.9455837279155503,18.982936756418283,0.2469879518072289,0.4477517825218032,-0.039139448365011126,0,"{""2018"": -28.8, ""2019"": 36.5, ""2020"": 314.1, ""2021"": 184.0, ""2022"": -40.2, ""2023"": 96.0, ""2024"": 44.5, ""2025"": 44.9, ""2026"": 26.8}"
1 trend,SMA50 dag band 0%,1.0,BTC,0.5099072610082069,-0.5778856489775401,2.771256049073801,2.506168470953139,0.31545956162063993,-0.2640075821964377,1.638373202802987,10.063243581715717,0.22727272727272727,0.4750700638708862,-0.03566393745459229,0,"{""2018"": -43.4, ""2019"": 83.1, ""2020"": 315.3, ""2021"": 124.3, ""2022"": -49.8, ""2023"": 140.4, ""2024"": 70.8, ""2025"": 5.0, ""2026"": 18.4}"
1 trend,SMA50 dag band 0%,1.0,5 munten,0.7368249004790552,-0.5111260247528624,3.300454966868974,3.239940771384105,0.3636868593650029,-0.3249887927602666,1.7295849524671774,52.031543519098314,0.22857142857142856,0.6144041577277412,-0.04072087316639467,0,"{""2018"": -30.5, ""2019"": 54.8, ""2020"": 266.1, ""2021"": 633.2, ""2022"": -37.9, ""2023"": 52.1, ""2024"": 88.6, ""2025"": 9.9, ""2026"": 10.3}"
1 trend,SMA50 dag band 0%,1.0,10 munten,1.1156383773044807,-0.48504106402413794,3.7428112205105077,8.071867138348221,0.19851925646557111,-0.4695661734706863,1.090782842938789,90.56919223544145,0.22474747474747475,0.6938307868221457,-0.04815671226197476,0,"{""2018"": -30.5, ""2019"": 66.5, ""2020"": 274.0, ""2021"": 1432.5, ""2022"": -38.1, ""2023"": 109.2, ""2024"": 67.2, ""2025"": -8.1, ""2026"": 5.7}"
1 trend,SMA50 dag band 0%,1.5,BTC+ETH,0.4682153045332065,-0.7198869755154218,2.1995755444077476,0.9851625414455576,0.4854194931594231,-0.4515798801887183,1.6778212565983046,18.982936756418283,0.23493975903614459,0.6067454338006778,-0.06031277399742683,0,"{""2018"": -43.1, ""2019"": 28.4, ""2020"": 425.4, ""2021"": 136.4, ""2022"": -55.3, ""2023"": 135.8, ""2024"": 40.2, ""2025"": 61.4, ""2026"": 31.0}"
1 trend,SMA50 dag band 0%,1.5,BTC,0.44581365559330033,-0.7450872913669604,2.164639178906945,0.8079088053047443,0.31979344741080507,-0.3962901680565798,1.3456832241923864,10.063243581715717,0.22727272727272727,0.6372766482362999,-0.055758748670057964,0,"{""2018"": -60.1, ""2019"": 92.8, ""2020"": 474.0, ""2021"": 87.2, ""2022"": -66.0, ""2023"": 219.1, ""2024"": 80.8, ""2025"": 0.3, ""2026"": 18.2}"
1 trend,SMA50 dag band 0%,1.5,5 munten,0.7317143491818809,-0.7182978792216597,2.6768503758725095,1.411672220419895,0.3876877682368072,-0.4721865036372189,1.4547297105967005,52.031543519098314,0.20659340659340658,0.9323359630800805,-0.06306262884770082,0,"{""2018"": -45.2, ""2019"": 63.7, ""2020"": 346.3, ""2021"": 784.4, ""2022"": -53.0, ""2023"": 61.0, ""2024"": 107.9, ""2025"": 6.1, ""2026"": 7.2}"
1 trend,SMA50 dag band 0%,1.5,10 munten,1.2226355069290324,-0.6674317156134908,3.02401939035408,6.527411214308186,0.11873000619161544,-0.6675373268277114,0.8014599120923427,90.56919223544145,0.20202020202020202,1.0254697778002584,-0.07466752645687895,0,"{""2018"": -45.2, ""2019"": 80.8, ""2020"": 356.3, ""2021"": 2078.1, ""2022"": -53.9, ""2023"": 150.3, ""2024"": 64.8, ""2025"": -19.8, ""2026"": 0.9}"
1 trend,SMA50 dag band 0%,2.0,BTC+ETH,0.5015409968937867,-0.830673158738706,2.2270935991823513,0.4302555153313452,0.6207581794626249,-0.5660808105404705,1.704872004407534,18.982936756418283,0.2289156626506024,0.890790923066785,-0.08115860945531275,0,"{""2018"": -53.7, ""2019"": 18.3, ""2020"": 693.5, ""2021"": 158.9, ""2022"": -68.4, ""2023"": 203.5, ""2024"": 48.6, ""2025"": 81.2, ""2026"": 39.8}"
1 trend,SMA50 dag band 0%,2.0,BTC,0.4917232107082581,-0.8493853516054775,2.181403860950472,0.2785714742730643,0.4208107569296162,-0.501147517378917,1.424044847238557,10.063243581715717,0.2159090909090909,1.0319906610582488,-0.07392637597509877,0,"{""2018"": -71.7, ""2019"": 108.0, ""2020"": 817.2, ""2021"": 91.2, ""2022"": -77.6, ""2023"": 363.1, ""2024"": 112.1, ""2025"": 0.5, ""2026"": 23.1}"
1 trend,SMA50 dag band 0%,2.0,5 munten,0.901551636870364,-0.8421301733664068,2.7154934510787965,0.9070839579915075,0.461724235375677,-0.5871621536980305,1.4569849987388588,52.031543519098314,0.1956043956043956,1.685439249755029,-0.08667986504230003,0,"{""2018"": -56.6, ""2019"": 76.2, ""2020"": 548.9, ""2021"": 1481.5, ""2022"": -66.3, ""2023"": 77.6, ""2024"": 146.2, ""2025"": 3.5, ""2026"": 5.7}"
1 trend,SMA50 dag band 0%,2.0,10 munten,1.4492888119509906,-0.801226667656138,2.9343331804396895,5.647089630946925,0.07424911566955061,-0.791444327317882,0.8064168231497918,90.56919223544145,0.18181818181818182,1.6539468148159833,-0.10153527468385738,0,"{""2018"": -56.6, ""2019"": 102.1, ""2020"": 576.1, ""2021"": 3136.9, ""2022"": -67.1, ""2023"": 215.6, ""2024"": 72.3, ""2025"": -29.4, ""2026"": -2.4}"
1 trend,SMA50 dag band 0%,3.0,BTC+ETH,0.33137108732065945,-0.949778204182348,2.294557182429702,-0.6964180782164593,0.753667399085127,-0.7438744433864355,1.7219595768629663,18.982936756418283,0.20481927710843373,1.6397442061581813,-0.12258555301379284,0,"{""2018"": -71.9, ""2019"": -5.2, ""2020"": 1414.4, ""2021"": 107.7, ""2022"": -85.8, ""2023"": 327.5, ""2024"": 35.4, ""2025"": 127.7, ""2026"": 51.6}"
1 trend,SMA50 dag band 0%,3.0,BTC,0.389725247624805,-0.9521981716508329,2.233631091212593,-0.6764445903096542,0.422373916602947,-0.6987891714791584,1.3896339580332746,10.063243581715717,0.19318181818181818,2.144577223893055,-0.10948004178641726,0,"{""2018"": -86.4, ""2019"": 141.3, ""2020"": 1855.0, ""2021"": 53.7, ""2022"": -90.6, ""2023"": 649.9, ""2024"": 118.0, ""2025"": -8.9, ""2026"": 32.5}"
1 trend,SMA50 dag band 0%,3.0,5 munten,0.7691176060171858,-0.970475444202573,2.7002450308436945,-0.5873917520167952,0.5339351581632703,-0.7593368235799104,1.5347738235692558,52.031543519098314,0.17582417582417584,3.365310512841421,-0.13380373368462942,0,"{""2018"": -75.6, ""2019"": 85.5, ""2020"": 946.0, ""2021"": 1876.4, ""2022"": -83.9, ""2023"": 100.9, ""2024"": 213.0, ""2025"": -1.8, ""2026"": -2.4}"
1 trend,SMA50 dag band 0%,3.0,10 munten,1.1931904586800517,-0.9673224241125951,2.8780426720149386,0.11913975803322407,-0.11303671015229044,-0.9305840491418279,0.8442836558022896,90.56919223544145,0.1553030303030303,3.0327551023702664,-0.15769053841504366,0,"{""2018"": -75.6, ""2019"": 119.8, ""2020"": 1004.4, ""2021"": 2350.0, ""2022"": -84.7, ""2023"": 342.5, ""2024"": 65.1, ""2025"": -50.9, ""2026"": -14.5}"
1 trend,SMA50 dag band 2%,1.0,BTC+ETH,0.566257102819272,-0.5451262748466058,2.8636106167381197,3.079810117449549,0.28669076456921117,-0.3762312175966963,1.46215757236429,10.406308703819661,0.38461538461538464,0.4914974505891043,-0.08275370245519016,1,"{""2018"": -32.4, ""2019"": 26.0, ""2020"": 361.2, ""2021"": 211.3, ""2022"": -40.6, ""2023"": 96.8, ""2024"": 32.9, ""2025"": 30.3, ""2026"": 15.4}"
1 trend,SMA50 dag band 2%,1.0,BTC,0.4677835559696524,-0.5327287882806294,2.6108501569377225,1.9589876466632483,0.2298424347160477,-0.3460766958498982,1.3088094354272763,5.260331872260489,0.3695652173913043,0.49893767976291914,-0.07767100008964156,1,"{""2018"": -42.5, ""2019"": 55.4, ""2020"": 288.9, ""2021"": 121.0, ""2022"": -44.4, ""2023"": 130.8, ""2024"": 68.4, ""2025"": -3.7, ""2026"": 8.9}"
1 trend,SMA50 dag band 2%,1.0,5 munten,0.7340183076430356,-0.47904025553200746,3.288090707748643,3.2856805262248265,0.2792938070338584,-0.38275272309507113,1.4297995076318932,28.47440513462743,0.30522088353413657,0.8256744066644641,-0.07658035601246856,1,"{""2018"": -31.3, ""2019"": 41.9, ""2020"": 261.1, ""2021"": 659.4, ""2022"": -34.6, ""2023"": 54.7, ""2024"": 75.2, ""2025"": 2.7, ""2026"": 6.6}"
1 trend,SMA50 dag band 2%,1.0,10 munten,1.1065016549935143,-0.47904025553200746,3.721417836737144,7.9098513744488415,0.15651870612921148,-0.4680349189722428,0.9382264805871912,51.45976831559174,0.29777777777777775,0.8841536302403056,-0.08408656123101085,1,"{""2018"": -31.3, ""2019"": 53.5, ""2020"": 273.7, ""2021"": 1464.2, ""2022"": -36.8, ""2023"": 115.1, ""2024"": 53.5, ""2025"": -9.7, ""2026"": 6.1}"
1 trend,SMA50 dag band 2%,1.5,BTC+ETH,0.4897074649230564,-0.7111317540536299,2.24815784341503,1.0940330868593584,0.2694037857704674,-0.5208379281210126,1.1799294360869692,10.406308703819661,0.37362637362637363,0.6375322118122891,-0.12679940121308614,1,"{""2018"": -47.7, ""2019"": 15.4, ""2020"": 519.7, ""2021"": 167.7, ""2022"": -56.0, ""2023"": 137.1, ""2024"": 23.0, ""2025"": 37.9, ""2026"": 13.5}"
1 trend,SMA50 dag band 2%,1.5,BTC,0.39188872040767686,-0.7025685072610808,2.0226043782704117,0.3868975060424935,0.2022479029382358,-0.4821456201122625,1.027200229563065,5.260331872260489,0.3695652173913043,0.6542221874079759,-0.12102910061933962,1,"{""2018"": -59.4, ""2019"": 56.1, ""2020"": 437.3, ""2021"": 75.7, ""2022"": -60.4, ""2023"": 201.2, ""2024"": 76.5, ""2025"": -10.4, ""2026"": 4.9}"
1 trend,SMA50 dag band 2%,1.5,5 munten,0.7211294917625168,-0.6883865951719139,2.656692353034551,1.4212129858823546,0.25547975146919955,-0.5421985140352592,1.1415622017864198,28.47440513462743,0.27710843373493976,1.217893048139345,-0.11908983742845068,1,"{""2018"": -46.4, ""2019"": 46.2, ""2020"": 331.7, ""2021"": 819.4, ""2022"": -49.3, ""2023"": 63.9, ""2024"": 85.7, ""2025"": -4.6, ""2026"": 1.3}"
1 trend,SMA50 dag band 2%,1.5,10 munten,1.1949054994886081,-0.649398612914386,2.993897869343971,6.099196281754612,0.05525501219489559,-0.6693980180603307,0.6379861483485149,51.45976831559174,0.2688888888888889,1.2652608291761314,-0.1311488238491615,1,"{""2018"": -46.4, ""2019"": 63.0, ""2020"": 348.6, ""2021"": 2101.0, ""2022"": -53.1, ""2023"": 160.5, ""2024"": 45.2, ""2025"": -22.3, ""2026"": 0.7}"
1 trend,SMA50 dag band 2%,2.0,BTC+ETH,0.544522054894135,-0.8191890150120543,2.300708911668716,0.6041279297752595,0.30019233573290816,-0.6349640884647043,1.1900273697063983,10.406308703819661,0.37362637362637363,0.898025443151088,-0.1699037708825984,1,"{""2018"": -58.5, ""2019"": 3.8, ""2020"": 904.1, ""2021"": 211.9, ""2022"": -69.4, ""2023"": 209.4, ""2024"": 25.0, ""2025"": 44.1, ""2026"": 14.2}"
1 trend,SMA50 dag band 2%,2.0,BTC,0.4266102172120676,-0.8150285739326633,2.06336743446785,-0.03328825225548804,0.22675644330664335,-0.601690926646938,1.0503604264276374,5.260331872260489,0.3695652173913043,0.9855165240338849,-0.1615697762379995,1,"{""2018"": -71.2, ""2019"": 56.7, ""2020"": 740.8, ""2021"": 83.9, ""2022"": -72.5, ""2023"": 327.9, ""2024"": 105.3, ""2025"": -16.5, ""2026"": 2.3}"
1 trend,SMA50 dag band 2%,2.0,5 munten,0.8964528419794462,-0.8218509655916029,2.71381582534675,0.9727491269834905,0.2883966068391177,-0.6594450687295088,1.1710608468027894,28.47440513462743,0.26907630522088355,2.0963709394184753,-0.16425940227884786,1,"{""2018"": -57.7, ""2019"": 53.3, ""2020"": 532.1, ""2021"": 1565.5, ""2022"": -63.3, ""2023"": 84.2, ""2024"": 112.2, ""2025"": -9.4, ""2026"": -0.8}"
1 trend,SMA50 dag band 2%,2.0,10 munten,1.4231425397185653,-0.7872396325081435,2.9200463753294805,5.2785143752391495,-0.009651688984088191,-0.7942515667599155,0.6410174935476429,51.45976831559174,0.24666666666666667,1.9693423649684267,-0.17716969651182746,1,"{""2018"": -57.7, ""2019"": 78.0, ""2020"": 572.4, ""2021"": 3248.8, ""2022"": -66.8, ""2023"": 231.6, ""2024"": 43.9, ""2025"": -32.8, ""2026"": -1.9}"
1 trend,SMA50 dag band 2%,3.0,BTC+ETH,0.3668909780169951,-0.943125442301726,2.3463735533811776,-0.6831454742692866,0.26082220128537736,-0.7970503446167172,1.2243880059096945,10.406308703819661,0.3516483516483517,1.466313233564854,-0.2518530435680036,1,"{""2018"": -76.0, ""2019"": -24.4, ""2020"": 2012.1, ""2021"": 159.1, ""2022"": -86.2, ""2023"": 335.0, ""2024"": 6.9, ""2025"": 60.0, ""2026"": 10.5}"
1 trend,SMA50 dag band 2%,3.0,BTC,0.2564732466630586,-0.9415598473393502,2.067403449720034,-0.8228116758316215,0.1551474876540344,-0.7755714330864506,1.0397270867576067,5.260331872260489,0.34782608695652173,1.7829126780336835,-0.23579960536736624,1,"{""2018"": -86.0, ""2019"": 46.2, ""2020"": 1496.6, ""2021"": 38.0, ""2022"": -87.3, ""2023"": 559.7, ""2024"": 107.8, ""2025"": -27.6, ""2026"": -1.2}"
1 trend,SMA50 dag band 2%,3.0,5 munten,0.7588513445862926,-0.9661000819540447,2.700952565415625,-0.5830762470818337,0.2836033085341394,-0.8218489896278567,1.2828283007134065,28.47440513462743,0.24497991967871485,3.845013258004772,-0.25144535878849883,1,"{""2018"": -76.3, ""2019"": 55.4, ""2020"": 869.1, ""2021"": 2026.4, ""2022"": -81.5, ""2023"": 109.4, ""2024"": 160.9, ""2025"": -20.2, ""2026"": -11.7}"
1 trend,SMA50 dag band 2%,3.0,10 munten,1.1260232202438543,-0.9684906850182748,2.854228868132727,-0.0670334962545992,-0.2000721138224284,-0.9319042138416661,0.7112691623920279,51.45976831559174,0.2111111111111111,3.373526505827072,-0.2719930889616829,1,"{""2018"": -76.3, ""2019"": 88.3, ""2020"": 948.6, ""2021"": 2366.3, ""2022"": -85.0, ""2023"": 372.0, ""2024"": 32.6, ""2025"": -54.5, ""2026"": -13.6}"
1 trend,SMA50 2u band 0%,1.0,BTC+ETH,0.6117576274589602,-0.5247932196582747,3.0207588718583653,3.8442191912626233,0.31220977824929075,-0.31045005988774543,1.552274802624241,57.17752035065748,0.112,0.3616238548723204,-0.013953192141381006,2,"{""2018"": -28.2, ""2019"": 35.4, ""2020"": 374.4, ""2021"": 178.3, ""2022"": -32.7, ""2023"": 96.6, ""2024"": 37.8, ""2025"": 32.4, ""2026"": 15.5}"
1 trend,SMA50 2u band 0%,1.0,BTC,0.562726205862176,-0.502206108864339,2.9734147075543422,3.308922827901376,0.15666978415682542,-0.3244417840811009,0.9944104559647914,30.075375704445836,0.09125475285171103,0.4151836137239111,-0.011995908714897969,2,"{""2018"": -43.4, ""2019"": 79.2, ""2020"": 341.4, ""2021"": 115.8, ""2022"": -38.0, ""2023"": 139.3, ""2024"": 49.6, ""2025"": -5.5, ""2026"": 5.5}"
1 trend,SMA50 2u band 0%,1.0,5 munten,0.729966407700789,-0.5022262842464882,3.2677152781123597,3.3367797165982713,0.21765540570085062,-0.3956523361020894,1.1991999131459854,173.47659674389482,0.1041529334212261,0.43816180870433913,-0.014170227862740456,2,"{""2018"": -34.4, ""2019"": 49.0, ""2020"": 278.6, ""2021"": 608.4, ""2022"": -35.0, ""2023"": 56.3, ""2024"": 66.9, ""2025"": -1.6, ""2026"": 2.0}"
1 trend,SMA50 2u band 0%,1.0,10 munten,1.116138110970248,-0.5022262842464882,3.7541020079214698,8.522041469190514,0.16015903878329163,-0.47402558624997304,0.9533514786602215,289.7756731371321,0.10812943962115233,0.48078020418412887,-0.01570548629543548,2,"{""2018"": -34.4, ""2019"": 62.2, ""2020"": 296.2, ""2021"": 1440.0, ""2022"": -33.7, ""2023"": 100.0, ""2024"": 54.7, ""2025"": -4.5, ""2026"": 0.4}"
1 trend,SMA50 2u band 0%,1.5,BTC+ETH,0.5755651029427258,-0.6816386505587038,2.4437913175263395,1.9158739177706265,0.31655254867513594,-0.45788896235236787,1.2948900683531674,57.17752035065748,0.104,0.5171959676410285,-0.021253581135303845,2,"{""2018"": -42.0, ""2019"": 27.1, ""2020"": 538.7, ""2021"": 145.7, ""2022"": -46.6, ""2023"": 136.7, ""2024"": 32.1, ""2025"": 41.5, ""2026"": 13.8}"
1 trend,SMA50 2u band 0%,1.5,BTC,0.5294220722525083,-0.6686195407527507,2.375086329613933,1.5327370577462203,0.08983444222628112,-0.4987601824076444,0.6900743772159472,30.075375704445836,0.08745247148288973,0.5851149545084785,-0.018474807074879848,2,"{""2018"": -59.7, ""2019"": 86.5, ""2020"": 527.3, ""2021"": 77.4, ""2022"": -52.6, ""2023"": 216.5, ""2024"": 48.5, ""2025"": -14.2, ""2026"": -0.6}"
1 trend,SMA50 2u band 0%,1.5,5 munten,0.7336340071422336,-0.6805619711180313,2.672843073956945,1.5673924459638142,0.173171048770705,-0.5548094610770584,0.9315868301152408,173.47659674389482,0.0936058009228741,0.680199062122643,-0.02174325725323246,2,"{""2018"": -49.3, ""2019"": 53.8, ""2020"": 367.4, ""2021"": 793.2, ""2022"": -50.2, ""2023"": 66.7, ""2024"": 74.3, ""2025"": -9.8, ""2026"": -5.1}"
1 trend,SMA50 2u band 0%,1.5,10 munten,1.2266282045871448,-0.6591791011060018,3.043445946499082,7.197579888009097,0.06707233142932845,-0.6691450474995737,0.6591684946332321,289.7756731371321,0.09550118389897395,0.7314950023004388,-0.0242437985874106,2,"{""2018"": -49.3, ""2019"": 74.7, ""2020"": 393.2, ""2021"": 2073.5, ""2022"": -48.7, ""2023"": 136.0, ""2024"": 47.7, ""2025"": -15.1, ""2026"": -6.8}"
1 trend,SMA50 2u band 0%,2.0,BTC+ETH,0.6579128347337206,-0.7930710524825229,2.471570240029285,1.5482586066960327,0.34575083554910213,-0.5806923206524779,1.2655259157461078,57.17752035065748,0.102,0.7406488549433045,-0.02851805012643732,2,"{""2018"": -53.3, ""2019"": 18.6, ""2020"": 950.1, ""2021"": 164.6, ""2022"": -58.7, ""2023"": 207.6, ""2024"": 30.5, ""2025"": 50.4, ""2026"": 15.1}"
1 trend,SMA50 2u band 0%,2.0,BTC,0.6156544690214079,-0.7899991170042837,2.3931385064807618,1.0632129663309988,0.08716956731595826,-0.6156022198944378,0.7439798292732055,30.075375704445836,0.08365019011406843,0.9342249750732591,-0.024715517791804243,2,"{""2018"": -72.6, ""2019"": 100.3, ""2020"": 996.3, ""2021"": 80.3, ""2022"": -64.2, ""2023"": 347.6, ""2024"": 62.8, ""2025"": -19.7, ""2026"": -3.8}"
1 trend,SMA50 2u band 0%,2.0,5 munten,0.9146343101114367,-0.8063133913243925,2.7223358513398948,1.0819039504952914,0.168510979775903,-0.692069050971819,0.9484789641497121,173.47659674389482,0.08635464733025709,1.234562549969681,-0.02961027379748716,2,"{""2018"": -61.3, ""2019"": 67.2, ""2020"": 590.5, ""2021"": 1447.0, ""2022"": -63.0, ""2023"": 91.4, ""2024"": 94.9, ""2025"": -17.6, ""2026"": -9.2}"
1 trend,SMA50 2u band 0%,2.0,10 munten,1.468801222913275,-0.783673115393944,2.92724561268793,6.812789264880665,0.004426406170530139,-0.7942006246314598,0.6522225825259805,289.7756731371321,0.08681925808997633,1.1624412312687398,-0.033262160963105365,2,"{""2018"": -61.3, ""2019"": 96.2, ""2020"": 638.5, ""2021"": 3168.0, ""2022"": -61.2, ""2023"": 194.3, ""2024"": 47.2, ""2025"": -24.4, ""2026"": -11.6}"
1 trend,SMA50 2u band 0%,3.0,BTC+ETH,0.5428538325031105,-0.9135730460544315,2.5150746257586993,-0.2772199211431601,0.33186943098936084,-0.7688708699931717,1.296556963708692,57.17752035065748,0.1,1.2470135351084612,-0.04456451361290517,2,"{""2018"": -70.8, ""2019"": -6.4, ""2020"": 2239.7, ""2021"": 117.7, ""2022"": -78.5, ""2023"": 313.9, ""2024"": 13.6, ""2025"": 69.0, ""2026"": 14.4}"
1 trend,SMA50 2u band 0%,3.0,BTC,0.5412328187471038,-0.91835228434536,2.3928217408159735,-0.3982724254772484,-0.06600923233553457,-0.8101529291691543,0.6893522663447825,30.075375704445836,0.08365019011406843,1.716904373102459,-0.03828711856012536,2,"{""2018"": -86.7, ""2019"": 117.1, ""2020"": 2373.0, ""2021"": 32.7, ""2022"": -81.1, ""2023"": 622.4, ""2024"": 42.1, ""2025"": -35.3, ""2026"": -9.9}"
1 trend,SMA50 2u band 0%,3.0,5 munten,0.8299756989041331,-0.9700859277291427,2.7382437897297316,-0.49688980146056383,0.11653658994487048,-0.8570329862240504,1.0810011572668836,173.47659674389482,0.07580751483190508,2.5799550211101696,-0.04680307388892147,2,"{""2018"": -78.1, ""2019"": 79.9, ""2020"": 1069.5, ""2021"": 2007.9, ""2022"": -81.9, ""2023"": 111.1, ""2024"": 135.2, ""2025"": -31.1, ""2026"": -22.6}"
1 trend,SMA50 2u band 0%,3.0,10 munten,1.2572306829071853,-0.961445436890914,2.8821342769183245,0.5704998238731347,-0.1958468616915109,-0.9328401403351809,0.688856591756009,289.7756731371321,0.0718232044198895,2.26233528524115,-0.0534202822541247,2,"{""2018"": -78.1, ""2019"": 124.1, ""2020"": 1136.6, ""2021"": 2556.4, ""2022"": -81.4, ""2023"": 289.5, ""2024"": 33.1, ""2025"": -46.3, ""2026"": -26.3}"
1 trend,SMA50 2u band 2%,1.0,BTC+ETH,0.6659584340460742,-0.4863159900390853,3.1983527042154916,4.906683155369592,0.39195356071573295,-0.2844257245858285,1.828198898417092,12.92211959924859,0.336283185840708,0.479435094408959,-0.05761823097045545,3,"{""2018"": -29.5, ""2019"": 43.5, ""2020"": 390.1, ""2021"": 199.2, ""2022"": -31.0, ""2023"": 102.3, ""2024"": 46.3, ""2025"": 37.3, ""2026"": 23.4}"
1 trend,SMA50 2u band 2%,1.0,BTC,0.5706712640129796,-0.49522310393541646,3.006959992633417,3.4419107923876346,0.2721617139298633,-0.31676351644460954,1.4747859279518862,6.289527238572323,0.3090909090909091,0.5317278247480104,-0.05557495068505112,3,"{""2018"": -45.7, ""2019"": 78.7, ""2020"": 316.1, ""2021"": 141.2, ""2022"": -37.1, ""2023"": 141.2, ""2024"": 76.9, ""2025"": -1.5, ""2026"": 11.1}"
1 trend,SMA50 2u band 2%,1.0,5 munten,0.8332556288947657,-0.4893742796155599,3.561475823540801,5.00153962540564,0.2554316668537886,-0.3660998242351198,1.3419255249655346,38.766358797745774,0.2890855457227139,0.6620939422162713,-0.057282567445137295,3,"{""2018"": -34.1, ""2019"": 54.6, ""2020"": 305.5, ""2021"": 664.7, ""2022"": -27.4, ""2023"": 64.5, ""2024"": 73.6, ""2025"": -0.6, ""2026"": 5.5}"
1 trend,SMA50 2u band 2%,1.0,10 munten,1.2081329377253605,-0.4893742796155599,3.936883645430431,11.220944140912906,0.17238894763517698,-0.46437640512594214,0.9980247451685902,74.44513149655604,0.261136712749616,0.7271781938950085,-0.05791783569396309,3,"{""2018"": -34.1, ""2019"": 67.7, ""2020"": 320.8, ""2021"": 1560.3, ""2022"": -32.3, ""2023"": 112.4, ""2024"": 55.0, ""2025"": -3.7, ""2026"": 2.4}"
1 trend,SMA50 2u band 2%,1.5,BTC+ETH,0.6414699219178333,-0.6483627942718098,2.5897085186389717,2.727482417241791,0.4404732639887876,-0.4255011204558147,1.5762210627743507,12.92211959924859,0.336283185840708,0.6130487267819471,-0.08940837870307579,3,"{""2018"": -43.9, ""2019"": 39.3, ""2020"": 576.1, ""2021"": 161.8, ""2022"": -45.3, ""2023"": 147.0, ""2024"": 44.0, ""2025"": 49.9, ""2026"": 26.2}"
1 trend,SMA50 2u band 2%,1.5,BTC,0.5383129219570495,-0.665284336819536,2.398812092839492,1.554637916907073,0.26888615620705236,-0.4435591250059848,1.2115759658558987,6.289527238572323,0.3090909090909091,0.7044698814195558,-0.08681693067714367,3,"{""2018"": -62.5, ""2019"": 85.8, ""2020"": 493.4, ""2021"": 103.4, ""2022"": -51.9, ""2023"": 221.3, ""2024"": 90.8, ""2025"": -7.1, ""2026"": 8.5}"
1 trend,SMA50 2u band 2%,1.5,5 munten,0.877987373685243,-0.6484681175775266,2.9364192886504035,3.0759191977365754,0.22935215447642143,-0.5417688244301118,1.076188240594071,38.766358797745774,0.26548672566371684,0.9720189720412538,-0.0876352038870238,3,"{""2018"": -49.2, ""2019"": 65.1, ""2020"": 419.2, ""2021"": 845.6, ""2022"": -40.7, ""2023"": 78.4, ""2024"": 84.3, ""2025"": -7.9, ""2026"": -0.1}"
1 trend,SMA50 2u band 2%,1.5,10 munten,1.3570710968797988,-0.6484681175775266,3.1760623427165937,10.799881320489895,0.08671007489983484,-0.657551371896725,0.713971959355794,74.44513149655604,0.2350230414746544,1.0525668427520034,-0.08900772561461806,3,"{""2018"": -49.2, ""2019"": 86.8, ""2020"": 438.1, ""2021"": 2261.7, ""2022"": -47.4, ""2023"": 154.8, ""2024"": 47.5, ""2025"": -13.4, ""2026"": -3.6}"
1 trend,SMA50 2u band 2%,2.0,BTC+ETH,0.7725231473807712,-0.7665146824881734,2.646417013885116,2.676357176045076,0.5245261891646245,-0.5420581779901904,1.5587140062454206,12.92211959924859,0.336283185840708,0.8624866801596581,-0.11998075442087827,3,"{""2018"": -54.3, ""2019"": 33.1, ""2020"": 1019.4, ""2021"": 209.7, ""2022"": -57.6, ""2023"": 226.7, ""2024"": 49.2, ""2025"": 62.0, ""2026"": 31.7}"
1 trend,SMA50 2u band 2%,2.0,BTC,0.6495307401249952,-0.777980582664445,2.4541802216054904,1.353215000278098,0.3210983934303544,-0.5622636418034187,1.238927544510452,6.289527238572323,0.3090909090909091,1.0690505343239591,-0.1162820813742264,3,"{""2018"": -74.1, ""2019"": 106.9, ""2020"": 846.9, ""2021"": 129.8, ""2022"": -63.9, ""2023"": 367.1, ""2024"": 128.3, ""2025"": -12.1, ""2026"": 7.0}"
1 trend,SMA50 2u band 2%,2.0,5 munten,1.135338876243861,-0.7637300186440443,2.9727486466764077,2.9165431417473484,0.2489642523401563,-0.6712955035343178,1.0993586177236092,38.766358797745774,0.2359882005899705,1.811955298502398,-0.11763292416709582,3,"{""2018"": -60.6, ""2019"": 77.1, ""2020"": 688.0, ""2021"": 1642.9, ""2022"": -53.9, ""2023"": 112.8, ""2024"": 108.3, ""2025"": -13.1, ""2026"": -3.3}"
1 trend,SMA50 2u band 2%,2.0,10 munten,1.6529791209558726,-0.7637300186440443,3.0611289467078193,10.994472364855124,0.02994809826374234,-0.7821736738767551,0.7100104535211063,74.44513149655604,0.20890937019969277,1.6856080592917564,-0.12129551989711293,3,"{""2018"": -60.6, ""2019"": 106.6, ""2020"": 717.7, ""2021"": 3708.9, ""2022"": -61.1, ""2023"": 225.8, ""2024"": 47.4, ""2025"": -21.4, ""2026"": -8.8}"
1 trend,SMA50 2u band 2%,3.0,BTC+ETH,0.7016968213240535,-0.8983473612183263,2.6841156529920096,0.19638318760306217,0.5752709734729942,-0.7156122851114112,1.5574728304803662,12.92211959924859,0.30973451327433627,1.4746599561076945,-0.17957784388135534,3,"{""2018"": -72.7, ""2019"": 10.8, ""2020"": 2468.7, ""2021"": 170.9, ""2022"": -77.6, ""2023"": 371.1, ""2024"": 42.9, ""2025"": 80.2, ""2026"": 35.3}"
1 trend,SMA50 2u band 2%,3.0,BTC,0.584093779234885,-0.9086216447041495,2.448730663543227,-0.2844380315064837,0.2639064113822971,-0.7591177383817906,1.1919797852438376,6.289527238572323,0.3090909090909091,1.9053536803586255,-0.17854177642814228,3,"{""2018"": -88.2, ""2019"": 124.3, ""2020"": 2029.9, ""2021"": 92.6, ""2022"": -81.7, ""2023"": 663.3, ""2024"": 146.8, ""2025"": -27.1, ""2026"": 5.7}"
1 trend,SMA50 2u band 2%,3.0,5 munten,1.0946766368875833,-0.9389330802139922,2.9219184787209884,0.2101791034435403,0.20192143999568768,-0.845265536501328,1.187616154274657,38.766358797745774,0.2182890855457227,3.2410968332844443,-0.18504925324139368,3,"{""2018"": -78.1, ""2019"": 89.7, ""2020"": 1284.8, ""2021"": 2214.7, ""2022"": -74.7, ""2023"": 149.3, ""2024"": 147.0, ""2025"": -26.2, ""2026"": -15.8}"
1 trend,SMA50 2u band 2%,3.0,10 munten,1.4632848315190468,-0.940533603073281,2.9722157294426053,1.6820739513599126,-0.17107366166973803,-0.9272894440950477,0.737915526456044,74.44513149655604,0.1858678955453149,2.787235754361971,-0.19263321043790926,3,"{""2018"": -78.1, ""2019"": 133.3, ""2020"": 1313.7, ""2021"": 3086.3, ""2022"": -81.1, ""2023"": 353.4, ""2024"": 30.6, ""2025"": -43.9, ""2026"": -21.7}"
1 trend,SMA100 dag band 0%,1.0,BTC+ETH,0.4658149297980332,-0.5457093082532452,2.5125482429732675,1.7420094439473992,0.27229273969852485,-0.3806732377249171,1.4252975763081557,13.37953976205385,0.19658119658119658,0.7377212109740153,-0.0416430080049948,4,"{""2018"": -25.0, ""2019"": 96.1, ""2020"": 156.4, ""2021"": 137.0, ""2022"": -34.0, ""2023"": 67.4, ""2024"": 35.7, ""2025"": 23.7, ""2026"": 14.4}"
1 trend,SMA100 dag band 0%,1.0,BTC,0.5104988094251393,-0.3839205745592321,2.7692261138967043,2.5144083174090994,0.2517598443893634,-0.35984966696115117,1.3916686548373232,6.403882279273638,0.21428571428571427,0.6652914781688465,-0.03465825872630551,4,"{""2018"": -27.5, ""2019"": 134.5, ""2020"": 169.2, ""2021"": 75.9, ""2022"": -20.7, ""2023"": 83.2, ""2024"": 58.5, ""2025"": 4.1, ""2026"": 11.1}"
1 trend,SMA100 dag band 0%,1.0,5 munten,0.5432255201311058,-0.6133494741220775,2.696214016434048,1.0868708560940625,0.32267869038435326,-0.3535541754746291,1.5596446324678395,35.22135253600501,0.18831168831168832,0.961119331407622,-0.04816120803893467,4,"{""2018"": -26.3, ""2019"": 78.9, ""2020"": 120.8, ""2021"": 465.9, ""2022"": -37.4, ""2023"": 31.4, ""2024"": 94.8, ""2025"": -5.9, ""2026"": 12.3}"
1 trend,SMA100 dag band 0%,1.0,10 munten,0.8141480526955689,-0.624134130056412,3.1102591125477117,2.4415398821378522,0.2289087218640391,-0.3988923912622797,1.175304893968581,61.98043206011271,0.17343173431734318,1.5369535507700853,-0.05383926636525127,4,"{""2018"": -26.3, ""2019"": 79.3, ""2020"": 123.2, ""2021"": 1231.9, ""2022"": -42.8, ""2023"": 53.4, ""2024"": 67.4, ""2025"": -17.2, ""2026"": 21.3}"
1 trend,SMA100 dag band 0%,1.5,BTC+ETH,0.38125780813872434,-0.7513032935500586,1.9927435976754861,0.2691243358421369,0.24727346334335043,-0.5472357471902429,1.1362392714218732,13.37953976205385,0.18803418803418803,0.9502392091915741,-0.06612932484910616,4,"{""2018"": -36.4, ""2019"": 130.5, ""2020"": 162.2, ""2021"": 87.4, ""2022"": -47.0, ""2023"": 81.7, ""2024"": 21.6, ""2025"": 29.2, ""2026"": 15.3}"
1 trend,SMA100 dag band 0%,1.5,BTC,0.4673816842122911,-0.5920720688308655,2.2139212269909887,0.8929254256909445,0.2368540337557168,-0.5150275978585777,1.1251306299260184,6.403882279273638,0.21428571428571427,0.8829900818092694,-0.0576851742517498,4,"{""2018"": -40.0, ""2019"": 193.8, ""2020"": 204.5, ""2021"": 29.4, ""2022"": -30.6, ""2023"": 102.9, ""2024"": 58.7, ""2025"": 0.2, ""2026"": 11.0}"
1 trend,SMA100 dag band 0%,1.5,5 munten,0.4684488907779225,-0.8300101698367836,2.153448058464955,-0.08423253774245665,0.31034042122518235,-0.5174996976798956,1.268325221302714,35.22135253600501,0.16233766233766234,1.3328551729612719,-0.07788436885724809,4,"{""2018"": -39.1, ""2019"": 107.9, ""2020"": 111.8, ""2021"": 506.1, ""2022"": -51.9, ""2023"": 29.4, ""2024"": 109.6, ""2025"": -17.9, ""2026"": 13.9}"
1 trend,SMA100 dag band 0%,1.5,10 munten,0.7846150496907682,-0.8324050241704866,2.499523020815048,0.8327201969581381,0.1469412833815149,-0.6046444853609351,0.8837430419639182,61.98043206011271,0.15129151291512916,1.8886960821937162,-0.08799880138898468,4,"{""2018"": -39.1, ""2019"": 108.2, ""2020"": 112.5, ""2021"": 1635.8, ""2022"": -58.5, ""2023"": 58.8, ""2024"": 58.5, ""2025"": -32.6, ""2026"": 27.3}"
1 trend,SMA100 dag band 0%,2.0,BTC+ETH,0.35709344510470986,-0.8682182180765678,1.9817506210947395,-0.293323246363699,0.2679574591469429,-0.6726443698412192,1.1381219765591157,13.37953976205385,0.1794871794871795,1.2878382024197945,-0.08816444843380394,4,"{""2018"": -45.4, ""2019"": 155.6, ""2020"": 217.1, ""2021"": 66.9, ""2022"": -59.6, ""2023"": 109.0, ""2024"": 22.7, ""2025"": 29.9, ""2026"": 18.4}"
1 trend,SMA100 dag band 0%,2.0,BTC,0.487990524073852,-0.7387172991311106,2.175130816101779,0.2616259146996833,0.26636343044796806,-0.6431102656956305,1.132391979864341,6.403882279273638,0.19642857142857142,1.3689391049906214,-0.07639077091035153,4,"{""2018"": -49.8, ""2019"": 250.7, ""2020"": 282.6, ""2021"": 11.9, ""2022"": -40.5, ""2023"": 136.0, ""2024"": 68.5, ""2025"": -2.7, ""2026"": 14.2}"
1 trend,SMA100 dag band 0%,2.0,5 munten,0.5316177951881558,-0.9217756908573613,2.2478486754336604,-0.463362208495005,0.34949509685352753,-0.6369625048164096,1.2790386299078007,35.22135253600501,0.14935064935064934,2.063129823099279,-0.10520783911674436,4,"{""2018"": -49.0, ""2019"": 141.4, ""2020"": 146.2, ""2021"": 805.8, ""2022"": -63.9, ""2023"": 31.6, ""2024"": 147.8, ""2025"": -28.6, ""2026"": 17.3}"
1 trend,SMA100 dag band 0%,2.0,10 munten,0.8418164880597061,-0.9268753461653523,2.469207978877029,0.3605223345284727,0.07801135358871436,-0.7463823047257003,0.8453493996578159,61.98043206011271,0.14022140221402213,2.080524263305767,-0.12074193968996706,4,"{""2018"": -49.0, ""2019"": 139.2, ""2020"": 150.1, ""2021"": 2227.9, ""2022"": -69.6, ""2023"": 69.9, ""2024"": 55.5, ""2025"": -46.9, ""2026"": 35.7}"
1 trend,SMA100 dag band 0%,3.0,BTC+ETH,0.16851695291125557,-0.971256036749871,2.087476358163577,-0.8804167824274588,0.18650132031635014,-0.832597806607089,1.1311355381372126,13.37953976205385,0.17094017094017094,1.8270356747388363,-0.13553841769951555,4,"{""2018"": -62.4, ""2019"": 186.8, ""2020"": 330.9, ""2021"": -9.6, ""2022"": -75.4, ""2023"": 146.2, ""2024"": -0.3, ""2025"": 24.8, ""2026"": 25.2}"
1 trend,SMA100 dag band 0%,3.0,BTC,0.36537615649732214,-0.9134205509015397,2.205883725081737,-0.7083370515355583,0.18129213787900955,-0.8077195908070138,1.0839718103709404,6.403882279273638,0.17857142857142858,2.506892217692956,-0.12105428892927636,4,"{""2018"": -66.9, ""2019"": 365.3, ""2020"": 421.0, ""2021"": -42.8, ""2022"": -54.6, ""2023"": 199.1, ""2024"": 60.1, ""2025"": -17.1, ""2026"": 15.3}"
1 trend,SMA100 dag band 0%,3.0,5 munten,0.2888219861214467,-0.9921552544002923,2.304686975663515,-0.9282868645643495,0.31842400878826416,-0.8039815758294602,1.3386923058993008,35.22135253600501,0.12987012987012986,2.625287220518568,-0.16504795461240293,4,"{""2018"": -67.7, ""2019"": 179.7, ""2020"": 165.2, ""2021"": 681.7, ""2022"": -80.3, ""2023"": 26.2, ""2024"": 212.5, ""2025"": -49.5, ""2026"": 18.2}"
1 trend,SMA100 dag band 0%,3.0,10 munten,0.4470580136794473,-0.9945215611462217,2.4953310732958762,-0.8816044680072928,-0.13652349592516466,-0.9143763356258845,0.8725697699074029,61.98043206011271,0.09778597785977859,2.929504978761241,-0.1913416743914085,4,"{""2018"": -67.7, ""2019"": 166.0, ""2020"": 166.2, ""2021"": 1267.3, ""2022"": -84.8, ""2023"": 74.5, ""2024"": 39.2, ""2025"": -71.2, ""2026"": 46.1}"
1 trend,SMA100 dag band 2%,1.0,BTC+ETH,0.5416632431650148,-0.49502315284727505,2.752048383658104,2.7110199948568265,0.39272324903695877,-0.30573752610878324,1.8467887604021458,5.374686912961804,0.3404255319148936,1.3626297171444492,-0.0926292418271246,5,"{""2018"": -28.8, ""2019"": 103.4, ""2020"": 190.2, ""2021"": 162.3, ""2022"": -31.1, ""2023"": 76.3, ""2024"": 61.8, ""2025"": 31.4, ""2026"": 15.8}"
1 trend,SMA100 dag band 2%,1.0,BTC,0.5544927609534158,-0.429330159049363,2.91087290652791,3.1747677115819437,0.3713919648402457,-0.2739664360023153,1.822744457399666,2.5158108954289293,0.36363636363636365,1.1046988465781438,-0.07659045967136272,5,"{""2018"": -35.0, ""2019"": 140.6, ""2020"": 224.3, ""2021"": 83.5, ""2022"": -21.5, ""2023"": 89.8, ""2024"": 101.7, ""2025"": 4.7, ""2026"": 11.5}"
1 trend,SMA100 dag band 2%,1.0,5 munten,0.5832379654223043,-0.5779927065784232,2.8085110772780024,1.4034096775909237,0.3685522244894879,-0.32980181342908443,1.7070956015724683,17.49632122730119,0.28104575163398693,1.369543379468025,-0.08950812684334887,5,"{""2018"": -29.8, ""2019"": 82.0, ""2020"": 141.7, ""2021"": 465.4, ""2022"": -34.2, ""2023"": 37.4, ""2024"": 106.6, ""2025"": -2.7, ""2026"": 12.4}"
1 trend,SMA100 dag band 2%,1.0,10 munten,0.860945335170614,-0.5747777549554687,3.2074930483704045,2.9854988004028358,0.23092394420840212,-0.39728446191246236,1.1805324004693878,33.73473700688792,0.24745762711864408,1.9893908263430324,-0.09435258929045445,5,"{""2018"": -29.8, ""2019"": 81.2, ""2020"": 138.6, ""2021"": 1222.2, ""2022"": -38.1, ""2023"": 61.6, ""2024"": 69.5, ""2025"": -17.6, ""2026"": 20.6}"
1 trend,SMA100 dag band 2%,1.5,BTC+ETH,0.4733890049033955,-0.7115475647017038,2.208500315353012,0.8671072362029488,0.42385725222882287,-0.4603978455443599,1.559848985765586,5.374686912961804,0.3404255319148936,1.6234858619155164,-0.15048960142705756,5,"{""2018"": -41.6, ""2019"": 143.1, ""2020"": 218.8, ""2021"": 100.7, ""2022"": -43.8, ""2023"": 99.9, ""2024"": 58.0, ""2025"": 40.8, ""2026"": 17.2}"
1 trend,SMA100 dag band 2%,1.5,BTC,0.5214818761455668,-0.5932661211524373,2.342526527631837,1.3561465815858824,0.41871431895999733,-0.39758845576776936,1.5781602628878566,2.5158108954289293,0.36363636363636365,1.3877500496047728,-0.12869047397170905,5,"{""2018"": -49.7, ""2019"": 204.1, ""2020"": 301.6, ""2021"": 30.9, ""2022"": -31.9, ""2023"": 121.7, ""2024"": 128.6, ""2025"": 0.9, ""2026"": 11.5}"
1 trend,SMA100 dag band 2%,1.5,5 munten,0.5197324224204172,-0.8051685061555893,2.258543931690928,0.10989415991621287,0.38321859401783853,-0.48966048284951325,1.4298026073988606,17.49632122730119,0.26143790849673204,1.7319151837222413,-0.14851743196423423,5,"{""2018"": -43.6, ""2019"": 113.1, ""2020"": 144.7, ""2021"": 490.2, ""2022"": -48.5, ""2023"": 38.7, ""2024"": 130.6, ""2025"": -13.8, ""2026"": 14.3}"
1 trend,SMA100 dag band 2%,1.5,10 munten,0.846435453926849,-0.7995090289537133,2.5785403019162842,1.2552888888568376,0.15089688529522616,-0.6035984816166848,0.8950380275017437,33.73473700688792,0.2271186440677966,2.28988446786491,-0.1560070667966866,5,"{""2018"": -43.6, ""2019"": 110.8, ""2020"": 135.2, ""2021"": 1582.1, ""2022"": -53.3, ""2023"": 72.0, ""2024"": 62.5, ""2025"": -33.4, ""2026"": 26.2}"
1 trend,SMA100 dag band 2%,2.0,BTC+ETH,0.4901860410897696,-0.8429730776899486,2.220571022404656,0.24383353583965905,0.4970516717011062,-0.5910658125779422,1.5332121181098848,5.374686912961804,0.3404255319148936,2.193101274276145,-0.19958015743931706,5,"{""2018"": -51.2, ""2019"": 176.7, ""2020"": 309.8, ""2021"": 89.6, ""2022"": -55.2, ""2023"": 132.3, ""2024"": 70.8, ""2025"": 43.2, ""2026"": 21.7}"
1 trend,SMA100 dag band 2%,2.0,BTC,0.5741517602103161,-0.729754488263764,2.3269512448108083,0.7635224127593843,0.5033015632533366,-0.5013004202971365,1.5555827049089204,2.5158108954289293,0.36363636363636365,1.9575215310593017,-0.16985098717976665,5,"{""2018"": -60.2, ""2019"": 272.6, ""2020"": 459.8, ""2021"": 15.3, ""2022"": -40.2, ""2023"": 159.6, ""2024"": 166.4, ""2025"": -2.3, ""2026"": 15.2}"
1 trend,SMA100 dag band 2%,2.0,5 munten,0.606899351248972,-0.9061253708130004,2.3557867248256406,-0.29390813976420427,0.4392244838737933,-0.614143712845624,1.421435890300245,17.49632122730119,0.24183006535947713,2.684002016433095,-0.19918678996149358,5,"{""2018"": -53.9, ""2019"": 151.6, ""2020"": 192.9, ""2021"": 794.1, ""2022"": -59.9, ""2023"": 42.6, ""2024"": 175.3, ""2025"": -24.0, ""2026"": 18.3}"
1 trend,SMA100 dag band 2%,2.0,10 munten,0.9316581897475951,-0.9066013305224498,2.5535013735767227,0.8008804143694357,0.08236244890061695,-0.7402748485495745,0.8576345330402569,33.73473700688792,0.20677966101694914,2.567318769756649,-0.21078818721303794,5,"{""2018"": -53.9, ""2019"": 144.8, ""2020"": 182.3, ""2021"": 2165.8, ""2022"": -64.0, ""2023"": 87.4, ""2024"": 57.3, ""2025"": -46.6, ""2026"": 34.1}"
1 trend,SMA100 dag band 2%,3.0,BTC+ETH,0.3049993871571579,-0.9652514408142507,2.284505002981431,-0.7673936060872644,0.5179760743052715,-0.7645683104795991,1.5213840060976274,5.374686912961804,0.3191489361702128,2.6916561192219604,-0.2903307937771095,5,"{""2018"": -67.8, ""2019"": 223.8, ""2020"": 479.3, ""2021"": 4.4, ""2022"": -72.5, ""2023"": 184.7, ""2024"": 63.4, ""2025"": 43.2, ""2026"": 31.0}"
1 trend,SMA100 dag band 2%,3.0,BTC,0.454376017257502,-0.912777327209636,2.3283421739299026,-0.5712792264091677,0.5366108973274457,-0.6631106970479564,1.5235790965851788,2.5158108954289293,0.3181818181818182,3.185447845003094,-0.24176866997696542,5,"{""2018"": -76.3, ""2019"": 415.5, ""2020"": 760.6, ""2021"": -40.5, ""2022"": -56.1, ""2023"": 230.9, ""2024"": 217.9, ""2025"": -15.1, ""2026"": 16.8}"
1 trend,SMA100 dag band 2%,3.0,5 munten,0.36763273082720205,-0.9901821576024491,2.3877383397231,-0.898786546223472,0.4383339798174162,-0.7825381006875823,1.4667858934469746,17.49632122730119,0.20915032679738563,3.283929340907803,-0.30882303881521844,5,"{""2018"": -71.7, ""2019"": 200.1, ""2020"": 226.4, ""2021"": 650.0, ""2022"": -77.6, ""2023"": 42.9, ""2024"": 253.2, ""2025"": -44.3, ""2026"": 20.6}"
1 trend,SMA100 dag band 2%,3.0,10 munten,0.539778229109745,-0.9921999422838224,2.5629423899717763,-0.8161532025528933,-0.14447225650027462,-0.9128095311043342,0.86851899473487,33.73473700688792,0.14915254237288136,3.2954151127180036,-0.3294510454871805,5,"{""2018"": -71.7, ""2019"": 177.5, ""2020"": 203.0, ""2021"": 1197.3, ""2022"": -80.3, ""2023"": 98.1, ""2024"": 37.6, ""2025"": -71.6, ""2026"": 45.1}"
1 trend,SMA100 2u band 0%,1.0,BTC+ETH,0.5372206261028336,-0.509286816149467,2.7622999871346474,2.6897275659238704,0.24475337734556035,-0.4265434753275902,1.3110294311099044,40.59603944896681,0.10985915492957747,0.4514615839628894,-0.013092147662170019,6,"{""2018"": -23.5, ""2019"": 82.8, ""2020"": 230.9, ""2021"": 142.2, ""2022"": -31.2, ""2023"": 70.5, ""2024"": 32.3, ""2025"": 21.5, ""2026"": 12.5}"
1 trend,SMA100 2u band 0%,1.0,BTC,0.5256473104703703,-0.39377183377536873,2.819395588525206,2.7311027216722965,0.1991826281875353,-0.39719695493727103,1.1674144100290351,20.69826236693801,0.11049723756906077,0.4008483792913757,-0.010955851914842593,6,"{""2018"": -25.6, ""2019"": 113.7, ""2020"": 189.6, ""2021"": 63.3, ""2022"": -18.9, ""2023"": 103.6, ""2024"": 51.5, ""2025"": -5.4, ""2026"": 13.7}"
1 trend,SMA100 2u band 0%,1.0,5 munten,0.5756020285091488,-0.5876645049932567,2.7891702386621127,1.5060209135839906,0.3488630887257318,-0.35349482665460175,1.6429995203516865,107.15067313713213,0.10032017075773746,0.6212779114179005,-0.01592787768236761,6,"{""2018"": -25.3, ""2019"": 72.1, ""2020"": 138.0, ""2021"": 450.0, ""2022"": -36.1, ""2023"": 42.4, ""2024"": 93.4, ""2025"": 2.1, ""2026"": 9.9}"
1 trend,SMA100 2u band 0%,1.0,10 munten,0.8441327485373673,-0.6211379264821036,3.1755444369394366,2.8222919637569768,0.23677638911692322,-0.4070102613368852,1.204409270710752,194.40356919223544,0.09294117647058824,1.1330838724926229,-0.018346207782982064,6,"{""2018"": -25.3, ""2019"": 69.4, ""2020"": 140.3, ""2021"": 1314.5, ""2022"": -45.3, ""2023"": 62.4, ""2024"": 70.1, ""2025"": -14.0, ""2026"": 17.2}"
1 trend,SMA100 2u band 0%,1.5,BTC+ETH,0.47681874550383485,-0.7144690594965207,2.215972684162382,0.919934032884379,0.21520753546031934,-0.5948500071562126,1.0463153530819842,40.59603944896681,0.09859154929577464,0.621251120634329,-0.02057878152025114,6,"{""2018"": -33.9, ""2019"": 104.8, ""2020"": 268.5, ""2021"": 95.4, ""2022"": -43.0, ""2023"": 86.3, ""2024"": 20.4, ""2025"": 24.6, ""2026"": 12.4}"
1 trend,SMA100 2u band 0%,1.5,BTC,0.47884867005360277,-0.6199195722552353,2.239975855206291,0.99806779176094,0.1381514825252821,-0.56750675264292,0.8388223374919394,20.69826236693801,0.10497237569060773,0.5444020487650427,-0.017640346284315902,6,"{""2018"": -37.0, ""2019"": 146.8, ""2020"": 230.4, ""2021"": 15.8, ""2022"": -27.8, ""2023"": 138.8, ""2024"": 43.5, ""2025"": -14.9, ""2026"": 15.0}"
1 trend,SMA100 2u band 0%,1.5,5 munten,0.5028452393488536,-0.8050880924147804,2.2212083772276987,0.15993563583090986,0.3516557627037571,-0.5134115951085216,1.3590232263516582,107.15067313713213,0.08964781216648879,0.8456080895158268,-0.025485349913134742,6,"{""2018"": -37.1, ""2019"": 93.4, ""2020"": 128.2, ""2021"": 478.8, ""2022"": -50.0, ""2023"": 44.1, ""2024"": 111.0, ""2025"": -7.6, ""2026"": 9.4}"
1 trend,SMA100 2u band 0%,1.5,10 munten,0.8334862512387307,-0.8054222751362693,2.5440589873115877,1.1930766908450612,0.17092878717569682,-0.6032700803613997,0.93370701045669,194.40356919223544,0.08,1.5354105349916571,-0.029320371083568438,6,"{""2018"": -37.1, ""2019"": 89.3, ""2020"": 131.9, ""2021"": 1823.6, ""2022"": -60.1, ""2023"": 72.3, ""2024"": 65.3, ""2025"": -27.7, ""2026"": 20.7}"
1 trend,SMA100 2u band 0%,2.0,BTC+ETH,0.4906883163983067,-0.8386656955869302,2.20690616413858,0.26564186127895395,0.20660235664223636,-0.7133652283786867,1.0187949867416635,40.59603944896681,0.09859154929577464,0.8094898886307783,-0.028041701711580047,6,"{""2018"": -43.2, ""2019"": 119.4, ""2020"": 403.1, ""2021"": 76.8, ""2022"": -54.4, ""2023"": 116.7, ""2024"": 13.0, ""2025"": 27.1, ""2026"": 14.6}"
1 trend,SMA100 2u band 0%,2.0,BTC,0.5315118593808563,-0.7588197647965939,2.2493584501361883,0.495796652232249,0.15462912615147006,-0.6806384218837971,0.9012264950937994,20.69826236693801,0.10497237569060773,0.7785148567861601,-0.023861890594871937,6,"{""2018"": -46.2, ""2019"": 189.8, ""2020"": 341.2, ""2021"": -2.6, ""2022"": -36.9, ""2023"": 197.7, ""2024"": 50.1, ""2025"": -19.4, ""2026"": 20.1}"
1 trend,SMA100 2u band 0%,2.0,5 munten,0.5924046259213638,-0.9050503295596494,2.327543432726059,-0.24516218488448382,0.39840979353913064,-0.6311820441136227,1.3559721156199227,107.15067313713213,0.0832443970117396,1.3367509377794558,-0.03493341055654,6,"{""2018"": -47.6, ""2019"": 119.8, ""2020"": 177.5, ""2021"": 762.0, ""2022"": -61.8, ""2023"": 55.8, ""2024"": 144.2, ""2025"": -16.3, ""2026"": 12.0}"
1 trend,SMA100 2u band 0%,2.0,10 munten,0.9198829961068424,-0.9082279521068708,2.500616429626426,0.761744910956913,0.1110856498157462,-0.7459098123004779,0.8913808714751317,194.40356919223544,0.07058823529411765,1.673807126138984,-0.04074172742017524,6,"{""2018"": -47.6, ""2019"": 112.6, ""2020"": 179.3, ""2021"": 2628.1, ""2022"": -70.9, ""2023"": 92.6, ""2024"": 62.9, ""2025"": -41.2, ""2026"": 27.3}"
1 trend,SMA100 2u band 0%,3.0,BTC+ETH,0.3266300358677572,-0.9610895215834037,2.2820790771324955,-0.7358074246188597,0.11969462579210965,-0.8595889064987041,1.044160547856296,40.59603944896681,0.09014084507042254,1.2122075384016109,-0.04456643112135379,6,"{""2018"": -59.4, ""2019"": 136.9, ""2020"": 632.3, ""2021"": 2.2, ""2022"": -71.1, ""2023"": 161.8, ""2024"": -5.6, ""2025"": 16.8, ""2026"": 20.5}"
1 trend,SMA100 2u band 0%,3.0,BTC,0.4397793287581504,-0.9210946060479221,2.293022509615494,-0.5990886571390737,0.012792053639031797,-0.8437912120060912,0.839329312669901,20.69826236693801,0.09944751381215469,1.3644674910682069,-0.03818156849592972,6,"{""2018"": -63.9, ""2019"": 262.1, ""2020"": 526.6, ""2021"": -52.1, ""2022"": -50.6, ""2023"": 342.1, ""2024"": 36.2, ""2025"": -42.0, ""2026"": 27.0}"
1 trend,SMA100 2u band 0%,3.0,5 munten,0.3496191519410716,-0.989778790223425,2.359766084534439,-0.8891304574250066,0.3718287095191448,-0.7991149996829285,1.393524654502318,107.15067313713213,0.06616862326574173,2.061971276577721,-0.05706408967310937,6,"{""2018"": -65.3, ""2019"": 139.3, ""2020"": 197.7, ""2021"": 653.3, ""2022"": -79.0, ""2023"": 57.1, ""2024"": 207.2, ""2025"": -38.8, ""2026"": 10.7}"
1 trend,SMA100 2u band 0%,3.0,10 munten,0.5541018768830881,-0.9919351965590929,2.506665879880856,-0.8173163488872652,-0.09232107586306249,-0.9098373429382072,0.90723344799499,194.40356919223544,0.05352941176470588,2.091238672563052,-0.06744095677250887,6,"{""2018"": -65.3, ""2019"": 123.5, ""2020"": 201.3, ""2021"": 1742.2, ""2022"": -85.6, ""2023"": 109.6, ""2024"": 46.3, ""2025"": -65.2, ""2026"": 31.9}"
1 trend,SMA100 2u band 2%,1.0,BTC+ETH,0.58503158782628,-0.4775658933911332,2.9176288000261676,3.3825784461451134,0.3275797619080729,-0.32128525835721566,1.607116937411521,8.462273011897308,0.28378378378378377,1.0076436289263453,-0.054716987050678845,7,"{""2018"": -25.3, ""2019"": 92.1, ""2020"": 244.7, ""2021"": 163.7, ""2022"": -30.7, ""2023"": 74.6, ""2024"": 53.0, ""2025"": 21.5, ""2026"": 16.1}"
1 trend,SMA100 2u band 2%,1.0,BTC,0.5516679685784334,-0.39713943045738387,2.9094725500298035,3.1292663458789987,0.3630150703851609,-0.25080085019167764,1.8082923899894858,3.773716343143394,0.3333333333333333,0.709343474907353,-0.04995231777593411,7,"{""2018"": -30.5, ""2019"": 114.6, ""2020"": 205.1, ""2021"": 78.1, ""2022"": -14.6, ""2023"": 98.4, ""2024"": 85.5, ""2025"": 10.6, ""2026"": 12.8}"
1 trend,SMA100 2u band 2%,1.0,5 munten,0.6246875071730924,-0.5420591736656639,2.9297916313740076,1.9415158492765179,0.3791958858087394,-0.3296982774307661,1.7371873430416407,25.84423919849718,0.24336283185840707,1.087698421628827,-0.06199170535061444,7,"{""2018"": -26.8, ""2019"": 81.2, ""2020"": 141.5, ""2021"": 477.8, ""2022"": -31.8, ""2023"": 45.9, ""2024"": 98.5, ""2025"": 1.0, ""2026"": 15.1}"
1 trend,SMA100 2u band 2%,1.0,10 munten,0.911867938829898,-0.5559469944632109,3.3199220927341613,3.7307951911047867,0.22772328034287437,-0.42267575281774206,1.169224566093678,52.145898559799626,0.21271929824561403,1.803311383966403,-0.06459417438050276,7,"{""2018"": -26.8, ""2019"": 77.2, ""2020"": 148.6, ""2021"": 1299.5, ""2022"": -37.4, ""2023"": 67.5, ""2024"": 70.8, ""2025"": -18.2, ""2026"": 19.8}"
1 trend,SMA100 2u band 2%,1.5,BTC+ETH,0.5457230465568108,-0.6768299515600642,2.372004133744033,1.454211560467126,0.32983306776489374,-0.479702652292328,1.3333796504267288,8.462273011897308,0.2702702702702703,1.2880572645289075,-0.08848364548660043,7,"{""2018"": -36.6, ""2019"": 124.0, ""2020"": 307.7, ""2021"": 111.0, ""2022"": -42.5, ""2023"": 93.7, ""2024"": 46.7, ""2025"": 25.2, ""2026"": 17.6}"
1 trend,SMA100 2u band 2%,1.5,BTC,0.5306635498986572,-0.6084328499004052,2.365517234156431,1.4133228116714105,0.4037930208330476,-0.38678676477804397,1.5557205171110915,3.773716343143394,0.3333333333333333,0.9324567299698642,-0.08515635932985964,7,"{""2018"": -43.6, ""2019"": 155.7, ""2020"": 266.8, ""2021"": 33.3, ""2022"": -22.0, ""2023"": 129.2, ""2024"": 100.9, ""2025"": 9.7, ""2026"": 13.4}"
1 trend,SMA100 2u band 2%,1.5,5 munten,0.5809208359569358,-0.7697395606929356,2.3801942767854585,0.5101274150491546,0.40259083016953134,-0.48932864657805153,1.4691808584508774,25.84423919849718,0.22123893805309736,1.4418515314918556,-0.10027916123633612,7,"{""2018"": -39.4, ""2019"": 111.8, ""2020"": 143.0, ""2021"": 517.3, ""2022"": -45.1, ""2023"": 48.7, ""2024"": 118.8, ""2025"": -7.9, ""2026"": 17.2}"
1 trend,SMA100 2u band 2%,1.5,10 munten,0.9336955624183136,-0.7665758383543788,2.6836370069486075,2.0173814257244023,0.15329335738576755,-0.6224417504520103,0.897237181707411,52.145898559799626,0.18640350877192982,2.3715440713390326,-0.10395277153604209,7,"{""2018"": -39.4, ""2019"": 105.2, ""2020"": 149.2, ""2021"": 1755.5, ""2022"": -51.7, ""2023"": 80.7, ""2024"": 65.8, ""2025"": -33.5, ""2026"": 24.8}"
1 trend,SMA100 2u band 2%,2.0,BTC+ETH,0.5758333089140333,-0.8085602426747572,2.3492925520735968,0.7409950816032855,0.36965410889949935,-0.611896752736379,1.3187313293203375,8.462273011897308,0.2702702702702703,1.7498776279462223,-0.12088162204894827,7,"{""2018"": -46.4, ""2019"": 143.5, ""2020"": 434.2, ""2021"": 103.3, ""2022"": -52.8, ""2023"": 128.5, ""2024"": 50.8, ""2025"": 26.8, ""2026"": 21.9}"
1 trend,SMA100 2u band 2%,2.0,BTC,0.5774246639479033,-0.7551890683894038,2.331225166776389,0.7902647723204324,0.4937094340296142,-0.5193667853484372,1.5456112737471313,3.773716343143394,0.3333333333333333,1.2996181446388562,-0.11390196278606882,7,"{""2018"": -54.0, ""2019"": 194.3, ""2020"": 380.2, ""2021"": 14.8, ""2022"": -28.6, ""2023"": 182.1, ""2024"": 127.2, ""2025"": 10.0, ""2026"": 17.8}"
1 trend,SMA100 2u band 2%,2.0,5 munten,0.6960556815509227,-0.8794037915548926,2.4712858675225267,0.053911730058459284,0.4555191083552321,-0.6188185021856383,1.4433271595840216,25.84423919849718,0.19911504424778761,2.3378836987525236,-0.13542664148054165,7,"{""2018"": -50.2, ""2019"": 145.9, ""2020"": 184.9, ""2021"": 872.4, ""2022"": -56.2, ""2023"": 61.3, ""2024"": 154.3, ""2025"": -17.9, ""2026"": 22.4}"
1 trend,SMA100 2u band 2%,2.0,10 munten,1.0374885138660455,-0.8861883490050783,2.6236627298959223,1.4913828576751427,0.07864233201640114,-0.7622453690666295,0.8455071308769821,52.145898559799626,0.16666666666666666,2.525772270020915,-0.14258057728773357,7,"{""2018"": -50.2, ""2019"": 134.6, ""2020"": 198.3, ""2021"": 2467.7, ""2022"": -62.5, ""2023"": 101.6, ""2024"": 61.6, ""2025"": -47.5, ""2026"": 31.7}"
1 trend,SMA100 2u band 2%,3.0,BTC+ETH,0.4307517169802011,-0.9536905293395822,2.411350522372549,-0.5973898883421571,0.3598468963922403,-0.774015843534248,1.3515724006633443,8.462273011897308,0.25675675675675674,2.300082249835878,-0.1881640014169889,7,"{""2018"": -62.2, ""2019"": 169.0, ""2020"": 732.9, ""2021"": 18.2, ""2022"": -70.1, ""2023"": 186.0, ""2024"": 42.9, ""2025"": 20.6, ""2026"": 31.4}"
1 trend,SMA100 2u band 2%,3.0,BTC,0.5255471186446461,-0.9041292011181703,2.4026325116535694,-0.4328168848491457,0.5405712063012427,-0.6912911626164943,1.526879909704787,3.773716343143394,0.3333333333333333,2.12914917572038,-0.17656459747548625,7,"{""2018"": -70.9, ""2019"": 261.8, ""2020"": 720.0, ""2021"": -39.6, ""2022"": -41.9, ""2023"": 299.9, ""2024"": 157.7, ""2025"": -0.8, ""2026"": 24.0}"
1 trend,SMA100 2u band 2%,3.0,5 munten,0.48541441675636965,-0.9856272304677481,2.4938686449260548,-0.8158341777519938,0.4745979722947149,-0.7832133597215938,1.4992526590055564,25.84423919849718,0.1592920353982301,3.4507180928662318,-0.2168263497161016,7,"{""2018"": -67.5, ""2019"": 185.4, ""2020"": 209.6, ""2021"": 796.0, ""2022"": -74.6, ""2023"": 67.1, ""2024"": 225.0, ""2025"": -38.4, ""2026"": 26.9}"
1 trend,SMA100 2u band 2%,3.0,10 munten,0.6663187853445591,-0.9900204305442061,2.6181741707341724,-0.7251003836085871,-0.1319295815103836,-0.9200163980030851,0.8767870910872021,52.145898559799626,0.11842105263157894,3.240373978440074,-0.22989417740624782,7,"{""2018"": -67.5, ""2019"": 160.9, ""2020"": 219.6, ""2021"": 1489.7, ""2022"": -79.5, ""2023"": 121.6, ""2024"": 45.3, ""2025"": -71.1, ""2026"": 40.2}"
1 trend,SMA150 dag band 0%,1.0,BTC+ETH,0.4847959361022227,-0.5446847975120706,2.5711264041684028,1.96229315366744,0.2632873747662321,-0.30921653517137104,1.3723277147729738,8.119207889793362,0.2676056338028169,1.1472037506944444,-0.057729777521868336,8,"{""2018"": -26.3, ""2019"": 50.9, ""2020"": 190.0, ""2021"": 110.5, ""2022"": -12.2, ""2023"": 79.3, ""2024"": 65.0, ""2025"": -1.6, ""2026"": 15.9}"
1 trend,SMA150 dag band 0%,1.0,BTC,0.5041133160382845,-0.44752169423754484,2.7693178250659556,2.426406540098188,0.26368019159339706,-0.25378943626194306,1.4119797677967334,3.888071383844709,0.2647058823529412,0.8634931798903058,-0.04325239475316157,8,"{""2018"": -21.0, ""2019"": 106.7, ""2020"": 188.2, ""2021"": 34.9, ""2022"": -6.9, ""2023"": 92.6, ""2024"": 86.2, ""2025"": -10.3, ""2026"": 12.6}"
1 trend,SMA150 dag band 0%,1.0,5 munten,0.6050059088921231,-0.529104331399034,2.8462595437871143,1.6094706951990525,0.2542797685889504,-0.4034450506618752,1.3019285170655521,24.243268628678774,0.22641509433962265,1.2002870387100044,-0.05171256501104945,8,"{""2018"": -31.0, ""2019"": 64.1, ""2020"": 153.1, ""2021"": 394.9, ""2022"": -18.4, ""2023"": 47.1, ""2024"": 98.8, ""2025"": -19.2, ""2026"": 10.8}"
1 trend,SMA150 dag band 0%,1.0,10 munten,0.8895798320737893,-0.517997812702883,3.2532495970100967,3.3886957696583115,0.17097197842706935,-0.4181287257863209,0.9835429407043013,45.398951158422044,0.20151133501259447,1.7701132138281916,-0.0584244624024512,8,"{""2018"": -31.0, ""2019"": 67.6, ""2020"": 163.2, ""2021"": 1016.7, ""2022"": -23.0, ""2023"": 66.5, ""2024"": 71.0, ""2025"": -25.4, ""2026"": 15.3}"
1 trend,SMA150 dag band 0%,1.5,BTC+ETH,0.38891270303375847,-0.7420179384529504,2.0094897791039124,0.33499082639875644,0.229165625552731,-0.44772363521712777,1.0807877744251821,8.119207889793362,0.2535211267605634,1.3497351801412445,-0.09155978652041839,8,"{""2018"": -38.0, ""2019"": 55.5, ""2020"": 199.0, ""2021"": 48.5, ""2022"": -18.4, ""2023"": 105.1, ""2024"": 60.1, ""2025"": -10.1, ""2026"": 20.9}"
1 trend,SMA150 dag band 0%,1.5,BTC,0.4546463361574742,-0.6648091686494038,2.1915193393846133,0.7998084567336969,0.2567004351505566,-0.402739611254222,1.1677146502778577,3.888071383844709,0.23529411764705882,1.1463923858077303,-0.06856913953944367,8,"{""2018"": -31.2, ""2019"": 142.0, ""2020"": 237.8, ""2021"": -18.6, ""2022"": -10.4, ""2023"": 126.2, ""2024"": 102.3, ""2025"": -20.8, ""2026"": 15.0}"
1 trend,SMA150 dag band 0%,1.5,5 munten,0.5403180920692796,-0.76333682157856,2.291285586471531,0.21792791960056013,0.20763504959154178,-0.5638794733925514,1.0231675672866272,24.243268628678774,0.18396226415094338,1.523891175185851,-0.08478972105398105,8,"{""2018"": -45.0, ""2019"": 81.2, ""2020"": 155.0, ""2021"": 366.8, ""2022"": -28.0, ""2023"": 55.7, ""2024"": 115.9, ""2025"": -35.9, ""2026"": 13.1}"
1 trend,SMA150 dag band 0%,1.5,10 munten,0.8884380959645277,-0.7754742930811724,2.6251602911047485,1.590791268609674,0.0659675061209073,-0.6293920580976368,0.6866053504665458,45.398951158422044,0.16876574307304787,2.086985095997157,-0.09684940167820832,8,"{""2018"": -45.0, ""2019"": 84.9, ""2020"": 173.3, ""2021"": 1179.7, ""2022"": -34.1, ""2023"": 82.2, ""2024"": 63.6, ""2025"": -43.6, ""2026"": 20.1}"
1 trend,SMA150 dag band 0%,2.0,BTC+ETH,0.3926098860081839,-0.8471855864153961,2.047979818034261,-0.1902945711552564,0.2272068228319266,-0.5819284738804386,1.0608425138165265,8.119207889793362,0.2535211267605634,1.7744169173917423,-0.12151874992088363,8,"{""2018"": -47.4, ""2019"": 60.4, ""2020"": 300.8, ""2021"": 18.7, ""2022"": -24.2, ""2023"": 139.3, ""2024"": 70.8, ""2025"": -20.4, ""2026"": 26.8}"
1 trend,SMA150 dag band 0%,2.0,BTC,0.4773426906486957,-0.8097028874477218,2.1569861784723448,0.2053205121330921,0.2716883428426502,-0.5231379531167174,1.142247027757203,3.888071383844709,0.23529411764705882,1.5451814927813796,-0.09175672409877787,8,"{""2018"": -39.3, ""2019"": 170.9, ""2020"": 339.1, ""2021"": -38.0, ""2022"": -13.7, ""2023"": 162.6, ""2024"": 125.8, ""2025"": -30.2, ""2026"": 20.1}"
1 trend,SMA150 dag band 0%,2.0,5 munten,0.6646204985664441,-0.8724438335322721,2.432463138765176,-0.1465135624841024,0.18527807265370955,-0.6884317753039642,1.0076160544048551,24.243268628678774,0.16981132075471697,2.231500334056786,-0.11926629675011918,8,"{""2018"": -55.5, ""2019"": 106.0, ""2020"": 235.2, ""2021"": 531.5, ""2022"": -35.3, ""2023"": 68.9, ""2024"": 154.2, ""2025"": -50.8, ""2026"": 16.1}"
1 trend,SMA150 dag band 0%,2.0,10 munten,1.012439360081519,-0.8867960303866378,2.6132227419095373,1.3527032225260252,-0.02852656393872044,-0.7699703427612208,0.6375872738761003,45.398951158422044,0.14105793450881612,2.3864197343609566,-0.13326354572026647,8,"{""2018"": -55.5, ""2019"": 112.8, ""2020"": 251.7, ""2021"": 1449.2, ""2022"": -41.8, ""2023"": 104.0, ""2024"": 59.8, ""2025"": -58.2, ""2026"": 25.3}"
1 trend,SMA150 dag band 0%,3.0,BTC+ETH,0.1949259982333187,-0.9618310569952957,2.1249924387896293,-0.8628603530323266,0.13005591932506677,-0.7971330197508845,1.0676921258837373,8.119207889793362,0.22535211267605634,1.8626782333171896,-0.1741027225833807,8,"{""2018"": -63.4, ""2019"": 37.2, ""2020"": 507.5, ""2021"": -48.7, ""2022"": -35.2, ""2023"": 186.9, ""2024"": 65.7, ""2025"": -41.1, ""2026"": 39.7}"
1 trend,SMA150 dag band 0%,3.0,BTC,0.3480490194121133,-0.9402205618017672,2.1753667838741477,-0.7280532863631801,0.1935891729070527,-0.7317795650345045,1.1196979365717348,3.888071383844709,0.23529411764705882,1.9758003657240626,-0.13771534940655739,8,"{""2018"": -53.4, ""2019"": 199.1, ""2020"": 533.9, ""2021"": -75.4, ""2022"": -20.2, ""2023"": 232.7, ""2024"": 154.0, ""2025"": -50.9, ""2026"": 26.3}"
1 trend,SMA150 dag band 0%,3.0,5 munten,0.4514308989839766,-0.9838280279353901,2.48728922323157,-0.8636508066086068,0.07117359675826673,-0.8648458372191281,1.084545218630956,24.243268628678774,0.1320754716981132,2.3201448199910883,-0.1898884262038434,8,"{""2018"": -73.0, ""2019"": 105.9, ""2020"": 325.6, ""2021"": 340.4, ""2022"": -49.3, ""2023"": 76.1, ""2024"": 227.9, ""2025"": -72.7, ""2026"": 17.7}"
1 trend,SMA150 dag band 0%,3.0,10 munten,0.6758027467547723,-0.9885282477405648,2.641474316418448,-0.7168056154688954,-0.26566543211107385,-0.9284732504822325,0.659971359230154,45.398951158422044,0.10327455919395466,2.5406561736012425,-0.2187151264292195,8,"{""2018"": -73.0, ""2019"": 107.7, ""2020"": 359.9, ""2021"": 664.3, ""2022"": -56.7, ""2023"": 128.9, ""2024"": 42.7, ""2025"": -80.5, ""2026"": 33.8}"
1 trend,SMA150 dag band 2%,1.0,BTC+ETH,0.5043415713797328,-0.5295078951086167,2.631399978051636,2.2038910853518443,0.2403229335932502,-0.31705755200136376,1.2815377025967938,4.231136505948654,0.43243243243243246,1.168002596837917,-0.11300863171315181,9,"{""2018"": -28.4, ""2019"": 63.3, ""2020"": 185.2, ""2021"": 139.5, ""2022"": -12.2, ""2023"": 64.6, ""2024"": 56.0, ""2025"": 1.8, ""2026"": 12.7}"
1 trend,SMA150 dag band 2%,1.0,BTC,0.5313340136702838,-0.43368350160433533,2.863444713111312,2.8154179464152924,0.2054106385585539,-0.2833028601527684,1.182239100985639,1.9440356919223545,0.5294117647058824,0.7815066991756512,-0.09150541595169016,9,"{""2018"": -22.3, ""2019"": 104.7, ""2020"": 199.9, ""2021"": 42.2, ""2022"": 0.0, ""2023"": 87.1, ""2024"": 67.9, ""2025"": -7.6, ""2026"": 6.5}"
1 trend,SMA150 dag band 2%,1.0,5 munten,0.5971087569566791,-0.5164165431894112,2.8250179424226247,1.4845443964360605,0.23371731704395304,-0.40684172513616235,1.229414056715069,13.265184721352536,0.3103448275862069,1.4872499610227667,-0.09598615561278914,9,"{""2018"": -34.9, ""2019"": 63.9, ""2020"": 146.8, ""2021"": 406.6, ""2022"": -17.3, ""2023"": 49.7, ""2024"": 94.3, ""2025"": -18.7, ""2026"": 7.7}"
1 trend,SMA150 dag band 2%,1.0,10 munten,0.8577923955650617,-0.5173266090669629,3.1892065875242426,2.9640451302002804,0.1666486348413958,-0.40995580965663014,0.968038246381246,26.64472448340639,0.27896995708154504,1.9490089947766422,-0.10137148825858204,9,"{""2018"": -34.9, ""2019"": 67.9, ""2020"": 150.2, ""2021"": 1043.1, ""2022"": -24.0, ""2023"": 65.6, ""2024"": 70.4, ""2025"": -24.7, ""2026"": 13.4}"
1 trend,SMA150 dag band 2%,1.5,BTC+ETH,0.4153128676610849,-0.7312885688426163,2.0722718896574754,0.4674570570052683,0.20147954561280135,-0.4745484523673703,1.0071064899415991,4.231136505948654,0.40540540540540543,1.3235491135037596,-0.1774284476136931,9,"{""2018"": -40.7, ""2019"": 74.4, ""2020"": 211.1, ""2021"": 69.8, ""2022"": -18.2, ""2023"": 79.3, ""2024"": 49.6, ""2025"": -5.9, ""2026"": 16.1}"
1 trend,SMA150 dag band 2%,1.5,BTC,0.4922502975375356,-0.6443843603110755,2.2827538528491615,1.0935434912497963,0.16974789225922216,-0.4274053940540954,0.9293865013145506,1.9440356919223545,0.47058823529411764,0.9971251850578796,-0.1398285259520515,9,"{""2018"": -33.0, ""2019"": 138.8, ""2020"": 258.4, ""2021"": -12.7, ""2022"": 0.0, ""2023"": 116.0, ""2024"": 73.2, ""2025"": -17.5, ""2026"": 6.0}"
1 trend,SMA150 dag band 2%,1.5,5 munten,0.5294841849370853,-0.7542913471225111,2.2712642388129423,0.13563492496067497,0.17481978977558987,-0.5681507880089067,0.9426808605705631,13.265184721352536,0.25862068965517243,1.7841238691413701,-0.1545532466794988,9,"{""2018"": -49.6, ""2019"": 81.8, ""2020"": 153.7, ""2021"": 367.8, ""2022"": -26.1, ""2023"": 58.5, ""2024"": 108.5, ""2025"": -36.0, ""2026"": 8.8}"
1 trend,SMA150 dag band 2%,1.5,10 munten,0.8382093194179685,-0.7761776775255201,2.555444554862609,1.2383203969804106,0.05549180868876635,-0.6255478462546802,0.6616097611576629,26.64472448340639,0.23605150214592274,2.1818506504151864,-0.1651586426503793,9,"{""2018"": -49.6, ""2019"": 86.0, ""2020"": 155.0, ""2021"": 1191.3, ""2022"": -34.9, ""2023"": 80.8, ""2024"": 62.1, ""2025"": -43.2, ""2026"": 17.1}"
1 trend,SMA150 dag band 2%,2.0,BTC+ETH,0.43090909942606004,-0.839931275693889,2.1180798432810115,-0.051595678816915624,0.17397249424289796,-0.6424998175304322,0.9590672597288987,4.231136505948654,0.3783783783783784,1.7107606469552061,-0.22354342167254182,9,"{""2018"": -50.2, ""2019"": 82.0, ""2020"": 295.1, ""2021"": 55.7, ""2022"": -23.9, ""2023"": 101.8, ""2024"": 51.8, ""2025"": -15.8, ""2026"": 19.5}"
1 trend,SMA150 dag band 2%,2.0,BTC,0.5479870910548226,-0.7883113521751931,2.2843451190503687,0.5956794452451797,0.13922534015617583,-0.5695533709697211,0.8758184381830478,1.9440356919223545,0.4117647058823529,1.5010799509637522,-0.16748119594861796,9,"{""2018"": -41.3, ""2019"": 164.1, ""2020"": 388.5, ""2021"": -30.9, ""2022"": 0.0, ""2023"": 156.2, ""2024"": 81.1, ""2025"": -27.4, ""2026"": 6.6}"
1 trend,SMA150 dag band 2%,2.0,5 munten,0.6405230494052179,-0.8668719771454758,2.401929224800619,-0.24766611110000503,0.1377787148411418,-0.6988726418924556,0.9216480021745647,13.265184721352536,0.2413793103448276,2.511083859063539,-0.21819080434465424,9,"{""2018"": -60.0, ""2019"": 102.2, ""2020"": 222.0, ""2021"": 556.9, ""2022"": -33.6, ""2023"": 70.8, ""2024"": 141.7, ""2025"": -51.3, ""2026"": 10.3}"
1 trend,SMA150 dag band 2%,2.0,10 munten,0.9414036470028531,-0.887019915481686,2.5519829231615323,0.8966599398178714,-0.041319751538638316,-0.7688333711615434,0.6138966044347354,26.64472448340639,0.19742489270386265,2.4930446682978986,-0.22560120594647248,9,"{""2018"": -60.0, ""2019"": 109.3, ""2020"": 219.2, ""2021"": 1492.0, ""2022"": -42.4, ""2023"": 101.2, ""2024"": 57.7, ""2025"": -58.1, ""2026"": 22.2}"
1 trend,SMA150 dag band 2%,3.0,BTC+ETH,0.21274254391395364,-0.9547795672235877,2.162115780426293,-0.8501342994558976,0.06747520495576942,-0.8371297986060834,0.9861726243713019,4.231136505948654,0.3783783783783784,1.417290811021576,-0.3294232108210437,9,"{""2018"": -66.7, ""2019"": 65.3, ""2020"": 460.1, ""2021"": -34.1, ""2022"": -34.4, ""2023"": 138.8, ""2024"": 41.4, ""2025"": -36.8, ""2026"": 30.4}"
1 trend,SMA150 dag band 2%,3.0,BTC,0.4287598657183458,-0.9307437137471913,2.283403801087531,-0.6146091061872878,0.019459407509677007,-0.7676170270774096,0.869516794400725,1.9440356919223545,0.4117647058823529,1.789172155370192,-0.2614028631487692,9,"{""2018"": -56.0, ""2019"": 192.4, ""2020"": 634.4, ""2021"": -73.1, ""2022"": 0.0, ""2023"": 222.6, ""2024"": 84.7, ""2025"": -49.7, ""2026"": 10.0}"
1 trend,SMA150 dag band 2%,3.0,5 munten,0.4113305742462141,-0.9832600236022448,2.4551443698483952,-0.8898272562558377,0.011836815192485028,-0.8704626881837186,1.0067099778308508,13.265184721352536,0.21551724137931033,2.066982230419324,-0.34447583880062127,9,"{""2018"": -77.1, ""2019"": 105.4, ""2020"": 297.6, ""2021"": 338.5, ""2022"": -47.3, ""2023"": 82.7, ""2024"": 205.5, ""2025"": -73.1, ""2026"": 10.0}"
1 trend,SMA150 dag band 2%,3.0,10 munten,0.5700429601994783,-0.9890324062723834,2.580075781352515,-0.8047165476570574,-0.2773933005485829,-0.9271703751071927,0.6413539730960263,26.64472448340639,0.15450643776824036,2.3811184506690095,-0.363414429927514,9,"{""2018"": -77.1, ""2019"": 106.5, ""2020"": 285.1, ""2021"": 647.9, ""2022"": -56.8, ""2023"": 125.0, ""2024"": 40.6, ""2025"": -80.3, ""2026"": 28.3}"
1 trend,SMA150 2u band 0%,1.0,BTC+ETH,0.5196163583204603,-0.4972515561576568,2.702863594747315,2.404045412876524,0.22414475231547137,-0.3613412509781887,1.2216365180839677,26.530369442705073,0.11637931034482758,0.807605771363055,-0.016540076918225205,10,"{""2018"": -28.8, ""2019"": 53.7, ""2020"": 255.9, ""2021"": 114.0, ""2022"": -14.4, ""2023"": 71.9, ""2024"": 58.7, ""2025"": -7.9, ""2026"": 18.2}"
1 trend,SMA150 2u band 0%,1.0,BTC,0.5479334463885823,-0.4642186069270916,2.921564579605383,3.070336303146256,0.14239045445658216,-0.3608192497201279,0.9215110172486464,12.46469943644333,0.09174311926605505,0.8645744773999894,-0.01428123575766899,10,"{""2018"": -23.5, ""2019"": 116.2, ""2020"": 250.6, ""2021"": 29.8, ""2022"": -10.5, ""2023"": 101.1, ""2024"": 64.8, ""2025"": -20.1, ""2026"": 8.3}"
1 trend,SMA150 2u band 0%,1.0,5 munten,0.5834057262840784,-0.5695351516776144,2.781804132064817,1.4311555018972961,0.2651663305807943,-0.39966334782557544,1.3263943757264085,78.21884783969944,0.11257309941520467,0.7791124272806322,-0.01764678750034905,10,"{""2018"": -32.4, ""2019"": 65.4, ""2020"": 146.1, ""2021"": 410.2, ""2022"": -23.4, ""2023"": 45.8, ""2024"": 94.8, ""2025"": -17.8, ""2026"": 13.7}"
1 trend,SMA150 2u band 0%,1.0,10 munten,0.869016862001637,-0.5126781763389514,3.2071919394204853,3.062219754954013,0.18114565760983825,-0.43864730516127604,1.0192106957389304,142.02896055103318,0.0998389694041868,1.1947455916376397,-0.01957351108016264,10,"{""2018"": -32.4, ""2019"": 60.2, ""2020"": 159.2, ""2021"": 1081.1, ""2022"": -22.9, ""2023"": 59.7, ""2024"": 78.0, ""2025"": -27.3, ""2026"": 16.2}"
1 trend,SMA150 2u band 0%,1.5,BTC+ETH,0.4399636352727565,-0.7091095779402221,2.1283521616870287,0.6509430809006727,0.17620486993100237,-0.5147879660059156,0.9421237566731941,26.530369442705073,0.09913793103448276,1.0842541646220878,-0.026116736594855004,10,"{""2018"": -40.9, ""2019"": 60.7, ""2020"": 295.6, ""2021"": 55.9, ""2022"": -21.1, ""2023"": 92.7, ""2024"": 51.0, ""2025"": -17.6, ""2026"": 23.9}"
1 trend,SMA150 2u band 0%,1.5,BTC,0.5269140338803366,-0.6903893140503781,2.3661969795937723,1.3875285473477437,0.08083523253585834,-0.5275833255550801,0.6692545797600348,12.46469943644333,0.08256880733944955,1.199047760203698,-0.02286880287468251,10,"{""2018"": -34.4, ""2019"": 160.2, ""2020"": 337.8, ""2021"": -18.4, ""2022"": -15.6, ""2023"": 141.3, ""2024"": 68.6, ""2025"": -33.4, ""2026"": 8.5}"
1 trend,SMA150 2u band 0%,1.5,5 munten,0.5170526404963873,-0.7901538899103215,2.242397592117186,0.12682384449001405,0.23166102441942926,-0.5561395300748401,1.07445345319915,78.21884783969944,0.08771929824561403,1.0611233993686977,-0.028260212795492644,10,"{""2018"": -46.3, ""2019"": 84.3, ""2020"": 144.7, ""2021"": 397.0, ""2022"": -33.3, ""2023"": 51.6, ""2024"": 112.2, ""2025"": -33.8, ""2026"": 17.6}"
1 trend,SMA150 2u band 0%,1.5,10 munten,0.8600366005336757,-0.771070646245184,2.5826537693430542,1.324412173402398,0.0943273530027311,-0.6382193761719388,0.7507197276880937,142.02896055103318,0.0748792270531401,1.6479306677415428,-0.03159986520475418,10,"{""2018"": -46.3, ""2019"": 75.8, ""2020"": 159.6, ""2021"": 1273.3, ""2022"": -32.7, ""2023"": 72.4, ""2024"": 76.8, ""2025"": -44.6, ""2026"": 21.6}"
1 trend,SMA150 2u band 0%,2.0,BTC+ETH,0.4512037067971084,-0.8353836828159769,2.13953359248084,0.02495160155528864,0.1604113033328205,-0.654491373698793,0.9325014440998479,26.530369442705073,0.09482758620689655,1.5346960269148802,-0.03527818873775276,10,"{""2018"": -50.4, ""2019"": 67.0, ""2020"": 470.1, ""2021"": 23.6, ""2022"": -27.1, ""2023"": 119.1, ""2024"": 60.2, ""2025"": -30.5, ""2026"": 32.7}"
1 trend,SMA150 2u band 0%,2.0,BTC,0.5716982895488689,-0.8230612834277682,2.321791819966525,0.7471059854602351,0.02623094648493418,-0.6675795247385783,0.6246707210055219,12.46469943644333,0.08256880733944955,1.6495875054652538,-0.03089310361841944,10,"{""2018"": -43.1, ""2019"": 204.6, ""2020"": 548.7, ""2021"": -43.5, ""2022"": -20.3, ""2023"": 189.9, ""2024"": 78.6, ""2025"": -47.1, ""2026"": 11.1}"
1 trend,SMA150 2u band 0%,2.0,5 munten,0.6208913632858977,-0.8884363789372494,2.3707513200920847,-0.25458684170819157,0.20652824441345907,-0.6839288116536204,1.044516978527225,78.21884783969944,0.0804093567251462,1.5314922234999198,-0.039046249575490174,10,"{""2018"": -57.0, ""2019"": 109.8, ""2020"": 208.2, ""2021"": 574.2, ""2022"": -42.1, ""2023"": 66.3, ""2024"": 146.0, ""2025"": -49.2, ""2026"": 22.0}"
1 trend,SMA150 2u band 0%,2.0,10 munten,0.9611552584329335,-0.880926894485779,2.5540320793995095,0.9794274480210059,0.004510073716979868,-0.7737665100992461,0.6929049372114591,142.02896055103318,0.06682769726247988,1.7509412376635154,-0.044037171897149736,10,"{""2018"": -57.0, ""2019"": 96.5, ""2020"": 221.1, ""2021"": 1612.6, ""2022"": -40.3, ""2023"": 88.9, ""2024"": 74.4, ""2025"": -58.7, ""2026"": 27.5}"
1 trend,SMA150 2u band 0%,3.0,BTC+ETH,0.2510045169794961,-0.9666082406288113,2.185414953701984,-0.8194537659191873,0.04034498078019699,-0.847744790676988,0.9452443093593091,26.530369442705073,0.08620689655172414,1.9184360422610172,-0.05540973585911599,10,"{""2018"": -65.7, ""2019"": 49.1, ""2020"": 819.3, ""2021"": -49.4, ""2022"": -39.5, ""2023"": 166.2, ""2024"": 49.1, ""2025"": -50.5, ""2026"": 47.3}"
1 trend,SMA150 2u band 0%,3.0,BTC,0.527789914614724,-0.9480204122264083,2.3904939812931634,-0.4240188073839021,-0.11678017098252913,-0.8622273527947494,0.6421383452398753,12.46469943644333,0.08256880733944955,2.4355057866449936,-0.04656774534637286,10,"{""2018"": -57.7, ""2019"": 277.7, ""2020"": 1093.8, ""2021"": -78.1, ""2022"": -29.1, ""2023"": 312.2, ""2024"": 79.9, ""2025"": -66.0, ""2026"": 12.6}"
1 trend,SMA150 2u band 0%,3.0,5 munten,0.39821868293937346,-0.9860623157238846,2.434700193334721,-0.886882009452959,0.1095323604485976,-0.8560001929935239,1.13955339837159,78.21884783969944,0.06140350877192982,1.7992301276443208,-0.06592124178633454,10,"{""2018"": -74.1, ""2019"": 117.5, ""2020"": 280.3, ""2021"": 347.8, ""2022"": -57.0, ""2023"": 80.6, ""2024"": 225.2, ""2025"": -71.5, ""2026"": 25.5}"
1 trend,SMA150 2u band 0%,3.0,10 munten,0.6138398247913381,-0.9883369970083905,2.5918012542103503,-0.7703454196741211,-0.2106009117294767,-0.9264038711216078,0.7350916434715042,142.02896055103318,0.04911433172302738,1.9055771546269793,-0.07583240976449203,10,"{""2018"": -74.1, ""2019"": 94.6, ""2020"": 290.4, ""2021"": 729.1, ""2022"": -55.7, ""2023"": 115.8, ""2024"": 69.5, ""2025"": -80.2, ""2026"": 35.5}"
1 trend,SMA150 2u band 2%,1.0,BTC+ETH,0.5759904637118947,-0.4611802920558735,2.8861981802199215,3.234921642565326,0.27257724308924436,-0.32294186941160696,1.4019969118809286,5.832107075767063,0.37254901960784315,1.13947919016195,-0.0709591002372531,11,"{""2018"": -27.3, ""2019"": 58.5, ""2020"": 262.8, ""2021"": 142.7, ""2022"": -11.6, ""2023"": 70.1, ""2024"": 66.6, ""2025"": -2.3, ""2026"": 18.0}"
1 trend,SMA150 2u band 2%,1.0,BTC,0.5426679965316583,-0.44482475335224503,2.893819012967902,2.9879774657151312,0.1921635068763854,-0.3269151313963655,1.1320911823617077,2.6301659361302443,0.391304347826087,0.8736835256773868,-0.0705662793644521,11,"{""2018"": -22.8, ""2019"": 91.6, ""2020"": 225.3, ""2021"": 43.1, ""2022"": 0.0, ""2023"": 92.7, ""2024"": 82.3, ""2025"": -18.6, ""2026"": 8.0}"
1 trend,SMA150 2u band 2%,1.0,5 munten,0.6140716949354528,-0.5092346811004163,2.873147199751677,1.7161070003270527,0.25432364249398165,-0.3985622239825828,1.2884958286279689,20.812617407639323,0.25274725274725274,1.2505241557808675,-0.06329666938424461,11,"{""2018"": -33.3, ""2019"": 61.4, ""2020"": 160.0, ""2021"": 425.1, ""2022"": -18.2, ""2023"": 46.4, ""2024"": 94.3, ""2025"": -19.5, ""2026"": 13.8}"
1 trend,SMA150 2u band 2%,1.0,10 munten,0.9018206336725734,-0.5101127585305689,3.2713748752951677,3.534991502017644,0.19038500350635235,-0.4129825200673658,1.051087142087265,40.36732936756418,0.22946175637393768,1.795567580125558,-0.0662621332314747,11,"{""2018"": -33.3, ""2019"": 60.0, ""2020"": 178.5, ""2021"": 1060.0, ""2022"": -21.5, ""2023"": 67.4, ""2024"": 76.7, ""2025"": -25.1, ""2026"": 16.1}"
1 trend,SMA150 2u band 2%,1.5,BTC+ETH,0.5069087386496605,-0.673384270362407,2.2827032995336864,1.1982847935417036,0.25003911701161163,-0.464828416877895,1.132018921415113,5.832107075767063,0.3137254901960784,1.47941007908259,-0.10860464925760124,11,"{""2018"": -39.2, ""2019"": 67.6, ""2020"": 300.2, ""2021"": 83.6, ""2022"": -17.2, ""2023"": 88.3, ""2024"": 65.4, ""2025"": -11.0, ""2026"": 23.8}"
1 trend,SMA150 2u band 2%,1.5,BTC,0.5009482349809533,-0.6590652470849919,2.3015271122038206,1.221291871254623,0.15084468768801584,-0.4927909335552788,0.8758416018250501,2.6301659361302443,0.391304347826087,1.0092111838254425,-0.11607722766794125,11,"{""2018"": -33.6, ""2019"": 115.8, ""2020"": 281.5, ""2021"": -9.3, ""2022"": 0.0, ""2023"": 126.5, ""2024"": 96.3, ""2025"": -31.8, ""2026"": 8.1}"
1 trend,SMA150 2u band 2%,1.5,5 munten,0.5531115443715668,-0.7456931585507945,2.315180337705076,0.2845077008516703,0.20925485141100375,-0.5559173273475361,1.023502940701283,20.812617407639323,0.2087912087912088,1.5338427590844068,-0.10248017749333482,11,"{""2018"": -47.5, ""2019"": 76.8, ""2020"": 165.1, ""2021"": 404.7, ""2022"": -26.4, ""2023"": 52.9, ""2024"": 110.0, ""2025"": -36.5, ""2026"": 17.9}"
1 trend,SMA150 2u band 2%,1.5,10 munten,0.9081790162028445,-0.7471103679249378,2.6370067034606848,1.7394129948038555,0.09462882223275781,-0.6188732970628994,0.755199723352469,40.36732936756418,0.18413597733711048,2.2255893923936174,-0.10750868862552478,11,"{""2018"": -47.5, ""2019"": 74.4, ""2020"": 190.2, ""2021"": 1246.1, ""2022"": -31.0, ""2023"": 84.1, ""2024"": 72.1, ""2025"": -43.1, ""2026"": 21.5}"
1 trend,SMA150 2u band 2%,2.0,BTC+ETH,0.5580290023992429,-0.7930501159221268,2.3206247020673385,0.5745864988091185,0.2435773449708578,-0.5836363676198966,1.0912690612074158,5.832107075767063,0.29411764705882354,2.0865624193706833,-0.14097901560639686,11,"{""2018"": -48.5, ""2019"": 75.9, ""2020"": 502.9, ""2021"": 58.5, ""2022"": -22.3, ""2023"": 112.3, ""2024"": 76.3, ""2025"": -22.5, ""2026"": 30.8}"
1 trend,SMA150 2u band 2%,2.0,BTC,0.5640461888063348,-0.7925367590998953,2.3133159281637887,0.6975425960413741,0.10691599692972864,-0.6302412392262351,0.8024474158996329,2.6301659361302443,0.34782608695652173,1.5808471777018445,-0.14250166744758347,11,"{""2018"": -42.4, ""2019"": 130.9, ""2020"": 469.0, ""2021"": -30.6, ""2022"": 0.0, ""2023"": 171.4, ""2024"": 116.8, ""2025"": -44.5, ""2026"": 7.5}"
1 trend,SMA150 2u band 2%,2.0,5 munten,0.6705434687348135,-0.8588797082488949,2.4384074445160433,-0.1098670608649095,0.1833889596899485,-0.6887864599866347,1.0081716970315193,20.812617407639323,0.16483516483516483,2.6307202367625893,-0.13884040865187297,11,"{""2018"": -58.0, ""2019"": 95.3, ""2020"": 243.7, ""2021"": 604.8, ""2022"": -34.5, ""2023"": 66.4, ""2024"": 146.1, ""2025"": -52.0, ""2026"": 22.4}"
1 trend,SMA150 2u band 2%,2.0,10 munten,1.0232194894667477,-0.8671182049415981,2.6030361363698327,1.4185154283576233,0.017180185599431352,-0.7569331871031268,0.7225448412231866,40.36732936756418,0.141643059490085,2.7059296347628514,-0.14571141615589636,11,"{""2018"": -58.0, ""2019"": 90.6, ""2020"": 277.2, ""2021"": 1555.7, ""2022"": -38.3, ""2023"": 105.1, ""2024"": 72.9, ""2025"": -56.9, ""2026"": 27.5}"
1 trend,SMA150 2u band 2%,3.0,BTC+ETH,0.35604322445924597,-0.9485304949161123,2.325867255600922,-0.7072259580788489,0.14320157827951463,-0.8012666782494287,1.0883662193816264,5.832107075767063,0.29411764705882354,1.9773056397277775,-0.22274772039400245,11,"{""2018"": -64.2, ""2019"": 55.1, ""2020"": 875.1, ""2021"": -30.7, ""2022"": -32.5, ""2023"": 144.9, ""2024"": 72.3, ""2025"": -44.8, ""2026"": 47.8}"
1 trend,SMA150 2u band 2%,3.0,BTC,0.4644897989604806,-0.9298796372050988,2.335214943202403,-0.5530900264124554,-0.02126295376199916,-0.820254113979931,0.7983245625801109,2.6301659361302443,0.34782608695652173,2.0920830698695316,-0.21808093591968264,11,"{""2018"": -56.6, ""2019"": 138.2, ""2020"": 829.9, ""2021"": -70.9, ""2022"": 0.0, ""2023"": 240.1, ""2024"": 140.1, ""2025"": -66.3, ""2026"": 12.7}"
1 trend,SMA150 2u band 2%,3.0,5 munten,0.4392920323803018,-0.9801186134658479,2.4768017520825225,-0.8607358313988268,0.06049316220401302,-0.8663495165297931,1.0883480447565075,20.812617407639323,0.14285714285714285,2.3964565977678722,-0.2347902021967414,11,"{""2018"": -75.1, ""2019"": 94.8, ""2020"": 316.5, ""2021"": 393.9, ""2022"": -48.8, ""2023"": 73.2, ""2024"": 216.3, ""2025"": -74.6, ""2026"": 28.0}"
1 trend,SMA150 2u band 2%,3.0,10 munten,0.6508914179201948,-0.9862247143883409,2.610502838356646,-0.7422748464802154,-0.21224223899131112,-0.9221919351052313,0.7399136929674216,40.36732936756418,0.11048158640226628,2.6249137360621315,-0.2502445137672288,11,"{""2018"": -75.1, ""2019"": 83.2, ""2020"": 349.8, ""2021"": 715.0, ""2022"": -54.0, ""2023"": 131.9, ""2024"": 59.7, ""2025"": -79.5, ""2026"": 37.8}"
1 trend,SMA200 dag band 0%,1.0,BTC+ETH,0.3696148479944539,-0.6204850257913535,2.1582156815491675,0.825322150953024,0.23445622492430118,-0.294885599280133,1.252982635084739,6.975657482780213,0.2786885245901639,0.9836927438454189,-0.059705439777195585,12,"{""2018"": -39.5, ""2019"": 31.9, ""2020"": 156.2, ""2021"": 103.6, ""2022"": -9.2, ""2023"": 72.0, ""2024"": 59.9, ""2025"": -7.8, ""2026"": 19.9}"
1 trend,SMA200 dag band 0%,1.0,BTC,0.2771364605851303,-0.6394394779429882,1.8801959595797932,0.2848502100164616,0.22575280282620902,-0.3161562447125509,1.2293117962724607,3.773716343143394,0.24242424242424243,0.7204693412736441,-0.05170186001422291,12,"{""2018"": -34.9, ""2019"": 57.3, ""2020"": 174.3, ""2021"": -21.8, ""2022"": 0.0, ""2023"": 94.5, ""2024"": 74.3, ""2025"": -17.6, ""2026"": 20.5}"
1 trend,SMA200 dag band 0%,1.0,5 munten,0.4571902790810849,-0.5462073926668118,2.373091023247333,0.3949294457830981,0.19032161293868222,-0.4141364809870234,1.0666857301159376,22.756653099561678,0.20603015075376885,1.2566648698722138,-0.053975913707763244,12,"{""2018"": -46.2, ""2019"": 37.5, ""2020"": 141.9, ""2021"": 394.1, ""2022"": -18.8, ""2023"": 32.2, ""2024"": 97.4, ""2025"": -30.0, ""2026"": 11.4}"
1 trend,SMA200 dag band 0%,1.0,10 munten,0.7174684101962174,-0.5768400448746449,2.8570603563234416,1.4460877709477136,0.07625578206904571,-0.4901363381276804,0.6409865452571073,42.7687852222918,0.17379679144385027,2.142035279227911,-0.06063917545161945,12,"{""2018"": -46.2, ""2019"": 44.7, ""2020"": 161.3, ""2021"": 965.9, ""2022"": -23.9, ""2023"": 47.5, ""2024"": 60.1, ""2025"": -37.1, ""2026"": 15.7}"
1 trend,SMA200 dag band 0%,1.5,BTC+ETH,0.23625673733323405,-0.8072009913028545,1.6312679361774916,-0.3365071497796187,0.19286942339501945,-0.4280465967354522,0.984147941085222,6.975657482780213,0.2786885245901639,1.0151250356141597,-0.09671963510444397,12,"{""2018"": -54.9, ""2019"": 29.1, ""2020"": 167.9, ""2021"": 35.9, ""2022"": -14.0, ""2023"": 91.6, ""2024"": 54.3, ""2025"": -18.7, ""2026"": 27.7}"
1 trend,SMA200 dag band 0%,1.5,BTC,0.13418002849248212,-0.8425172588214297,1.2808486048129233,-0.5905148032202666,0.19555116281812457,-0.4526353282149974,0.9934767549795753,3.773716343143394,0.24242424242424243,0.748397424172272,-0.0864008249379478,12,"{""2018"": -49.2, ""2019"": 63.6, ""2020"": 220.2, ""2021"": -65.8, ""2022"": 0.0, ""2023"": 129.7, ""2024"": 81.5, ""2025"": -31.1, ""2026"": 28.6}"
1 trend,SMA200 dag band 0%,1.5,5 munten,0.32987896918245574,-0.7875128763818123,1.8504691836693727,-0.5307263026762048,0.11309980186512147,-0.5971524201233729,0.7891080104874184,22.756653099561678,0.1708542713567839,1.4132739917694712,-0.09112368972355561,12,"{""2018"": -62.9, ""2019"": 43.0, ""2020"": 149.7, ""2021"": 331.3, ""2022"": -27.3, ""2023"": 31.7, ""2024"": 112.5, ""2025"": -48.8, ""2026"": 15.1}"
1 trend,SMA200 dag band 0%,1.5,10 munten,0.6376868574481416,-0.8179953552797273,2.2857290331289137,0.09011415155597513,-0.054912302041497885,-0.6902113505282759,0.3626882736264988,42.7687852222918,0.13903743315508021,2.367393951981493,-0.10122271822324447,12,"{""2018"": -62.9, ""2019"": 54.1, ""2020"": 171.3, ""2021"": 1042.1, ""2022"": -34.3, ""2023"": 53.7, ""2024"": 47.9, ""2025"": -55.7, ""2026"": 21.6}"
1 trend,SMA200 dag band 0%,2.0,BTC+ETH,0.16637127996927603,-0.900837979643755,1.6378947847718193,-0.7170421078210476,0.16673710084400262,-0.5883872613627512,0.9474424120719047,6.975657482780213,0.2459016393442623,1.2556648278520999,-0.12314384781086701,12,"{""2018"": -66.2, ""2019"": 20.1, ""2020"": 223.9, ""2021"": 4.0, ""2022"": -17.7, ""2023"": 118.5, ""2024"": 59.2, ""2025"": -30.8, ""2026"": 36.3}"
1 trend,SMA200 dag band 0%,2.0,BTC,0.0615378039096115,-0.925762950219506,1.2666277586873458,-0.8323213809510706,0.1596817899653593,-0.5823425774432958,0.9294604034620222,3.773716343143394,0.24242424242424243,0.9028014957064497,-0.11428476582369909,12,"{""2018"": -60.0, ""2019"": 54.8, ""2020"": 315.9, ""2021"": -80.4, ""2022"": 0.0, ""2023"": 176.8, ""2024"": 90.8, ""2025"": -44.7, ""2026"": 39.5}"
1 trend,SMA200 dag band 0%,2.0,5 munten,0.33972760966293625,-0.893828955273396,1.984728842727359,-0.7845804698259948,0.07410663067478707,-0.741411018440574,0.8057268948519045,22.756653099561678,0.15577889447236182,1.8731718858158313,-0.12666944731608637,12,"{""2018"": -74.3, ""2019"": 42.1, ""2020"": 217.0, ""2021"": 456.1, ""2022"": -34.7, ""2023"": 35.9, ""2024"": 156.8, ""2025"": -63.7, ""2026"": 19.0}"
1 trend,SMA200 dag band 0%,2.0,10 munten,0.6169277514085809,-0.918950567770171,2.269713016603102,-0.38450120909007734,-0.16486122041945273,-0.8207799067962379,0.3394156113936846,42.7687852222918,0.12299465240641712,2.1422687911315554,-0.14133482752543303,12,"{""2018"": -74.3, ""2019"": 53.0, ""2020"": 243.4, ""2021"": 1179.1, ""2022"": -42.3, ""2023"": 62.3, ""2024"": 44.0, ""2025"": -70.3, ""2026"": 29.4}"
1 trend,SMA200 dag band 0%,3.0,BTC+ETH,-0.1360865037442467,-0.9750128675054209,1.672121043409268,-0.9804689844836447,0.055432653487391015,-0.8006626763568419,0.9771223715540523,6.975657482780213,0.22950819672131148,0.9125333962245508,-0.185401516284628,12,"{""2018"": -82.5, ""2019"": -14.7, ""2020"": 307.4, ""2021"": -65.5, ""2022"": -25.6, ""2023"": 156.4, ""2024"": 44.9, ""2025"": -49.9, ""2026"": 55.5}"
1 trend,SMA200 dag band 0%,3.0,BTC,-0.19211415820726152,-0.9877303602666665,1.2770792142138618,-0.9874734858025596,0.03442092680419684,-0.7851992469744944,0.9314723539269145,3.773716343143394,0.24242424242424243,0.8969245256369881,-0.17033418782308868,12,"{""2018"": -76.1, ""2019"": 31.5, ""2020"": 477.7, ""2021"": -95.8, ""2022"": 0.0, ""2023"": 254.0, ""2024"": 95.0, ""2025"": -65.6, ""2026"": 58.5}"
1 trend,SMA200 dag band 0%,3.0,5 munten,0.014110200727645683,-0.9891407441313044,2.079313705893192,-0.9858063269900825,-0.08865408796288088,-0.9075873756315497,0.8813756495885403,22.756653099561678,0.1306532663316583,1.2057868208714981,-0.20343938497731265,12,"{""2018"": -88.7, ""2019"": 18.9, ""2020"": 269.1, ""2021"": 212.9, ""2022"": -47.5, ""2023"": 31.3, ""2024"": 222.9, ""2025"": -82.9, ""2026"": 22.7}"
1 trend,SMA200 dag band 0%,3.0,10 munten,0.15928568351772388,-0.9939088216191871,2.3326856337525563,-0.9718231714979957,-0.408802499810733,-0.9500019698362177,0.3845285930196132,42.7687852222918,0.09090909090909091,1.4916245133631287,-0.2318672656594892,12,"{""2018"": -88.7, ""2019"": 26.0, ""2020"": 306.6, ""2021"": 385.9, ""2022"": -56.3, ""2023"": 69.7, ""2024"": 23.6, ""2025"": -88.2, ""2026"": 40.9}"
1 trend,SMA200 dag band 2%,1.0,BTC+ETH,0.41536412383317,-0.6258635748762991,2.316406845487381,1.2227870648484522,0.1803109533637226,-0.3087758454991485,1.049256508546831,4.002426424546024,0.4,1.154040514703656,-0.10455060095213402,13,"{""2018"": -35.6, ""2019"": 28.3, ""2020"": 168.3, ""2021"": 129.2, ""2022"": -7.6, ""2023"": 68.7, ""2024"": 43.2, ""2025"": -6.5, ""2026"": 16.8}"
1 trend,SMA200 dag band 2%,1.0,BTC,0.3609916760075558,-0.5354115143876239,2.220594289497098,0.8812567473863573,0.22195995600444318,-0.30665277095588594,1.2156757481156886,1.9440356919223545,0.4117647058823529,0.8092997480874556,-0.08484158141307337,13,"{""2018"": -29.1, ""2019"": 57.3, ""2020"": 169.0, ""2021"": 6.3, ""2022"": 0.0, ""2023"": 96.3, ""2024"": 62.5, ""2025"": -7.7, ""2026"": 14.4}"
1 trend,SMA200 dag band 2%,1.0,5 munten,0.4784252653522292,-0.5361408834441911,2.435929091758459,0.4928916446088858,0.1683043171828449,-0.3963192582483491,0.9877627698685859,13.493894802755166,0.3050847457627119,1.4418059092065694,-0.09488764335382845,13,"{""2018"": -42.2, ""2019"": 36.0, ""2020"": 143.2, ""2021"": 420.3, ""2022"": -22.1, ""2023"": 33.7, ""2024"": 83.6, ""2025"": -26.8, ""2026"": 8.9}"
1 trend,SMA200 dag band 2%,1.0,10 munten,0.7514288473497552,-0.5484713486212067,2.9335129406166707,1.7456366121795304,0.0571221561457278,-0.48601455796183934,0.5682724727874507,26.30165936130244,0.24782608695652175,2.423393731163336,-0.09820788779371471,13,"{""2018"": -42.2, ""2019"": 43.3, ""2020"": 159.3, ""2021"": 1031.0, ""2022"": -25.9, ""2023"": 52.1, ""2024"": 52.8, ""2025"": -36.0, ""2026"": 13.5}"
1 trend,SMA200 dag band 2%,1.5,BTC+ETH,0.2899709106193513,-0.8083745461747015,1.7721232512695582,-0.13715624682522354,0.11969597378513219,-0.5049077747814023,0.7905536404339024,4.002426424546024,0.4,1.1273160109178848,-0.17014216432311624,13,"{""2018"": -50.2, ""2019"": 23.8, ""2020"": 189.7, ""2021"": 52.7, ""2022"": -11.4, ""2023"": 87.2, ""2024"": 32.1, ""2025"": -17.2, ""2026"": 23.1}"
1 trend,SMA200 dag band 2%,1.5,BTC,0.24902361855924893,-0.7495210637860694,1.634758646901485,-0.26987350257569265,0.19135820642429646,-0.46219424288304356,0.9822746924747975,1.9440356919223545,0.4117647058823529,0.8342029512423947,-0.14866796633249096,13,"{""2018"": -42.0, ""2019"": 63.6, ""2020"": 210.3, ""2021"": -45.6, ""2022"": 0.0, ""2023"": 132.7, ""2024"": 62.9, ""2025"": -18.3, ""2026"": 19.6}"
1 trend,SMA200 dag band 2%,1.5,5 munten,0.3538894563502233,-0.7824802464177729,1.904793064517818,-0.48969402763238323,0.08194049169646478,-0.5844205858369853,0.7061583242756224,13.493894802755166,0.2542372881355932,1.5788355430884273,-0.15836885648938678,13,"{""2018"": -58.5, ""2019"": 40.7, ""2020"": 153.9, ""2021"": 350.0, ""2022"": -31.6, ""2023"": 33.5, ""2024"": 91.3, ""2025"": -45.6, ""2026"": 11.2}"
1 trend,SMA200 dag band 2%,1.5,10 munten,0.676983357160704,-0.8039596574695251,2.3421196535929507,0.2728304607964316,-0.08258718652975561,-0.691019453598007,0.28181684180631655,26.30165936130244,0.1956521739130435,2.670635611864296,-0.16282707588484738,13,"{""2018"": -58.5, ""2019"": 52.0, ""2020"": 169.1, ""2021"": 1103.4, ""2022"": -36.8, ""2023"": 59.9, ""2024"": 37.7, ""2025"": -54.8, ""2026"": 18.0}"
1 trend,SMA200 dag band 2%,2.0,BTC+ETH,0.24254563939032492,-0.898580958021818,1.7927471986277996,-0.5843681582834337,0.07363958730174858,-0.6497331697220152,0.7593146107121266,4.002426424546024,0.37142857142857144,1.3523965811951955,-0.21758624086782508,13,"{""2018"": -62.0, ""2019"": 13.4, ""2020"": 255.7, ""2021"": 30.6, ""2022"": -14.8, ""2023"": 110.6, ""2024"": 30.4, ""2025"": -29.1, ""2026"": 29.3}"
1 trend,SMA200 dag band 2%,2.0,BTC,0.20623884844770868,-0.8614906273628732,1.616816134244651,-0.639224656162572,0.14767419884404376,-0.6111178101030285,0.9049727781245679,1.9440356919223545,0.4117647058823529,1.004595943574372,-0.1984898010915927,13,"{""2018"": -53.3, ""2019"": 54.8, ""2020"": 299.4, ""2021"": -63.1, ""2022"": 0.0, ""2023"": 182.6, ""2024"": 63.7, ""2025"": -30.5, ""2026"": 25.7}"
1 trend,SMA200 dag band 2%,2.0,5 munten,0.37879863197386276,-0.8916405890780322,2.047017277944844,-0.7537464247987791,0.033402210514239083,-0.7299000742849795,0.7210500333897604,13.493894802755166,0.2288135593220339,2.1303724282620924,-0.21458153545850805,13,"{""2018"": -70.4, ""2019"": 39.2, ""2020"": 224.1, ""2021"": 502.8, ""2022"": -39.3, ""2023"": 38.8, ""2024"": 122.2, ""2025"": -60.5, ""2026"": 13.5}"
1 trend,SMA200 dag band 2%,2.0,10 munten,0.6723908626202821,-0.9102479057415833,2.3298356776891955,-0.24933147317261095,-0.1938905913335206,-0.8217186181724295,0.26769445100899375,26.30165936130244,0.1782608695652174,2.3107892942384933,-0.22581051109410216,13,"{""2018"": -70.4, ""2019"": 50.3, ""2020"": 239.1, ""2021"": 1309.0, ""2022"": -45.4, ""2023"": 70.3, ""2024"": 32.1, ""2025"": -69.4, ""2026"": 24.2}"
1 trend,SMA200 dag band 2%,3.0,BTC+ETH,-0.05117420566038278,-0.9732647125318847,1.8214973383114836,-0.9657346670096553,-0.07746212215404191,-0.856842726925958,0.7791123399373621,4.002426424546024,0.34285714285714286,0.9538749007811814,-0.32237269853961115,13,"{""2018"": -79.0, ""2019"": -20.4, ""2020"": 367.1, ""2021"": -52.9, ""2022"": -21.5, ""2023"": 144.1, ""2024"": 2.0, ""2025"": -47.7, ""2026"": 46.4}"
1 trend,SMA200 dag band 2%,3.0,BTC,-0.022411216440540116,-0.9687813862068292,1.6264248036177658,-0.9607058910131622,0.024746447614761635,-0.7983526898964256,0.9178252949687457,1.9440356919223545,0.4117647058823529,0.9834615166809636,-0.2945521668391668,13,"{""2018"": -69.6, ""2019"": 31.5, ""2020"": 442.4, ""2021"": -89.4, ""2022"": 0.0, ""2023"": 265.5, ""2024"": 54.4, ""2025"": -52.4, ""2026"": 40.8}"
1 trend,SMA200 dag band 2%,3.0,5 munten,0.054421720067174384,-0.9883335571718983,2.128743153456679,-0.9835904545531154,-0.14598965017210674,-0.9019279993630308,0.7857204407071713,13.493894802755166,0.1864406779661017,1.2601290100226115,-0.3349894121278223,13,"{""2018"": -86.0, ""2019"": 16.3, ""2020"": 272.6, ""2021"": 245.8, ""2022"": -51.5, ""2023"": 33.0, ""2024"": 154.2, ""2025"": -80.7, ""2026"": 15.4}"
1 trend,SMA200 dag band 2%,3.0,10 munten,0.216526091979385,-0.9926927561790441,2.381222807156374,-0.9619723813131872,-0.4403681358778724,-0.9505046568934178,0.3097525757772427,26.30165936130244,0.12608695652173912,1.4730354760064073,-0.3602264949171503,13,"{""2018"": -86.0, ""2019"": 23.6, ""2020"": 292.7, ""2021"": 470.3, ""2022"": -58.8, ""2023"": 74.7, ""2024"": 6.8, ""2025"": -87.7, ""2026"": 34.0}"
1 trend,SMA200 2u band 0%,1.0,BTC+ETH,0.4225435866589313,-0.548991603767618,2.3541913697731895,1.291311048338052,0.22660231577213552,-0.2945379788279908,1.2205802961175691,21.3843926111459,0.11229946524064172,0.8955856562620574,-0.01707776772856121,14,"{""2018"": -40.4, ""2019"": 31.5, ""2020"": 235.1, ""2021"": 106.1, ""2022"": -9.2, ""2023"": 66.1, ""2024"": 54.9, ""2025"": -9.8, ""2026"": 24.3}"
1 trend,SMA200 2u band 0%,1.0,BTC,0.3018738590756538,-0.6263205181467025,1.9772156824709934,0.4415218485091963,0.2344595340939739,-0.3404580309375398,1.2569676700996533,10.520663744520977,0.09782608695652174,0.7491095519700861,-0.01736775757680007,14,"{""2018"": -32.4, ""2019"": 54.8, ""2020"": 200.2, ""2021"": -19.0, ""2022"": 0.0, ""2023"": 88.5, ""2024"": 75.7, ""2025"": -16.2, ""2026"": 19.9}"
1 trend,SMA200 2u band 0%,1.0,5 munten,0.48365822476343,-0.5690670948520316,2.454248566381673,0.5573336991125355,0.13295468351506634,-0.4344892518394602,0.8500600523861015,74.21642141515342,0.08936825885978428,0.942987036952257,-0.017782500529638545,14,"{""2018"": -45.6, ""2019"": 42.8, ""2020"": 155.7, ""2021"": 424.7, ""2022"": -22.7, ""2023"": 31.1, ""2024"": 84.5, ""2025"": -32.8, ""2026"": 8.6}"
1 trend,SMA200 2u band 0%,1.0,10 munten,0.7084472366039025,-0.6169749880039938,2.8334122834574518,1.3290919581597835,0.08752638193502049,-0.4655225986283663,0.6813765603359536,135.1676581089543,0.07868020304568528,1.4945506424357533,-0.020069405616798007,14,"{""2018"": -45.6, ""2019"": 48.1, ""2020"": 166.2, ""2021"": 977.6, ""2022"": -28.5, ""2023"": 42.6, ""2024"": 56.4, ""2025"": -33.8, ""2026"": 15.9}"
1 trend,SMA200 2u band 0%,1.5,BTC+ETH,0.28566107454102974,-0.7503136893664343,1.7503548004665026,-0.11033777774455178,0.1775575179776403,-0.4490001463361729,0.9441291708265139,21.3843926111459,0.10160427807486631,1.006834630519115,-0.028309570228057076,14,"{""2018"": -55.5, ""2019"": 23.9, ""2020"": 262.2, ""2021"": 41.0, ""2022"": -13.9, ""2023"": 82.7, ""2024"": 47.6, ""2025"": -21.9, ""2026"": 34.1}"
1 trend,SMA200 2u band 0%,1.5,BTC,0.1576712442155055,-0.8293708996291944,1.356594856878704,-0.5148425891219486,0.19768169237694888,-0.47924451265415113,0.9974663202584649,10.520663744520977,0.09782608695652174,0.8048924311665948,-0.028794305775698466,14,"{""2018"": -45.8, ""2019"": 52.9, ""2020"": 245.9, ""2021"": -62.3, ""2022"": 0.0, ""2023"": 119.1, ""2024"": 83.5, ""2025"": -31.0, ""2026"": 27.7}"
1 trend,SMA200 2u band 0%,1.5,5 munten,0.3513052793623579,-0.7996646692701666,1.8947724624723943,-0.4717311919500745,0.03568832749679407,-0.6323487065656965,0.5892339502460685,74.21642141515342,0.07550077041602465,1.0382815999126815,-0.02960705171933981,14,"{""2018"": -62.0, ""2019"": 45.0, ""2020"": 161.1, ""2021"": 374.1, ""2022"": -32.0, ""2023"": 29.6, ""2024"": 94.4, ""2025"": -52.2, ""2026"": 10.6}"
1 trend,SMA200 2u band 0%,1.5,10 munten,0.611226014269741,-0.842438020194606,2.2432067422075317,-0.03619006866654195,-0.038385778600252496,-0.6679671911622608,0.40256169197062314,135.1676581089543,0.06514382402707276,1.6586294564756525,-0.03333937224205127,14,"{""2018"": -62.0, ""2019"": 53.4, ""2020"": 171.7, ""2021"": 1060.6, ""2022"": -39.9, ""2023"": 46.9, ""2024"": 44.0, ""2025"": -52.5, ""2026"": 22.0}"
1 trend,SMA200 2u band 0%,2.0,BTC+ETH,0.2570852490691655,-0.8578567929865516,1.8011462890031797,-0.5574234462724283,0.15906722739037704,-0.6019569317103086,0.9333467368596394,21.3843926111459,0.0962566844919786,1.3296015211389414,-0.037858523103051586,14,"{""2018"": -66.9, ""2019"": 17.3, ""2020"": 424.3, ""2021"": 10.4, ""2022"": -17.7, ""2023"": 107.9, ""2024"": 49.1, ""2025"": -32.9, ""2026"": 47.4}"
1 trend,SMA200 2u band 0%,2.0,BTC,0.11450459242779609,-0.9150390255000864,1.4025235296878895,-0.774918878598898,0.18507389100115512,-0.595971745302223,0.9794355038991268,10.520663744520977,0.09782608695652174,1.0677771517634655,-0.03786481933593807,14,"{""2018"": -56.3, ""2019"": 48.4, ""2020"": 398.2, ""2021"": -77.8, ""2022"": 0.0, ""2023"": 160.8, ""2024"": 95.9, ""2025"": -42.4, ""2026"": 38.0}"
1 trend,SMA200 2u band 0%,2.0,5 munten,0.3879868310945296,-0.8970956587513577,2.054557480441471,-0.7327568690315356,-0.028690282188332916,-0.7692553819524526,0.6054488212924986,74.21642141515342,0.07087827426810478,1.376758248023872,-0.04154209219285865,14,"{""2018"": -73.5, ""2019"": 49.8, ""2020"": 243.4, ""2021"": 532.1, ""2022"": -40.2, ""2023"": 37.0, ""2024"": 120.7, ""2025"": -66.6, ""2026"": 14.0}"
1 trend,SMA200 2u band 0%,2.0,10 munten,0.6094241446961872,-0.9310376378067433,2.25132754702569,-0.4177397334371328,-0.14438473051965284,-0.7976837142063088,0.37384962890608797,135.1676581089543,0.0583756345177665,1.5973899133912923,-0.047342060837808106,14,"{""2018"": -73.5, ""2019"": 57.9, ""2020"": 255.5, ""2021"": 1221.1, ""2022"": -48.6, ""2023"": 55.7, ""2024"": 34.8, ""2025"": -66.3, ""2026"": 30.1}"
1 trend,SMA200 2u band 0%,3.0,BTC+ETH,-0.035430660990083296,-0.9712800882237805,1.8184370459226402,-0.9621810748728079,0.04396133047028772,-0.8139122634023629,0.9638856881447089,21.3843926111459,0.0855614973262032,1.2718094108760858,-0.0614777358019549,14,"{""2018"": -83.3, ""2019"": -16.3, ""2020"": 718.1, ""2021"": -63.2, ""2022"": -25.4, ""2023"": 146.9, ""2024"": 34.3, ""2025"": -52.6, ""2026"": 72.1}"
1 trend,SMA200 2u band 0%,3.0,BTC,-0.12248672170646002,-0.9852284583987831,1.4315687176929681,-0.9794359650924473,0.04735687917409681,-0.7995272771208566,0.9557554838480157,10.520663744520977,0.09782608695652174,1.2520199720438034,-0.058900512206717104,14,"{""2018"": -72.3, ""2019"": 23.4, ""2020"": 670.3, ""2021"": -95.1, ""2022"": 0.0, ""2023"": 238.0, ""2024"": 102.2, ""2025"": -65.2, ""2026"": 56.3}"
1 trend,SMA200 2u band 0%,3.0,5 munten,0.061462649210750175,-0.9888230895197179,2.1287448061574943,-0.9813372965887666,-0.19600660883047527,-0.9222897067699616,0.7315418345379564,74.21642141515342,0.05084745762711865,1.2277633176418181,-0.069471158495587,14,"{""2018"": -88.6, ""2019"": 29.3, ""2020"": 324.5, ""2021"": 262.8, ""2022"": -52.9, ""2023"": 31.5, ""2024"": 175.9, ""2025"": -85.0, ""2026"": 15.7}"
1 trend,SMA200 2u band 0%,3.0,10 munten,0.1556857437102943,-0.9949430376809718,2.320538596976092,-0.9719006359134611,-0.37520547988188624,-0.9393898141742341,0.43347184096430896,135.1676581089543,0.038917089678511,1.6065906794781037,-0.08150672630538883,14,"{""2018"": -88.6, ""2019"": 34.4, ""2020"": 326.8, ""2021"": 433.9, ""2022"": -63.1, ""2023"": 58.8, ""2024"": 16.6, ""2025"": -85.5, ""2026"": 41.2}"
1 trend,SMA200 2u band 2%,1.0,BTC+ETH,0.4314817029216216,-0.5336764941309089,2.3910644064253574,1.3789874424023716,0.18006067467250642,-0.31419261826625733,1.047448198620471,6.175172197871008,0.2777777777777778,1.140006465587859,-0.06448274852020586,15,"{""2018"": -40.2, ""2019"": 28.1, ""2020"": 246.9, ""2021"": 102.3, ""2022"": -6.2, ""2023"": 68.1, ""2024"": 45.4, ""2025"": -12.3, ""2026"": 22.5}"
1 trend,SMA200 2u band 2%,1.0,BTC,0.29968439392076984,-0.6064639286372817,1.9751809991251332,0.4270314949180234,0.20632944692273347,-0.31655413181510084,1.1542892942275669,3.087586098935504,0.25925925925925924,0.8836016006670889,-0.06439943306732482,15,"{""2018"": -35.8, ""2019"": 45.6, ""2020"": 207.1, ""2021"": -14.6, ""2022"": 0.0, ""2023"": 93.7, ""2024"": 63.1, ""2025"": -12.8, ""2026"": 16.4}"
1 trend,SMA200 2u band 2%,1.0,5 munten,0.48819873133578584,-0.5522221040085906,2.471154096776322,0.5891250100186121,0.14847222846710495,-0.4176915575027864,0.9063321637905916,20.355197244834063,0.2247191011235955,1.2928005193979835,-0.0665242512635543,15,"{""2018"": -45.5, ""2019"": 40.5, ""2020"": 157.5, ""2021"": 414.1, ""2022"": -21.2, ""2023"": 34.8, ""2024"": 81.3, ""2025"": -31.8, ""2026"": 12.9}"
1 trend,SMA200 2u band 2%,1.0,10 munten,0.7191997673919381,-0.6094181752458034,2.8606172311032383,1.4235264408114134,0.07456722027914697,-0.4701435278751964,0.6327903683222981,41.39652473387602,0.18232044198895028,2.0029880775338005,-0.06815018109060746,15,"{""2018"": -45.5, ""2019"": 47.5, ""2020"": 171.1, ""2021"": 929.9, ""2022"": -27.8, ""2023"": 51.2, ""2024"": 52.5, ""2025"": -34.6, ""2026"": 16.4}"
1 trend,SMA200 2u band 2%,1.5,BTC+ETH,0.31103952119478673,-0.7390823582697306,1.8154466747778482,-0.026835363706941173,0.11453731694288005,-0.5006661076953902,0.7768225781323487,6.175172197871008,0.2777777777777778,1.1601603014158826,-0.10831506975321603,15,"{""2018"": -55.5, ""2019"": 18.7, ""2020"": 313.5, ""2021"": 35.5, ""2022"": -9.5, ""2023"": 85.8, ""2024"": 35.6, ""2025"": -25.4, ""2026"": 31.5}"
1 trend,SMA200 2u band 2%,1.5,BTC,0.16805275970359057,-0.8133792287851579,1.3860339690164092,-0.5065254601944227,0.15539472903446994,-0.4732614511200265,0.8864642954892525,3.087586098935504,0.25925925925925924,0.9709926674456065,-0.10784030680349008,15,"{""2018"": -50.0, ""2019"": 38.1, ""2020"": 278.4, ""2021"": -58.1, ""2022"": 0.0, ""2023"": 127.8, ""2024"": 63.9, ""2025"": -27.1, ""2026"": 22.5}"
1 trend,SMA200 2u band 2%,1.5,5 munten,0.36158021929076556,-0.7897820727693983,1.9177559772829287,-0.4568236238985929,0.05202379230930698,-0.6129474062262741,0.6337042047671246,20.355197244834063,0.20224719101123595,1.3209183035595344,-0.11232138506796892,15,"{""2018"": -62.0, ""2019"": 41.6, ""2020"": 173.4, ""2021"": 357.3, ""2022"": -30.3, ""2023"": 34.6, ""2024"": 88.3, ""2025"": -51.4, ""2026"": 17.2}"
1 trend,SMA200 2u band 2%,1.5,10 munten,0.6279753153951761,-0.8397829083639952,2.2618689782624863,0.03453928174719434,-0.05734090045804774,-0.6727746524491484,0.34979784145336706,41.39652473387602,0.1574585635359116,2.1021130658789637,-0.1139180190741351,15,"{""2018"": -62.0, ""2019"": 52.3, ""2020"": 186.6, ""2021"": 979.9, ""2022"": -39.3, ""2023"": 59.1, ""2024"": 38.7, ""2025"": -53.6, ""2026"": 22.7}"
1 trend,SMA200 2u band 2%,2.0,BTC+ETH,0.26887290299314204,-0.849586439159707,1.8220640367938097,-0.53075004125241,0.08311043818503872,-0.6488662459810011,0.7786092578383281,6.175172197871008,0.2777777777777778,1.3292693914960634,-0.14661678437318457,15,"{""2018"": -67.0, ""2019"": 11.4, ""2020"": 456.1, ""2021"": 7.3, ""2022"": -12.2, ""2023"": 111.5, ""2024"": 34.5, ""2025"": -35.9, ""2026"": 41.9}"
1 trend,SMA200 2u band 2%,2.0,BTC,0.10373439289337627,-0.9078348593769506,1.3683491902094194,-0.7876495286702646,0.1273059217338086,-0.620369669838837,0.8626801920982365,3.087586098935504,0.25925925925925924,1.1771832274315817,-0.1423704546265821,15,"{""2018"": -60.9, ""2019"": 30.7, ""2020"": 416.6, ""2021"": -75.7, ""2022"": 0.0, ""2023"": 174.6, ""2024"": 66.6, ""2025"": -36.0, ""2026"": 27.5}"
1 trend,SMA200 2u band 2%,2.0,5 munten,0.3926075514586118,-0.8918271907740749,2.061968550555937,-0.7262669232204821,-0.013974434465518937,-0.7541749606252462,0.6376328541100915,20.355197244834063,0.1853932584269663,1.72642909092958,-0.1546280304473267,15,"{""2018"": -73.5, ""2019"": 47.8, ""2020"": 251.4, ""2021"": 496.2, ""2022"": -38.0, ""2023"": 41.7, ""2024"": 110.4, ""2025"": -65.9, ""2026"": 22.1}"
1 trend,SMA200 2u band 2%,2.0,10 munten,0.6309143999961289,-0.9286920546470595,2.2735165284806005,-0.36688871456645344,-0.16687417191127896,-0.8024238061498793,0.3214936400721788,41.39652473387602,0.13535911602209943,2.0548000792139454,-0.15839072143763713,15,"{""2018"": -73.5, ""2019"": 59.3, ""2020"": 271.5, ""2021"": 1123.4, ""2022"": -48.0, ""2023"": 70.9, ""2024"": 29.0, ""2025"": -67.3, ""2026"": 30.1}"
1 trend,SMA200 2u band 2%,3.0,BTC+ETH,-0.020654810994030104,-0.9693097433922622,1.838691215535032,-0.9585717950986677,-0.08275928211682604,-0.8598275257079597,0.7699540556934455,6.175172197871008,0.24074074074074073,1.171123756807313,-0.22644905870652166,15,"{""2018"": -83.5, ""2019"": -21.5, ""2020"": 787.6, ""2021"": -63.5, ""2022"": -17.9, ""2023"": 146.9, ""2024"": 9.4, ""2025"": -57.8, ""2026"": 66.6}"
1 trend,SMA200 2u band 2%,3.0,BTC,-0.13241806134806677,-0.9833084986237488,1.394895723191003,-0.9807925608587101,-0.04028497009637888,-0.8166115100500884,0.8227962834865407,3.087586098935504,0.25925925925925924,1.32318941443518,-0.2181985384647763,15,"{""2018"": -76.7, ""2019"": 1.1, ""2020"": 775.6, ""2021"": -94.3, ""2022"": 0.0, ""2023"": 251.3, ""2024"": 56.5, ""2025"": -62.0, ""2026"": 45.5}"
1 trend,SMA200 2u band 2%,3.0,5 munten,0.07271951197708981,-0.9881767602928516,2.1433665523647996,-0.9799480927445853,-0.20028413594056615,-0.9147329014270373,0.7275562451241125,20.355197244834063,0.14606741573033707,1.2541888726148824,-0.24843417971722587,15,"{""2018"": -88.6, ""2019"": 25.1, ""2020"": 339.3, ""2021"": 237.4, ""2022"": -50.0, ""2023"": 42.0, ""2024"": 140.9, ""2025"": -84.8, ""2026"": 29.0}"
1 trend,SMA200 2u band 2%,3.0,10 munten,0.18791627555290247,-0.9944544320921794,2.3466156976433377,-0.9661331703215665,-0.4112446927496545,-0.9425085356404376,0.3587563820733391,41.39652473387602,0.10220994475138122,1.7133488241918957,-0.26276262645014375,15,"{""2018"": -88.6, ""2019"": 34.0, ""2020"": 355.9, ""2021"": 394.5, ""2022"": -62.1, ""2023"": 85.3, ""2024"": 4.6, ""2025"": -86.3, ""2026"": 41.9}"
1 trend,EMA50 dag band 0%,1.0,BTC+ETH,0.5345249231240254,-0.5836710087160825,2.766525852943814,2.6085958224441406,0.21760270862219677,-0.37064154546742134,1.2419730734897898,22.756653099561678,0.22110552763819097,0.40777277656913785,-0.036339291341955446,16,"{""2018"": -17.6, ""2019"": 43.5, ""2020"": 268.2, ""2021"": 160.1, ""2022"": -41.7, ""2023"": 91.4, ""2024"": 28.5, ""2025"": 20.1, ""2026"": 10.7}"
1 trend,EMA50 dag band 0%,1.0,BTC,0.42058550014192697,-0.5646119400936811,2.4400666332819694,1.432425035445883,0.28620981126151346,-0.3038058184402942,1.526186949417865,11.435504070131497,0.21,0.43888486288784734,-0.034202384902545666,16,"{""2018"": -34.1, ""2019"": 76.0, ""2020"": 221.3, ""2021"": 67.9, ""2022"": -41.9, ""2023"": 123.0, ""2024"": 65.0, ""2025"": 7.7, ""2026"": 11.1}"
1 trend,EMA50 dag band 0%,1.0,5 munten,0.6541938632236823,-0.560388227546269,3.0893265021257195,2.2567149837372398,0.26503586264177104,-0.36048084674865066,1.394518941909367,62.78091734502192,0.20036429872495445,0.5712928358969349,-0.03773433256134358,16,"{""2018"": -21.5, ""2019"": 47.7, ""2020"": 190.0, ""2021"": 590.1, ""2022"": -36.5, ""2023"": 37.7, ""2024"": 79.1, ""2025"": -6.7, ""2026"": 11.1}"
1 trend,EMA50 dag band 0%,1.0,10 munten,1.04293577722007,-0.5133935046436001,3.6186102470428336,6.1138866513259025,0.1983718903803262,-0.45327379478177277,1.106616281669422,107.37938321853476,0.2066027689030884,1.038283258523706,-0.04238496937815699,16,"{""2018"": -21.5, ""2019"": 59.4, ""2020"": 199.5, ""2021"": 1409.2, ""2022"": -37.6, ""2023"": 96.6, ""2024"": 62.4, ""2025"": -12.2, ""2026"": 13.7}"
1 trend,EMA50 dag band 0%,1.5,BTC+ETH,0.4424643793309708,-0.7450506742885658,2.139851573073973,0.7235453073918763,0.18187562443419458,-0.5228809307510914,0.9664816836353644,22.756653099561678,0.20603015075376885,0.5666478399888348,-0.0556012506243915,16,"{""2018"": -28.4, ""2019"": 37.0, ""2020"": 327.7, ""2021"": 111.0, ""2022"": -56.5, ""2023"": 123.7, ""2024"": 18.5, ""2025"": 23.2, ""2026"": 7.5}"
1 trend,EMA50 dag band 0%,1.5,BTC,0.3260768618051675,-0.7736591198913993,1.847215399461405,0.06452076206429203,0.2863962807822684,-0.44519479805503437,1.2599868265532541,11.435504070131497,0.2,0.617983756529159,-0.05238943909514826,16,"{""2018"": -49.0, ""2019"": 90.1, ""2020"": 287.4, ""2021"": 17.2, ""2022"": -57.3, ""2023"": 184.4, ""2024"": 71.1, ""2025"": 5.6, ""2026"": 8.8}"
1 trend,EMA50 dag band 0%,1.5,5 munten,0.6148319886179914,-0.7604526187331219,2.4628577682490045,0.6711237926013431,0.24740092730646102,-0.5469484117971564,1.1291290591166967,62.78091734502192,0.18397085610200364,0.8525761881449395,-0.05841197808281099,16,"{""2018"": -33.5, ""2019"": 54.0, ""2020"": 211.4, ""2021"": 713.0, ""2022"": -51.1, ""2023"": 38.2, ""2024"": 93.8, ""2025"": -16.8, ""2026"": 9.1}"
1 trend,EMA50 dag band 0%,1.5,10 munten,1.120874471214258,-0.702335486255643,2.914840505490687,4.256389935927033,0.12383459276818898,-0.6465952802848449,0.8097421197992652,107.37938321853476,0.18636847710330137,1.5844743380242319,-0.06568096873520715,16,"{""2018"": -33.5, ""2019"": 70.9, ""2020"": 226.8, ""2021"": 2023.7, ""2022"": -52.5, ""2023"": 127.6, ""2024"": 58.0, ""2025"": -24.8, ""2026"": 13.5}"
1 trend,EMA50 dag band 0%,2.0,BTC+ETH,0.4684124139841983,-0.8520538617104141,2.170147058621037,0.20213711794435363,0.1788175062445747,-0.640855372666007,0.9572205422393272,22.756653099561678,0.19597989949748743,0.837670410841134,-0.07434170196387159,16,"{""2018"": -37.0, ""2019"": 33.9, ""2020"": 522.2, ""2021"": 108.1, ""2022"": -69.4, ""2023"": 182.5, ""2024"": 17.1, ""2025"": 24.3, ""2026"": 6.9}"
1 trend,EMA50 dag band 0%,2.0,BTC,0.3231887609016628,-0.879373731205781,1.8575525691802561,-0.3769252228234512,0.32432211985869985,-0.5715382899881878,1.2453753772741047,11.435504070131497,0.2,0.9356693444245805,-0.0704079013592918,16,"{""2018"": -60.7, ""2019"": 99.7, ""2020"": 452.1, ""2021"": 0.2, ""2022"": -69.3, ""2023"": 292.9, ""2024"": 89.1, ""2025"": 2.5, ""2026"": 9.2}"
1 trend,EMA50 dag band 0%,2.0,5 munten,0.7469349436987891,-0.8705079969523443,2.524508491825861,0.22756672399454314,0.2692015051227592,-0.6767740239064605,1.1376457479147812,62.78091734502192,0.16393442622950818,1.6313533157300162,-0.07853844899289174,16,"{""2018"": -43.8, ""2019"": 68.6, ""2020"": 311.3, ""2021"": 1257.3, ""2022"": -63.7, ""2023"": 45.7, ""2024"": 124.4, ""2025"": -25.4, ""2026"": 8.8}"
1 trend,EMA50 dag band 0%,2.0,10 munten,1.3303830391092926,-0.8217910805733284,2.8431944470746213,3.694867031982925,0.07287409600928951,-0.7735860316712481,0.7863926494087349,107.37938321853476,0.1650692225772098,1.98490365085207,-0.0889449431437064,16,"{""2018"": -43.8, ""2019"": 94.9, ""2020"": 345.4, ""2021"": 2981.6, ""2022"": -65.2, ""2023"": 180.3, ""2024"": 60.0, ""2025"": -35.6, ""2026"": 14.6}"
1 trend,EMA50 dag band 0%,3.0,BTC+ETH,0.27857976800123363,-0.9681632111059313,2.227329164074693,-0.7850673538859894,0.1012466755934125,-0.8123196107411932,0.9914131492110242,22.756653099561678,0.18090452261306533,1.4945560135377893,-0.1127537173510037,16,"{""2018"": -55.6, ""2019"": 12.0, ""2020"": 950.3, ""2021"": 38.3, ""2022"": -85.6, ""2023"": 285.4, ""2024"": -2.6, ""2025"": 22.6, ""2026"": 7.4}"
1 trend,EMA50 dag band 0%,3.0,BTC,0.15357837291869525,-0.9696473052490874,1.9062229057593827,-0.8940771211353479,0.29652210322255246,-0.7473295139719462,1.236662156915546,11.435504070131497,0.18,1.9199582949270533,-0.10455962543813697,16,"{""2018"": -77.7, ""2019"": 116.1, ""2020"": 788.3, ""2021"": -42.3, ""2022"": -84.2, ""2023"": 482.1, ""2024"": 89.5, ""2025"": -7.7, ""2026"": 13.1}"
1 trend,EMA50 dag band 0%,3.0,5 munten,0.5827431577226612,-0.9804686039339061,2.5340516973971265,-0.7669605085201653,0.26132826101625106,-0.8467198842996333,1.2480626623277915,62.78091734502192,0.14025500910746813,3.4493205512809317,-0.12090715176465713,16,"{""2018"": -63.7, ""2019"": 72.1, ""2020"": 438.8, ""2021"": 1515.5, ""2022"": -81.6, ""2023"": 53.8, ""2024"": 184.6, ""2025"": -41.1, ""2026"": 4.1}"
1 trend,EMA50 dag band 0%,3.0,10 munten,1.0461030015065735,-0.9786460504549721,2.7960614521315015,-0.32782283698017045,-0.10180132890858973,-0.9194788593959269,0.8252139461866979,107.37938321853476,0.14057507987220447,2.8090512407656134,-0.13882654193730715,16,"{""2018"": -63.7, ""2019"": 106.8, ""2020"": 499.2, ""2021"": 2181.0, ""2022"": -83.1, ""2023"": 268.7, ""2024"": 51.8, ""2025"": -57.7, ""2026"": 11.1}"
1 trend,EMA50 dag band 2%,1.0,BTC+ETH,0.5602447476673063,-0.5331190650052349,2.8462139248333274,2.9868458702692857,0.24681459023952423,-0.3699852113112817,1.352022685949465,11.206793988728867,0.3673469387755102,0.46169520290763544,-0.0703813938193822,17,"{""2018"": -15.8, ""2019"": 39.3, ""2020"": 310.7, ""2021"": 180.6, ""2022"": -39.6, ""2023"": 70.8, ""2024"": 28.1, ""2025"": 28.3, ""2026"": 10.9}"
1 trend,EMA50 dag band 2%,1.0,BTC,0.4490456818972288,-0.5594856351944015,2.553616264461373,1.7396155536393394,0.2888574455185924,-0.3107393699335179,1.5303673915612284,5.260331872260489,0.34782608695652173,0.521083972310487,-0.06764756825125885,17,"{""2018"": -31.0, ""2019"": 80.4, ""2020"": 258.4, ""2021"": 98.1, ""2022"": -47.6, ""2023"": 96.9, ""2024"": 61.4, ""2025"": 17.2, ""2026"": 5.0}"
1 trend,EMA50 dag band 2%,1.0,5 munten,0.7166412947789031,-0.5435827623244056,3.243673192871377,2.9665936535848445,0.29162056044551243,-0.3386562505809382,1.4873208494140173,30.075375704445836,0.3155893536121673,0.6420727178653035,-0.07018973715861529,17,"{""2018"": -17.8, ""2019"": 50.7, ""2020"": 236.3, ""2021"": 591.2, ""2022"": -39.6, ""2023"": 45.7, ""2024"": 87.7, ""2025"": -3.7, ""2026"": 8.8}"
1 trend,EMA50 dag band 2%,1.0,10 munten,1.1006575048344618,-0.5125671233851661,3.7219975225856285,7.408956752877586,0.14821413088781732,-0.49242978078491706,0.9146750386787962,56.60574514715091,0.2787878787878788,1.4953687092000165,-0.0752448058986092,17,"{""2018"": -17.8, ""2019"": 60.3, ""2020"": 244.6, ""2021"": 1431.1, ""2022"": -40.2, ""2023"": 97.3, ""2024"": 68.2, ""2025"": -21.9, ""2026"": 9.8}"
1 trend,EMA50 dag band 2%,1.5,BTC+ETH,0.4725466552185693,-0.699901835082106,2.2106393945566034,0.9438283438678192,0.21817039520816883,-0.527671418663042,1.0660626974732677,11.206793988728867,0.3469387755102041,0.6071006953715014,-0.10767242540282607,17,"{""2018"": -26.1, ""2019"": 32.7, ""2020"": 411.6, ""2021"": 123.5, ""2022"": -54.7, ""2023"": 91.6, ""2024"": 16.2, ""2025"": 35.5, ""2026"": 8.4}"
1 trend,EMA50 dag band 2%,1.5,BTC,0.3624208946084455,-0.7547693456321019,1.9472165161994628,0.21789183350563857,0.2835060155327416,-0.4584096265371852,1.247346928556636,5.260331872260489,0.34782608695652173,0.6773159226314338,-0.10569260646998296,17,"{""2018"": -45.4, ""2019"": 98.1, ""2020"": 367.3, ""2021"": 46.1, ""2022"": -63.9, ""2023"": 135.0, ""2024"": 64.2, ""2025"": 17.9, ""2026"": 1.0}"
1 trend,EMA50 dag band 2%,1.5,5 munten,0.6921418457500543,-0.7520489070009998,2.611547563023435,1.1611269138467426,0.27731428284022197,-0.49489391202702226,1.2016141058205205,30.075375704445836,0.29277566539923955,0.8655628728043205,-0.109597040244358,17,"{""2018"": -29.0, ""2019"": 58.8, ""2020"": 286.6, ""2021"": 686.8, ""2022"": -55.1, ""2023"": 50.7, ""2024"": 104.2, ""2025"": -13.8, ""2026"": 6.6}"
1 trend,EMA50 dag band 2%,1.5,10 munten,1.202527664281599,-0.7053353324357048,3.0043531222275908,5.710417702908461,0.04763188057580381,-0.6890876110217165,0.613772844922071,56.60574514715091,0.24848484848484848,2.22691677807935,-0.11660814098114781,17,"{""2018"": -29.0, ""2019"": 72.6, ""2020"": 298.2, ""2021"": 2049.0, ""2022"": -55.7, ""2023"": 130.2, ""2024"": 65.1, ""2025"": -37.5, ""2026"": 7.8}"
1 trend,EMA50 dag band 2%,2.0,BTC+ETH,0.5181328940595051,-0.8216722486495287,2.25865442618089,0.3991610691412528,0.24623054434509162,-0.6448922429974668,1.097580467833861,11.206793988728867,0.32653061224489793,0.9173810690222625,-0.14254376536912483,17,"{""2018"": -34.3, ""2019"": 27.5, ""2020"": 681.9, ""2021"": 139.9, ""2022"": -68.0, ""2023"": 129.3, ""2024"": 15.3, ""2025"": 45.4, ""2026"": 8.0}"
1 trend,EMA50 dag band 2%,2.0,BTC,0.3633783017684089,-0.8682828289276959,1.9396249537532828,-0.24917782184849668,0.35734901010495346,-0.5683378644010859,1.306037110858393,5.260331872260489,0.34782608695652173,1.0173474275985122,-0.1429630979995259,17,"{""2018"": -57.0, ""2019"": 110.3, ""2020"": 595.4, ""2021"": 38.3, ""2022"": -75.7, ""2023"": 196.6, ""2024"": 84.9, ""2025"": 24.7, ""2026"": -1.7}"
1 trend,EMA50 dag band 2%,2.0,5 munten,0.8649368578740728,-0.8682114382645192,2.6836774269781065,0.7514710910592841,0.3261268104277606,-0.614395717214679,1.2386796268166926,30.075375704445836,0.2585551330798479,1.47955472805449,-0.14507018380678963,17,"{""2018"": -38.5, ""2019"": 77.1, ""2020"": 446.8, ""2021"": 1243.7, ""2022"": -67.9, ""2023"": 61.3, ""2024"": 143.1, ""2025"": -20.6, ""2026"": 6.5}"
1 trend,EMA50 dag band 2%,2.0,10 munten,1.4404151385673414,-0.8330597904694037,2.9319227327854778,5.123161321143196,-0.025501906190475432,-0.8108301532557918,0.5998939979035577,56.60574514715091,0.22626262626262628,2.3724776195883757,-0.158117902088712,17,"{""2018"": -38.5, ""2019"": 98.9, ""2020"": 477.8, ""2021"": 3032.1, ""2022"": -68.4, ""2023"": 176.7, ""2024"": 67.5, ""2025"": -49.9, ""2026"": 8.0}"
1 trend,EMA50 dag band 2%,3.0,BTC+ETH,0.33605825369219744,-0.9547222490058124,2.309341884614295,-0.7261622024592778,0.17749984889776105,-0.8101316933237162,1.1106474818363155,11.206793988728867,0.29591836734693877,1.574819859511898,-0.20944627047765235,17,"{""2018"": -52.3, ""2019"": -3.4, ""2020"": 1354.1, ""2021"": 79.5, ""2022"": -84.3, ""2023"": 175.5, ""2024"": -4.0, ""2025"": 50.6, ""2026"": 6.6}"
1 trend,EMA50 dag band 2%,3.0,BTC,0.2354035735276745,-0.9615005005925739,2.0235324011460127,-0.838839554529952,0.29304310306866377,-0.7592526003566754,1.235598740196884,5.260331872260489,0.30434782608695654,2.038518320706975,-0.2006793679808963,17,"{""2018"": -73.7, ""2019"": 125.8, ""2020"": 1154.9, ""2021"": -0.4, ""2022"": -88.4, ""2023"": 298.4, ""2024"": 76.7, ""2025"": 19.6, ""2026"": -7.2}"
1 trend,EMA50 dag band 2%,3.0,5 munten,0.7229368810271104,-0.9821855096498879,2.6784384484787216,-0.6378173828075309,0.3117914001134825,-0.8090810362442968,1.3085577411323492,30.075375704445836,0.21292775665399238,2.4620178219789275,-0.2189775675051465,17,"{""2018"": -58.7, ""2019"": 81.4, ""2020"": 716.1, ""2021"": 1453.5, ""2022"": -84.4, ""2023"": 73.4, ""2024"": 209.1, ""2025"": -38.3, ""2026"": 1.7}"
1 trend,EMA50 dag band 2%,3.0,10 munten,1.1606638687316528,-0.9826683059424475,2.869879667307542,-0.08220300851906492,-0.23137956219698763,-0.9402855932823112,0.6414972896947319,56.60574514715091,0.1797979797979798,2.588959151280523,-0.24083894188401758,17,"{""2018"": -58.7, ""2019"": 108.4, ""2020"": 766.3, ""2021"": 2116.8, ""2022"": -85.2, ""2023"": 262.7, ""2024"": 59.1, ""2025"": -71.5, ""2026"": 2.6}"
1 trend,EMA50 2u band 0%,1.0,BTC+ETH,0.5973270300991635,-0.48255818423191676,2.991198674272488,3.623833334790583,0.27745290825244995,-0.3512961712115704,1.4229151538784786,70.90012523481528,0.11290322580645161,0.28768664434609714,-0.012129407267601523,18,"{""2018"": -17.3, ""2019"": 61.3, ""2020"": 292.9, ""2021"": 160.3, ""2022"": -31.7, ""2023"": 72.5, ""2024"": 37.5, ""2025"": 27.3, ""2026"": 11.4}"
1 trend,EMA50 2u band 0%,1.0,BTC,0.516672660831248,-0.4985998792697234,2.817465634995945,2.6013908757736472,0.2506984523868505,-0.30570364821989526,1.3805494656061807,35.9074827802129,0.10191082802547771,0.3104691539123477,-0.010279838551093216,18,"{""2018"": -29.1, ""2019"": 87.2, ""2020"": 232.1, ""2021"": 100.6, ""2022"": -35.0, ""2023"": 108.5, ""2024"": 66.1, ""2025"": 2.8, ""2026"": 7.0}"
1 trend,EMA50 2u band 0%,1.0,5 munten,0.6666326286586697,-0.48066976242976645,3.1020995463701504,2.4978379111546083,0.26222030228118465,-0.38130561673850716,1.351088098848007,201.83664683782092,0.10368271954674221,0.3740674514513599,-0.013141903084769705,18,"{""2018"": -28.6, ""2019"": 49.8, ""2020"": 228.2, ""2021"": 502.1, ""2022"": -28.9, ""2023"": 41.4, ""2024"": 70.8, ""2025"": -1.9, ""2026"": 9.3}"
1 trend,EMA50 2u band 0%,1.0,10 munten,1.047575772987971,-0.527845070850274,3.6301765980995278,6.345931044193893,0.1639631614293895,-0.4680655168186778,0.9721508865009947,342.378991859737,0.10721442885771543,0.3990131404856169,-0.01485177694437437,18,"{""2018"": -28.6, ""2019"": 60.4, ""2020"": 239.6, ""2021"": 1426.9, ""2022"": -34.1, ""2023"": 79.7, ""2024"": 52.0, ""2025"": -9.1, ""2026"": 7.9}"
1 trend,EMA50 2u band 0%,1.5,BTC+ETH,0.5384112871173317,-0.6453362393632267,2.364642134359263,1.5342548411986865,0.2719173587122141,-0.4956317019926739,1.1852909058066703,70.90012523481528,0.10967741935483871,0.38910076790942527,-0.018488829306585044,18,"{""2018"": -27.8, ""2019"": 64.3, ""2020"": 373.4, ""2021"": 118.7, ""2022"": -45.3, ""2023"": 88.8, ""2024"": 31.5, ""2025"": 34.0, ""2026"": 8.9}"
1 trend,EMA50 2u band 0%,1.5,BTC,0.4720830887288716,-0.6589743995600732,2.2356150683535354,0.991452437970199,0.23519275238629223,-0.4415479921839932,1.1178852622686288,35.9074827802129,0.09872611464968153,0.43366552596518687,-0.015713312000894934,18,"{""2018"": -42.5, ""2019"": 108.6, ""2020"": 308.6, ""2021"": 57.9, ""2022"": -48.8, ""2023"": 151.9, ""2024"": 73.2, ""2025"": -1.5, ""2026"": 3.1}"
1 trend,EMA50 2u band 0%,1.5,5 munten,0.6304563602699043,-0.7198328206122342,2.484255291673506,0.8395206987112234,0.24288799819630968,-0.5382950404479273,1.106841556960686,201.83664683782092,0.09631728045325778,0.5482685938219328,-0.020058840394630458,18,"{""2018"": -42.6, ""2019"": 55.6, ""2020"": 276.5, ""2021"": 579.3, ""2022"": -42.5, ""2023"": 41.4, ""2024"": 82.0, ""2025"": -10.6, ""2026"": 5.9}"
1 trend,EMA50 2u band 0%,1.5,10 munten,1.1344221258843072,-0.7149586942584024,2.9320352757822197,4.751658894561822,0.08039236131883531,-0.6574297042434927,0.6937235313179925,342.378991859737,0.09986639946559786,0.5716548379311132,-0.0227384614881047,18,"{""2018"": -42.6, ""2019"": 72.9, ""2020"": 294.3, ""2021"": 2086.1, ""2022"": -48.0, ""2023"": 99.4, ""2024"": 44.8, ""2025"": -20.8, ""2026"": 4.9}"
1 trend,EMA50 2u band 0%,2.0,BTC+ETH,0.6282383355945533,-0.7591209863589561,2.4203354416229947,1.2908503352889986,0.29389385254359457,-0.6117856432628361,1.1754318013156009,70.90012523481528,0.1064516129032258,0.5626305759240996,-0.024617100798138114,18,"{""2018"": -36.9, ""2019"": 73.1, ""2020"": 619.0, ""2021"": 131.8, ""2022"": -57.3, ""2023"": 125.8, ""2024"": 29.7, ""2025"": 41.7, ""2026"": 9.3}"
1 trend,EMA50 2u band 0%,2.0,BTC,0.5307204044859015,-0.7717308054682367,2.2428265281773303,0.49253556153749156,0.2611058354780078,-0.5590698777184426,1.119377575467851,35.9074827802129,0.09554140127388536,0.6724302109599533,-0.020923743477445855,18,"{""2018"": -54.8, ""2019"": 128.2, ""2020"": 500.2, ""2021"": 53.2, ""2022"": -60.1, ""2023"": 231.4, ""2024"": 92.2, ""2025"": -5.7, ""2026"": 2.2}"
1 trend,EMA50 2u band 0%,2.0,5 munten,0.8059463077896178,-0.8522912102456545,2.5907995491576834,0.501949153762129,0.2559335953060109,-0.6735773974780068,1.1145300054087237,201.83664683782092,0.08781869688385269,1.0132644455397755,-0.026989850335676,18,"{""2018"": -53.7, ""2019"": 75.2, ""2020"": 437.0, ""2021"": 1022.5, ""2022"": -54.3, ""2023"": 52.9, ""2024"": 103.7, ""2025"": -18.8, ""2026"": 5.6}"
1 trend,EMA50 2u band 0%,2.0,10 munten,1.3746412466665197,-0.8264383226862821,2.8663605015399867,4.603645415882668,0.008527493844959322,-0.7875336744513822,0.6562575944840917,342.378991859737,0.08851035404141616,0.9411517270299201,-0.030782881668954282,18,"{""2018"": -53.7, ""2019"": 99.0, ""2020"": 460.5, ""2021"": 3289.2, ""2022"": -59.7, ""2023"": 132.9, ""2024"": 41.0, ""2025"": -31.9, ""2026"": 2.8}"
1 trend,EMA50 2u band 0%,3.0,BTC+ETH,0.5249823048706803,-0.9195467317518056,2.4742983154011986,-0.3405804806121536,0.26093893695468906,-0.7839581773184416,1.2198248063256496,70.90012523481528,0.08870967741935484,1.1066239526478239,-0.03750560943880352,18,"{""2018"": -54.9, ""2019"": 57.8, ""2020"": 1276.3, ""2021"": 78.2, ""2022"": -75.3, ""2023"": 167.7, ""2024"": 18.6, ""2025"": 45.2, ""2026"": 8.1}"
1 trend,EMA50 2u band 0%,3.0,BTC,0.43855532942773956,-0.9204567549228296,2.260790870500962,-0.6020094044399207,0.22623087676926779,-0.7374282086551474,1.1426984355596437,35.9074827802129,0.08280254777070063,1.4218193004618906,-0.03168018705334181,18,"{""2018"": -72.0, ""2019"": 162.4, ""2020"": 962.3, ""2021"": 2.2, ""2022"": -76.7, ""2023"": 358.6, ""2024"": 102.4, ""2025"": -16.6, ""2026"": 0.5}"
1 trend,EMA50 2u band 0%,3.0,5 munten,0.6926980000595155,-0.9780964080001049,2.61701562815587,-0.6460621168011149,0.24753013749147312,-0.847759747001818,1.2535178192564402,201.83664683782092,0.0708215297450425,2.263671264670211,-0.042127323564006516,18,"{""2018"": -71.6, ""2019"": 80.9, ""2020"": 729.7, ""2021"": 1266.9, ""2022"": -73.9, ""2023"": 52.1, ""2024"": 161.6, ""2025"": -34.6, ""2026"": -3.1}"
1 trend,EMA50 2u band 0%,3.0,10 munten,1.1773471002488596,-0.9762301934007686,2.8576940909449426,0.013697532775999388,-0.1765417932442338,-0.9278567223376553,0.7139135237536068,342.378991859737,0.06813627254509018,1.9620580105431535,-0.048631115047634406,18,"{""2018"": -71.6, ""2019"": 114.3, ""2020"": 755.8, ""2021"": 3005.1, ""2022"": -78.6, ""2023"": 168.6, ""2024"": 27.9, ""2025"": -54.2, ""2026"": -5.3}"
1 trend,EMA50 2u band 2%,1.0,BTC+ETH,0.661211544603407,-0.4924759052791986,3.2022021237153107,4.806485405911555,0.25072654103377845,-0.37567519217714485,1.3465540332930144,15.323575453976206,0.291044776119403,0.45769291249431543,-0.04913798515438362,19,"{""2018"": -12.5, ""2019"": 66.0, ""2020"": 327.7, ""2021"": 185.6, ""2022"": -35.9, ""2023"": 79.1, ""2024"": 23.7, ""2025"": 24.1, ""2026"": 19.8}"
1 trend,EMA50 2u band 2%,1.0,BTC,0.5540537219613468,-0.5004780726918151,2.9689712569604505,3.1674507137600045,0.23852124659299512,-0.29974414734914745,1.3434751541802432,6.746947401377583,0.3220338983050847,0.447021559121003,-0.04700363922735295,19,"{""2018"": -21.0, ""2019"": 85.4, ""2020"": 263.5, ""2021"": 111.3, ""2022"": -41.2, ""2023"": 109.7, ""2024"": 66.5, ""2025"": -2.7, ""2026"": 9.9}"
1 trend,EMA50 2u band 2%,1.0,5 munten,0.798184484991894,-0.47495463220758827,3.4854176502883996,4.42866603722629,0.2650021485329257,-0.3948601332213725,1.375214988536702,45.17024107701941,0.25316455696202533,0.6193707678500971,-0.05074427371499845,19,"{""2018"": -18.7, ""2019"": 59.0, ""2020"": 271.0, ""2021"": 550.8, ""2022"": -32.0, ""2023"": 57.7, ""2024"": 75.4, ""2025"": -6.4, ""2026"": 12.9}"
1 trend,EMA50 2u band 2%,1.0,10 munten,1.2113733516973468,-0.48470545346008953,3.957256601099357,10.597486887565292,0.20181640093262,-0.4273729629866254,1.113833237696881,84.8514402003757,0.24797843665768193,1.086627049249948,-0.05183349299260609,19,"{""2018"": -18.7, ""2019"": 66.5, ""2020"": 288.5, ""2021"": 1578.5, ""2022"": -36.2, ""2023"": 98.1, ""2024"": 58.3, ""2025"": -6.3, ""2026"": 10.1}"
1 trend,EMA50 2u band 2%,1.5,BTC+ETH,0.6258799196786644,-0.6595689664929902,2.563052568795331,2.5151737421967075,0.23386082735924307,-0.5336962130106069,1.0973738432666222,15.323575453976206,0.2835820895522388,0.5973335472015158,-0.07598764172617316,19,"{""2018"": -21.8, ""2019"": 74.3, ""2020"": 443.0, ""2021"": 140.8, ""2022"": -50.7, ""2023"": 100.6, ""2024"": 11.9, ""2025"": 29.1, ""2026"": 22.4}"
1 trend,EMA50 2u band 2%,1.5,BTC,0.5201405442594729,-0.6700695415764697,2.364865067780295,1.3542026692498492,0.22230850086819687,-0.44184434477419954,1.0853471958235672,6.746947401377583,0.3220338983050847,0.5861486210771905,-0.07332350564247764,19,"{""2018"": -32.5, ""2019"": 105.3, ""2020"": 374.5, ""2021"": 62.8, ""2022"": -56.3, ""2023"": 158.2, ""2024"": 73.5, ""2025"": -9.3, ""2026"": 8.6}"
1 trend,EMA50 2u band 2%,1.5,5 munten,0.8259798413608812,-0.676783487775052,2.85566482743894,2.5521657393540647,0.24766463393939198,-0.5403047886383096,1.1230308579626833,45.17024107701941,0.23544303797468355,0.884098066155041,-0.0779272790834153,19,"{""2018"": -30.1, ""2019"": 72.4, ""2020"": 355.4, ""2021"": 641.1, ""2022"": -46.0, ""2023"": 66.7, ""2024"": 86.5, ""2025"": -16.5, ""2026"": 12.8}"
1 trend,EMA50 2u band 2%,1.5,10 munten,1.3993846068127782,-0.6770154404143274,3.2223940825582904,10.275043117433363,0.1275034733071272,-0.6231618221769328,0.8186566363003616,84.8514402003757,0.22641509433962265,1.6217031502043404,-0.07955288855069732,19,"{""2018"": -30.1, ""2019"": 84.6, ""2020"": 378.7, ""2021"": 2442.5, ""2022"": -50.5, ""2023"": 129.8, ""2024"": 51.6, ""2025"": -17.5, ""2026"": 8.7}"
1 trend,EMA50 2u band 2%,2.0,BTC+ETH,0.7620880025419765,-0.7746082113073998,2.6291024647822065,2.439348885214161,0.2537560521398241,-0.6529634842654216,1.1052362514073943,15.323575453976206,0.27611940298507465,0.8742951582017315,-0.10249914661515809,19,"{""2018"": -30.4, ""2019"": 83.3, ""2020"": 763.9, ""2021"": 175.4, ""2022"": -63.3, ""2023"": 153.1, ""2024"": 7.3, ""2025"": 35.0, ""2026"": 27.1}"
1 trend,EMA50 2u band 2%,2.0,BTC,0.6035471532041483,-0.7845146818919665,2.3764811063174682,0.9862772020790211,0.2618617501615397,-0.5469962874726817,1.1221171945777992,6.746947401377583,0.3050847457627119,0.9337163342557189,-0.09810966014396302,19,"{""2018"": -45.8, ""2019"": 121.7, ""2020"": 618.2, ""2021"": 72.7, ""2022"": -68.1, ""2023"": 248.5, ""2024"": 101.7, ""2025"": -15.3, ""2026"": 8.5}"
1 trend,EMA50 2u band 2%,2.0,5 munten,1.0725282371660665,-0.8184156369787684,2.907095954479967,2.3929942347841457,0.2696867455686589,-0.6591764703063425,1.1391728514843071,45.17024107701941,0.21518987341772153,1.6062260399457755,-0.10576768385747091,19,"{""2018"": -41.4, ""2019"": 90.9, ""2020"": 572.7, ""2021"": 1187.6, ""2022"": -58.3, ""2023"": 93.3, ""2024"": 113.1, ""2025"": -24.9, ""2026"": 13.8}"
1 trend,EMA50 2u band 2%,2.0,10 munten,1.7130705119780654,-0.7976944654015825,3.0982284118539396,11.395626477623777,0.06682393513964491,-0.7559021844697515,0.7762132130519147,84.8514402003757,0.1940700808625337,2.041417215256435,-0.10747269626578333,19,"{""2018"": -41.4, ""2019"": 106.7, ""2020"": 618.7, ""2021"": 3846.0, ""2022"": -62.5, ""2023"": 183.6, ""2024"": 50.3, ""2025"": -28.1, ""2026"": 7.4}"
1 trend,EMA50 2u band 2%,3.0,BTC+ETH,0.659057648889978,-0.9224988533278997,2.6207800824257768,0.014781660647275263,0.17116424470383507,-0.8230887828029652,1.1044402124436907,15.323575453976206,0.26865671641791045,1.3944061218369759,-0.1589765550857354,19,"{""2018"": -48.0, ""2019"": 65.9, ""2020"": 1540.0, ""2021"": 114.0, ""2022"": -79.6, ""2023"": 209.5, ""2024"": -17.1, ""2025"": 33.5, ""2026"": 37.1}"
1 trend,EMA50 2u band 2%,3.0,BTC,0.5392800076118185,-0.9289517297290945,2.381695330659398,-0.3975529543982922,0.1405951689366598,-0.7491702486436946,1.0226722831173085,6.746947401377583,0.288135593220339,1.7350955213763655,-0.1473517906959401,19,"{""2018"": -62.0, ""2019"": 147.9, ""2020"": 1233.5, ""2021"": 25.1, ""2022"": -82.9, ""2023"": 375.7, ""2024"": 91.5, ""2025"": -33.0, ""2026"": 8.3}"
1 trend,EMA50 2u band 2%,3.0,5 munten,1.037420730531208,-0.9709567423619873,2.8689644155699905,0.0676532898039175,0.24950009118736283,-0.834308177807239,1.2501620669921345,45.17024107701941,0.19240506329113924,3.0812880054368987,-0.1660453092638314,19,"{""2018"": -61.3, ""2019"": 102.9, ""2020"": 1038.4, ""2021"": 1550.9, ""2022"": -77.3, ""2023"": 109.5, ""2024"": 157.7, ""2025"": -40.9, ""2026"": 11.2}"
1 trend,EMA50 2u band 2%,3.0,10 munten,1.56669578064216,-0.9690583335582355,3.0206895810633068,1.7862155825623982,-0.11192102225333311,-0.9102439634614635,0.8137663808160205,84.8514402003757,0.16307277628032346,2.743655325837974,-0.1706745091325327,19,"{""2018"": -61.3, ""2019"": 124.6, ""2020"": 1076.0, ""2021"": 3568.0, ""2022"": -81.4, ""2023"": 256.9, ""2024"": 33.8, ""2025"": -50.0, ""2026"": 3.2}"
1 trend,EMA100 dag band 0%,1.0,BTC+ETH,0.5000098435829126,-0.4625791211335446,2.654156823818353,2.1485549561485806,0.17667909553962158,-0.3776876144089679,1.0641148568374297,14.75180025046963,0.23255813953488372,0.5813910149516229,-0.042858876397268264,20,"{""2018"": -27.8, ""2019"": 57.1, ""2020"": 238.7, ""2021"": 136.1, ""2022"": -21.6, ""2023"": 59.7, ""2024"": 39.5, ""2025"": 7.1, ""2026"": 3.7}"
1 trend,EMA100 dag band 0%,1.0,BTC,0.48786284787071543,-0.4234844492192068,2.6871546992568534,2.2101705777717737,0.25241673814803156,-0.3160854944655408,1.3577994475450008,6.746947401377583,0.2711864406779661,0.4942510655567389,-0.038738721644639144,20,"{""2018"": -35.2, ""2019"": 98.1, ""2020"": 188.4, ""2021"": 74.7, ""2022"": -2.1, ""2023"": 68.6, ""2024"": 69.3, ""2025"": -1.3, ""2026"": 9.8}"
1 trend,EMA100 dag band 0%,1.0,5 munten,0.5605568764714464,-0.5435783751103693,2.764628439634497,1.206653386211919,0.23175133135635462,-0.36562416532841635,1.2409203201490235,39.68119912335629,0.207492795389049,0.7880101234526623,-0.0461103696746395,20,"{""2018"": -32.6, ""2019"": 51.6, ""2020"": 157.8, ""2021"": 474.8, ""2022"": -23.3, ""2023"": 24.6, ""2024"": 94.6, ""2025"": -17.5, ""2026"": 5.4}"
1 trend,EMA100 dag band 0%,1.0,10 munten,0.9044603094842765,-0.5516110900827489,3.3196222048623816,3.599788067715574,0.1679576839970942,-0.44618178950764464,0.9762498196358076,69.18479962429555,0.19669421487603306,1.5820950631924013,-0.0492332196066475,20,"{""2018"": -32.6, ""2019"": 56.8, ""2020"": 171.3, ""2021"": 1374.5, ""2022"": -28.0, ""2023"": 51.3, ""2024"": 69.4, ""2025"": -23.9, ""2026"": 14.7}"
1 trend,EMA100 dag band 0%,1.5,BTC+ETH,0.4297611121694831,-0.6765049402114446,2.109372489442898,0.5635140326833603,0.11239996556264242,-0.544162594632697,0.7664115039151985,14.75180025046963,0.23255813953488372,0.7087846685908961,-0.06645381354494354,20,"{""2018"": -40.5, ""2019"": 66.6, ""2020"": 288.3, ""2021"": 88.6, ""2022"": -31.5, ""2023"": 71.4, ""2024"": 26.4, ""2025"": 3.1, ""2026"": 1.5}"
1 trend,EMA100 dag band 0%,1.5,BTC,0.43387565081783497,-0.6038316411627407,2.1286186418469533,0.6385834049339574,0.22691618371223976,-0.46666607341356914,1.0849112306239754,6.746947401377583,0.2711864406779661,0.6368775889010011,-0.06083159807892936,20,"{""2018"": -49.6, ""2019"": 125.5, ""2020"": 229.6, ""2021"": 27.7, ""2022"": -3.8, ""2023"": 85.0, ""2024"": 74.5, ""2025"": -9.9, ""2026"": 9.8}"
1 trend,EMA100 dag band 0%,1.5,5 munten,0.4896885411192995,-0.7801138101658656,2.200055178788111,-0.01665857604044496,0.18081780556893,-0.5628482787646849,0.9557082443354291,39.68119912335629,0.1844380403458213,1.032295439520686,-0.07113209438234513,20,"{""2018"": -47.0, ""2019"": 64.3, ""2020"": 167.0, ""2021"": 504.4, ""2022"": -34.5, ""2023"": 19.5, ""2024"": 109.6, ""2025"": -32.8, ""2026"": 4.6}"
1 trend,EMA100 dag band 0%,1.5,10 munten,0.9165135168402159,-0.7390865897945917,2.672950178816478,1.8422095800775233,0.0719915674286189,-0.6439774540759937,0.6930136813162948,69.18479962429555,0.1669421487603306,2.190283745078361,-0.07755213257007633,20,"{""2018"": -47.0, ""2019"": 71.2, ""2020"": 182.9, ""2021"": 1834.0, ""2022"": -40.2, ""2023"": 59.4, ""2024"": 61.3, ""2025"": -39.9, ""2026"": 18.6}"
1 trend,EMA100 dag band 0%,2.0,BTC+ETH,0.42835750416337404,-0.8001591821632439,2.097807007412593,-0.05134417573436478,0.0973616061159952,-0.6708094748805761,0.7901406570179171,14.75180025046963,0.21705426356589147,0.9952313525802492,-0.08754573467888029,20,"{""2018"": -50.7, ""2019"": 72.3, ""2020"": 411.8, ""2021"": 71.8, ""2022"": -40.5, ""2023"": 90.5, ""2024"": 27.8, ""2025"": -0.9, ""2026"": 0.2}"
1 trend,EMA100 dag band 0%,2.0,BTC,0.4592089287143055,-0.7465955679491634,2.11829470167133,0.11841298601794148,0.25349641567507053,-0.6034249733993796,1.1076251344455723,6.746947401377583,0.23728813559322035,1.0319347897382554,-0.07799609841699395,20,"{""2018"": -60.1, ""2019"": 150.8, ""2020"": 338.6, ""2021"": 9.8, ""2022"": -5.0, ""2023"": 105.7, ""2024"": 87.2, ""2025"": -13.8, ""2026"": 12.8}"
1 trend,EMA100 dag band 0%,2.0,5 munten,0.5826173482335524,-0.8867744313901113,2.3135893224515063,-0.36881087443800564,0.17727854742933857,-0.6880990727521928,0.9784190795352308,39.68119912335629,0.1642651296829971,1.7012577899267045,-0.09476506271542655,20,"{""2018"": -57.8, ""2019"": 81.6, ""2020"": 236.4, ""2021"": 833.8, ""2022"": -44.3, ""2023"": 18.3, ""2024"": 147.3, ""2025"": -44.2, ""2026"": 3.3}"
1 trend,EMA100 dag band 0%,2.0,10 munten,1.0438979682636353,-0.8630189511876679,2.6444074473555235,1.3489543184093913,-0.009048401558517494,-0.7724171809085782,0.6617259971581879,69.18479962429555,0.14214876033057852,2.399434843124384,-0.10503638009338188,20,"{""2018"": -57.8, ""2019"": 93.2, ""2020"": 256.7, ""2021"": 2661.8, ""2022"": -49.9, ""2023"": 70.1, ""2024"": 60.1, ""2025"": -53.3, ""2026"": 21.5}"
1 trend,EMA100 dag band 0%,3.0,BTC+ETH,0.22321340697916114,-0.9462909011002592,2.1415899232374356,-0.8426771026881955,-0.02528084279370102,-0.825029760483807,0.8130656306675683,14.75180025046963,0.17829457364341086,1.5842424712002714,-0.12982793016594604,20,"{""2018"": -68.5, ""2019"": 48.9, ""2020"": 668.3, ""2021"": 1.8, ""2022"": -55.6, ""2023"": 105.4, ""2024"": 9.2, ""2025"": -14.1, ""2026"": -3.2}"
1 trend,EMA100 dag band 0%,3.0,BTC,0.3210508121617972,-0.9022165869839979,2.140665890110958,-0.7606996275040278,0.150764368894176,-0.7742178894990219,1.0697223897859076,6.746947401377583,0.1864406779661017,2.110173172541962,-0.11441378830120201,20,"{""2018"": -76.9, ""2019"": 177.8, ""2020"": 584.7, ""2021"": -42.0, ""2022"": -10.1, ""2023"": 123.0, ""2024"": 88.0, ""2025"": -32.9, ""2026"": 12.8}"
1 trend,EMA100 dag band 0%,3.0,5 munten,0.3469090425074932,-0.9858978009929267,2.347317527707426,-0.915282096548791,0.08041973712173656,-0.8631610205947735,1.0565286343748437,39.68119912335629,0.11815561959654179,2.6336055874540443,-0.14832923232848727,20,"{""2018"": -76.1, ""2019"": 85.8, ""2020"": 291.4, ""2021"": 730.4, ""2022"": -60.4, ""2023"": 6.2, ""2024"": 209.7, ""2025"": -64.6, ""2026"": -1.4}"
1 trend,EMA100 dag band 0%,3.0,10 munten,0.6885495172221789,-0.9860593835434796,2.644272169599869,-0.7624349215810231,-0.23486553611040428,-0.9252477217306071,0.683645210172207,69.18479962429555,0.10413223140495868,2.719106199053057,-0.1683429109136907,20,"{""2018"": -76.1, ""2019"": 96.6, ""2020"": 326.9, ""2021"": 1620.6, ""2022"": -65.9, ""2023"": 78.3, ""2024"": 43.5, ""2025"": -75.9, ""2026"": 25.0}"
1 trend,EMA100 dag band 2%,1.0,BTC+ETH,0.5393504386321271,-0.4324939111326891,2.78190325108495,2.677264958188246,0.22632341956604507,-0.39999354022373945,1.2659881239914494,7.547432686286788,0.3787878787878788,0.6674550562502172,-0.07676977357464153,21,"{""2018"": -26.7, ""2019"": 59.0, ""2020"": 286.7, ""2021"": 155.2, ""2022"": -20.4, ""2023"": 44.9, ""2024"": 36.1, ""2025"": 14.9, ""2026"": 10.9}"
1 trend,EMA100 dag band 2%,1.0,BTC,0.5078265966904953,-0.4492725186277309,2.7447346950513234,2.477239296153477,0.2879176281025584,-0.357258461967751,1.5032457342718348,3.316296180338134,0.41379310344827586,0.6165266313255712,-0.06819325705072114,21,"{""2018"": -37.8, ""2019"": 90.0, ""2020"": 230.0, ""2021"": 94.9, ""2022"": -4.1, ""2023"": 58.6, ""2024"": 65.0, ""2025"": 3.3, ""2026"": 16.2}"
1 trend,EMA100 dag band 2%,1.0,5 munten,0.6171167994294842,-0.5361585249685483,2.9323351735528007,1.7037756002822522,0.2213721664347046,-0.3705630717038536,1.2015528473700043,20.126487163431435,0.30113636363636365,1.1175130519791978,-0.07968898611555199,21,"{""2018"": -28.4, ""2019"": 57.0, ""2020"": 181.4, ""2021"": 508.4, ""2022"": -24.9, ""2023"": 24.1, ""2024"": 88.0, ""2025"": -16.3, ""2026"": 5.0}"
1 trend,EMA100 dag band 2%,1.0,10 munten,0.9481810263615702,-0.5348271451062687,3.399383818674703,4.30726257444084,0.14356081175219537,-0.440051283046481,0.890681879061897,37.50845335003131,0.2652439024390244,1.7091301806590675,-0.08338030234386855,21,"{""2018"": -28.4, ""2019"": 64.1, ""2020"": 183.1, ""2021"": 1320.9, ""2022"": -30.2, ""2023"": 60.1, ""2024"": 60.5, ""2025"": -25.1, ""2026"": 15.5}"
1 trend,EMA100 dag band 2%,1.5,BTC+ETH,0.47795933181426764,-0.6681892177949815,2.221447612119061,0.9523658734496991,0.1872018793128487,-0.570112859149899,0.9803012245750348,7.547432686286788,0.36363636363636365,0.8288564000960775,-0.11838087667112425,21,"{""2018"": -39.4, ""2019"": 69.9, ""2020"": 370.8, ""2021"": 109.2, ""2022"": -30.0, ""2023"": 46.4, ""2024"": 21.7, ""2025"": 15.7, ""2026"": 12.3}"
1 trend,EMA100 dag band 2%,1.5,BTC,0.45744297581452176,-0.6653751037277846,2.183268704450246,0.807126089733029,0.2887857292381759,-0.5166000800300493,1.251234940341168,3.316296180338134,0.3793103448275862,0.8372188238687066,-0.10457056867530051,21,"{""2018"": -53.1, ""2019"": 111.4, ""2020"": 301.5, ""2021"": 50.9, ""2022"": -6.7, ""2023"": 67.7, ""2024"": 67.4, ""2025"": -1.2, ""2026"": 19.4}"
1 trend,EMA100 dag band 2%,1.5,5 munten,0.565492574076065,-0.7773802923358276,2.3554240652097733,0.3117767545988621,0.16295703897267155,-0.5394399741244322,0.911685819391565,20.126487163431435,0.2556818181818182,1.4892864202004157,-0.12450216959663828,21,"{""2018"": -42.6, ""2019"": 74.0, ""2020"": 200.5, ""2021"": 556.5, ""2022"": -36.6, ""2023"": 18.4, ""2024"": 97.2, ""2025"": -31.3, ""2026"": 4.2}"
1 trend,EMA100 dag band 2%,1.5,10 munten,0.9808428527409716,-0.7438109755314026,2.744001101884729,2.4681654499539545,0.036615057195249046,-0.6409771662382504,0.6045074769437631,37.50845335003131,0.22560975609756098,2.1255963864335525,-0.13419762396671173,21,"{""2018"": -42.6, ""2019"": 84.0, ""2020"": 199.7, ""2021"": 1775.7, ""2022"": -43.0, ""2023"": 70.2, ""2024"": 48.3, ""2025"": -41.9, ""2026"": 20.4}"
1 trend,EMA100 dag band 2%,2.0,BTC+ETH,0.47571398926269737,-0.8144561294383754,2.1814273342751775,0.176098242246147,0.18966059329671703,-0.6962838392297563,0.9849275345249802,7.547432686286788,0.36363636363636365,1.057226340924988,-0.1602679442799015,21,"{""2018"": -50.2, ""2019"": 75.4, ""2020"": 575.3, ""2021"": 85.8, ""2022"": -39.7, ""2023"": 56.1, ""2024"": 21.4, ""2025"": 13.7, ""2026"": 14.7}"
1 trend,EMA100 dag band 2%,2.0,BTC,0.4690754228192908,-0.8017948552327535,2.141093704073554,0.16846968187239741,0.3221076156117535,-0.6539026063900057,1.2366209038690998,3.316296180338134,0.3793103448275862,1.136835599767953,-0.14112211291953403,21,"{""2018"": -64.9, ""2019"": 125.2, ""2020"": 473.6, ""2021"": 29.4, ""2022"": -9.0, ""2023"": 83.3, ""2024"": 76.3, ""2025"": -5.3, ""2026"": 26.2}"
1 trend,EMA100 dag band 2%,2.0,5 munten,0.6675051070029034,-0.8854717169239514,2.4338749070132515,-0.1307337590789256,0.15800509744783375,-0.6605168535389202,0.9459665108471317,20.126487163431435,0.23863636363636365,2.33967397640592,-0.17067161396071323,21,"{""2018"": -54.1, ""2019"": 94.3, ""2020"": 285.6, ""2021"": 907.5, ""2022"": -46.9, ""2023"": 17.9, ""2024"": 131.0, ""2025"": -43.1, ""2026"": 3.7}"
1 trend,EMA100 dag band 2%,2.0,10 munten,1.115363432200927,-0.8669038830435392,2.6893911866510405,1.9009103928069933,-0.04955576223826663,-0.7689449833749261,0.582258769275721,37.50845335003131,0.20121951219512196,2.5021889983251873,-0.18450169420456086,21,"{""2018"": -54.1, ""2019"": 111.1, ""2020"": 280.3, ""2021"": 2465.9, ""2022"": -52.6, ""2023"": 87.8, ""2024"": 42.9, ""2025"": -55.0, ""2026"": 24.6}"
1 trend,EMA100 dag band 2%,3.0,BTC+ETH,0.29350263781414343,-0.9539495855253278,2.236284291101701,-0.7800708478002378,0.0891348938806038,-0.8458295677150053,0.9861357572402639,7.547432686286788,0.3181818181818182,1.4777692296433518,-0.23427952720608738,21,"{""2018"": -67.6, ""2019"": 54.1, ""2020"": 1021.3, ""2021"": 16.4, ""2022"": -54.4, ""2023"": 57.7, ""2024"": 0.3, ""2025"": 3.2, ""2026"": 19.0}"
1 trend,EMA100 dag band 2%,3.0,BTC,0.35025588680383346,-0.9373090449364756,2.19859698784657,-0.7271752836498885,0.2521780779804417,-0.8167394277108044,1.196933692934677,3.316296180338134,0.3793103448275862,1.6876662020210313,-0.21515013087173454,21,"{""2018"": -80.1, ""2019"": 126.7, ""2020"": 882.5, ""2021"": -20.6, ""2022"": -15.1, ""2023"": 94.5, ""2024"": 69.8, ""2025"": -21.0, ""2026"": 33.8}"
1 trend,EMA100 dag band 2%,3.0,5 munten,0.46132417137258575,-0.9855002435828788,2.4634981787448966,-0.8555398596296234,0.03894500124580569,-0.8457584210974043,1.0078810270565897,20.126487163431435,0.20454545454545456,2.9747544586663843,-0.26915673379139876,21,"{""2018"": -72.8, ""2019"": 110.8, ""2020"": 378.6, ""2021"": 829.0, ""2022"": -63.0, ""2023"": 5.0, ""2024"": 170.9, ""2025"": -63.8, ""2026"": -1.0}"
1 trend,EMA100 dag band 2%,3.0,10 munten,0.7852201920988413,-0.986319680678509,2.6829183288659753,-0.6630494416634272,-0.2824699599603684,-0.9247708281133079,0.6079112842125294,37.50845335003131,0.1524390243902439,3.266417912457807,-0.29532613517726,21,"{""2018"": -72.8, ""2019"": 129.6, ""2020"": 380.1, ""2021"": 1452.6, ""2022"": -68.5, ""2023"": 99.7, ""2024"": 19.7, ""2025"": -77.6, ""2026"": 33.3}"
1 trend,EMA100 2u band 0%,1.0,BTC+ETH,0.5238034487747316,-0.4664478572351699,2.7341610948402093,2.4601623646288835,0.2114476140306789,-0.40355911745282447,1.1744418037485718,44.598465873512836,0.10256410256410256,0.4676769284804442,-0.013668136329174768,22,"{""2018"": -28.9, ""2019"": 53.7, ""2020"": 248.9, ""2021"": 116.1, ""2022"": -17.0, ""2023"": 82.3, ""2024"": 45.5, ""2025"": 9.6, ""2026"": 5.2}"
1 trend,EMA100 2u band 0%,1.0,BTC,0.43211221184535376,-0.4526680279197761,2.4676408860004853,1.5531916995678472,0.25506257401042465,-0.30302319137438716,1.3739392025875492,21.956167814652474,0.11458333333333333,0.3664145425362684,-0.012368280816884776,22,"{""2018"": -39.0, ""2019"": 79.6, ""2020"": 196.7, ""2021"": 45.2, ""2022"": -9.9, ""2023"": 99.5, ""2024"": 69.1, ""2025"": 1.9, ""2026"": 7.1}"
1 trend,EMA100 2u band 0%,1.0,5 munten,0.5994932073192689,-0.5086459732914554,2.8673520021501875,1.5399868586684828,0.2708837310292249,-0.35246156349842184,1.3696128116950557,125.90489981214778,0.09445958219800181,0.5989048791077247,-0.014728915542980928,22,"{""2018"": -36.1, ""2019"": 51.7, ""2020"": 170.8, ""2021"": 450.1, ""2022"": -22.0, ""2023"": 49.2, ""2024"": 92.7, ""2025"": -10.6, ""2026"": 7.1}"
1 trend,EMA100 2u band 0%,1.0,10 munten,0.9247901071340334,-0.5013209559085456,3.356896428564774,3.861278385153521,0.18307921099352398,-0.4529530943186171,1.0300692400592528,217.846352536005,0.09658792650918635,1.0576861561246507,-0.01667457515471478,22,"{""2018"": -36.1, ""2019"": 55.5, ""2020"": 194.5, ""2021"": 1295.7, ""2022"": -26.7, ""2023"": 65.4, ""2024"": 60.5, ""2025"": -19.8, ""2026"": 18.3}"
1 trend,EMA100 2u band 0%,1.5,BTC+ETH,0.4528529742124392,-0.6744585039834274,2.1638849248539223,0.7237136166963538,0.17281072352188231,-0.5464353480159976,0.9318519657322097,44.598465873512836,0.08974358974358974,0.6632109215539242,-0.020760410832990326,22,"{""2018"": -42.3, ""2019"": 60.0, ""2020"": 292.6, ""2021"": 68.7, ""2022"": -25.0, ""2023"": 104.6, ""2024"": 39.5, ""2025"": 6.4, ""2026"": 3.0}"
1 trend,EMA100 2u band 0%,1.5,BTC,0.35342735326684305,-0.6276186544763366,1.9161959859145106,0.1542383790088664,0.24062760351761914,-0.4464889776886287,1.1254351784920662,21.956167814652474,0.09895833333333333,0.5519247426438182,-0.018803772717185103,22,"{""2018"": -53.5, ""2019"": 94.9, ""2020"": 245.5, ""2021"": -1.6, ""2022"": -15.0, ""2023"": 130.3, ""2024"": 74.4, ""2025"": -3.5, ""2026"": 5.7}"
1 trend,EMA100 2u band 0%,1.5,5 munten,0.5398356995498557,-0.7377358842641385,2.2962069393312188,0.18703269504706999,0.24762675781524157,-0.5450132755272132,1.116752647752486,125.90489981214778,0.08174386920980926,0.8491381924299556,-0.022701174082857798,22,"{""2018"": -51.5, ""2019"": 64.3, ""2020"": 184.6, ""2021"": 474.1, ""2022"": -32.6, ""2023"": 53.0, ""2024"": 111.4, ""2025"": -23.7, ""2026"": 6.2}"
1 trend,EMA100 2u band 0%,1.5,10 munten,0.956127364897482,-0.712393249322846,2.7033291100441827,2.172174719875577,0.09907807514066058,-0.644420161980085,0.7544333645443425,217.846352536005,0.08083989501312336,1.505928316768264,-0.025772129141084996,22,"{""2018"": -51.5, ""2019"": 70.1, ""2020"": 222.7, ""2021"": 1732.5, ""2022"": -37.6, ""2023"": 77.4, ""2024"": 51.9, ""2025"": -34.8, ""2026"": 23.1}"
1 trend,EMA100 2u band 0%,2.0,BTC+ETH,0.48325053149755015,-0.7976429514392773,2.1896503845262574,0.18549322474009533,0.1627869277718319,-0.6642155725923359,0.9329509550508426,44.598465873512836,0.08974358974358974,0.9005093065202187,-0.028108792632221234,22,"{""2018"": -52.1, ""2019"": 62.4, ""2020"": 454.7, ""2021"": 46.4, ""2022"": -31.8, ""2023"": 146.9, ""2024"": 38.6, ""2025"": 4.8, ""2026"": 2.3}"
1 trend,EMA100 2u band 0%,2.0,BTC,0.35130832608490103,-0.7675321709662674,1.9141193099420204,-0.2920082906566578,0.26912540746412406,-0.5724894763526557,1.1354041326036428,21.956167814652474,0.09895833333333333,0.7673144298164342,-0.025064801128102245,22,"{""2018"": -64.4, ""2019"": 104.9, ""2020"": 366.0, ""2021"": -23.6, ""2022"": -19.5, ""2023"": 184.5, ""2024"": 88.5, ""2025"": -7.0, ""2026"": 7.4}"
1 trend,EMA100 2u band 0%,2.0,5 munten,0.6663195081844551,-0.8513442066268813,2.4206710614524156,-0.1519663481788337,0.25406334904682515,-0.6819392946077689,1.1165585318373805,125.90489981214778,0.07538601271571299,1.4168709944876887,-0.031096184928658895,22,"{""2018"": -62.3, ""2019"": 79.2, ""2020"": 265.5, ""2021"": 767.1, ""2022"": -41.2, ""2023"": 71.4, ""2024"": 145.1, ""2025"": -35.3, ""2026"": 7.0}"
1 trend,EMA100 2u band 0%,2.0,10 munten,1.1049774649482682,-0.8381554387514365,2.66322730801327,1.9630044203062837,0.03388868920944321,-0.7732294200093058,0.7339526897199145,217.846352536005,0.06929133858267716,1.7405516684270461,-0.0356203682166442,22,"{""2018"": -62.3, ""2019"": 85.9, ""2020"": 314.2, ""2021"": 2475.7, ""2022"": -45.8, ""2023"": 103.6, ""2024"": 49.3, ""2025"": -47.9, ""2026"": 29.7}"
1 trend,EMA100 2u band 0%,3.0,BTC+ETH,0.28006981824865873,-0.9435052067931496,2.206701992545069,-0.7945130354239883,0.07994955437574958,-0.817210439728536,0.9965468848300598,44.598465873512836,0.07692307692307693,1.4289760664078124,-0.0442516604664632,22,"{""2018"": -70.4, ""2019"": 41.3, ""2020"": 707.1, ""2021"": -19.6, ""2022"": -47.6, ""2023"": 208.8, ""2024"": 24.2, ""2025"": -4.9, ""2026"": 1.9}"
1 trend,EMA100 2u band 0%,3.0,BTC,0.1896493386388849,-0.9294025660082885,1.966307945507132,-0.8723188158266462,0.18567308286404205,-0.7592027382893979,1.1087279979245077,21.956167814652474,0.08854166666666667,1.3964168609142387,-0.03876650156105464,22,"{""2018"": -80.2, ""2019"": 105.5, ""2020"": 582.1, ""2021"": -65.6, ""2022"": -29.9, ""2023"": 306.9, ""2024"": 91.2, ""2025"": -25.2, ""2026"": 8.0}"
1 trend,EMA100 2u band 0%,3.0,5 munten,0.4381905949303089,-0.9802385398860763,2.437860257341517,-0.8705368874308457,0.21630257661649122,-0.8586994490339465,1.231826073008576,125.90489981214778,0.05631244323342416,2.486983410600375,-0.04938295921336295,22,"{""2018"": -79.9, ""2019"": 76.8, ""2020"": 348.1, ""2021"": 677.4, ""2022"": -58.9, ""2023"": 76.4, ""2024"": 220.0, ""2025"": -55.7, ""2026"": 5.6}"
1 trend,EMA100 2u band 0%,3.0,10 munten,0.7626495319232636,-0.9824092885535716,2.6508189952170738,-0.6612530991974704,-0.14703195973140115,-0.9183130145151749,0.8045238036797937,217.846352536005,0.050393700787401574,2.36388086574838,-0.05830053115184786,22,"{""2018"": -79.9, ""2019"": 83.1, ""2020"": 433.2, ""2021"": 1567.7, ""2022"": -62.9, ""2023"": 127.3, ""2024"": 34.6, ""2025"": -69.3, ""2026"": 38.9}"
1 trend,EMA100 2u band 2%,1.0,BTC+ETH,0.5780745464804211,-0.46203403709942625,2.923434705683243,3.267975503207909,0.17232417915799858,-0.38314222702314693,1.0291746031960596,11.435504070131497,0.29,0.6067053166580888,-0.05298905103585664,23,"{""2018"": -24.4, ""2019"": 63.3, ""2020"": 292.8, ""2021"": 117.4, ""2022"": -14.2, ""2023"": 70.0, ""2024"": 36.1, ""2025"": 2.4, ""2026"": 10.0}"
1 trend,EMA100 2u band 2%,1.0,BTC,0.5055877776763369,-0.42897191030508774,2.7520879745641342,2.4463960747444164,0.26949182504433855,-0.3378188212948632,1.4338954412035698,4.802911709455229,0.3333333333333333,0.5474442450331553,-0.05139959277049117,23,"{""2018"": -34.0, ""2019"": 94.2, ""2020"": 240.4, ""2021"": 50.3, ""2022"": -3.4, ""2023"": 81.1, ""2024"": 64.0, ""2025"": -1.0, ""2026"": 17.4}"
1 trend,EMA100 2u band 2%,1.0,5 munten,0.622138160855003,-0.5355150519436809,2.9539058613570974,1.7766566368893888,0.2889359993905849,-0.3393110335675885,1.433560973026236,32.01941139636819,0.25357142857142856,0.8118608870301559,-0.05470855099307255,23,"{""2018"": -29.5, ""2019"": 56.5, ""2020"": 189.9, ""2021"": 452.5, ""2022"": -24.1, ""2023"": 36.1, ""2024"": 97.2, ""2025"": -11.1, ""2026"": 9.3}"
1 trend,EMA100 2u band 2%,1.0,10 munten,0.9755201882687952,-0.5332779605377336,3.4746348064873516,4.6828711305443695,0.1700882636722305,-0.4530558484949919,0.9834169448943928,60.83688165309956,0.22556390977443608,1.4837155096031784,-0.05716618650011342,23,"{""2018"": -29.5, ""2019"": 58.7, ""2020"": 213.5, ""2021"": 1331.7, ""2022"": -27.1, ""2023"": 56.7, ""2024"": 62.9, ""2025"": -22.8, ""2026"": 17.6}"
1 trend,EMA100 2u band 2%,1.5,BTC+ETH,0.5436603343637236,-0.6642781495137685,2.3757981810558397,1.5211951957347964,0.11729528070702044,-0.5301436453407353,0.7812425851503411,11.435504070131497,0.27,0.8005832768579553,-0.08051958001149241,23,"{""2018"": -35.9, ""2019"": 76.9, ""2020"": 384.7, ""2021"": 67.4, ""2022"": -21.1, ""2023"": 86.1, ""2024"": 25.8, ""2025"": -3.5, ""2026"": 10.3}"
1 trend,EMA100 2u band 2%,1.5,BTC,0.4583011135863744,-0.6325940334913012,2.1892639053683283,0.8103825007923735,0.24840373965707752,-0.4930847367540584,1.1454217051583497,4.802911709455229,0.30952380952380953,0.7519929520191841,-0.07932137282234189,23,"{""2018"": -48.3, ""2019"": 119.1, ""2020"": 323.6, ""2021"": 1.5, ""2022"": -5.7, ""2023"": 105.1, ""2024"": 65.7, ""2025"": -9.9, ""2026"": 21.3}"
1 trend,EMA100 2u band 2%,1.5,5 munten,0.573851414537911,-0.7760367723304091,2.3702522649031654,0.37888847743627174,0.27282336481284375,-0.5025848596185447,1.175859255481392,32.01941139636819,0.21785714285714286,1.1400005252547043,-0.0841159037473917,23,"{""2018"": -43.1, ""2019"": 72.5, ""2020"": 209.4, ""2021"": 476.2, ""2022"": -34.8, ""2023"": 34.0, ""2024"": 117.8, ""2025"": -24.3, ""2026"": 9.8}"
1 trend,EMA100 2u band 2%,1.5,10 munten,1.0363603619762545,-0.7300222003241612,2.826120862240061,3.028247318163208,0.08414059742206637,-0.6467561880385673,0.7188319657965688,60.83688165309956,0.17857142857142858,2.1876775613132087,-0.08778178916524196,23,"{""2018"": -43.1, ""2019"": 75.9, ""2020"": 247.0, ""2021"": 1805.0, ""2022"": -38.0, ""2023"": 65.8, ""2024"": 55.9, ""2025"": -38.6, ""2026"": 22.8}"
1 trend,EMA100 2u band 2%,2.0,BTC+ETH,0.5823470466185481,-0.7903744217147802,2.354596842468097,0.7814695388117745,0.09335362485763743,-0.6586343670079855,0.7903569167184531,11.435504070131497,0.26,1.0953228870042744,-0.10750833287559915,23,"{""2018"": -46.0, ""2019"": 84.3, ""2020"": 595.8, ""2021"": 45.1, ""2022"": -27.2, ""2023"": 114.1, ""2024"": 20.7, ""2025"": -8.2, ""2026"": 13.3}"
1 trend,EMA100 2u band 2%,2.0,BTC,0.49485637651768966,-0.770335409563287,2.1821271343673647,0.29756333046146,0.2885357199093965,-0.6184558811226728,1.1732455209703776,4.802911709455229,0.2857142857142857,1.1468625605941396,-0.1024138295711967,23,"{""2018"": -58.8, ""2019"": 140.1, ""2020"": 515.2, ""2021"": -18.7, ""2022"": -7.6, ""2023"": 137.9, ""2024"": 76.0, ""2025"": -13.4, ""2026"": 28.9}"
1 trend,EMA100 2u band 2%,2.0,5 munten,0.6765710557247224,-0.8883268098350228,2.4357798597384255,-0.1083792233719365,0.299495973215282,-0.6379614892885686,1.193755396241328,32.01941139636819,0.19285714285714287,1.9560040580072897,-0.11289552909009054,23,"{""2018"": -54.2, ""2019"": 89.0, ""2020"": 305.8, ""2021"": 731.5, ""2022"": -44.9, ""2023"": 39.4, ""2024"": 157.0, ""2025"": -35.5, ""2026"": 12.8}"
1 trend,EMA100 2u band 2%,2.0,10 munten,1.170845979859385,-0.8629338500486918,2.7356067762900285,2.558399758748242,0.013401806553898554,-0.7738891536478109,0.698326321216487,60.83688165309956,0.15789473684210525,2.414261313980469,-0.12112461633831503,23,"{""2018"": -54.2, ""2019"": 92.1, ""2020"": 363.5, ""2021"": 2463.3, ""2022"": -47.2, ""2023"": 78.1, ""2024"": 52.8, ""2025"": -51.7, ""2026"": 29.3}"
1 trend,EMA100 2u band 2%,3.0,BTC+ETH,0.456211876192836,-0.9376259834654784,2.415686552560142,-0.5524773957910354,-0.048457338382817405,-0.8556385259593531,0.7998774332825893,11.435504070131497,0.22,1.7024387367401688,-0.16187670187615175,23,"{""2018"": -64.6, ""2019"": 73.9, ""2020"": 1168.3, ""2021"": -17.9, ""2022"": -41.6, ""2023"": 154.7, ""2024"": -0.1, ""2025"": -26.7, ""2026"": 16.0}"
1 trend,EMA100 2u band 2%,3.0,BTC,0.39861215345009815,-0.9146082911420911,2.238352067426441,-0.6630943717478552,0.18829228437904155,-0.8005938274108556,1.1115785820372936,4.802911709455229,0.2619047619047619,2.0567035563562994,-0.15745551440195465,23,"{""2018"": -75.4, ""2019"": 162.2, ""2020"": 1050.6, ""2021"": -63.2, ""2022"": -13.2, ""2023"": 203.5, ""2024"": 67.8, ""2025"": -34.7, ""2026"": 41.8}"
1 trend,EMA100 2u band 2%,3.0,5 munten,0.4603256577853114,-0.9863995929806184,2.44382652220636,-0.8552404512888092,0.23469103679817516,-0.8306445725381786,1.2509141644768789,32.01941139636819,0.1357142857142857,3.6237512960683587,-0.17833284316906892,23,"{""2018"": -73.6, ""2019"": 94.0, ""2020"": 427.9, ""2021"": 623.2, ""2022"": -62.3, ""2023"": 33.7, ""2024"": 223.1, ""2025"": -56.5, ""2026"": 10.9}"
1 trend,EMA100 2u band 2%,3.0,10 munten,0.8398000440774656,-0.9859864352596605,2.7168158153229003,-0.571653954750144,-0.1916624786818547,-0.9220538943819503,0.741951937671641,60.83688165309956,0.11654135338345864,3.2535149110617474,-0.19711714519045284,23,"{""2018"": -73.6, ""2019"": 94.6, ""2020"": 511.8, ""2021"": 1510.4, ""2022"": -63.8, ""2023"": 91.4, ""2024"": 37.7, ""2025"": -73.5, ""2026"": 36.0}"
1 trend,EMA150 dag band 0%,1.0,BTC+ETH,0.4251961169237426,-0.6070260762659443,2.3709854988950796,1.3170012227026882,0.2887766437756958,-0.31685146441530987,1.451838558946668,9.948888541014401,0.2988505747126437,0.7788744925332588,-0.0478400882874745,24,"{""2018"": -29.9, ""2019"": 25.4, ""2020"": 167.2, ""2021"": 163.7, ""2022"": -11.2, ""2023"": 52.1, ""2024"": 50.8, ""2025"": 12.7, ""2026"": 17.1}"
1 trend,EMA150 dag band 0%,1.0,BTC,0.40239285089150845,-0.514234376797723,2.3853577392289935,1.251541441465562,0.2640149580507749,-0.33058476609587095,1.3866619214961287,5.260331872260489,0.2826086956521739,0.5404583588612599,-0.036159152752228585,24,"{""2018"": -34.2, ""2019"": 59.9, ""2020"": 176.8, ""2021"": 61.2, ""2022"": -2.7, ""2023"": 64.1, ""2024"": 65.7, ""2025"": -2.4, ""2026"": 16.4}"
1 trend,EMA150 dag band 0%,1.0,5 munten,0.5563784420400211,-0.4755657603825968,2.7207204443447037,1.1145057762282322,0.24688185584695566,-0.38358270473362865,1.2719509391785537,29.046180338134,0.2283464566929134,1.0505926361286206,-0.046792955253106984,24,"{""2018"": -35.1, ""2019"": 38.9, ""2020"": 130.3, ""2021"": 501.9, ""2022"": -17.8, ""2023"": 37.7, ""2024"": 103.3, ""2025"": -20.5, ""2026"": 8.3}"
1 trend,EMA150 dag band 0%,1.0,10 munten,0.8679601794504597,-0.49546277757558044,3.2379886310025983,3.034539688326462,0.15252397916979699,-0.42662794209830457,0.9222723169135135,53.86122417031935,0.20169851380042464,1.5906821086648266,-0.0505154813081588,24,"{""2018"": -35.1, ""2019"": 43.2, ""2020"": 151.4, ""2021"": 1317.4, ""2022"": -20.9, ""2023"": 55.5, ""2024"": 65.9, ""2025"": -26.6, ""2026"": 15.5}"
1 trend,EMA150 dag band 0%,1.5,BTC+ETH,0.31259830917105225,-0.7978966592365815,1.8226616004491116,-0.045668192772552296,0.26374792780766176,-0.4872810709282934,1.1631931789948642,9.948888541014401,0.25287356321839083,1.0514602885725772,-0.07237179597980832,24,"{""2018"": -43.0, ""2019"": 20.0, ""2020"": 179.0, ""2021"": 103.3, ""2022"": -17.0, ""2023"": 58.7, ""2024"": 39.6, ""2025"": 9.4, ""2026"": 22.9}"
1 trend,EMA150 dag band 0%,1.5,BTC,0.30976205913089405,-0.7236606849041702,1.8059800534246115,-0.02939181200743357,0.24544168291065338,-0.4855520503017754,1.1274531520516755,5.260331872260489,0.2608695652173913,0.6585502520252804,-0.05702283799945358,24,"{""2018"": -48.2, ""2019"": 67.6, ""2020"": 218.6, ""2021"": 6.4, ""2022"": -4.6, ""2023"": 76.4, ""2024"": 68.3, ""2025"": -12.0, ""2026"": 21.5}"
1 trend,EMA150 dag band 0%,1.5,5 munten,0.4781582131930451,-0.7064373979135786,2.1686050588515156,-0.09644155542620192,0.19016235310091822,-0.5461583602478575,0.9795355575772055,29.046180338134,0.1889763779527559,1.3608768529920974,-0.07451281915844428,24,"{""2018"": -50.3, ""2019"": 44.1, ""2020"": 129.7, ""2021"": 518.8, ""2022"": -26.3, ""2023"": 38.6, ""2024"": 118.7, ""2025"": -37.4, ""2026"": 9.8}"
1 trend,EMA150 dag band 0%,1.5,10 munten,0.864285961953168,-0.7046676221816104,2.608008511218812,1.353242996454819,0.043722656470019494,-0.6270198259165708,0.6185792245716181,53.86122417031935,0.16348195329087048,1.9855237724369494,-0.08125645325854637,24,"{""2018"": -50.3, ""2019"": 50.4, ""2020"": 159.3, ""2021"": 1672.6, ""2022"": -30.7, ""2023"": 66.0, ""2024"": 53.4, ""2025"": -43.5, ""2026"": 20.6}"
1 trend,EMA150 dag band 0%,2.0,BTC+ETH,0.2759261130464534,-0.8926222966425625,1.8336090808044105,-0.5128100572246412,0.2664730108485298,-0.6210636641719893,1.1341626231004833,9.948888541014401,0.1839080459770115,1.7666648394181252,-0.08967450032230546,24,"{""2018"": -53.6, ""2019"": 12.1, ""2020"": 240.2, ""2021"": 82.7, ""2022"": -22.3, ""2023"": 71.6, ""2024"": 41.0, ""2025"": 2.9, ""2026"": 29.6}"
1 trend,EMA150 dag band 0%,2.0,BTC,0.28769317439481923,-0.851087217683564,1.7862208333847631,-0.4661800546349876,0.24814661326975296,-0.6359220737345299,1.0979899315956585,5.260331872260489,0.17391304347826086,1.3054914036913092,-0.06984945366111306,24,"{""2018"": -58.7, ""2019"": 59.9, ""2020"": 315.7, ""2021"": -12.8, ""2022"": -6.1, ""2023"": 97.9, ""2024"": 71.9, ""2025"": -19.0, ""2026"": 29.2}"
1 trend,EMA150 dag band 0%,2.0,5 munten,0.5559553181643164,-0.8343513614965228,2.2830033865795465,-0.4504986974172549,0.1630898789971964,-0.6940958614134698,0.9682199842460149,29.046180338134,0.14173228346456693,2.5607103518797825,-0.10146320995193617,24,"{""2018"": -61.9, ""2019"": 49.9, ""2020"": 178.3, ""2021"": 807.1, ""2022"": -34.3, ""2023"": 49.3, ""2024"": 163.5, ""2025"": -53.2, ""2026"": 11.8}"
1 trend,EMA150 dag band 0%,2.0,10 munten,0.949236428412481,-0.8410378246764431,2.571185559502043,0.8227362804797396,-0.03821395187811616,-0.7644469407719947,0.5977072728305279,53.86122417031935,0.12738853503184713,2.5102310774031524,-0.11112241977531981,24,"{""2018"": -61.9, ""2019"": 57.6, ""2020"": 218.8, ""2021"": 2205.8, ""2022"": -38.3, ""2023"": 85.8, ""2024"": 52.7, ""2025"": -58.1, ""2026"": 27.2}"
1 trend,EMA150 dag band 0%,3.0,BTC+ETH,0.017041187935859625,-0.969812442879377,1.8738048746715437,-0.94832412101361,0.19089324986767742,-0.7940786429452883,1.1541008303716784,9.948888541014401,0.14942528735632185,1.8435216287647003,-0.13740197577026816,24,"{""2018"": -70.6, ""2019"": -15.0, ""2020"": 341.5, ""2021"": -18.9, ""2022"": -32.8, ""2023"": 84.6, ""2024"": 23.9, ""2025"": -11.8, ""2026"": 44.2}"
1 trend,EMA150 dag band 0%,3.0,BTC,0.07589995847633779,-0.9595849560837427,1.7812342257193143,-0.9302007713102916,0.14799266229045127,-0.8032153079542079,1.0775302192253033,5.260331872260489,0.15217391304347827,1.7852566967821362,-0.10893411535722582,24,"{""2018"": -74.7, ""2019"": 39.0, ""2020"": 473.7, ""2021"": -62.1, ""2022"": -10.9, ""2023"": 119.1, ""2024"": 63.9, ""2025"": -38.9, ""2026"": 41.2}"
1 trend,EMA150 dag band 0%,3.0,5 munten,0.3076079942313661,-0.9781080347998754,2.34343412931175,-0.9334797599334178,0.02997077192521891,-0.8724558700133506,1.0350052871295339,29.046180338134,0.10236220472440945,3.0475116192248395,-0.16393408119604794,24,"{""2018"": -79.2, ""2019"": 39.0, ""2020"": 224.8, ""2021"": 603.7, ""2022"": -48.7, ""2023"": 46.8, ""2024"": 229.2, ""2025"": -74.1, ""2026"": 11.1}"
1 trend,EMA150 dag band 0%,3.0,10 munten,0.5878018114729857,-0.9829668908455916,2.599401849880048,-0.8303043634606244,-0.2631836010985209,-0.9189937431198926,0.6295853004838954,53.86122417031935,0.08280254777070063,3.0094561240787367,-0.18365838364962114,24,"{""2018"": -79.2, ""2019"": 42.8, ""2020"": 299.8, ""2021"": 1123.4, ""2022"": -52.3, ""2023"": 103.9, ""2024"": 31.9, ""2025"": -79.1, ""2026"": 36.2}"
1 trend,EMA150 dag band 2%,1.0,BTC+ETH,0.40485447085465154,-0.6036443989536663,2.295815997488861,1.167275936287262,0.21642095811245365,-0.35393207260458703,1.183479879871518,5.832107075767063,0.35294117647058826,1.0184875271268408,-0.08834114935959757,25,"{""2018"": -30.4, ""2019"": 25.6, ""2020"": 169.8, ""2021"": 146.9, ""2022"": -12.3, ""2023"": 50.0, ""2024"": 45.4, ""2025"": 2.2, ""2026"": 14.2}"
1 trend,EMA150 dag band 2%,1.0,BTC,0.3658307707424253,-0.4792939128866538,2.239079711053982,0.9217207627969553,0.1845579962904884,-0.3673939434255148,1.0836483467273796,2.973231058234189,0.38461538461538464,0.6702418853535304,-0.07949318591135174,25,"{""2018"": -39.4, ""2019"": 65.7, ""2020"": 186.2, ""2021"": 36.4, ""2022"": -8.0, ""2023"": 77.2, ""2024"": 62.4, ""2025"": -11.3, ""2026"": 9.4}"
1 trend,EMA150 dag band 2%,1.0,5 munten,0.5327639885091688,-0.49531538540499065,2.638269195315111,0.9413683082120727,0.22102231039338638,-0.4160203748743446,1.1814944412370119,16.8101909830933,0.30612244897959184,1.248851507196778,-0.08633644520479333,25,"{""2018"": -36.2, ""2019"": 40.3, ""2020"": 131.3, ""2021"": 450.5, ""2022"": -18.3, ""2023"": 38.7, ""2024"": 98.1, ""2025"": -21.0, ""2026"": 5.6}"
1 trend,EMA150 dag band 2%,1.0,10 munten,0.8455844402192176,-0.5142246095845493,3.1868415108740225,2.7301036451999794,0.12255516151242651,-0.45087273245000015,0.8131380365079245,30.990216030056356,0.26199261992619927,1.9917646280689023,-0.08877444747696255,25,"{""2018"": -36.2, ""2019"": 42.2, ""2020"": 145.0, ""2021"": 1279.6, ""2022"": -22.6, ""2023"": 58.3, ""2024"": 68.1, ""2025"": -29.7, ""2026"": 10.7}"
1 trend,EMA150 dag band 2%,1.5,BTC+ETH,0.28285748816364276,-0.7978836611245043,1.7460978213261866,-0.15882259250494546,0.16382934467120158,-0.5277180910561077,0.9088524870811939,5.832107075767063,0.29411764705882354,1.326372603271584,-0.1309032269282482,25,"{""2018"": -43.7, ""2019"": 20.9, ""2020"": 182.7, ""2021"": 83.6, ""2022"": -18.7, ""2023"": 54.9, ""2024"": 32.4, ""2025"": -4.7, ""2026"": 18.7}"
1 trend,EMA150 dag band 2%,1.5,BTC,0.25553588875359257,-0.6927154232892438,1.6499714264133447,-0.24674899848948462,0.13201590024994814,-0.5346551186599962,0.8221862072465915,2.973231058234189,0.34615384615384615,0.823157338833734,-0.12234588093304201,25,"{""2018"": -54.6, ""2019"": 77.1, ""2020"": 235.3, ""2021"": -17.8, ""2022"": -12.3, ""2023"": 97.9, ""2024"": 60.5, ""2025"": -22.4, ""2026"": 11.1}"
1 trend,EMA150 dag band 2%,1.5,5 munten,0.44315732493956994,-0.7433802046372855,2.095184733897919,-0.20279077449326555,0.16104553878547145,-0.5762073779277206,0.9084925847385721,16.8101909830933,0.2585034013605442,1.523946008986135,-0.13611446971710278,25,"{""2018"": -51.6, ""2019"": 46.3, ""2020"": 132.0, ""2021"": 439.7, ""2022"": -27.2, ""2023"": 39.7, ""2024"": 113.7, ""2025"": -38.1, ""2026"": 6.2}"
1 trend,EMA150 dag band 2%,1.5,10 munten,0.8252875605577052,-0.7137594271104977,2.5620614031082707,1.0676710316735463,0.000780272997249698,-0.6608157843124871,0.5095299591055409,30.990216030056356,0.23247232472324722,2.192657761412691,-0.1454587449639826,25,"{""2018"": -51.6, ""2019"": 49.0, ""2020"": 147.3, ""2021"": 1591.3, ""2022"": -32.6, ""2023"": 69.4, ""2024"": 58.7, ""2025"": -48.2, ""2026"": 13.4}"
1 trend,EMA150 dag band 2%,2.0,BTC+ETH,0.23745807929484508,-0.8925321561028077,1.7608038298159763,-0.5861931535154614,0.13171184666598346,-0.6590506350666031,0.8805628575667331,5.832107075767063,0.27450980392156865,1.681364342818154,-0.17296774585181085,25,"{""2018"": -54.7, ""2019"": 12.3, ""2020"": 247.3, ""2021"": 59.4, ""2022"": -24.5, ""2023"": 68.6, ""2024"": 30.4, ""2025"": -14.0, ""2026"": 23.2}"
1 trend,EMA150 dag band 2%,2.0,BTC,0.2158947274941443,-0.8285406848261978,1.6322405063310725,-0.6215586247265732,0.10681249046585584,-0.6614599757106859,0.8156002176871491,2.973231058234189,0.3076923076923077,1.2162141673664193,-0.15537848382814679,25,"{""2018"": -65.6, ""2019"": 72.2, ""2020"": 344.5, ""2021"": -38.4, ""2022"": -16.5, ""2023"": 132.7, ""2024"": 67.5, ""2025"": -32.1, ""2026"": 13.7}"
1 trend,EMA150 dag band 2%,2.0,5 munten,0.5114169567848235,-0.859754270935716,2.224449339416794,-0.5305285640172679,0.11386895502466099,-0.70449077792707,0.877926202006197,16.8101909830933,0.20408163265306123,2.624343344082156,-0.18265206285060714,25,"{""2018"": -63.6, ""2019"": 52.4, ""2020"": 183.2, ""2021"": 678.9, ""2022"": -35.3, ""2023"": 49.8, ""2024"": 147.5, ""2025"": -53.6, ""2026"": 6.7}"
1 trend,EMA150 dag band 2%,2.0,10 munten,0.8940681169803735,-0.848290640504612,2.5281036698128614,0.5257238223806024,-0.09449292138268395,-0.7915954279123397,0.48621324568013125,30.990216030056356,0.18081180811808117,2.635063826773774,-0.19423279716236888,25,"{""2018"": -63.6, ""2019"": 54.9, ""2020"": 204.2, ""2021"": 2087.7, ""2022"": -40.4, ""2023"": 87.5, ""2024"": 54.6, ""2025"": -62.0, ""2026"": 17.5}"
1 trend,EMA150 dag band 2%,3.0,BTC+ETH,-0.03194782198881274,-0.9702595180242699,1.8016007827301797,-0.9595210722611291,0.0019170592190875801,-0.8499206380233693,0.9044113178294035,5.832107075767063,0.23529411764705882,1.5844918602187734,-0.2553327366633401,25,"{""2018"": -71.7, ""2019"": -18.0, ""2020"": 357.1, ""2021"": -32.0, ""2022"": -34.7, ""2023"": 74.7, ""2024"": 5.9, ""2025"": -32.0, ""2026"": 36.0}"
1 trend,EMA150 dag band 2%,3.0,BTC,-0.003868425331038594,-0.9497341854736369,1.646611971702647,-0.9560198294068529,-0.046380658270208874,-0.8391790776405761,0.7892835162616,2.973231058234189,0.2692307692307692,1.5826624795342359,-0.22495810735798444,25,"{""2018"": -80.6, ""2019"": 55.7, ""2020"": 537.1, ""2021"": -76.5, ""2022"": -23.7, ""2023"": 172.6, ""2024"": 48.3, ""2025"": -52.6, ""2026"": 20.8}"
1 trend,EMA150 dag band 2%,3.0,5 munten,0.24932863863113708,-0.9823294755536827,2.2958405342347583,-0.9484141645902618,-0.028808421034811516,-0.8818815687266494,0.955874476370518,16.8101909830933,0.1564625850340136,2.575666744072518,-0.2868379422266246,25,"{""2018"": -80.4, ""2019"": 39.6, ""2020"": 220.8, ""2021"": 473.3, ""2022"": -49.4, ""2023"": 48.6, ""2024"": 200.4, ""2025"": -74.5, ""2026"": 5.2}"
1 trend,EMA150 dag band 2%,3.0,10 munten,0.5216053867023172,-0.983482677220586,2.5694348345428106,-0.8695273141205717,-0.3339685249612514,-0.9358453562147696,0.515108227608232,30.990216030056356,0.12915129151291513,2.554548163317747,-0.31487409815858614,25,"{""2018"": -80.4, ""2019"": 37.6, ""2020"": 259.6, ""2021"": 1059.7, ""2022"": -53.8, ""2023"": 106.5, ""2024"": 32.9, ""2025"": -82.6, ""2026"": 22.9}"
1 trend,EMA150 2u band 0%,1.0,BTC+ETH,0.48147538253539635,-0.52511824485474,2.580921464193215,1.9738435692872955,0.2740356013033862,-0.2970341945642364,1.3891382524795222,27.445209768315593,0.125,0.7380087473344096,-0.017132738821586564,26,"{""2018"": -32.3, ""2019"": 21.3, ""2020"": 257.5, ""2021"": 145.5, ""2022"": -11.6, ""2023"": 65.4, ""2024"": 59.0, ""2025"": 3.1, ""2026"": 17.7}"
1 trend,EMA150 2u band 0%,1.0,BTC,0.4690276856695259,-0.5007766494981036,2.62447914395928,1.97424901274213,0.2021097852000877,-0.3175541508901556,1.144822480108477,12.121634314339387,0.1320754716981132,0.5963911328548459,-0.01654441130131857,26,"{""2018"": -28.9, ""2019"": 55.8, ""2020"": 235.5, ""2021"": 48.5, ""2022"": -1.1, ""2023"": 81.3, ""2024"": 72.6, ""2025"": -14.9, ""2026"": 11.7}"
1 trend,EMA150 2u band 0%,1.0,5 munten,0.5147280469391278,-0.5372835365605784,2.5850962438516283,0.8012303077952176,0.23015914556404637,-0.4064491613441672,1.209298797056378,92.05580776455855,0.1031055900621118,0.7552666223120417,-0.01759322790974879,26,"{""2018"": -35.6, ""2019"": 37.8, ""2020"": 140.1, ""2021"": 405.0, ""2022"": -15.9, ""2023"": 32.9, ""2024"": 97.9, ""2025"": -19.3, ""2026"": 5.6}"
1 trend,EMA150 2u band 0%,1.0,10 munten,0.7754102971437173,-0.5507772277459833,3.016526811973588,1.9615243271978646,0.0944613408941648,-0.4819571425012191,0.7065311435902074,174.27708202880402,0.09251968503937008,1.2263426759616882,-0.01943880842381535,26,"{""2018"": -35.6, ""2019"": 32.3, ""2020"": 158.2, ""2021"": 1101.8, ""2022"": -20.1, ""2023"": 41.5, ""2024"": 58.4, ""2025"": -31.6, ""2026"": 12.6}"
1 trend,EMA150 2u band 0%,1.5,BTC+ETH,0.3669711316545108,-0.7381381257135597,1.9543222741954234,0.24402853574980954,0.25642188257772314,-0.4607117788694336,1.1414631827140875,27.445209768315593,0.10833333333333334,0.9857745202328897,-0.02610210527259201,26,"{""2018"": -46.8, ""2019"": 6.7, ""2020"": 323.2, ""2021"": 82.8, ""2022"": -17.4, ""2023"": 79.7, ""2024"": 55.2, ""2025"": -3.4, ""2026"": 23.3}"
1 trend,EMA150 2u band 0%,1.5,BTC,0.38378553874652876,-0.7383379694417738,2.004868519951753,0.3338952387388794,0.1552116905653702,-0.4689353665711752,0.8860364115247213,12.121634314339387,0.11320754716981132,0.8256977296005238,-0.025375651381489134,26,"{""2018"": -41.5, ""2019"": 41.4, ""2020"": 313.1, ""2021"": 0.2, ""2022"": -2.1, ""2023"": 105.5, ""2024"": 78.9, ""2025"": -28.3, ""2026"": 14.1}"
1 trend,EMA150 2u band 0%,1.5,5 munten,0.4086580595932734,-0.7669642628978143,2.0180709535534764,-0.3145705966457968,0.1750669040481807,-0.5691365275941289,0.9386573174097903,92.05580776455855,0.07950310559006211,1.0744485046841588,-0.02722388987525069,26,"{""2018"": -51.7, ""2019"": 36.6, ""2020"": 140.4, ""2021"": 386.3, ""2022"": -23.3, ""2023"": 31.7, ""2024"": 114.0, ""2025"": -35.9, ""2026"": 5.9}"
1 trend,EMA150 2u band 0%,1.5,10 munten,0.7241721028729269,-0.783227290715039,2.3951907750386474,0.47259221939960994,-0.022434755267220274,-0.6738406157378616,0.4311276414453979,174.27708202880402,0.06955380577427822,1.7702316981832793,-0.030365554158863044,26,"{""2018"": -51.7, ""2019"": 30.0, ""2020"": 167.3, ""2021"": 1316.9, ""2022"": -29.0, ""2023"": 45.8, ""2024"": 45.6, ""2025"": -48.6, ""2026"": 16.7}"
1 trend,EMA150 2u band 0%,2.0,BTC+ETH,0.3846336246068407,-0.8364386456462243,2.0219257705172304,-0.17344848403549096,0.2550280767752695,-0.5918727239807036,1.113527973289296,27.445209768315593,0.09583333333333334,1.508544997302708,-0.034728747533787636,26,"{""2018"": -56.9, ""2019"": 6.8, ""2020"": 490.8, ""2021"": 63.1, ""2022"": -22.5, ""2023"": 104.7, ""2024"": 58.2, ""2025"": -12.1, ""2026"": 31.8}"
1 trend,EMA150 2u band 0%,2.0,BTC,0.4247581828413438,-0.8370261392766054,2.061388821951682,-0.030101365318256468,0.13258938444048685,-0.6057858129536497,0.8715700338467268,12.121634314339387,0.10377358490566038,1.298190560698654,-0.033992578054296806,26,"{""2018"": -51.2, ""2019"": 53.0, ""2020"": 521.7, ""2021"": -25.7, ""2022"": -2.8, ""2023"": 143.4, ""2024"": 88.4, ""2025"": -38.5, ""2026"": 18.8}"
1 trend,EMA150 2u band 0%,2.0,5 munten,0.48634217998988016,-0.8715665475978861,2.1839568400470206,-0.5778773189238957,0.15671524607622067,-0.6893107260901434,0.9504546094609313,92.05580776455855,0.06832298136645963,1.8288110485875189,-0.03745047830776842,26,"{""2018"": -62.7, ""2019"": 45.2, ""2020"": 194.3, ""2021"": 588.6, ""2022"": -30.9, ""2023"": 41.6, ""2024"": 147.5, ""2025"": -48.9, ""2026"": 7.5}"
1 trend,EMA150 2u band 0%,2.0,10 munten,0.789679155720252,-0.889675951672133,2.403601478722421,0.1254264427364673,-0.1164406199952237,-0.7961160243717467,0.41489824080533816,174.27708202880402,0.05643044619422572,2.079371435280801,-0.04202996510393786,26,"{""2018"": -62.7, ""2019"": 36.9, ""2020"": 236.2, ""2021"": 1671.8, ""2022"": -36.0, ""2023"": 54.6, ""2024"": 39.5, ""2025"": -61.8, ""2026"": 21.1}"
1 trend,EMA150 2u band 0%,3.0,BTC+ETH,0.1551146070271603,-0.9442935019483945,2.052534483436627,-0.8821833046417102,0.15465510769744228,-0.7734794862649177,1.1149833244989777,27.445209768315593,0.075,2.1930891451535977,-0.05512268577498279,26,"{""2018"": -74.3, ""2019"": -20.3, ""2020"": 873.2, ""2021"": -25.8, ""2022"": -33.2, ""2023"": 140.4, ""2024"": 45.4, ""2025"": -31.8, ""2026"": 45.8}"
1 trend,EMA150 2u band 0%,3.0,BTC,0.2710317605689234,-0.9527231137345377,2.083854499927787,-0.8088857597962152,0.0006507443522669742,-0.8058947221109867,0.8717464116546568,12.121634314339387,0.08490566037735849,2.20953376735707,-0.05139101705406606,26,"{""2018"": -67.1, ""2019"": 26.1, ""2020"": 938.8, ""2021"": -67.1, ""2022"": -6.3, ""2023"": 205.6, ""2024"": 91.1, ""2025"": -59.3, ""2026"": 24.6}"
1 trend,EMA150 2u band 0%,3.0,5 munten,0.21486641141487284,-0.983868725531426,2.2533834307110037,-0.9551357645044575,0.031122010563915836,-0.8610527832532145,1.0263852989638378,92.05580776455855,0.040993788819875775,3.0854531342089464,-0.06261375786973798,26,"{""2018"": -80.4, ""2019"": 31.5, ""2020"": 233.5, ""2021"": 397.1, ""2022"": -45.4, ""2023"": 38.0, ""2024"": 205.9, ""2025"": -70.3, ""2026"": 4.5}"
1 trend,EMA150 2u band 0%,3.0,10 munten,0.3987892396022765,-0.9897280892385077,2.4598254799921064,-0.9163506366729316,-0.33535091647007176,-0.9320696820769598,0.47706383694796567,174.27708202880402,0.03280839895013123,2.9264231955359135,-0.07131434764409664,26,"{""2018"": -80.4, ""2019"": 22.7, ""2020"": 295.3, ""2021"": 772.6, ""2022"": -51.1, ""2023"": 61.7, ""2024"": 17.3, ""2025"": -80.8, ""2026"": 25.9}"
1 trend,EMA150 2u band 2%,1.0,BTC+ETH,0.4784556975931813,-0.4988918171481428,2.5694702701675336,1.9041788317673984,0.26570487772117857,-0.3040240483993367,1.358351462710319,8.233562930494678,0.3055555555555556,0.927309511199282,-0.05714873967068951,27,"{""2018"": -27.0, ""2019"": 24.2, ""2020"": 267.3, ""2021"": 136.3, ""2022"": -12.3, ""2023"": 50.7, ""2024"": 55.8, ""2025"": 1.2, ""2026"": 20.0}"
1 trend,EMA150 2u band 2%,1.0,BTC,0.42909770918699763,-0.49790931828923624,2.46865017809472,1.521252952179902,0.19805802629193825,-0.3305350166616132,1.134657424819073,3.773716343143394,0.3333333333333333,0.697520983725075,-0.0578715252976318,27,"{""2018"": -26.7, ""2019"": 57.9, ""2020"": 227.5, ""2021"": 43.8, ""2022"": -7.4, ""2023"": 66.3, ""2024"": 65.8, ""2025"": -12.2, ""2026"": 11.7}"
1 trend,EMA150 2u band 2%,1.0,5 munten,0.5670065411416016,-0.5097684162549467,2.7416440067378622,1.1715576000157446,0.28570071403714814,-0.38040370397577195,1.397529305267283,25.501174076393237,0.23766816143497757,1.1128395053659206,-0.05617669543124476,27,"{""2018"": -31.8, ""2019"": 42.2, ""2020"": 146.0, ""2021"": 429.5, ""2022"": -15.1, ""2023"": 37.5, ""2024"": 105.2, ""2025"": -14.9, ""2026"": 9.0}"
1 trend,EMA150 2u band 2%,1.0,10 munten,0.8502709877565477,-0.5412696187628101,3.182877383210985,2.7840592689916335,0.13077160565362855,-0.4521885146184005,0.8422879493432749,51.57412335629305,0.2017738359201774,1.776856683745881,-0.06040188627005894,27,"{""2018"": -31.8, ""2019"": 37.4, ""2020"": 163.7, ""2021"": 1169.0, ""2022"": -22.0, ""2023"": 55.9, ""2024"": 63.5, ""2025"": -28.9, ""2026"": 14.9}"
1 trend,EMA150 2u band 2%,1.5,BTC+ETH,0.3676412366608848,-0.7259675820236537,1.9565907708898578,0.22354720293275054,0.23758888351784524,-0.4642441200870586,1.0946450196226811,8.233562930494678,0.2361111111111111,1.3859353776939116,-0.08418720996463222,27,"{""2018"": -39.4, ""2019"": 10.0, ""2020"": 336.0, ""2021"": 77.2, ""2022"": -18.5, ""2023"": 55.6, ""2024"": 48.7, ""2025"": -6.2, ""2026"": 27.2}"
1 trend,EMA150 2u band 2%,1.5,BTC,0.3216861032110998,-0.7374859454602789,1.8375983899635386,0.01288661185395279,0.14704680422502636,-0.48662879563967965,0.8647625092422174,3.773716343143394,0.2727272727272727,0.9821108113042395,-0.08609508164736078,27,"{""2018"": -39.0, ""2019"": 44.2, ""2020"": 294.3, ""2021"": -5.1, ""2022"": -11.5, ""2023"": 79.7, ""2024"": 67.8, ""2025"": -25.2, ""2026"": 14.4}"
1 trend,EMA150 2u band 2%,1.5,5 munten,0.48937644381968526,-0.7382575108515178,2.1906232566410355,-0.07214455970207667,0.2568200916875061,-0.5398401786938003,1.1312830493563888,25.501174076393237,0.18385650224215247,1.6022012085272737,-0.08745026247026087,27,"{""2018"": -46.4, ""2019"": 42.9, ""2020"": 155.0, ""2021"": 421.1, ""2022"": -22.4, ""2023"": 37.9, ""2024"": 126.8, ""2025"": -30.5, ""2026"": 10.8}"
1 trend,EMA150 2u band 2%,1.5,10 munten,0.8393616474236532,-0.7467917599085092,2.563612684991316,1.1652434840778043,0.026587606259350638,-0.6384332067327726,0.5695557384490891,51.57412335629305,0.15299334811529933,2.515443183237667,-0.0944774158808358,27,"{""2018"": -46.4, ""2019"": 36.5, ""2020"": 179.4, ""2021"": 1437.6, ""2022"": -31.4, ""2023"": 67.3, ""2024"": 53.0, ""2025"": -45.7, ""2026"": 20.2}"
1 trend,EMA150 2u band 2%,2.0,BTC+ETH,0.36683987087420555,-0.8244248261958381,1.9922009410947816,-0.2600176141434819,0.23928389560586805,-0.5967741459208281,1.0855936440798162,8.233562930494678,0.20833333333333334,2.037396847256528,-0.11286972648936268,27,"{""2018"": -49.9, ""2019"": 10.8, ""2020"": 514.7, ""2021"": 50.5, ""2022"": -24.2, ""2023"": 67.2, ""2024"": 54.0, ""2025"": -15.2, ""2026"": 35.6}"
1 trend,EMA150 2u band 2%,2.0,BTC,0.3326780754634846,-0.836406593710079,1.8865386379567455,-0.35024434484436806,0.12127662984499299,-0.61443313808149,0.8473449428342035,3.773716343143394,0.21212121212121213,1.764311932790574,-0.10882869281114502,27,"{""2018"": -48.5, ""2019"": 57.1, ""2020"": 463.0, ""2021"": -30.4, ""2022"": -15.4, ""2023"": 103.6, ""2024"": 77.8, ""2025"": -35.1, ""2026"": 16.2}"
1 trend,EMA150 2u band 2%,2.0,5 munten,0.5778872998478057,-0.8541390758404305,2.3161789496910874,-0.41805702622801355,0.25310057015942866,-0.6709537756284746,1.1210076442445085,25.501174076393237,0.16143497757847533,2.5630257300587256,-0.12138706033263465,27,"{""2018"": -58.2, ""2019"": 54.4, ""2020"": 210.6, ""2021"": 650.8, ""2022"": -30.7, ""2023"": 47.3, ""2024"": 172.5, ""2025"": -44.8, ""2026"": 12.6}"
1 trend,EMA150 2u band 2%,2.0,10 munten,0.9255560531602072,-0.868974911009676,2.5373372568597814,0.6574635405114624,-0.05170540925407641,-0.7676924185334716,0.5645783362584067,51.57412335629305,0.13082039911308205,2.7324184385113406,-0.13103908522180008,27,"{""2018"": -58.2, ""2019"": 45.6, ""2020"": 250.5, ""2021"": 1851.5, ""2022"": -39.3, ""2023"": 83.4, ""2024"": 51.6, ""2025"": -58.9, ""2026"": 25.7}"
1 trend,EMA150 2u band 2%,3.0,BTC+ETH,0.12203345591837667,-0.9588867675183279,2.0141482758019413,-0.9051711437530205,0.13617091688893912,-0.7933923022127984,1.0937131761531351,8.233562930494678,0.19444444444444445,2.2706483140211295,-0.1831383463929928,27,"{""2018"": -68.0, ""2019"": -15.9, ""2020"": 844.3, ""2021"": -33.2, ""2022"": -34.9, ""2023"": 80.0, ""2024"": 36.8, ""2025"": -34.9, ""2026"": 55.5}"
1 trend,EMA150 2u band 2%,3.0,BTC,0.15201814918866008,-0.9529410582999379,1.9263666362092635,-0.8940048716190592,-0.011446273386078065,-0.8006446934637977,0.8496011000513132,3.773716343143394,0.21212121212121213,2.389475012157468,-0.17450569535937713,27,"{""2018"": -64.6, ""2019"": 31.3, ""2020"": 793.1, ""2021"": -70.9, ""2022"": -22.2, ""2023"": 138.9, ""2024"": 67.8, ""2025"": -55.7, ""2026"": 26.2}"
1 trend,EMA150 2u band 2%,3.0,5 munten,0.32619292925838517,-0.9795967700750543,2.3734142628288297,-0.9322024453217196,0.15644839816508038,-0.8452393387541369,1.188680280877469,25.501174076393237,0.11659192825112108,3.3340539207502227,-0.20287107602909227,27,"{""2018"": -76.8, ""2019"": 40.8, ""2020"": 247.7, ""2021"": 464.0, ""2022"": -43.6, ""2023"": 50.2, ""2024"": 250.6, ""2025"": -67.4, ""2026"": 13.9}"
1 trend,EMA150 2u band 2%,3.0,10 munten,0.5518619380108756,-0.9861968310657372,2.5757778775422278,-0.8554458954213484,-0.2685730134965668,-0.9200056531819729,0.6149629325085788,51.57412335629305,0.08647450110864745,3.2032284359611864,-0.22021490344149242,27,"{""2018"": -76.8, ""2019"": 29.7, ""2020"": 301.4, ""2021"": 928.2, ""2022"": -53.2, ""2023"": 107.6, ""2024"": 32.1, ""2025"": -79.1, ""2026"": 33.6}"
1 trend,EMA200 dag band 0%,1.0,BTC+ETH,0.3636620005464808,-0.586315226918267,2.13800994649606,0.9246399154384823,0.2508476318693502,-0.30688514024139035,1.297891199238676,9.148403256105198,0.2375,0.9290403737657765,-0.04943619096480886,28,"{""2018"": -36.3, ""2019"": 30.2, ""2020"": 162.8, ""2021"": 127.3, ""2022"": -11.2, ""2023"": 44.0, ""2024"": 56.1, ""2025"": 1.5, ""2026"": 15.6}"
1 trend,EMA200 dag band 0%,1.0,BTC,0.30941147400587665,-0.5591017439878331,1.992881825018235,0.4922480452997273,0.22314187107005923,-0.3537770936103213,1.201383607043916,5.4890419536631185,0.22916666666666666,0.5612395913872139,-0.03930087013185704,28,"{""2018"": -36.9, ""2019"": 74.2, ""2020"": 176.6, ""2021"": 6.7, ""2022"": -8.0, ""2023"": 66.5, ""2024"": 65.9, ""2025"": -8.7, ""2026"": 13.6}"
1 trend,EMA200 dag band 0%,1.0,5 munten,0.5076130655475917,-0.5096461964661552,2.550941859449951,0.7405097860190784,0.21132240668060942,-0.392352018396914,1.141419411327027,26.873434564809017,0.19574468085106383,1.1570039488915234,-0.04577886090349695,28,"{""2018"": -39.0, ""2019"": 32.9, ""2020"": 140.1, ""2021"": 449.5, ""2022"": -19.1, ""2023"": 34.5, ""2024"": 100.6, ""2025"": -21.6, ""2026"": 2.8}"
1 trend,EMA200 dag band 0%,1.0,10 munten,0.8124890673813137,-0.5419847071261865,3.1021810078011702,2.3559924979329114,0.1198632988743491,-0.4327273258343547,0.8040968225024681,47.114276768941764,0.18689320388349515,1.8264662547058608,-0.051404119883991524,28,"{""2018"": -39.0, ""2019"": 33.4, ""2020"": 163.7, ""2021"": 1218.8, ""2022"": -23.6, ""2023"": 55.6, ""2024"": 72.6, ""2025"": -28.6, ""2026"": 5.4}"
1 trend,EMA200 dag band 0%,1.5,BTC+ETH,0.22521261540340376,-0.7800304516152662,1.5995815589279663,-0.30909334121856236,0.21495601840012601,-0.46844144145619027,1.03767032555368,9.148403256105198,0.2,1.1744717979556012,-0.07605720358731778,28,"{""2018"": -52.1, ""2019"": 29.9, ""2020"": 175.5, ""2021"": 60.2, ""2022"": -17.3, ""2023"": 46.2, ""2024"": 48.7, ""2025"": -6.5, ""2026"": 21.2}"
1 trend,EMA200 dag band 0%,1.5,BTC,0.17265065808734192,-0.7846878032037932,1.4063779084670658,-0.49985187067606973,0.18613675371284177,-0.5127777442893158,0.9659015953699116,5.4890419536631185,0.22916666666666666,0.5896734412814965,-0.06273650467129842,28,"{""2018"": -51.6, ""2019"": 90.4, ""2020"": 218.1, ""2021"": -45.0, ""2022"": -12.3, ""2023"": 80.3, ""2024"": 67.4, ""2025"": -20.5, ""2026"": 18.3}"
1 trend,EMA200 dag band 0%,1.5,5 munten,0.399454226425924,-0.7511995797437774,2.0019231229259917,-0.33796826622158394,0.1424152418958915,-0.552425253960059,0.8626110265565796,26.873434564809017,0.15319148936170213,1.4255362216009755,-0.07319625050034216,28,"{""2018"": -56.2, ""2019"": 37.7, ""2020"": 145.7, ""2021"": 412.5, ""2022"": -27.8, ""2023"": 35.6, ""2024"": 115.0, ""2025"": -38.9, ""2026"": 2.3}"
1 trend,EMA200 dag band 0%,1.5,10 munten,0.7747655432776015,-0.736022508984745,2.494131045152978,0.7558765003961703,0.005749696029468732,-0.6363631004288488,0.5121326142925798,47.114276768941764,0.14320388349514562,2.26737927612293,-0.08305450379900695,28,"{""2018"": -56.2, ""2019"": 38.3, ""2020"": 180.3, ""2021"": 1425.7, ""2022"": -33.6, ""2023"": 68.6, ""2024"": 64.0, ""2025"": -46.0, ""2026"": 6.6}"
1 trend,EMA200 dag band 0%,2.0,BTC+ETH,0.14934669423763047,-0.8825862783522929,1.597559333148012,-0.6973026305384626,0.19024520977995096,-0.6097907622524682,0.9969156986268979,9.148403256105198,0.175,1.5474367812695977,-0.10238481084893186,28,"{""2018"": -63.3, ""2019"": 21.8, ""2020"": 229.1, ""2021"": 28.1, ""2022"": -22.3, ""2023"": 53.7, ""2024"": 50.8, ""2025"": -17.0, ""2026"": 26.7}"
1 trend,EMA200 dag band 0%,2.0,BTC,0.09733616222064234,-0.8932160474662117,1.3743709727558122,-0.795429083018613,0.1843828232743141,-0.6478337024781042,0.9821849170103553,5.4890419536631185,0.1875,0.9046981590542137,-0.08120789142447002,28,"{""2018"": -62.4, ""2019"": 84.0, ""2020"": 314.3, ""2021"": -64.2, ""2022"": -16.5, ""2023"": 98.9, ""2024"": 78.0, ""2025"": -29.3, ""2026"": 23.8}"
1 trend,EMA200 dag band 0%,2.0,5 munten,0.4386176107007347,-0.8675144477352781,2.122791998528104,-0.6546334932898186,0.10156998646108129,-0.6975718018808661,0.8565877837128557,26.873434564809017,0.13191489361702127,2.137929785792709,-0.10357173213958368,28,"{""2018"": -68.3, ""2019"": 36.7, ""2020"": 207.5, ""2021"": 593.6, ""2022"": -35.0, ""2023"": 45.6, ""2024"": 154.1, ""2025"": -54.2, ""2026"": 2.2}"
1 trend,EMA200 dag band 0%,2.0,10 munten,0.8094414590457839,-0.8625792345742928,2.455440476028409,0.11443760580279605,-0.09195957635526009,-0.7740218487841861,0.4730852277922643,47.114276768941764,0.11407766990291263,2.4758672637932277,-0.1159560538844416,28,"{""2018"": -68.3, ""2019"": 35.5, ""2020"": 262.3, ""2021"": 1728.9, ""2022"": -41.5, ""2023"": 90.8, ""2024"": 63.2, ""2025"": -60.3, ""2026"": 7.3}"
1 trend,EMA200 dag band 0%,3.0,BTC+ETH,-0.13501447641893138,-0.9744072612425412,1.6635056911169956,-0.9765994313021665,0.06490587691198058,-0.797951162056395,1.0082564160520848,9.148403256105198,0.15,1.3511157235218632,-0.1567630963611558,28,"{""2018"": -80.7, ""2019"": -0.1, ""2020"": 326.5, ""2021"": -54.9, ""2022"": -32.4, ""2023"": 61.5, ""2024"": 32.3, ""2025"": -38.4, ""2026"": 42.0}"
1 trend,EMA200 dag band 0%,3.0,BTC,-0.1662025296024331,-0.9820162124597537,1.3758219594096295,-0.9848630845572961,-0.0014101894909805957,-0.8285607358326669,0.9063830798920424,5.4890419536631185,0.14583333333333334,1.204742222372666,-0.12204156079339794,28,"{""2018"": -79.1, ""2019"": 64.9, ""2020"": 472.6, ""2021"": -90.6, ""2022"": -23.7, ""2023"": 129.7, ""2024"": 59.0, ""2025"": -55.9, ""2026"": 37.6}"
1 trend,EMA200 dag band 0%,3.0,5 munten,0.14618603235652627,-0.9845141243593398,2.1988220748311065,-0.9709851941913029,-0.050225207733110566,-0.8815329847507792,0.9328894755339984,26.873434564809017,0.09787234042553192,1.8327586219364789,-0.1683135154845114,28,"{""2018"": -85.2, ""2019"": 25.3, ""2020"": 258.7, ""2021"": 326.8, ""2022"": -48.1, ""2023"": 51.4, ""2024"": 210.9, ""2025"": -76.1, ""2026"": 2.0}"
1 trend,EMA200 dag band 0%,3.0,10 munten,0.38991177493538065,-0.9869278633938001,2.486117655813443,-0.9269303263351384,-0.32647588224152346,-0.926921763127301,0.4987530720917281,47.114276768941764,0.0825242718446602,2.0693403960464636,-0.19795143311718638,28,"{""2018"": -85.2, ""2019"": 19.7, ""2020"": 349.2, ""2021"": 659.6, ""2022"": -55.0, ""2023"": 127.9, ""2024"": 42.8, ""2025"": -81.2, ""2026"": 9.3}"
1 trend,EMA200 dag band 2%,1.0,BTC+ETH,0.3525006327166418,-0.6014258168919182,2.103149663954936,0.8320974739215223,0.23548307907275445,-0.33589224366014925,1.2362842438844488,4.802911709455229,0.38095238095238093,1.0623228846957593,-0.10212514804483518,29,"{""2018"": -38.0, ""2019"": 17.0, ""2020"": 181.7, ""2021"": 155.1, ""2022"": -13.3, ""2023"": 33.2, ""2024"": 52.1, ""2025"": -0.3, ""2026"": 16.8}"
1 trend,EMA200 dag band 2%,1.0,BTC,0.32246413606022983,-0.5010881794854997,2.054167905464799,0.583688976605494,0.23564954097514912,-0.37604142949705943,1.2436698124682246,2.4014558547276144,0.42857142857142855,0.6475026790460815,-0.09150586358036596,29,"{""2018"": -39.0, ""2019"": 60.0, ""2020"": 199.9, ""2021"": 31.1, ""2022"": -8.0, ""2023"": 49.3, ""2024"": 66.0, ""2025"": -6.9, ""2026"": 14.4}"
1 trend,EMA200 dag band 2%,1.0,5 munten,0.4940144356359937,-0.507591903890138,2.5048569416146678,0.5897388495187255,0.23679873554303854,-0.38641265527179947,1.2254055011439446,13.265184721352536,0.33620689655172414,1.3016964046364852,-0.09361264304996829,29,"{""2018"": -40.9, ""2019"": 30.8, ""2020"": 146.3, ""2021"": 475.3, ""2022"": -22.7, ""2023"": 30.1, ""2024"": 98.9, ""2025"": -19.5, ""2026"": 6.9}"
1 trend,EMA200 dag band 2%,1.0,10 munten,0.7721637184194947,-0.545517256194173,3.013709438903895,1.9243130446169392,0.10387217758451817,-0.42356489116492546,0.7437782043315616,26.873434564809017,0.2680851063829787,2.1507511468643363,-0.09592045579083731,29,"{""2018"": -40.9, ""2019"": 31.7, ""2020"": 169.0, ""2021"": 1221.1, ""2022"": -27.7, ""2023"": 46.8, ""2024"": 62.5, ""2025"": -28.6, ""2026"": 7.7}"
1 trend,EMA200 dag band 2%,1.5,BTC+ETH,0.2139005069818689,-0.7925993784611425,1.5669613100097213,-0.34367546827236584,0.1842373147991896,-0.5042927699496313,0.9606408650986443,4.802911709455229,0.3333333333333333,1.2768344112361945,-0.15593042640928553,29,"{""2018"": -53.3, ""2019"": 9.9, ""2020"": 207.1, ""2021"": 89.7, ""2022"": -20.2, ""2023"": 31.4, ""2024"": 42.2, ""2025"": -10.3, ""2026"": 23.1}"
1 trend,EMA200 dag band 2%,1.5,BTC,0.19286003797227158,-0.7470185589470317,1.46731266380634,-0.4458935564820472,0.19696047394642457,-0.5410878804310459,0.9926274931571848,2.4014558547276144,0.42857142857142855,0.6621192289465042,-0.1483486162510634,29,"{""2018"": -54.4, ""2019"": 67.0, ""2020"": 258.4, ""2021"": -24.9, ""2022"": -12.3, ""2023"": 57.3, ""2024"": 66.1, ""2025"": -18.8, ""2026"": 19.6}"
1 trend,EMA200 dag band 2%,1.5,5 munten,0.38842778071405437,-0.7677174912766963,1.9779003915755304,-0.41234653693387147,0.16369300686319055,-0.5537591988246547,0.9166163176672448,13.265184721352536,0.27586206896551724,1.532117674193168,-0.15084223333892857,29,"{""2018"": -57.5, ""2019"": 33.7, ""2020"": 161.1, ""2021"": 452.1, ""2022"": -32.6, ""2023"": 28.5, ""2024"": 111.4, ""2025"": -38.2, ""2026"": 8.3}"
1 trend,EMA200 dag band 2%,1.5,10 munten,0.7300087820159582,-0.7680957419866468,2.433071085144815,0.4989615091147672,-0.023716621495165513,-0.6343694037932198,0.43237975586185257,26.873434564809017,0.225531914893617,2.4107679571706626,-0.15506567359782572,29,"{""2018"": -57.5, ""2019"": 35.0, ""2020"": 195.5, ""2021"": 1453.7, ""2022"": -38.5, ""2023"": 53.9, ""2024"": 49.2, ""2025"": -46.9, ""2026"": 9.9}"
1 trend,EMA200 dag band 2%,2.0,BTC+ETH,0.1375410269183459,-0.8892465078906929,1.5668821031556148,-0.715224729496607,0.14526643660344063,-0.643462244996275,0.9159500198233346,4.802911709455229,0.2857142857142857,1.6916830340538562,-0.20018436755137317,29,"{""2018"": -65.3, ""2019"": -1.8, ""2020"": 285.0, ""2021"": 59.6, ""2022"": -26.2, ""2023"": 37.0, ""2024"": 40.3, ""2025"": -21.4, ""2026"": 29.3}"
1 trend,EMA200 dag band 2%,2.0,BTC,0.12801666764369313,-0.8658303183294342,1.44394822480998,-0.758648688844836,0.18263192858916888,-0.6771009779078829,0.9817571729100449,2.4014558547276144,0.3333333333333333,1.0436602533244193,-0.17268496541838152,29,"{""2018"": -66.5, ""2019"": 59.2, ""2020"": 388.5, ""2021"": -46.2, ""2022"": -16.5, ""2023"": 72.1, ""2024"": 69.7, ""2025"": -27.3, ""2026"": 25.7}"
1 trend,EMA200 dag band 2%,2.0,5 munten,0.41268928076814637,-0.8804399795528309,2.0861185092896397,-0.7152065168055206,0.12175119622933428,-0.6858726884840711,0.9000596734693823,13.265184721352536,0.22413793103448276,2.333143307390095,-0.20551955981344452,29,"{""2018"": -70.3, ""2019"": 32.7, ""2020"": 228.0, ""2021"": 661.4, ""2022"": -40.7, ""2023"": 34.6, ""2024"": 145.0, ""2025"": -53.6, ""2026"": 9.9}"
1 trend,EMA200 dag band 2%,2.0,10 munten,0.730587014966716,-0.888950213236168,2.3809400106587746,-0.11706882033120491,-0.1251887285012846,-0.7712874065377099,0.40226081528217383,26.873434564809017,0.16595744680851063,2.732294651184498,-0.2081550156794484,29,"{""2018"": -70.3, ""2019"": 32.2, ""2020"": 282.0, ""2021"": 1767.5, ""2022"": -48.2, ""2023"": 67.6, ""2024"": 44.2, ""2025"": -61.0, ""2026"": 11.6}"
1 trend,EMA200 dag band 2%,3.0,BTC+ETH,-0.1556842691851401,-0.9751382106908301,1.6128136381724207,-0.9797583551912865,0.009980480417821624,-0.8267992628639969,0.9426556816575618,4.802911709455229,0.2619047619047619,1.2900533001720502,-0.30088105233964785,29,"{""2018"": -81.8, ""2019"": -27.1, ""2020"": 449.8, ""2021"": -39.3, ""2022"": -37.5, ""2023"": 26.2, ""2024"": 19.2, ""2025"": -42.6, ""2026"": 46.4}"
1 trend,EMA200 dag band 2%,3.0,BTC,-0.1254801341351791,-0.9758491232270223,1.4474965721092694,-0.9798531582607485,0.0240786460900817,-0.8437787821316866,0.9472567434184779,2.4014558547276144,0.2857142857142857,1.2003140961344274,-0.24973759460116393,29,"{""2018"": -81.5, ""2019"": 38.4, ""2020"": 634.4, ""2021"": -82.4, ""2022"": -23.7, ""2023"": 70.4, ""2024"": 52.6, ""2025"": -51.9, ""2026"": 40.8}"
1 trend,EMA200 dag band 2%,3.0,5 munten,0.1253137265447295,-0.9867770378874703,2.181172089971417,-0.9762961533991341,-0.05053903579973462,-0.8764270048517502,0.9443140576166253,13.265184721352536,0.1896551724137931,1.6696754125631956,-0.3289946424443243,29,"{""2018"": -86.2, ""2019"": 20.7, ""2020"": 300.7, ""2021"": 397.7, ""2022"": -54.2, ""2023"": 31.5, ""2024"": 194.2, ""2025"": -77.0, ""2026"": 11.9}"
1 trend,EMA200 dag band 2%,3.0,10 munten,0.32022677223496276,-0.9899653569287915,2.4381985754460205,-0.9443303507360542,-0.3593506254811454,-0.9254974765304386,0.4384797489604647,26.873434564809017,0.13617021276595745,1.8296399034421025,-0.34531165519545187,29,"{""2018"": -86.2, ""2019"": 16.4, ""2020"": 393.7, ""2021"": 724.5, ""2022"": -61.4, ""2023"": 81.0, ""2024"": 21.2, ""2025"": -81.6, ""2026"": 14.7}"
1 trend,EMA200 2u band 0%,1.0,BTC+ETH,0.44772401620430635,-0.5082858796917142,2.4577977456690903,1.7326589149807083,0.15193653737197743,-0.3889476884850738,0.9303075107413131,25.27246399499061,0.12217194570135746,0.7342534387575275,-0.017760657262684554,30,"{""2018"": -37.0, ""2019"": 24.4, ""2020"": 252.4, ""2021"": 146.1, ""2022"": -8.4, ""2023"": 45.6, ""2024"": 39.4, ""2025"": -7.2, ""2026"": 12.9}"
1 trend,EMA200 2u band 0%,1.0,BTC,0.3596168763878056,-0.49562929621424956,2.192235907553105,0.8699610266837539,0.14682908399931227,-0.44885822038392176,0.9129440034350003,14.29438008766437,0.12,0.48660843269747306,-0.015295083299892868,30,"{""2018"": -39.1, ""2019"": 76.2, ""2020"": 214.4, ""2021"": 17.8, ""2022"": -3.9, ""2023"": 62.9, ""2024"": 41.5, ""2025"": -10.5, ""2026"": 13.8}"
1 trend,EMA200 2u band 0%,1.0,5 munten,0.5147641727966585,-0.502981481272762,2.5724499814412654,0.7851918046957838,0.1538562097930063,-0.41410853430369376,0.9265771218605959,81.19207889793363,0.09577464788732394,0.8305868324154048,-0.01665007548393896,30,"{""2018"": -40.3, ""2019"": 35.2, ""2020"": 156.2, ""2021"": 472.7, ""2022"": -24.1, ""2023"": 33.3, ""2024"": 83.5, ""2025"": -24.0, ""2026"": 1.4}"
1 trend,EMA200 2u band 0%,1.0,10 munten,0.8049283837292351,-0.5388280348640142,3.0721538891120366,2.259354450221747,0.04689818801292733,-0.4966638414289831,0.5236546550984766,147.17493738259236,0.08935508935508936,1.3032013084868572,-0.018946987137906216,30,"{""2018"": -40.3, ""2019"": 33.6, ""2020"": 186.8, ""2021"": 1234.5, ""2022"": -28.7, ""2023"": 50.8, ""2024"": 57.1, ""2025"": -35.8, ""2026"": 7.0}"
1 trend,EMA200 2u band 0%,1.5,BTC+ETH,0.32623563671206024,-0.7302345114437697,1.850614761561984,0.09520444899453695,0.08972327517209777,-0.5544718236476079,0.7133977968461173,25.27246399499061,0.09954751131221719,0.9966827423962026,-0.02707599976086255,30,"{""2018"": -52.5, ""2019"": 13.7, ""2020"": 312.7, ""2021"": 85.9, ""2022"": -13.0, ""2023"": 48.0, ""2024"": 29.9, ""2025"": -17.7, ""2026"": 17.0}"
1 trend,EMA200 2u band 0%,1.5,BTC,0.22530693221415343,-0.7224530927218511,1.5624875521197004,-0.35694444115049984,0.07739728408279123,-0.6157855903116315,0.6742058210837156,14.29438008766437,0.104,0.6229203072600554,-0.023570689879999805,30,"{""2018"": -54.0, ""2019"": 71.0, ""2020"": 270.7, ""2021"": -30.6, ""2022"": -6.1, ""2023"": 74.6, ""2024"": 31.9, ""2025"": -22.7, ""2026"": 18.5}"
1 trend,EMA200 2u band 0%,1.5,5 munten,0.39330398455433846,-0.7636420319960712,1.983832460879348,-0.3531948885376093,0.06806103488340409,-0.5793169163820733,0.671512805328256,81.19207889793363,0.07183098591549296,1.1112852173643062,-0.02616567409520186,30,"{""2018"": -57.2, ""2019"": 34.2, ""2020"": 162.1, ""2021"": 445.6, ""2022"": -33.8, ""2023"": 33.2, ""2024"": 92.0, ""2025"": -41.9, ""2026"": 0.2}"
1 trend,EMA200 2u band 0%,1.5,10 munten,0.7374659952885882,-0.7632423376516856,2.423275297895984,0.5388806717238086,-0.08892436429777961,-0.6903391777108998,0.241670093720127,147.17493738259236,0.06293706293706294,1.8324948278416442,-0.029855678263486632,30,"{""2018"": -57.2, ""2019"": 30.8, ""2020"": 204.3, ""2021"": 1451.8, ""2022"": -39.8, ""2023"": 60.6, ""2024"": 43.1, ""2025"": -53.5, ""2026"": 8.2}"
1 trend,EMA200 2u band 0%,2.0,BTC+ETH,0.28731653628430753,-0.8306562467969248,1.8445572880530987,-0.40961686557176735,0.03343540335113837,-0.6924375807309777,0.6856814212490664,25.27246399499061,0.08597285067873303,1.3801491792598175,-0.03642072399241411,30,"{""2018"": -63.7, ""2019"": 9.9, ""2020"": 468.8, ""2021"": 47.8, ""2022"": -16.7, ""2023"": 58.7, ""2024"": 23.2, ""2025"": -27.2, ""2026"": 19.9}"
1 trend,EMA200 2u band 0%,2.0,BTC,0.17611902908159305,-0.8615969905773762,1.553474007410465,-0.6856298263851763,0.03496988314381633,-0.743470755171165,0.6810944254891862,14.29438008766437,0.088,0.977474779063936,-0.031447237081859675,30,"{""2018"": -64.8, ""2019"": 81.9, ""2020"": 419.6, ""2021"": -55.9, ""2022"": -8.1, ""2023"": 91.5, ""2024"": 29.4, ""2025"": -31.8, ""2026"": 21.9}"
1 trend,EMA200 2u band 0%,2.0,5 munten,0.4537818550878081,-0.8747008861067913,2.1383181896203607,-0.6357934513504887,0.0033518144317321585,-0.7248978502606356,0.6659158433158354,81.19207889793363,0.057746478873239436,1.907119591527918,-0.03638375626311768,30,"{""2018"": -69.2, ""2019"": 42.8, ""2020"": 241.8, ""2021"": 650.1, ""2022"": -42.1, ""2023"": 42.8, ""2024"": 114.6, ""2025"": -56.7, ""2026"": -1.0}"
1 trend,EMA200 2u band 0%,2.0,10 munten,0.7972087574751692,-0.8808481829790257,2.421892570061634,0.09949248892019602,-0.19433952582821357,-0.8114726499181486,0.23422591342071858,147.17493738259236,0.050505050505050504,2.0843359627284794,-0.042002587121633975,30,"{""2018"": -69.2, ""2019"": 38.4, ""2020"": 307.7, ""2021"": 1776.5, ""2022"": -48.1, ""2023"": 80.2, ""2024"": 35.7, ""2025"": -66.7, ""2026"": 10.9}"
1 trend,EMA200 2u band 0%,3.0,BTC+ETH,0.011259596282232831,-0.9636078049743311,1.856694878555278,-0.9404657671435719,-0.16609123140654314,-0.8770889641250338,0.6568049181333268,25.27246399499061,0.06787330316742081,1.469475967926189,-0.05883374990915615,30,"{""2018"": -81.0, ""2019"": -12.5, ""2020"": 762.2, ""2021"": -42.3, ""2022"": -25.7, ""2023"": 67.9, ""2024"": -4.9, ""2025"": -51.7, ""2026"": 28.8}"
1 trend,EMA200 2u band 0%,3.0,BTC,-0.05493653366703244,-0.9715287107348523,1.582235584410684,-0.9676667765767677,-0.18899545864904999,-0.8962489702065255,0.6045964015281804,14.29438008766437,0.072,1.4323238451901474,-0.049786765385943725,30,"{""2018"": -81.0, ""2019"": 72.3, ""2020"": 697.2, ""2021"": -85.8, ""2022"": -13.6, ""2023"": 114.2, ""2024"": -4.1, ""2025"": -58.2, ""2026"": 36.0}"
1 trend,EMA200 2u band 0%,3.0,5 munten,0.15989241044870006,-0.9849398227826891,2.202690078925539,-0.968220556194583,-0.18279696293222258,-0.8977908519124732,0.7401501763571267,81.19207889793363,0.036619718309859155,2.2319197964244615,-0.06283268905584165,30,"{""2018"": -85.8, ""2019"": 26.7, ""2020"": 309.4, ""2021"": 378.5, ""2022"": -55.8, ""2023"": 54.0, ""2024"": 139.1, ""2025"": -77.7, ""2026"": -5.8}"
1 trend,EMA200 2u band 0%,3.0,10 munten,0.36456983553558797,-0.9888492386434343,2.4471050225797413,-0.9321495898597961,-0.4319902971912074,-0.9425338732307504,0.2806371135261472,147.17493738259236,0.030303030303030304,2.3161346363810864,-0.07413958890321748,30,"{""2018"": -85.8, ""2019"": 17.4, ""2020"": 416.8, ""2021"": 716.0, ""2022"": -62.0, ""2023"": 108.2, ""2024"": 8.8, ""2025"": -85.0, ""2026"": 12.5}"
1 trend,EMA200 2u band 2%,1.0,BTC+ETH,0.4418874839871234,-0.5236486499538908,2.4431665573392567,1.6627640837239528,0.20825679828677224,-0.3413007147073047,1.1428260260946055,7.204367564182843,0.2857142857142857,1.0273337359191008,-0.0591335043590068,31,"{""2018"": -31.4, ""2019"": 15.1, ""2020"": 261.9, ""2021"": 149.0, ""2022"": -11.9, ""2023"": 41.1, ""2024"": 50.4, ""2025"": -4.4, ""2026"": 15.9}"
1 trend,EMA200 2u band 2%,1.0,BTC,0.36703488755163605,-0.49404967420665236,2.2272496041013548,0.9319518753734441,0.18409378127775633,-0.38689179535788676,1.0580764445027013,3.659361302442079,0.28125,0.7621385264628598,-0.058737262921178326,31,"{""2018"": -33.7, ""2019"": 48.7, ""2020"": 236.2, ""2021"": 27.4, ""2022"": -6.0, ""2023"": 62.0, ""2024"": 57.4, ""2025"": -12.7, ""2026"": 14.4}"
1 trend,EMA200 2u band 2%,1.0,5 munten,0.5207359857981031,-0.5132318990785705,2.5912599498591216,0.8421709932748036,0.17367679230913957,-0.41599796012445767,0.9948734696667337,22.07052285535379,0.21761658031088082,1.1998666657999355,-0.05679730825032465,31,"{""2018"": -34.7, ""2019"": 30.2, ""2020"": 154.8, ""2021"": 452.1, ""2022"": -19.3, ""2023"": 27.0, ""2024"": 89.3, ""2025"": -25.5, ""2026"": 5.0}"
1 trend,EMA200 2u band 2%,1.0,10 munten,0.8308783823054238,-0.5488447723023677,3.135495461527516,2.5549614177913464,0.06422208286432429,-0.47931338079548835,0.5925049282109277,43.34056042579837,0.18733509234828497,1.9638457553946285,-0.060540246063437476,31,"{""2018"": -34.7, ""2019"": 32.1, ""2020"": 181.9, ""2021"": 1217.2, ""2022"": -24.8, ""2023"": 48.5, ""2024"": 58.8, ""2025"": -35.0, ""2026"": 9.5}"
1 trend,EMA200 2u band 2%,1.5,BTC+ETH,0.31986190431568295,-0.7311060065763186,1.835279884206348,0.08829663387040632,0.15396651313641074,-0.5104550733485165,0.8830200438124624,7.204367564182843,0.2698412698412698,1.1618530793866415,-0.095026931439714,31,"{""2018"": -46.1, ""2019"": 4.9, ""2020"": 325.8, ""2021"": 86.0, ""2022"": -18.2, ""2023"": 41.7, ""2024"": 40.0, ""2025"": -14.2, ""2026"": 21.8}"
1 trend,EMA200 2u band 2%,1.5,BTC,0.23768541693192247,-0.7116823031483965,1.5991659196970114,-0.27570844710482556,0.12459349093732741,-0.5546704176693538,0.8042368612934415,3.659361302442079,0.28125,0.8114053859765881,-0.09487786033948423,31,"{""2018"": -47.8, ""2019"": 42.8, ""2020"": 301.4, ""2021"": -24.7, ""2022"": -9.4, ""2023"": 72.9, ""2024"": 53.7, ""2025"": -26.0, ""2026"": 19.6}"
1 trend,EMA200 2u band 2%,1.5,5 munten,0.40366234174064397,-0.7720206544148647,2.0068627417933156,-0.3234269320248714,0.09066517697034993,-0.5834166167400778,0.7362714991443703,22.07052285535379,0.17098445595854922,1.4685344994845657,-0.0937050259046297,31,"{""2018"": -51.2, ""2019"": 29.8, ""2020"": 157.9, ""2021"": 420.4, ""2022"": -28.0, ""2023"": 23.7, ""2024"": 98.6, ""2025"": -43.5, ""2026"": 5.5}"
1 trend,EMA200 2u band 2%,1.5,10 munten,0.7796871094411606,-0.7555523321588831,2.484474038153818,0.7667067093120732,-0.06565719585838337,-0.6746823400321391,0.31767415504832364,43.34056042579837,0.14775725593667546,2.3772564967161314,-0.09886252612645215,31,"{""2018"": -51.2, ""2019"": 31.4, ""2020"": 194.3, ""2021"": 1437.7, ""2022"": -35.2, ""2023"": 56.9, ""2024"": 45.6, ""2025"": -52.7, ""2026"": 11.9}"
1 trend,EMA200 2u band 2%,2.0,BTC+ETH,0.283997368862307,-0.8427659844100509,1.837935403437107,-0.4284936495006456,0.132050649869633,-0.6462090090286297,0.8860989047986374,7.204367564182843,0.2222222222222222,1.681307642557358,-0.12199223354708745,31,"{""2018"": -57.2, ""2019"": -5.5, ""2020"": 497.3, ""2021"": 55.0, ""2022"": -23.3, ""2023"": 52.3, ""2024"": 40.4, ""2025"": -22.9, ""2026"": 27.7}"
1 trend,EMA200 2u band 2%,2.0,BTC,0.19788206176450251,-0.8506650642678464,1.603563685360728,-0.6531005668512819,0.1028606078757639,-0.6880073133298734,0.8228073813625912,3.659361302442079,0.21875,1.4065551951474815,-0.11898434333580762,31,"{""2018"": -58.4, ""2019"": 35.3, ""2020"": 494.8, ""2021"": -49.0, ""2022"": -12.6, ""2023"": 92.9, ""2024"": 53.9, ""2025"": -33.8, ""2026"": 25.7}"
1 trend,EMA200 2u band 2%,2.0,5 munten,0.4558054146347239,-0.8793443893487048,2.1429317139399404,-0.6244726221417645,0.028844023546941155,-0.7174161919982381,0.7302552972967781,22.07052285535379,0.13989637305699482,2.35206740977113,-0.12855146681985224,31,"{""2018"": -63.5, ""2019"": 32.2, ""2020"": 227.4, ""2021"": 607.6, ""2022"": -35.4, ""2023"": 30.2, ""2024"": 123.9, ""2025"": -58.5, ""2026"": 6.1}"
1 trend,EMA200 2u band 2%,2.0,10 munten,0.834290752230094,-0.8767241939181095,2.458085331150579,0.24484159446804066,-0.16735572002797883,-0.799135628415337,0.31146096652228106,43.34056042579837,0.12137203166226913,2.502626387460193,-0.13658857759697934,31,"{""2018"": -63.5, ""2019"": 34.2, ""2020"": 287.2, ""2021"": 1734.6, ""2022"": -42.9, ""2023"": 73.6, ""2024"": 39.0, ""2025"": -66.0, ""2026"": 16.0}"
1 trend,EMA200 2u band 2%,3.0,BTC+ETH,-0.0003289710840987947,-0.9679984738162059,1.8351983108518284,-0.945185466001137,-0.021962995932632623,-0.8467399406933622,0.8845858722363529,7.204367564182843,0.19047619047619047,1.5655291709191894,-0.19433050497600796,31,"{""2018"": -75.6, ""2019"": -31.4, ""2020"": 831.0, ""2021"": -40.1, ""2022"": -34.0, ""2023"": 55.9, ""2024"": 16.9, ""2025"": -44.2, ""2026"": 40.4}"
1 trend,EMA200 2u band 2%,3.0,BTC,-0.02970554575075668,-0.9669181600604235,1.6273781476807452,-0.9624311253440911,-0.08282111161791428,-0.8609877284282579,0.7783946987703394,3.659361302442079,0.21875,1.628833682550619,-0.18819880462727437,31,"{""2018"": -75.6, ""2019"": 7.4, ""2020"": 875.8, ""2021"": -82.2, ""2022"": -18.4, ""2023"": 115.7, ""2024"": 28.8, ""2025"": -57.9, ""2026"": 40.8}"
1 trend,EMA200 2u band 2%,3.0,5 munten,0.1599544563292179,-0.9859146788226407,2.202423293360159,-0.9666892313489748,-0.15482445698774994,-0.8962333993396223,0.8115998900451811,22.07052285535379,0.11398963730569948,1.9666274922578955,-0.22257807805753443,31,"{""2018"": -81.6, ""2019"": 15.0, ""2020"": 278.8, ""2021"": 346.9, ""2022"": -48.7, ""2023"": 30.5, ""2024"": 160.9, ""2025"": -79.8, ""2026"": 4.3}"
1 trend,EMA200 2u band 2%,3.0,10 munten,0.40846577809515905,-0.9881895512766377,2.4760389679729022,-0.918638957920518,-0.40590245663052993,-0.9373074436224784,0.36002487973727637,43.34056042579837,0.08443271767810026,2.218107493109386,-0.23667192404050047,31,"{""2018"": -81.6, ""2019"": 14.1, ""2020"": 368.0, ""2021"": 696.3, ""2022"": -56.2, ""2023"": 96.1, ""2024"": 14.1, ""2025"": -84.9, ""2026"": 20.6}"
2 kruising,SMA 10/30,1.0,BTC+ETH,0.4981851037945484,-0.4544143454397044,2.5946166307412466,2.2382778435192727,0.16146678816360205,-0.3963111704638561,1.001542209468535,13.493894802755166,0.3728813559322034,0.3659776773290698,-0.08125408900058556,32,"{""2018"": -26.6, ""2019"": 38.1, ""2020"": 435.5, ""2021"": 96.5, ""2022"": -31.7, ""2023"": 48.6, ""2024"": 22.1, ""2025"": 19.6, ""2026"": 3.3}"
2 kruising,SMA 10/30,1.0,BTC,0.36496761746874595,-0.6344181952112389,2.199894417710748,0.9144678499059422,0.07110085556503698,-0.376132828614106,0.6160506845365459,7.204367564182843,0.31746031746031744,0.3467162076557885,-0.06550575707233935,32,"{""2018"": -35.1, ""2019"": 74.5, ""2020"": 372.2, ""2021"": 17.9, ""2022"": -44.8, ""2023"": 78.2, ""2024"": 47.2, ""2025"": -13.5, ""2026"": -5.1}"
2 kruising,SMA 10/30,1.0,5 munten,0.7711305003909217,-0.4672505636358407,3.3050003597284903,4.081077948083082,0.15604065312128035,-0.3973024882802132,0.9805214655288178,32.24812147777082,0.35815602836879434,0.5438328717557862,-0.08261331704779881,32,"{""2018"": -30.4, ""2019"": 38.4, ""2020"": 364.5, ""2021"": 563.2, ""2022"": -29.4, ""2023"": 41.4, ""2024"": 67.4, ""2025"": 6.1, ""2026"": -16.1}"
2 kruising,SMA 10/30,1.0,10 munten,0.9217603464882027,-0.46799638736750915,3.631026296490558,6.154512615168095,0.11809298666707746,-0.42429115673988893,0.8021130628414045,56.37703506574828,0.37322515212981744,0.5033120577202461,-0.09491634448216504,32,"{""2018"": -30.4, ""2019"": 50.5, ""2020"": 303.2, ""2021"": 797.9, ""2022"": -40.1, ""2023"": 103.7, ""2024"": 58.0, ""2025"": -8.2, ""2026"": -6.3}"
2 kruising,SMA 10/30,1.5,BTC+ETH,0.4081951301582485,-0.6906147545569499,2.045585309852815,0.5484091604418646,0.089402215901774,-0.5596107529852402,0.6954541924641989,13.493894802755166,0.3644067796610169,0.49782488358342947,-0.1288460775587152,32,"{""2018"": -41.8, ""2019"": 22.1, ""2020"": 700.8, ""2021"": 54.6, ""2022"": -47.8, ""2023"": 59.9, ""2024"": 7.4, ""2025"": 19.3, ""2026"": -1.3}"
2 kruising,SMA 10/30,1.5,BTC,0.25649629439790433,-0.840855720190819,1.6513991695037293,-0.24508237983114867,-0.025507675718668632,-0.5432596045986013,0.31150251845050425,7.204367564182843,0.31746031746031744,0.47897072926706236,-0.10468370903885109,32,"{""2018"": -51.4, ""2019"": 70.8, ""2020"": 618.3, ""2021"": -20.7, ""2022"": -61.8, ""2023"": 106.2, ""2024"": 42.7, ""2025"": -25.4, ""2026"": -12.5}"
2 kruising,SMA 10/30,1.5,5 munten,0.7953214536348623,-0.6263412706291377,2.755665890122504,2.1633410195813316,0.08189859950659595,-0.5675389233336052,0.6755468701943205,32.24812147777082,0.3262411347517731,0.808911292577496,-0.12789552864709197,32,"{""2018"": -46.5, ""2019"": 34.6, ""2020"": 523.7, ""2021"": 739.7, ""2022"": -43.7, ""2023"": 49.3, ""2024"": 72.0, ""2025"": -0.3, ""2026"": -27.6}"
2 kruising,SMA 10/30,1.5,10 munten,0.9730570602272723,-0.6508374646454087,3.032261111955467,3.27980541004637,0.013391718102301553,-0.6275922288845914,0.5026825339518628,56.37703506574828,0.3407707910750507,0.7556525557556393,-0.1468904629480113,32,"{""2018"": -46.5, ""2019"": 51.5, ""2020"": 422.6, ""2021"": 1077.0, ""2022"": -57.5, ""2023"": 147.6, ""2024"": 52.2, ""2025"": -20.2, ""2026"": -14.6}"
2 kruising,SMA 10/30,2.0,BTC+ETH,0.3885449986821077,-0.8417562438417729,2.0397461856219112,-0.09506459988910376,0.059007799457812204,-0.670107883427596,0.6988955443778672,13.493894802755166,0.3644067796610169,0.6830774849505461,-0.17350654746368124,32,"{""2018"": -54.2, ""2019"": 19.3, ""2020"": 1270.3, ""2021"": 31.2, ""2022"": -62.3, ""2023"": 78.4, ""2024"": 1.6, ""2025"": 20.9, ""2026"": -4.7}"
2 kruising,SMA 10/30,2.0,BTC,0.18916703943131719,-0.9366154476772186,1.5909574121272185,-0.6721165444188595,-0.08855299333596234,-0.6900927909362737,0.3017278961543677,7.204367564182843,0.31746031746031744,0.6853025927700818,-0.1415741100295423,32,"{""2018"": -66.5, ""2019"": 87.2, ""2020"": 1096.9, ""2021"": -43.5, ""2022"": -75.6, ""2023"": 153.5, ""2024"": 45.5, ""2025"": -35.9, ""2026"": -16.9}"
2 kruising,SMA 10/30,2.0,5 munten,0.9504202173946839,-0.7758634042973954,2.781020068687425,1.3662218595290465,0.05040767010533842,-0.6819690507088831,0.6899016644937359,32.24812147777082,0.3120567375886525,1.2515609520856519,-0.17182657659047204,32,"{""2018"": -59.4, ""2019"": 38.4, ""2020"": 905.1, ""2021"": 1273.3, ""2022"": -58.2, ""2023"": 57.3, ""2024"": 89.9, ""2025"": -5.1, ""2026"": -36.5}"
2 kruising,SMA 10/30,2.0,10 munten,1.1747868935267696,-0.7879670398864322,3.0439707111788454,2.3139574258178577,-0.06565018997956729,-0.7617027080301341,0.4826674714557951,56.37703506574828,0.3184584178498986,1.1564229644064163,-0.19569800651446623,32,"{""2018"": -59.4, ""2019"": 63.8, ""2020"": 722.0, ""2021"": 1772.1, ""2022"": -70.9, ""2023"": 202.2, ""2024"": 53.3, ""2025"": -31.1, ""2026"": -21.4}"
2 kruising,SMA 10/30,3.0,BTC+ETH,0.19356314244856976,-0.967838191406813,2.1516910654231123,-0.8356061372769897,-0.030455262492634083,-0.8266815894632806,0.79826869308705,13.493894802755166,0.3474576271186441,1.1290591263970855,-0.2510080274440539,32,"{""2018"": -72.7, ""2019"": -11.5, ""2020"": 3365.8, ""2021"": -24.5, ""2022"": -80.9, ""2023"": 111.3, ""2024"": -14.7, ""2025"": 25.7, ""2026"": -14.4}"
2 kruising,SMA 10/30,3.0,BTC,-0.0006366028280839764,-0.9908513102938127,1.6936689359129886,-0.9550981123749105,-0.254547792748405,-0.8694663553322068,0.31620136062782755,7.204367564182843,0.30158730158730157,1.2728553257732709,-0.2047170035233635,32,"{""2018"": -83.1, ""2019"": 100.1, ""2020"": 2818.6, ""2021"": -75.1, ""2022"": -89.6, ""2023"": 248.1, ""2024"": 32.3, ""2025"": -51.3, ""2026"": -30.7}"
2 kruising,SMA 10/30,3.0,5 munten,0.8196585290670024,-0.9601908733144753,2.80033499167096,-0.5290719452361752,-0.0474817762343388,-0.8374933988435724,0.8085208175296892,32.24812147777082,0.2765957446808511,1.996276049471104,-0.25477628048185247,32,"{""2018"": -78.6, ""2019"": 22.0, ""2020"": 1747.6, ""2021"": 1583.1, ""2022"": -77.0, ""2023"": 73.1, ""2024"": 124.1, ""2025"": -17.2, ""2026"": -52.9}"
2 kruising,SMA 10/30,3.0,10 munten,1.030364770374402,-0.9674317471102112,3.051809411302339,-0.34170070293714594,-0.275762429810227,-0.9182683632651839,0.5101171366786456,56.37703506574828,0.2718052738336714,1.9818894581004445,-0.28649755102893154,32,"{""2018"": -78.6, ""2019"": 52.7, ""2020"": 1366.2, ""2021"": 2004.2, ""2022"": -87.7, ""2023"": 340.8, ""2024"": 41.8, ""2025"": -53.7, ""2026"": -37.1}"
2 kruising,EMA 10/30,1.0,BTC+ETH,0.5446185921959144,-0.6354161352094336,2.7563251499771373,2.753387606858184,0.25249907191871834,-0.36681140272286605,1.3435371750202505,10.406308703819661,0.38461538461538464,0.48072178200332943,-0.08401190049680925,33,"{""2018"": -24.7, ""2019"": 71.7, ""2020"": 350.6, ""2021"": 168.1, ""2022"": -54.7, ""2023"": 85.8, ""2024"": 29.1, ""2025"": 30.9, ""2026"": 9.8}"
2 kruising,EMA 10/30,1.0,BTC,0.5483318082249831,-0.5768625765481354,2.8807852089418766,3.076339248041381,0.24561996937542818,-0.3052137099062652,1.36665232949653,5.145976831559174,0.37777777777777777,0.5257771801665649,-0.07502196478904102,33,"{""2018"": -39.0, ""2019"": 145.4, ""2020"": 283.3, ""2021"": 117.2, ""2022"": -52.1, ""2023"": 127.1, ""2024"": 72.0, ""2025"": 2.5, ""2026"": 3.7}"
2 kruising,EMA 10/30,1.0,5 munten,0.7191330277178904,-0.5407674374558972,3.1999144368560097,3.063399474546002,0.3670675607461571,-0.3311075960973644,1.755813062767201,25.72988415779587,0.3511111111111111,0.7347750774213075,-0.08354329887081513,33,"{""2018"": -30.6, ""2019"": 61.6, ""2020"": 275.1, ""2021"": 621.5, ""2022"": -46.1, ""2023"": 55.7, ""2024"": 93.9, ""2025"": 14.8, ""2026"": 3.4}"
2 kruising,EMA 10/30,1.0,10 munten,1.1262628689659229,-0.5365501730902394,3.712657048394084,8.21409412266328,0.1946194301990869,-0.4392219581547814,1.0785296097183625,45.17024107701941,0.33164556962025316,1.5279433448913673,-0.09057730146058457,33,"{""2018"": -30.6, ""2019"": 76.0, ""2020"": 274.2, ""2021"": 1573.9, ""2022"": -45.4, ""2023"": 110.2, ""2024"": 67.0, ""2025"": -7.2, ""2026"": 3.8}"
2 kruising,EMA 10/30,1.5,BTC+ETH,0.45976367181276245,-0.7971233655811001,2.170882154414149,0.9175333622707207,0.21667045960612086,-0.5232195949976335,1.0491137198837828,10.406308703819661,0.37362637362637363,0.6209575282482254,-0.12859745495210956,33,"{""2018"": -37.8, ""2019"": 80.8, ""2020"": 501.0, ""2021"": 116.9, ""2022"": -71.2, ""2023"": 118.9, ""2024"": 17.2, ""2025"": 37.4, ""2026"": 6.3}"
2 kruising,EMA 10/30,1.5,BTC,0.4966038984526733,-0.7546331676961988,2.281807618698769,1.1702333947224024,0.2213722494582666,-0.44435053653935463,1.0792991078061716,5.145976831559174,0.37777777777777777,0.6943237792963165,-0.11647265807416522,33,"{""2018"": -55.1, ""2019"": 203.2, ""2020"": 420.1, ""2021"": 69.5, ""2022"": -68.8, ""2023"": 194.4, ""2024"": 81.8, ""2025"": -3.7, ""2026"": -1.1}"
2 kruising,EMA 10/30,1.5,5 munten,0.7125883092226941,-0.7298335566308414,2.6306690347151576,1.353499968323674,0.38714989457579163,-0.48161970889899564,1.457970910031674,25.72988415779587,0.32,1.0545888783717925,-0.1293556704735298,33,"{""2018"": -45.2, ""2019"": 74.5, ""2020"": 367.7, ""2021"": 775.2, ""2022"": -62.3, ""2023"": 68.3, ""2024"": 112.7, ""2025"": 12.8, ""2026"": -1.6}"
2 kruising,EMA 10/30,1.5,10 munten,1.2437468168818335,-0.7177691343605251,3.0418598789234124,6.63791526381637,0.10962074907193853,-0.6423134881478059,0.7785986853176988,45.17024107701941,0.29620253164556964,2.255391287088873,-0.14219182668472502,33,"{""2018"": -45.2, ""2019"": 98.3, ""2020"": 364.6, ""2021"": 2356.6, ""2022"": -62.6, ""2023"": 156.3, ""2024"": 62.1, ""2025"": -18.6, ""2026"": -1.2}"
2 kruising,EMA 10/30,2.0,BTC+ETH,0.47052986487741855,-0.8984970591707429,2.184567998620769,0.29052637486030886,0.2381983397191363,-0.6402380081243926,1.0767136663479666,10.406308703819661,0.37362637362637363,0.8651506162504511,-0.17248450067364932,33,"{""2018"": -49.5, ""2019"": 86.8, ""2020"": 814.8, ""2021"": 126.7, ""2022"": -82.5, ""2023"": 178.8, ""2024"": 17.2, ""2025"": 43.8, ""2026"": 6.7}"
2 kruising,EMA 10/30,2.0,BTC,0.5380990513422084,-0.8713029813217964,2.2689867786101994,0.5471399213676909,0.2598709586881629,-0.5546310981571705,1.1183526034488598,5.145976831559174,0.37777777777777777,1.0407115043040325,-0.15652767642859275,33,"{""2018"": -68.4, ""2019"": 282.8, ""2020"": 684.8, ""2021"": 69.6, ""2022"": -80.7, ""2023"": 314.9, ""2024"": 112.7, ""2025"": -7.2, ""2026"": -4.4}"
2 kruising,EMA 10/30,2.0,5 munten,0.8584407731761174,-0.8553822713382612,2.6756911000169903,0.716964713370599,0.47656237659858225,-0.597688433251264,1.4814693502640046,25.72988415779587,0.31555555555555553,1.6343288823716735,-0.17835512903264497,33,"{""2018"": -57.7, ""2019"": 93.1, ""2020"": 600.6, ""2021"": 1412.2, ""2022"": -75.2, ""2023"": 88.0, ""2024"": 156.1, ""2025"": 12.1, ""2026"": -3.4}"
2 kruising,EMA 10/30,2.0,10 munten,1.418171975121453,-0.8437902875708245,2.9206452282342004,4.837941114361483,0.060705623430244326,-0.7703482256248478,0.7778058750215393,45.17024107701941,0.2810126582278481,2.2839891457273023,-0.19452438471181,33,"{""2018"": -57.7, ""2019"": 126.0, ""2020"": 580.2, ""2021"": 3476.8, ""2022"": -75.2, ""2023"": 214.8, ""2024"": 68.7, ""2025"": -29.0, ""2026"": -4.4}"
2 kruising,EMA 10/30,3.0,BTC+ETH,0.3047663587453555,-0.9808302270258489,2.2970105346486176,-0.7193202889976431,0.19068987603427412,-0.8064988769282557,1.1356335330170644,10.406308703819661,0.34065934065934067,1.5141676539067008,-0.2528165904644271,33,"{""2018"": -67.3, ""2019"": 81.4, ""2020"": 1732.3, ""2021"": 71.7, ""2022"": -93.8, ""2023"": 288.1, ""2024"": -1.0, ""2025"": 63.6, ""2026"": -0.3}"
2 kruising,EMA 10/30,3.0,BTC,0.48498968398030384,-0.964157305966945,2.3744863602695654,-0.5142444531927096,0.1873517076334339,-0.7532975453830939,1.0900792007990647,5.145976831559174,0.3333333333333333,2.1153598671422413,-0.21715884676482514,33,"{""2018"": -83.7, ""2019"": 478.4, ""2020"": 1413.3, ""2021"": 34.5, ""2022"": -92.0, ""2023"": 574.0, ""2024"": 110.7, ""2025"": -14.5, ""2026"": -11.1}"
2 kruising,EMA 10/30,3.0,5 munten,0.7229324139243236,-0.9792833555794,2.7014348244126527,-0.6543776076592456,0.5538160931442528,-0.7703013459658351,1.5488553773044043,25.72988415779587,0.26666666666666666,2.723838971744705,-0.26115120479977666,33,"{""2018"": -75.7, ""2019"": 107.0, ""2020"": 1037.4, ""2021"": 1766.4, ""2022"": -89.3, ""2023"": 122.0, ""2024"": 235.8, ""2025"": 8.2, ""2026"": -14.4}"
2 kruising,EMA 10/30,3.0,10 munten,1.130411165648506,-0.981892918741751,2.888176281964678,-0.1541426678979947,-0.11186784814515538,-0.9170923816825981,0.8394890211273687,45.17024107701941,0.22784810126582278,2.6649524185782347,-0.29156585310686434,33,"{""2018"": -75.7, ""2019"": 156.3, ""2020"": 1054.7, ""2021"": 2479.8, ""2022"": -90.2, ""2023"": 346.1, ""2024"": 60.8, ""2025"": -49.2, ""2026"": -15.0}"
2 kruising,SMA 10/50,1.0,BTC+ETH,0.5027647507254336,-0.5280095845014209,2.6070093062878255,2.1833493208308745,0.25936519299151195,-0.39116432925972866,1.372837885930589,8.805338134001252,0.44155844155844154,0.460991053752207,-0.09602674893516659,34,"{""2018"": -38.1, ""2019"": 26.6, ""2020"": 365.0, ""2021"": 174.3, ""2022"": -33.0, ""2023"": 66.4, ""2024"": 29.2, ""2025"": 21.5, ""2026"": 19.9}"
2 kruising,SMA 10/50,1.0,BTC,0.4081227309559272,-0.5393431278364823,2.3701621821504495,1.307240246445915,0.1881779361715219,-0.3978085315783243,1.138196718440364,4.574201628052599,0.425,0.462532921425121,-0.09283522365057693,34,"{""2018"": -47.4, ""2019"": 94.0, ""2020"": 270.9, ""2021"": 66.3, ""2022"": -35.7, ""2023"": 89.7, ""2024"": 43.8, ""2025"": 0.2, ""2026"": 11.4}"
2 kruising,SMA 10/50,1.0,5 munten,0.7536295208188666,-0.48615746210250443,3.2735477727211335,3.4691287100307253,0.32550478174768327,-0.33574567296849,1.614635197320891,21.61310269254853,0.4074074074074074,0.7288817895275628,-0.09144203631587021,34,"{""2018"": -37.0, ""2019"": 36.8, ""2020"": 303.2, ""2021"": 683.2, ""2022"": -23.8, ""2023"": 38.9, ""2024"": 72.7, ""2025"": 13.7, ""2026"": 7.7}"
2 kruising,SMA 10/50,1.0,10 munten,1.072513005858462,-0.48615746210250443,3.5855776529086767,6.9998466341034495,0.19138111387280943,-0.4166652027825135,1.063700735256528,37.965873512836566,0.3795180722891566,0.869019435633475,-0.10637063614428079,34,"{""2018"": -37.0, ""2019"": 41.8, ""2020"": 292.1, ""2021"": 1722.0, ""2022"": -37.4, ""2023"": 89.2, ""2024"": 52.8, ""2025"": 0.4, ""2026"": 3.2}"
2 kruising,SMA 10/50,1.5,BTC+ETH,0.41924033931228055,-0.6947670028881079,2.0735896983125413,0.5392296113938952,0.214155472518212,-0.5411849523220268,1.0415848760202864,8.805338134001252,0.4155844155844156,0.6146112357453328,-0.1459056516179089,34,"{""2018"": -53.8, ""2019"": 11.9, ""2020"": 525.6, ""2021"": 144.2, ""2022"": -47.3, ""2023"": 87.1, ""2024"": 15.1, ""2025"": 22.0, ""2026"": 21.4}"
2 kruising,SMA 10/50,1.5,BTC,0.3087842547076052,-0.7520833872372916,1.7972975208089175,-0.027920027684786963,0.12393048893270375,-0.5694813418076574,0.7970218644334736,4.574201628052599,0.375,0.6751971656329311,-0.13509587783281612,34,"{""2018"": -64.6, ""2019"": 108.1, ""2020"": 395.8, ""2021"": 20.4, ""2022"": -50.5, ""2023"": 126.3, ""2024"": 35.8, ""2025"": -7.2, ""2026"": 9.4}"
2 kruising,SMA 10/50,1.5,5 munten,0.7564650122711052,-0.6489329048171757,2.7050977268245826,1.6430566109048104,0.30123733006744025,-0.49112300282291754,1.2609181138619354,21.61310269254853,0.36507936507936506,1.0433721549539021,-0.13823491938659263,34,"{""2018"": -52.7, ""2019"": 34.5, ""2020"": 413.1, ""2021"": 884.2, ""2022"": -36.5, ""2023"": 42.4, ""2024"": 73.3, ""2025"": 10.2, ""2026"": 3.7}"
2 kruising,SMA 10/50,1.5,10 munten,1.1480124530968046,-0.6813980127326785,2.9320002443255184,5.038178616886139,0.08995214659807815,-0.5867850315865452,0.7318324779149196,37.965873512836566,0.3313253012048193,1.2598487558892668,-0.16225760418503335,34,"{""2018"": -52.7, ""2019"": 42.0, ""2020"": 394.4, ""2021"": 2611.2, ""2022"": -53.8, ""2023"": 121.3, ""2024"": 39.3, ""2025"": -9.9, ""2026"": -2.4}"
2 kruising,SMA 10/50,2.0,BTC+ETH,0.3957268074567408,-0.8043640719043501,2.0569947655983416,-0.09101715466755866,0.23751431546522284,-0.6582226147243893,1.073986197083257,8.805338134001252,0.4025974025974026,0.8598432145219379,-0.19297582921863457,34,"{""2018"": -65.2, ""2019"": 2.5, ""2020"": 896.0, ""2021"": 133.7, ""2022"": -61.8, ""2023"": 119.1, ""2024"": 16.2, ""2025"": 23.6, ""2026"": 25.0}"
2 kruising,SMA 10/50,2.0,BTC,0.28530753715290436,-0.8675537491838947,1.792029271341532,-0.4827581245435768,0.12572964306756051,-0.6798080765197488,0.8345349935648416,4.574201628052599,0.35,1.073447049009167,-0.17501128698190824,34,"{""2018"": -76.8, ""2019"": 130.0, ""2020"": 651.2, ""2021"": 7.7, ""2022"": -64.4, ""2023"": 186.7, ""2024"": 45.7, ""2025"": -12.6, ""2026"": 8.7}"
2 kruising,SMA 10/50,2.0,5 munten,0.930389709964621,-0.7622268991642832,2.7646092036629955,1.1066698033963314,0.3272118780098523,-0.6127454659098304,1.24145486566024,21.61310269254853,0.3544973544973545,1.6290683680315081,-0.18900157659956027,34,"{""2018"": -64.6, ""2019"": 40.2, ""2020"": 678.9, ""2021"": 1614.1, ""2022"": -50.3, ""2023"": 54.6, ""2024"": 86.4, ""2025"": 8.2, ""2026"": 2.5}"
2 kruising,SMA 10/50,2.0,10 munten,1.3362641118100549,-0.8115160256147445,2.8590305139910575,3.378219718584039,0.014974906930816934,-0.7258984804207338,0.6925827720185286,37.965873512836566,0.3132530120481928,1.772943062042927,-0.21868722379461977,34,"{""2018"": -64.6, ""2019"": 48.7, ""2020"": 648.3, ""2021"": 4294.9, ""2022"": -66.6, ""2023"": 157.3, ""2024"": 30.7, ""2025"": -18.9, ""2026"": -5.9}"
2 kruising,SMA 10/50,3.0,BTC+ETH,0.1932140392981685,-0.9484853611188572,2.157817512134188,-0.8454980063559762,0.16174676867006532,-0.8104965074577727,1.091730012181005,8.805338134001252,0.35064935064935066,1.5065774647932517,-0.2753921939047404,34,"{""2018"": -81.0, ""2019"": -26.9, ""2020"": 1995.8, ""2021"": 61.9, ""2022"": -79.3, ""2023"": 172.1, ""2024"": -3.8, ""2025"": 22.9, ""2026"": 27.7}"
2 kruising,SMA 10/50,3.0,BTC,0.09777206331887478,-0.9670436300226964,1.851350309235224,-0.921144952465869,-0.009113463397770638,-0.8450517666562822,0.7858986565896825,4.574201628052599,0.3,2.1051506545334515,-0.24713829562767559,34,"{""2018"": -90.5, ""2019"": 174.8, ""2020"": 1328.8, ""2021"": -38.2, ""2022"": -80.8, ""2023"": 279.8, ""2024"": 20.9, ""2025"": -25.7, ""2026"": 8.6}"
2 kruising,SMA 10/50,3.0,5 munten,0.8317362554232817,-0.9479692198788415,2.7954116978355112,-0.5041318820428096,0.2904852347412077,-0.7821420789111397,1.2787789829045735,21.61310269254853,0.30687830687830686,2.588108951455009,-0.28468504721958465,34,"{""2018"": -81.2, ""2019"": 33.9, ""2020"": 1336.3, ""2021"": 1968.8, ""2022"": -69.9, ""2023"": 64.9, ""2024"": 99.5, ""2025"": -1.0, ""2026"": -5.5}"
2 kruising,SMA 10/50,3.0,10 munten,1.073351017992715,-0.9702017995342022,2.861688157803321,-0.38202572028966675,-0.20021119893965822,-0.9026722491610392,0.7071478377658239,37.965873512836566,0.25,2.8404531363092635,-0.3272298430689349,34,"{""2018"": -81.2, ""2019"": 41.1, ""2020"": 1312.8, ""2021"": 3358.7, ""2022"": -83.8, ""2023"": 232.0, ""2024"": 6.5, ""2025"": -43.1, ""2026"": -16.1}"
2 kruising,EMA 10/50,1.0,BTC+ETH,0.5254396752480948,-0.49017086256084585,2.7074900977950564,2.482409596818415,0.24144778291075997,-0.372780435374781,1.3130208040067666,7.547432686286788,0.42424242424242425,0.5793943392927572,-0.09331302880377389,35,"{""2018"": -27.3, ""2019"": 45.4, ""2020"": 296.7, ""2021"": 191.0, ""2022"": -33.2, ""2023"": 54.1, ""2024"": 26.2, ""2025"": 22.5, ""2026"": 16.5}"
2 kruising,EMA 10/50,1.0,BTC,0.4402202847150627,-0.49730984163541625,2.50507635596346,1.6410788680641235,0.2552116200674732,-0.34349630294956157,1.405496753333258,3.888071383844709,0.4411764705882353,0.5044693603629776,-0.08724227381680576,35,"{""2018"": -43.2, ""2019"": 121.1, ""2020"": 254.6, ""2021"": 76.9, ""2022"": -36.7, ""2023"": 76.4, ""2024"": 55.0, ""2025"": 4.9, ""2026"": 13.5}"
2 kruising,EMA 10/50,1.0,5 munten,0.7191397629262868,-0.48493098065670714,3.205708534351659,2.918369994447044,0.3251040912915333,-0.3421777058930664,1.6068003963055382,19.32600187852223,0.3668639053254438,0.9432443293040924,-0.08477680126172082,35,"{""2018"": -26.1, ""2019"": 53.2, ""2020"": 225.4, ""2021"": 657.3, ""2022"": -31.4, ""2023"": 35.1, ""2024"": 83.8, ""2025"": 4.9, ""2026"": 7.5}"
2 kruising,EMA 10/50,1.0,10 munten,1.0437623276389867,-0.5590923464236255,3.559470147099571,6.239785766302049,0.17747772166386788,-0.4333980657766019,1.018327191187997,35.56441765810896,0.3311897106109325,1.9124128631407413,-0.1000847355261558,35,"{""2018"": -26.1, ""2019"": 58.6, ""2020"": 230.0, ""2021"": 1697.3, ""2022"": -43.6, ""2023"": 79.5, ""2024"": 62.1, ""2025"": -19.1, ""2026"": 15.7}"
2 kruising,EMA 10/50,1.5,BTC+ETH,0.4465319244864061,-0.6936718413050629,2.1442350727136734,0.7629158019441331,0.2034502766505617,-0.5362165922196264,1.0206197870941942,7.547432686286788,0.3939393939393939,0.7312703147552028,-0.13964235589048873,35,"{""2018"": -39.7, ""2019"": 44.3, ""2020"": 401.6, ""2021"": 143.1, ""2022"": -48.0, ""2023"": 65.9, ""2024"": 11.0, ""2025"": 26.4, ""2026"": 17.6}"
2 kruising,EMA 10/50,1.5,BTC,0.34488171235956044,-0.7204199327259162,1.8977338826143355,0.12425046320089117,0.24308731491542446,-0.4998905000028966,1.1412295943211095,3.888071383844709,0.38235294117647056,0.7349263565201587,-0.12527744607222244,35,"{""2018"": -59.8, ""2019"": 167.5, ""2020"": 352.2, ""2021"": 24.4, ""2022"": -51.6, ""2023"": 98.0, ""2024"": 54.2, ""2025"": 1.3, ""2026"": 14.6}"
2 kruising,EMA 10/50,1.5,5 munten,0.7132888234767611,-0.696616603476322,2.6351028481403813,1.2730633427832512,0.3171760461168982,-0.5086372609893669,1.2967180135318221,19.32600187852223,0.3136094674556213,1.3285881784230231,-0.13021677410802776,35,"{""2018"": -38.5, ""2019"": 66.6, ""2020"": 270.6, ""2021"": 798.7, ""2022"": -45.8, ""2023"": 37.6, ""2024"": 91.2, ""2025"": -1.7, ""2026"": 6.0}"
2 kruising,EMA 10/50,1.5,10 munten,1.11485652868256,-0.7454598365764471,2.8979950865542823,4.366981471882208,0.08077431705108418,-0.6368028032417811,0.7092673268820413,35.56441765810896,0.27009646302250806,2.9515786933404042,-0.15422382592982656,35,"{""2018"": -38.5, ""2019"": 73.8, ""2020"": 273.1, ""2021"": 2513.7, ""2022"": -60.0, ""2023"": 104.7, ""2024"": 51.7, ""2025"": -34.3, ""2026"": 18.4}"
2 kruising,EMA 10/50,2.0,BTC+ETH,0.4545726281722957,-0.8255188373335273,2.155464253695123,0.13114268802513585,0.2168952529296897,-0.6563353930527036,1.0399680113958187,7.547432686286788,0.3939393939393939,0.971588048153959,-0.1861658022181281,35,"{""2018"": -50.6, ""2019"": 38.8, ""2020"": 639.8, ""2021"": 157.3, ""2022"": -60.7, ""2023"": 83.9, ""2024"": 8.2, ""2025"": 28.2, ""2026"": 22.2}"
2 kruising,EMA 10/50,2.0,BTC,0.34319632199513816,-0.8380684855197597,1.903557502266811,-0.313402231484488,0.2964211703994666,-0.6113532707595986,1.1912343271893844,3.888071383844709,0.38235294117647056,1.0799912618963003,-0.16759970900856896,35,"{""2018"": -71.7, ""2019"": 210.9, ""2020"": 572.9, ""2021"": 13.9, ""2022"": -63.8, ""2023"": 134.1, ""2024"": 69.9, ""2025"": -1.5, ""2026"": 19.3}"
2 kruising,EMA 10/50,2.0,5 munten,0.8661025674075518,-0.8292609396513058,2.685414708176246,0.6963565537857803,0.37865321030106824,-0.6224807462132274,1.3275924910313623,19.32600187852223,0.27218934911242604,2.3422279861912743,-0.17498623581944142,35,"{""2018"": -50.2, ""2019"": 81.0, ""2020"": 409.8, ""2021"": 1468.0, ""2022"": -58.3, ""2023"": 41.8, ""2024"": 122.7, ""2025"": -7.1, ""2026"": 6.6}"
2 kruising,EMA 10/50,2.0,10 munten,1.256581297504503,-0.8592735325572272,2.7991915729364854,2.879709696675071,0.02806323034014868,-0.7606539303832612,0.7202124631041803,35.56441765810896,0.2379421221864952,3.182080415445994,-0.2091511626867379,35,"{""2018"": -50.2, ""2019"": 90.0, ""2020"": 405.8, ""2021"": 3925.4, ""2022"": -71.7, ""2023"": 127.2, ""2024"": 52.2, ""2025"": -45.7, ""2026"": 22.6}"
2 kruising,EMA 10/50,3.0,BTC+ETH,0.28249535551809113,-0.9551863118433888,2.2595908445505057,-0.7818606825865878,0.13238376939453378,-0.8162582271667492,1.0575207523194263,7.547432686286788,0.36363636363636365,1.4014179985810025,-0.2658484865505423,35,"{""2018"": -67.5, ""2019"": 19.9, ""2020"": 1206.7, ""2021"": 91.2, ""2022"": -77.9, ""2023"": 106.7, ""2024"": -11.3, ""2025"": 25.9, ""2026"": 23.9}"
2 kruising,EMA 10/50,3.0,BTC,0.21007480127887646,-0.9544085525396047,2.0065653327992985,-0.8576637268507998,0.1958185947798552,-0.7950282529900393,1.103654511962267,3.888071383844709,0.35294117647058826,1.9316522099546762,-0.23881654116299905,35,"{""2018"": -86.1, ""2019"": 291.3, ""2020"": 1166.2, ""2021"": -32.2, ""2022"": -78.4, ""2023"": 199.4, ""2024"": 54.5, ""2025"": -13.4, ""2026"": 18.2}"
2 kruising,EMA 10/50,3.0,5 munten,0.7530761763956884,-0.9747112594325773,2.7162972762232305,-0.6149429341174042,0.3606190473738977,-0.7988877530500431,1.361542959561727,19.32600187852223,0.23076923076923078,3.380774861839833,-0.27175371824314654,35,"{""2018"": -68.9, ""2019"": 103.3, ""2020"": 623.7, ""2021"": 1730.9, ""2022"": -75.5, ""2023"": 43.5, ""2024"": 154.5, ""2025"": -22.1, ""2026"": 3.0}"
2 kruising,EMA 10/50,3.0,10 munten,0.9691321414317091,-0.9836962134167087,2.7928114196882228,-0.49747250967511825,-0.16743815054933964,-0.9147120971539204,0.7656633377855607,35.56441765810896,0.19614147909967847,3.3450283553366584,-0.3228488699137787,35,"{""2018"": -68.9, ""2019"": 110.2, ""2020"": 643.3, ""2021"": 2886.5, ""2022"": -86.7, ""2023"": 172.2, ""2024"": 32.7, ""2025"": -67.9, ""2026"": 29.2}"
2 kruising,SMA 20/50,1.0,BTC+ETH,0.40018296739845427,-0.5506990872667057,2.2500595428556665,1.0833499706484315,0.24177398001124195,-0.37729421189728474,1.2961543201403798,7.433077645585473,0.4461538461538462,0.5874383681977933,-0.1163274649697586,36,"{""2018"": -31.7, ""2019"": 20.4, ""2020"": 266.7, ""2021"": 214.0, ""2022"": -43.1, ""2023"": 39.2, ""2024"": 30.9, ""2025"": 29.0, ""2026"": 6.4}"
2 kruising,SMA 20/50,1.0,BTC,0.2812240851135248,-0.5854546406898147,1.8688060106090811,0.3096686287997823,0.19450895894605003,-0.38562765876674,1.1341882947060782,4.116781465247339,0.3888888888888889,0.5420600322684138,-0.10250477874141661,36,"{""2018"": -47.9, ""2019"": 52.6, ""2020"": 238.8, ""2021"": 99.7, ""2022"": -47.2, ""2023"": 52.7, ""2024"": 35.4, ""2025"": 9.4, ""2026"": 8.8}"
2 kruising,SMA 20/50,1.0,5 munten,0.7014204783746958,-0.5080287952141755,3.1215089995974017,2.5198817061448504,0.26011609241550215,-0.35538011429223204,1.3801757834918467,18.068096430807763,0.4240506329113924,0.8674729798736657,-0.09969958705884975,36,"{""2018"": -36.5, ""2019"": 46.9, ""2020"": 263.2, ""2021"": 652.2, ""2022"": -27.6, ""2023"": 31.6, ""2024"": 56.6, ""2025"": 17.3, ""2026"": -0.2}"
2 kruising,SMA 20/50,1.0,10 munten,0.9754889674394387,-0.5730894296127318,3.4046170456034917,4.815659048633727,0.11181990088085936,-0.45027128978066566,0.7718080573504028,32.47683155917345,0.3908450704225352,0.9893267895722828,-0.12103867018300339,36,"{""2018"": -36.5, ""2019"": 47.8, ""2020"": 234.2, ""2021"": 1702.6, ""2022"": -40.3, ""2023"": 70.0, ""2024"": 38.3, ""2025"": -3.0, ""2026"": -2.5}"
2 kruising,SMA 20/50,1.5,BTC+ETH,0.2710957281371569,-0.7425402294748175,1.7143801803937144,-0.1797859595110527,0.20097025025838233,-0.5476211126617743,1.0059550589744837,7.433077645585473,0.4153846153846154,0.760206386428846,-0.17658034907751227,36,"{""2018"": -46.2, ""2019"": 4.7, ""2020"": 347.1, ""2021"": 176.9, ""2022"": -59.0, ""2023"": 46.5, ""2024"": 16.8, ""2025"": 39.8, ""2026"": -0.1}"
2 kruising,SMA 20/50,1.5,BTC,0.1394828854201422,-0.7749124894688308,1.3040112393139285,-0.5834785652755563,0.13759317900629497,-0.5569919104996132,0.8363184651677585,4.116781465247339,0.3333333333333333,0.8248374867040448,-0.1505967288573193,36,"{""2018"": -65.8, ""2019"": 49.2, ""2020"": 331.4, ""2021"": 59.5, ""2022"": -63.6, ""2023"": 66.9, ""2024"": 24.1, ""2025"": 8.6, ""2026"": 4.1}"
2 kruising,SMA 20/50,1.5,5 munten,0.6927043412146534,-0.7093045428840079,2.583992051209982,0.9410964780546811,0.2042199837845824,-0.5253811409973406,1.0203195293393976,18.068096430807763,0.379746835443038,1.1783269602853257,-0.1615512100730221,36,"{""2018"": -52.0, ""2019"": 51.6, ""2020"": 356.2, ""2021"": 811.3, ""2022"": -41.0, ""2023"": 32.3, ""2024"": 51.0, ""2025"": 14.7, ""2026"": -7.9}"
2 kruising,SMA 20/50,1.5,10 munten,1.0094919873492691,-0.7640474135520579,2.772531075380183,2.929313279618058,-0.015337660391331776,-0.6545457369712525,0.4477822269183688,32.47683155917345,0.3274647887323944,1.4613156116788566,-0.18865283725229393,36,"{""2018"": -52.0, ""2019"": 52.5, ""2020"": 305.6, ""2021"": 2502.7, ""2022"": -56.6, ""2023"": 87.0, ""2024"": 20.4, ""2025"": -13.5, ""2026"": -11.1}"
2 kruising,SMA 20/50,2.0,BTC+ETH,0.21729065284154747,-0.8705543930075362,1.7265961974159918,-0.5965725773198419,0.20045407654131342,-0.6522372235993568,1.0054725308380388,7.433077645585473,0.38461538461538464,1.1250093759657667,-0.223679353846844,36,"{""2018"": -58.4, ""2019"": -6.1, ""2020"": 543.9, ""2021"": 199.6, ""2022"": -72.4, ""2023"": 55.6, ""2024"": 16.0, ""2025"": 45.1, ""2026"": -3.6}"
2 kruising,SMA 20/50,2.0,BTC,0.0697129222640478,-0.8847540450246875,1.3052624208381884,-0.8280509995674071,0.15143000669857387,-0.6602671547486285,0.9008607970920727,4.116781465247339,0.3055555555555556,1.3621452755498487,-0.19235131667911745,36,"{""2018"": -78.1, ""2019"": 47.0, ""2020"": 536.3, ""2021"": 58.5, ""2022"": -76.1, ""2023"": 87.1, ""2024"": 28.3, ""2025"": 8.0, ""2026"": 4.0}"
2 kruising,SMA 20/50,2.0,5 munten,0.8393953860102155,-0.8394408232117008,2.6496523733305724,0.3924553885772364,0.17707814594672322,-0.6477688277159679,0.9644699726293654,18.068096430807763,0.34177215189873417,1.9569194498842029,-0.21090935687970297,36,"{""2018"": -64.6, ""2019"": 61.9, ""2020"": 570.5, ""2021"": 1477.0, ""2022"": -53.5, ""2023"": 38.3, ""2024"": 49.9, ""2025"": 12.0, ""2026"": -12.0}"
2 kruising,SMA 20/50,2.0,10 munten,1.1301767757743257,-0.8712934351524193,2.71226808102878,1.8450848405493847,-0.131335948031995,-0.7917498235854603,0.3713262341083935,32.47683155917345,0.29577464788732394,2.110016731721295,-0.24972448753390303,36,"{""2018"": -64.6, ""2019"": 61.1, ""2020"": 475.4, ""2021"": 3938.7, ""2022"": -68.5, ""2023"": 110.0, ""2024"": 3.9, ""2025"": -25.5, ""2026"": -16.3}"
2 kruising,SMA 20/50,3.0,BTC+ETH,-0.03017448314100113,-0.9767608355665837,1.806373846561873,-0.9556017782753676,0.09367117100250266,-0.814452959928563,1.0105829269359565,7.433077645585473,0.3384615384615385,1.6945903495385786,-0.3102982931395065,36,"{""2018"": -74.9, ""2019"": -42.0, ""2020"": 1142.4, ""2021"": 130.3, ""2022"": -87.2, ""2023"": 54.7, ""2024"": -6.0, ""2025"": 56.7, ""2026"": -15.4}"
2 kruising,SMA 20/50,3.0,BTC,-0.17668956719902285,-0.975710356697504,1.3423715889323329,-0.9859508095636743,0.0017995883863528572,-0.8242759620568995,0.8473152491816822,4.116781465247339,0.3055555555555556,2.2875520423929387,-0.286939246386398,36,"{""2018"": -91.1, ""2019"": 30.2, ""2020"": 1030.0, ""2021"": 8.4, ""2022"": -89.5, ""2023"": 100.1, ""2024"": 2.3, ""2025"": 1.0, ""2026"": -5.7}"
2 kruising,SMA 20/50,3.0,5 munten,0.7146073890219937,-0.9726090990618343,2.68004210412497,-0.6788672955865197,0.03456520798931617,-0.8156365064561633,0.941127074939594,18.068096430807763,0.2721518987341772,2.830144762064775,-0.3066378317089509,36,"{""2018"": -80.8, ""2019"": 53.2, ""2020"": 1125.4, ""2021"": 1778.6, ""2022"": -72.9, ""2023"": 39.7, ""2024"": 32.4, ""2025"": 0.3, ""2026"": -24.1}"
2 kruising,SMA 20/50,3.0,10 munten,0.8122689333693405,-0.9837502124215288,2.717147006508504,-0.6516751275059482,-0.38009120013907494,-0.9338980257772826,0.35568260749724706,32.47683155917345,0.22535211267605634,3.130992806230693,-0.3667207883824575,36,"{""2018"": -80.8, ""2019"": 46.1, ""2020"": 938.6, ""2021"": 2941.3, ""2022"": -85.2, ""2023"": 143.5, ""2024"": -28.4, ""2025"": -50.0, ""2026"": -29.8}"
2 kruising,EMA 20/50,1.0,BTC+ETH,0.4990890787544371,-0.5680788474466719,2.5771874104526113,2.1368897503293374,0.2437809185751305,-0.36512795626396166,1.3244738063433275,5.7177520350657485,0.4,0.8495217094096148,-0.10994751006085392,37,"{""2018"": -32.6, ""2019"": 69.7, ""2020"": 228.4, ""2021"": 211.9, ""2022"": -41.8, ""2023"": 65.7, ""2024"": 34.6, ""2025"": 22.1, ""2026"": 9.8}"
2 kruising,EMA 20/50,1.0,BTC,0.45716489657578063,-0.515820114846036,2.5586831960704206,1.8328969849552377,0.1818502805363693,-0.40677904022710354,1.1006306406571404,2.8588760175328742,0.4,0.7474474871691607,-0.1045024653207034,37,"{""2018"": -39.6, ""2019"": 120.1, ""2020"": 234.6, ""2021"": 91.4, ""2022"": -38.9, ""2023"": 81.2, ""2024"": 52.3, ""2025"": -1.5, ""2026"": 4.4}"
2 kruising,EMA 20/50,1.0,5 munten,0.6597361740679146,-0.53097378706415,3.0080230916602715,2.0995122703610067,0.30441467238676334,-0.34064180776341735,1.524843538710082,14.408735128365686,0.38095238095238093,1.207851595791522,-0.107781120200974,37,"{""2018"": -29.4, ""2019"": 63.8, ""2020"": 188.2, ""2021"": 636.7, ""2022"": -36.3, ""2023"": 34.0, ""2024"": 78.3, ""2025"": 5.3, ""2026"": 5.5}"
2 kruising,EMA 20/50,1.0,10 munten,0.9396908408025502,-0.5887977949530783,3.3397869650692846,4.166011474094756,0.21562539188502994,-0.3805469129562774,1.1447070173143554,26.072949279899813,0.3333333333333333,2.5156105563445967,-0.12090238139741515,37,"{""2018"": -29.4, ""2019"": 63.4, ""2020"": 185.6, ""2021"": 1531.5, ""2022"": -39.7, ""2023"": 58.6, ""2024"": 61.8, ""2025"": -12.1, ""2026"": 14.8}"
2 kruising,EMA 20/50,1.5,BTC+ETH,0.38476059518887573,-0.7525383380941164,1.9976274286361835,0.32665226711212214,0.20000646488393992,-0.5323713300086412,1.0115760964730964,5.7177520350657485,0.38,1.0329184414198969,-0.17315783244536254,37,"{""2018"": -46.5, ""2019"": 84.1, ""2020"": 259.3, ""2021"": 154.7, ""2022"": -57.4, ""2023"": 83.3, ""2024"": 20.2, ""2025"": 25.4, ""2026"": 8.1}"
2 kruising,EMA 20/50,1.5,BTC,0.3664608496245365,-0.7031256957761698,1.9533527770106236,0.24599898398384612,0.12826601221961598,-0.5749165891368788,0.8103425300597197,2.8588760175328742,0.36,1.0266999109486625,-0.15957718420064188,37,"{""2018"": -55.5, ""2019"": 162.9, ""2020"": 309.0, ""2021"": 40.7, ""2022"": -54.1, ""2023"": 106.6, ""2024"": 47.0, ""2025"": -8.2, ""2026"": 1.6}"
2 kruising,EMA 20/50,1.5,5 munten,0.614034386584593,-0.7522608921660647,2.4395881949210496,0.5381997580270204,0.27541096524140607,-0.5044558223967472,1.1950536147340323,14.408735128365686,0.3253968253968254,1.5638572730444618,-0.1690498988022902,37,"{""2018"": -43.5, ""2019"": 84.7, ""2020"": 205.9, ""2021"": 750.8, ""2022"": -51.4, ""2023"": 34.9, ""2024"": 83.7, ""2025"": -4.3, ""2026"": 3.4}"
2 kruising,EMA 20/50,1.5,10 munten,0.9479752506485235,-0.7734485689269522,2.695649345445597,2.1851945821686787,0.1216152184008985,-0.5882202484696663,0.8196795117510413,26.072949279899813,0.2850877192982456,3.4950963562707025,-0.19534606941473523,37,"{""2018"": -43.5, ""2019"": 83.3, ""2020"": 200.9, ""2021"": 2106.7, ""2022"": -55.5, ""2023"": 70.5, ""2024"": 49.8, ""2025"": -27.1, ""2026"": 17.0}"
2 kruising,EMA 20/50,2.0,BTC+ETH,0.3748467608474986,-0.8718265134240051,2.03316855134514,-0.22878111952983127,0.18975218113872439,-0.6515271871061987,0.9860532674017078,5.7177520350657485,0.36,1.4275073350843872,-0.22228638300627943,37,"{""2018"": -57.0, ""2019"": 86.1, ""2020"": 393.7, ""2021"": 161.1, ""2022"": -69.2, ""2023"": 112.5, ""2024"": 19.8, ""2025"": 21.1, ""2026"": 9.1}"
2 kruising,EMA 20/50,2.0,BTC,0.3848693141344359,-0.8379104059694352,1.9876259582222893,-0.19095861659210578,0.10537800112770923,-0.690859273839145,0.7943549023907036,2.8588760175328742,0.36,1.4532526920199642,-0.21060172382805664,37,"{""2018"": -66.5, ""2019"": 205.9, ""2020"": 527.9, ""2021"": 24.0, ""2022"": -65.5, ""2023"": 149.7, ""2024"": 53.1, ""2025"": -16.6, ""2026"": 0.8}"
2 kruising,EMA 20/50,2.0,5 munten,0.7357120898863341,-0.8712548392739098,2.5271590698595268,0.06624695546370951,0.27390193446717004,-0.6292303099304262,1.1514089016680422,14.408735128365686,0.29365079365079366,2.3812489379482855,-0.22426283545614029,37,"{""2018"": -54.4, ""2019"": 105.1, ""2020"": 300.6, ""2021"": 1326.2, ""2022"": -63.2, ""2023"": 40.0, ""2024"": 97.5, ""2025"": -13.7, ""2026"": 3.9}"
2 kruising,EMA 20/50,2.0,10 munten,1.050880959416662,-0.885198696385081,2.638970216259465,1.4899229683926936,0.04881696861341256,-0.7340620190616953,0.7771432753252604,26.072949279899813,0.2631578947368421,3.3044221516242276,-0.2620248347315749,37,"{""2018"": -54.4, ""2019"": 100.4, ""2020"": 291.6, ""2021"": 3040.3, ""2022"": -66.3, ""2023"": 83.9, ""2024"": 42.6, ""2025"": -40.8, ""2026"": 22.9}"
2 kruising,EMA 20/50,3.0,BTC+ETH,0.13561984419292927,-0.9756201803820284,2.0914865634568045,-0.8992351884415912,0.13242892074209722,-0.8101259685840354,1.0547109084456576,5.7177520350657485,0.32,1.8825654454141472,-0.31220908351652804,37,"{""2018"": -74.0, ""2019"": 81.6, ""2020"": 673.2, ""2021"": 58.1, ""2022"": -84.6, ""2023"": 140.7, ""2024"": 4.5, ""2025"": 19.5, ""2026"": 9.8}"
2 kruising,EMA 20/50,3.0,BTC,0.22174288008806764,-0.9575661489667862,2.0280636047270484,-0.8502232095948333,-0.012820429064245631,-0.852453372742748,0.796986767370112,2.8588760175328742,0.36,2.15575098046817,-0.31142741068214647,37,"{""2018"": -82.3, ""2019"": 288.0, ""2020"": 994.8, ""2021"": -27.0, ""2022"": -80.3, ""2023"": 195.1, ""2024"": 36.9, ""2025"": -30.7, ""2026"": -1.4}"
2 kruising,EMA 20/50,3.0,5 munten,0.5405095651785439,-0.9852498656503113,2.553873853635457,-0.8083900786049762,0.22822525646209013,-0.7954008052484474,1.2218959214070575,14.408735128365686,0.25396825396825395,2.48031590546659,-0.3428768250707018,37,"{""2018"": -72.9, ""2019"": 141.1, ""2020"": 432.1, ""2021"": 1338.6, ""2022"": -80.1, ""2023"": 36.5, ""2024"": 131.1, ""2025"": -33.3, ""2026"": -0.3}"
2 kruising,EMA 20/50,3.0,10 munten,0.6794523831304027,-0.9904911821216734,2.633265287742178,-0.7481580660169211,-0.1722389851987196,-0.9086954028412255,0.7853538055150642,26.072949279899813,0.21052631578947367,2.740533562333834,-0.395419259662622,37,"{""2018"": -72.9, ""2019"": 123.6, ""2020"": 422.1, ""2021"": 1775.7, ""2022"": -82.4, ""2023"": 94.5, ""2024"": 22.1, ""2025"": -66.7, ""2026"": 28.1}"
2 kruising,SMA 20/100,1.0,BTC+ETH,0.3717407786603222,-0.6122832725347401,2.1395671716388676,0.8424106984261615,0.2396362260407634,-0.4099877882823868,1.3004112123048466,3.888071383844709,0.47058823529411764,1.1158073306267995,-0.1817292776291353,38,"{""2018"": -33.1, ""2019"": 83.7, ""2020"": 128.6, ""2021"": 134.5, ""2022"": -30.2, ""2023"": 44.5, ""2024"": 36.9, ""2025"": 25.9, ""2026"": 3.7}"
2 kruising,SMA 20/100,1.0,BTC,0.36254079788671745,-0.6007859725404576,2.1792468630910857,0.8941758009474046,0.14022984670216876,-0.40326411404844364,0.9185843128935417,1.9440356919223545,0.47058823529411764,0.9124427540408423,-0.18221976142370824,38,"{""2018"": -33.1, ""2019"": 170.1, ""2020"": 71.7, ""2021"": 50.9, ""2022"": -14.3, ""2023"": 57.0, ""2024"": 53.2, ""2025"": 9.8, ""2026"": -15.6}"
2 kruising,SMA 20/100,1.0,5 munten,0.41169589889991554,-0.6470984915065419,2.2173547029107374,0.3198475882881431,0.28195187470187943,-0.343071061531674,1.4332285748659372,10.291953663118347,0.4111111111111111,1.5559409978739067,-0.17277229300147554,38,"{""2018"": -34.3, ""2019"": 60.8, ""2020"": 56.8, ""2021"": 449.0, ""2022"": -35.7, ""2023"": 32.7, ""2024"": 68.2, ""2025"": 5.9, ""2026"": 6.0}"
2 kruising,SMA 20/100,1.0,10 munten,0.6685852801458336,-0.6110646371917894,2.716568657164548,1.0711829805350748,0.15738042414082654,-0.4188114938610782,0.9319976836504227,19.0972917971196,0.38922155688622756,2.280077716768813,-0.18255976706740284,38,"{""2018"": -34.3, ""2019"": 59.0, ""2020"": 66.7, ""2021"": 1195.5, ""2022"": -42.5, ""2023"": 57.4, ""2024"": 56.7, ""2025"": -18.6, ""2026"": 11.7}"
2 kruising,SMA 20/100,1.5,BTC+ETH,0.21977308662424622,-0.8154010425064575,1.6457913614452693,-0.38943083582195026,0.18173219656201955,-0.5884452394102856,0.9603328311423744,3.888071383844709,0.4117647058823529,1.3870783585664872,-0.2628141317952726,38,"{""2018"": -47.5, ""2019"": 102.6, ""2020"": 99.5, ""2021"": 80.5, ""2022"": -42.3, ""2023"": 48.8, ""2024"": 20.8, ""2025"": 29.5, ""2026"": -0.2}"
2 kruising,SMA 20/100,1.5,BTC,0.2396421122796737,-0.8016746233072627,1.6590709509597998,-0.309312044117081,0.06035400632058274,-0.5840167412455859,0.6076427446667247,1.9440356919223545,0.4117647058823529,1.2758248724363335,-0.26364152008284025,38,"{""2018"": -47.6, ""2019"": 249.9, ""2020"": 47.6, ""2021"": 1.5, ""2022"": -21.9, ""2023"": 66.0, ""2024"": 45.6, ""2025"": 8.2, ""2026"": -26.6}"
2 kruising,SMA 20/100,1.5,5 munten,0.2398162468816707,-0.840892154545051,1.7012029824435482,-0.6227926888388855,0.22892129726918542,-0.5147182697350623,1.080063592354415,10.291953663118347,0.36666666666666664,1.8349284979137133,-0.2721345824051459,38,"{""2018"": -49.7, ""2019"": 72.7, ""2020"": 13.8, ""2021"": 449.0, ""2022"": -50.4, ""2023"": 31.3, ""2024"": 62.6, ""2025"": -3.8, ""2026"": 5.0}"
2 kruising,SMA 20/100,1.5,10 munten,0.5162011998189158,-0.8307185361180143,2.1519500802495717,-0.31152416687482065,0.03277741279836399,-0.6299558296655328,0.6060200926194477,19.0972917971196,0.3473053892215569,2.601408211430814,-0.2867573734461202,38,"{""2018"": -49.7, ""2019"": 69.2, ""2020"": 23.2, ""2021"": 1440.9, ""2022"": -58.0, ""2023"": 65.4, ""2024"": 38.9, ""2025"": -35.3, ""2026"": 13.0}"
2 kruising,SMA 20/100,2.0,BTC+ETH,0.1379172595658582,-0.9175738108069322,1.6899565993474122,-0.7571947584643434,0.19569062102744805,-0.7023086346314891,0.999102348228594,3.888071383844709,0.4117647058823529,1.6969657052583365,-0.33899885766156823,38,"{""2018"": -57.6, ""2019"": 130.3, ""2020"": 93.7, ""2021"": 48.5, ""2022"": -52.3, ""2023"": 62.2, ""2024"": 22.1, ""2025"": 32.5, ""2026"": -0.7}"
2 kruising,SMA 20/100,2.0,BTC,0.18743750308061813,-0.9105506809163683,1.6874560414934032,-0.6747114500986544,0.027435471186986193,-0.6952328307529025,0.620343900078458,1.9440356919223545,0.4117647058823529,1.731565244461219,-0.33731188426546294,38,"{""2018"": -57.8, ""2019"": 366.2, ""2020"": 34.8, ""2021"": -21.6, ""2022"": -28.3, ""2023"": 83.6, ""2024"": 50.1, ""2025"": 6.8, ""2026"": -34.2}"
2 kruising,SMA 20/100,2.0,5 munten,0.22237100716406433,-0.9236839207801683,1.8854842095393076,-0.8414678212545826,0.22093404161187302,-0.6315521953899768,1.0598128456401494,10.291953663118347,0.35555555555555557,2.741095347412733,-0.3542657230555878,38,"{""2018"": -60.4, ""2019"": 94.6, ""2020"": 0.5, ""2021"": 687.9, ""2022"": -61.0, ""2023"": 35.6, ""2024"": 71.8, ""2025"": -13.6, ""2026"": 6.1}"
2 kruising,SMA 20/100,2.0,10 munten,0.4654550350630453,-0.9258691428880379,2.190015885432616,-0.6621064629387688,-0.0832649880190165,-0.7723582005927636,0.5265567703538291,19.0972917971196,0.2874251497005988,2.927107974826226,-0.35695220116934057,38,"{""2018"": -60.4, ""2019"": 86.8, ""2020"": 10.0, ""2021"": 1843.2, ""2022"": -68.5, ""2023"": 78.9, ""2024"": 26.7, ""2025"": -50.5, ""2026"": 14.0}"
2 kruising,SMA 20/100,3.0,BTC+ETH,-0.22941358941103462,-0.9887811818188139,1.7196495965802832,-0.9901183956180332,0.08387021145926155,-0.8548885802070317,0.9945218848226609,3.888071383844709,0.3235294117647059,2.2041357884603228,-0.43999501636089233,38,"{""2018"": -73.6, ""2019"": 140.7, ""2020"": 4.1, ""2021"": -37.6, ""2022"": -70.2, ""2023"": 70.7, ""2024"": 1.0, ""2025"": 19.7, ""2026"": 0.5}"
2 kruising,SMA 20/100,3.0,BTC,-0.10485989507457127,-0.9877409252400107,1.7341428135125536,-0.9766478945877243,-0.1585837415902983,-0.8582151332960334,0.5546334936896751,1.9440356919223545,0.4117647058823529,2.4696291722818535,-0.483307176994467,38,"{""2018"": -73.0, ""2019"": 640.1, ""2020"": -36.7, ""2021"": -68.4, ""2022"": -40.8, ""2023"": 109.9, ""2024"": 31.8, ""2025"": -11.8, ""2026"": -48.2}"
2 kruising,SMA 20/100,3.0,5 munten,-0.1639258117033876,-0.9922666787747249,1.9727312250082782,-0.9934399190074992,0.10650244023183908,-0.7981649286495656,1.0783909167967896,10.291953663118347,0.25555555555555554,3.3322677286865314,-0.47606142274333957,38,"{""2018"": -77.0, ""2019"": 98.7, ""2020"": -55.8, ""2021"": 465.7, ""2022"": -78.5, ""2023"": 32.3, ""2024"": 69.2, ""2025"": -34.6, ""2026"": 4.2}"
2 kruising,SMA 20/100,3.0,10 munten,-0.048347025835346336,-0.9952726281446207,2.2576150660521788,-0.9877993535541058,-0.3387097323711964,-0.9278673452054009,0.5217438952088778,19.0972917971196,0.19760479041916168,3.327270712196471,-0.5149743720209395,38,"{""2018"": -77.0, ""2019"": 83.5, ""2020"": -47.8, ""2021"": 848.7, ""2022"": -83.9, ""2023"": 88.4, ""2024"": -4.7, ""2025"": -75.0, ""2026"": 17.2}"
2 kruising,EMA 20/100,1.0,BTC+ETH,0.4074885628296794,-0.5246017091281736,2.3006586218228495,1.1496350376847215,0.21172797510767705,-0.3995054161859758,1.1965108153778936,3.659361302442079,0.46875,1.093881278721627,-0.1428156719518402,39,"{""2018"": -33.5, ""2019"": 47.5, ""2020"": 201.1, ""2021"": 145.0, ""2022"": -26.6, ""2023"": 44.1, ""2024"": 29.3, ""2025"": 19.9, ""2026"": 8.4}"
2 kruising,EMA 20/100,1.0,BTC,0.37725372254616385,-0.49513278977120934,2.28751976120718,1.0201199742730274,0.22389028104458042,-0.36449889607286334,1.2537988075237838,1.7153256105197245,0.5333333333333333,0.7281425964598474,-0.12511762828660428,39,"{""2018"": -25.7, ""2019"": 65.8, ""2020"": 191.1, ""2021"": 35.5, ""2022"": -15.0, ""2023"": 62.7, ""2024"": 63.1, ""2025"": 3.9, ""2026"": 1.6}"
2 kruising,EMA 20/100,1.0,5 munten,0.4873529304434747,-0.5853989930748108,2.469139568412376,0.6120551106274208,0.2113583138971018,-0.3846953071365796,1.162029899856845,10.063243581715717,0.375,1.70628200914229,-0.1383248513089605,39,"{""2018"": -37.9, ""2019"": 41.1, ""2020"": 94.9, ""2021"": 500.8, ""2022"": -26.5, ""2023"": 42.5, ""2024"": 58.5, ""2025"": -6.9, ""2026"": 9.5}"
2 kruising,EMA 20/100,1.0,10 munten,0.7574738310508005,-0.5478173187449091,2.9446074894252465,1.7825776755201566,0.15335909238868073,-0.3734876459162553,0.9225824804214965,17.839386349405135,0.3782051282051282,2.722844691857697,-0.15086451426314545,39,"{""2018"": -37.9, ""2019"": 36.7, ""2020"": 109.2, ""2021"": 1248.8, ""2022"": -25.3, ""2023"": 56.3, ""2024"": 45.9, ""2025"": -17.1, ""2026"": 16.6}"
2 kruising,EMA 20/100,1.5,BTC+ETH,0.28264269427315636,-0.7541600163958564,1.7500659358837793,-0.18728079505557083,0.16541359067913763,-0.5735937697618998,0.9170911793273815,3.659361302442079,0.4375,1.1783693663703385,-0.223142605689467,39,"{""2018"": -47.1, ""2019"": 55.0, ""2020"": 234.3, ""2021"": 74.6, ""2022"": -38.7, ""2023"": 48.5, ""2024"": 13.8, ""2025"": 20.4, ""2026"": 9.7}"
2 kruising,EMA 20/100,1.5,BTC,0.2673655492456537,-0.7433104959927712,1.6862777838676009,-0.20319536514415937,0.18516698664961373,-0.5327242033858937,0.9720743968446537,1.7153256105197245,0.4666666666666667,0.863076525760102,-0.1847018982696758,39,"{""2018"": -37.4, ""2019"": 78.2, ""2020"": 243.2, ""2021"": -20.7, ""2022"": -23.0, ""2023"": 73.9, ""2024"": 61.7, ""2025"": -2.0, ""2026"": -1.0}"
2 kruising,EMA 20/100,1.5,5 munten,0.3735685322483975,-0.7844475512449613,1.955207486111487,-0.4107651796863486,0.12944228312995132,-0.5620444663743199,0.8257065941560814,10.063243581715717,0.32954545454545453,1.9728336302072282,-0.22278161802437235,39,"{""2018"": -53.3, ""2019"": 47.1, ""2020"": 76.3, ""2021"": 502.7, ""2022"": -38.2, ""2023"": 47.5, ""2024"": 50.6, ""2025"": -22.1, ""2026"": 11.1}"
2 kruising,EMA 20/100,1.5,10 munten,0.6863295374076452,-0.7561076378501548,2.370967744641149,0.2912554019991169,0.03484827718341332,-0.5688985469426017,0.6058966006619603,17.839386349405135,0.3269230769230769,3.2287154576639856,-0.24186702340596428,39,"{""2018"": -53.3, ""2019"": 39.8, ""2020"": 91.7, ""2021"": 1515.2, ""2022"": -36.6, ""2023"": 66.6, ""2024"": 26.1, ""2025"": -33.7, ""2026"": 22.1}"
2 kruising,EMA 20/100,2.0,BTC+ETH,0.24631599203237098,-0.8724579443067415,1.7872639258347305,-0.5802923991202584,0.1586107567053825,-0.6998258360468143,0.9244340408590285,3.659361302442079,0.4375,1.368683913700393,-0.29388810456532544,39,"{""2018"": -57.0, ""2019"": 56.4, ""2020"": 324.3, ""2021"": 55.9, ""2022"": -48.0, ""2023"": 58.1, ""2024"": 9.2, ""2025"": 20.1, ""2026"": 12.3}"
2 kruising,EMA 20/100,2.0,BTC,0.23998559784216367,-0.861961617359426,1.688203083270434,-0.5743157185601808,0.17889837298632827,-0.6705048450324171,0.9594262816341133,1.7153256105197245,0.4666666666666667,1.0922321843767322,-0.2461989386650899,39,"{""2018"": -46.6, ""2019"": 73.9, ""2020"": 377.4, ""2021"": -41.2, ""2022"": -29.6, ""2023"": 93.5, ""2024"": 67.9, ""2025"": -6.6, ""2026"": -2.0}"
2 kruising,EMA 20/100,2.0,5 munten,0.41056267855121154,-0.8787631690288785,2.1021571401036137,-0.6897993762860178,0.0878268687551178,-0.6809194903042742,0.8115831690890517,10.063243581715717,0.3068181818181818,2.8100895182891295,-0.2936805256958954,39,"{""2018"": -64.0, ""2019"": 51.0, ""2020"": 95.2, ""2021"": 775.6, ""2022"": -47.8, ""2023"": 60.4, ""2024"": 53.0, ""2025"": -34.9, ""2026"": 15.2}"
2 kruising,EMA 20/100,2.0,10 munten,0.7005832850396658,-0.8707830020591304,2.3704608856378755,-0.18325052124585628,-0.06968861745752797,-0.7215627322540972,0.5469802736939151,17.839386349405135,0.28205128205128205,3.0530178628135785,-0.317641522342114,39,"{""2018"": -64.0, ""2019"": 39.6, ""2020"": 113.2, ""2021"": 1961.3, ""2022"": -45.6, ""2023"": 82.0, ""2024"": 11.6, ""2025"": -48.1, ""2026"": 28.5}"
2 kruising,EMA 20/100,3.0,BTC+ETH,-0.020015100167404043,-0.9781547540817211,1.8375401760552474,-0.958409443283009,-0.01911882305724022,-0.8659742003223654,0.8343610895127249,3.659361302442079,0.375,1.1336182865990907,-0.4045387262902264,39,"{""2018"": -73.1, ""2019"": 33.7, ""2020"": 507.5, ""2021"": -35.0, ""2022"": -62.0, ""2023"": 58.1, ""2024"": -17.9, ""2025"": -1.5, ""2026"": 14.2}"
2 kruising,EMA 20/100,3.0,BTC,0.03170291975181372,-0.9694584087994251,1.712511273555174,-0.9457222232047198,0.018645913878372333,-0.8381200354832706,0.8723651941027921,1.7153256105197245,0.4666666666666667,1.1390092138065302,-0.37024412495827885,39,"{""2018"": -61.4, ""2019"": 57.2, ""2020"": 617.3, ""2021"": -79.3, ""2022"": -40.7, ""2023"": 117.1, ""2024"": 50.0, ""2025"": -29.3, ""2026"": -3.9}"
2 kruising,EMA 20/100,3.0,5 munten,0.13465611620615303,-0.9836088809123981,2.209696848784547,-0.9683830935618425,-0.08807363988113048,-0.8366221433490224,0.8300031323936725,10.063243581715717,0.23863636363636365,2.357752708319926,-0.4320452457267416,39,"{""2018"": -80.2, ""2019"": 34.3, ""2020"": 94.3, ""2021"": 551.1, ""2022"": -62.4, ""2023"": 65.4, ""2024"": 49.6, ""2025"": -60.8, ""2026"": 15.5}"
2 kruising,EMA 20/100,3.0,10 munten,0.30200964067759317,-0.9872058493211162,2.4495966194272696,-0.9386276932846443,-0.3346686757701155,-0.9105925623132162,0.5217604577851216,17.839386349405135,0.1987179487179487,2.431502548259802,-0.4799664478414261,39,"{""2018"": -80.2, ""2019"": 15.5, ""2020"": 118.5, ""2021"": 956.4, ""2022"": -59.1, ""2023"": 93.5, ""2024"": -18.5, ""2025"": -74.5, ""2026"": 36.8}"
2 kruising,SMA 50/200,1.0,BTC+ETH,0.2712424365883348,-0.7302156272125899,1.7747395787056128,0.16743750649182276,0.06230380492687604,-0.4086417943898706,0.5773545581760327,2.2871008140262994,0.6,1.4407324646479005,-0.30892386869385846,40,"{""2018"": -44.9, ""2019"": 33.1, ""2020"": 122.7, ""2021"": 143.7, ""2022"": -21.1, ""2023"": 30.3, ""2024"": 38.6, ""2025"": -21.6, ""2026"": 7.6}"
2 kruising,SMA 50/200,1.0,BTC,0.2130944422427532,-0.6680000925204621,1.5711269371158048,-0.05622058260362206,0.12948111051896682,-0.39531324907623855,0.8470525538410143,1.1435504070131497,0.6,0.7816330843061393,-0.2515641776001263,40,"{""2018"": -40.0, ""2019"": 70.2, ""2020"": 109.0, ""2021"": 16.0, ""2022"": -9.9, ""2023"": 36.1, ""2024"": 84.2, ""2025"": -29.6, ""2026"": 6.5}"
2 kruising,SMA 50/200,1.0,5 munten,0.2867937704512875,-0.7656369025053756,1.7912599247714533,-0.33457045941868524,0.13364513033265202,-0.3812440988974283,0.8414781937734146,6.060817157169693,0.4528301886792453,2.497225982880065,-0.27509307237909036,40,"{""2018"": -50.7, ""2019"": 9.5, ""2020"": 55.1, ""2021"": 469.1, ""2022"": -21.9, ""2023"": 18.3, ""2024"": 77.8, ""2025"": -26.6, ""2026"": 3.2}"
2 kruising,SMA 50/200,1.0,10 munten,0.5480784664282832,-0.722243853740572,2.4156820867801323,0.24362507769713293,-0.01277229298364424,-0.5274830856202317,0.31335683104609113,10.177598622417031,0.4044943820224719,4.237671039938331,-0.27572224224410175,40,"{""2018"": -50.7, ""2019"": 12.2, ""2020"": 89.4, ""2021"": 1017.9, ""2022"": -19.3, ""2023"": 35.5, ""2024"": 47.0, ""2025"": -40.8, ""2026"": 5.7}"
2 kruising,SMA 50/200,1.5,BTC+ETH,0.09449318136846618,-0.8850983152905073,1.3290282737550168,-0.6877014331752745,-0.05569649885635641,-0.6380231526418223,0.3074525828097585,2.2871008140262994,0.5,1.76205778087111,-0.4030520031432297,40,"{""2018"": -61.3, ""2019"": 30.5, ""2020"": 118.7, ""2021"": 67.1, ""2022"": -31.2, ""2023"": 29.3, ""2024"": 23.7, ""2025"": -38.1, ""2026"": 10.2}"
2 kruising,SMA 50/200,1.5,BTC,0.0502543315001156,-0.8431905917602425,1.1265566599301489,-0.744689421528095,0.050290585160959855,-0.5751808324083465,0.6028842023277363,1.1435504070131497,0.6,0.7337345485874112,-0.40562491579612703,40,"{""2018"": -55.7, ""2019"": 81.3, ""2020"": 113.7, ""2021"": -37.2, ""2022"": -15.6, ""2023"": 37.3, ""2024"": 92.4, ""2025"": -46.2, ""2026"": 8.7}"
2 kruising,SMA 50/200,1.5,5 munten,0.08771166975912048,-0.919273928858091,1.3603402759327612,-0.858465330718593,0.028178257544077212,-0.5915097331550963,0.5889560576656596,6.060817157169693,0.33962264150943394,2.85068216609078,-0.3985020293817448,40,"{""2018"": -68.2, ""2019"": 0.4, ""2020"": 28.9, ""2021"": 397.6, ""2022"": -31.8, ""2023"": 13.2, ""2024"": 83.0, ""2025"": -47.1, ""2026"": 4.0}"
2 kruising,SMA 50/200,1.5,10 munten,0.38166392714002995,-0.8963859791263461,1.939874977358571,-0.6304691396500102,-0.1758836945632236,-0.7354531216028775,0.05266154180950609,10.177598622417031,0.3258426966292135,4.372640535355936,-0.4159983754304944,40,"{""2018"": -68.2, ""2019"": 3.8, ""2020"": 69.5, ""2021"": 1041.2, ""2022"": -28.6, ""2023"": 37.1, ""2024"": 31.0, ""2025"": -61.3, ""2026"": 7.8}"
2 kruising,SMA 50/200,2.0,BTC+ETH,-0.03872775501354331,-0.9561267337613378,1.3410895342056877,-0.9118120892184631,-0.13133293834121418,-0.7645077075065834,0.32676154621011727,2.2871008140262994,0.5,2.1471156145761583,-0.525973818248311,40,"{""2018"": -74.0, ""2019"": 18.2, ""2020"": 104.5, ""2021"": 40.7, ""2022"": -38.8, ""2023"": 37.9, ""2024"": 22.6, ""2025"": -52.1, ""2026"": 13.7}"
2 kruising,SMA 50/200,2.0,BTC,-0.08198515713899357,-0.9376307512242484,1.1071367485034431,-0.9304454455553942,-0.0049203897591222345,-0.7071988255453371,0.5943177177491759,1.1435504070131497,0.6,0.8248274200586172,-0.532938650053127,40,"{""2018"": -68.6, ""2019"": 75.0, ""2020"": 107.4, ""2021"": -59.1, ""2022"": -20.2, ""2023"": 47.2, ""2024"": 116.7, ""2025"": -60.1, ""2026"": 11.7}"
2 kruising,SMA 50/200,2.0,5 munten,-0.005007609808084901,-0.974608859555621,1.5255949872605938,-0.9648595540460944,-0.0250514994816754,-0.7464098013522082,0.6487666512379802,6.060817157169693,0.32075471698113206,3.5321808652978635,-0.5193995472554771,40,"{""2018"": -80.4, ""2019"": -11.3, ""2020"": 10.9, ""2021"": 599.5, ""2022"": -40.6, ""2023"": 14.5, ""2024"": 120.9, ""2025"": -63.5, ""2026"": 5.3}"
2 kruising,SMA 50/200,2.0,10 munten,0.2532778897544854,-0.9666887013575389,1.9556515340056644,-0.883666838924377,-0.30957036474609556,-0.8635004210633473,0.03712267502691356,10.177598622417031,0.2696629213483146,3.730805800570259,-0.52166763821084,40,"{""2018"": -80.4, ""2019"": -9.1, ""2020"": 59.9, ""2021"": 1202.6, ""2022"": -37.0, ""2023"": 43.9, ""2024"": 27.0, ""2025"": -76.6, ""2026"": 10.3}"
2 kruising,SMA 50/200,3.0,BTC+ETH,-0.438431510427994,-0.9967511525374726,1.3114753560556738,-0.9985322738679886,-0.3701130486218067,-0.9378256014575569,0.287763361171683,2.2871008140262994,0.3,2.1280802105024796,-0.5675604703180477,40,"{""2018"": -88.2, ""2019"": -15.5, ""2020"": 13.6, ""2021"": -56.2, ""2022"": -52.2, ""2023"": 21.9, ""2024"": -8.4, ""2025"": -74.7, ""2026"": 18.0}"
2 kruising,SMA 50/200,3.0,BTC,-0.43789968361787324,-0.9938474303924729,1.0764765832593544,-0.9985808144359687,-0.21523228672516148,-0.8813790653270047,0.5533809479775537,1.1435504070131497,0.4,0.9280843189679208,-0.5341473932613993,40,"{""2018"": -84.5, ""2019"": 47.1, ""2020"": 22.6, ""2021"": -89.2, ""2022"": -29.0, ""2023"": 29.6, ""2024"": 118.4, ""2025"": -80.5, ""2026"": 16.8}"
2 kruising,SMA 50/200,3.0,5 munten,-0.4264826582871407,-0.9984260093434889,1.6305345135761367,-0.99954356729793,-0.22735844453389076,-0.9214926203872578,0.7528247881935668,6.060817157169693,0.24528301886792453,1.8930936469743977,-0.6561326226948216,40,"{""2018"": -92.5, ""2019"": -39.4, ""2020"": -53.8, ""2021"": 235.8, ""2022"": -54.1, ""2023"": 1.0, ""2024"": 176.4, ""2025"": -85.4, ""2026"": 6.4}"
2 kruising,SMA 50/200,3.0,10 munten,-0.27033754125381815,-0.9974995184809716,2.052974126019758,-0.9981411038295535,-0.5700154995442058,-0.9719446965380126,0.0881910951526667,10.177598622417031,0.1797752808988764,1.7827590746810915,-0.6951688179721978,40,"{""2018"": -92.5, ""2019"": -40.2, ""2020"": -12.6, ""2021"": 333.1, ""2022"": -50.0, ""2023"": 43.6, ""2024"": 8.7, ""2025"": -93.1, ""2026"": 14.1}"
2 kruising,EMA 50/200,1.0,BTC+ETH,0.16739892022351777,-0.7693050685441302,1.3936943382528708,-0.19154212582628793,0.16756679589326806,-0.3399015628024391,0.9815701557000809,2.0583907326236695,0.5,1.8811618844423303,-0.3033423923691567,41,"{""2018"": -54.7, ""2019"": 5.4, ""2020"": 85.4, ""2021"": 160.2, ""2022"": -23.5, ""2023"": 39.5, ""2024"": 57.5, ""2025"": -10.4, ""2026"": 7.4}"
2 kruising,EMA 50/200,1.0,BTC,0.1606783231273703,-0.7141727468960468,1.358923371198904,-0.2758103297934956,0.3447899036170263,-0.2810108558972092,1.547503237511857,0.9148403256105198,0.625,1.1004198367524476,-0.31632303235551384,41,"{""2018"": -40.9, ""2019"": 37.6, ""2020"": 77.7, ""2021"": 12.6, ""2022"": -12.4, ""2023"": 63.9, ""2024"": 111.9, ""2025"": -2.6, ""2026"": 8.1}"
2 kruising,EMA 50/200,1.0,5 munten,0.3004772353461962,-0.7808333385435166,1.8409625368759883,-0.3080465122155819,0.1689150809677602,-0.34553693038076805,0.95496116350432,4.917266750156544,0.4186046511627907,3.6407636783854747,-0.25126037128272877,41,"{""2018"": -58.7, ""2019"": 0.9, ""2020"": 58.4, ""2021"": 547.8, ""2022"": -14.9, ""2023"": 29.0, ""2024"": 72.5, ""2025"": -15.9, ""2026"": 1.0}"
2 kruising,EMA 50/200,1.0,10 munten,0.5682226437053528,-0.7053559735245326,2.477393943739044,0.31692869605073715,0.052722438187880805,-0.46011011479186936,0.5562322552420105,8.233562930494678,0.4305555555555556,4.283213118831036,-0.2561144610937253,41,"{""2018"": -58.7, ""2019"": 3.8, ""2020"": 120.1, ""2021"": 1102.3, ""2022"": -18.9, ""2023"": 49.7, ""2024"": 52.4, ""2025"": -31.4, ""2026"": 5.0}"
2 kruising,EMA 50/200,1.5,BTC+ETH,-0.04447816367160984,-0.9234925610810312,0.9168624713235973,-0.8200559256594353,0.08347025149152132,-0.5163188869095654,0.7032085259194537,2.0583907326236695,0.3888888888888889,2.0794245528835993,-0.38975340680728904,41,"{""2018"": -71.3, ""2019"": -6.0, ""2020"": 52.7, ""2021"": 89.6, ""2022"": -33.7, ""2023"": 40.9, ""2024"": 47.5, ""2025"": -24.3, ""2026"": 10.2}"
2 kruising,EMA 50/200,1.5,BTC,-0.03602381106132202,-0.8852946792985437,0.866956598895648,-0.8466345620745108,0.3415130997363458,-0.420432116968526,1.3051980850612004,0.9148403256105198,0.5,1.3398328004770879,-0.3751085795506791,41,"{""2018"": -56.8, ""2019"": 28.7, ""2020"": 60.2, ""2021"": -41.3, ""2022"": -18.6, ""2023"": 76.4, ""2024"": 133.0, ""2025"": -15.1, ""2026"": 11.3}"
2 kruising,EMA 50/200,1.5,5 munten,0.11397183401025934,-0.9221635461627933,1.3715452478151926,-0.8404431762076633,0.04221859270854056,-0.5409541263511127,0.6348102740982489,4.917266750156544,0.32558139534883723,3.3619330444926154,-0.37863438377627756,41,"{""2018"": -75.9, ""2019"": -9.4, ""2020"": 37.8, ""2021"": 498.0, ""2022"": -21.9, ""2023"": 30.2, ""2024"": 65.5, ""2025"": -37.3, ""2026"": 0.6}"
2 kruising,EMA 50/200,1.5,10 munten,0.4220332563385736,-0.8774402200483987,1.97145616602623,-0.5708539444408365,-0.11076716594505975,-0.6801655045059765,0.23351718796853604,8.233562930494678,0.2916666666666667,3.9253299965056527,-0.3651262807581828,41,"{""2018"": -75.9, ""2019"": -5.8, ""2020"": 123.5, ""2021"": 1119.0, ""2022"": -27.9, ""2023"": 65.8, ""2024"": 31.5, ""2025"": -52.0, ""2026"": 6.7}"
2 kruising,EMA 50/200,2.0,BTC+ETH,-0.20575335150183172,-0.9763560817189113,0.9027976006566538,-0.96254665998527,0.017587113446097424,-0.647656266814712,0.6702450883165402,2.0583907326236695,0.3888888888888889,2.1167823649362156,-0.5110655177959135,41,"{""2018"": -82.4, ""2019"": -19.9, ""2020"": 32.2, ""2021"": 48.1, ""2022"": -42.5, ""2023"": 49.7, ""2024"": 49.2, ""2025"": -39.1, ""2026"": 13.6}"
2 kruising,EMA 50/200,2.0,BTC,-0.1916992682138352,-0.9588396737452939,0.8180717277501341,-0.9679599467140888,0.3971323993985376,-0.5522429166778609,1.3469537241946534,0.9148403256105198,0.5,1.6304847971723566,-0.48687323828839907,41,"{""2018"": -69.6, ""2019"": 10.4, ""2020"": 45.3, ""2021"": -65.0, ""2022"": -24.8, ""2023"": 98.7, ""2024"": 178.7, ""2025"": -23.6, ""2026"": 15.1}"
2 kruising,EMA 50/200,2.0,5 munten,0.045721011935983435,-0.9715557342074842,1.5274051494471832,-0.9529800495973871,-0.04753387975379286,-0.7002009507039613,0.6193879550138275,4.917266750156544,0.3023255813953488,3.8915364571532884,-0.49816313913615906,41,"{""2018"": -86.5, ""2019"": -18.1, ""2020"": 40.9, ""2021"": 693.2, ""2022"": -27.9, ""2023"": 38.3, ""2024"": 72.4, ""2025"": -54.2, ""2026"": 0.9}"
2 kruising,EMA 50/200,2.0,10 munten,0.3366284607858119,-0.9472729891347887,1.988754393485236,-0.8302832806239328,-0.2485064803166731,-0.8182426749852041,0.17879646569308877,8.233562930494678,0.2638888888888889,3.2294756204799917,-0.5049620608289453,41,"{""2018"": -86.5, ""2019"": -15.5, ""2020"": 174.0, ""2021"": 1205.4, ""2022"": -35.2, ""2023"": 85.2, ""2024"": 18.7, ""2025"": -67.9, ""2026"": 8.7}"
2 kruising,EMA 50/200,3.0,BTC+ETH,-0.5614614376747001,-0.9986926240917492,0.9306284750304352,-0.9995345186562825,-0.21737343798300368,-0.8860902428606272,0.607428978588876,2.0583907326236695,0.2777777777777778,1.298940447885626,-0.6261604894427563,41,"{""2018"": -93.3, ""2019"": -46.9, ""2020"": -41.6, ""2021"": -52.8, ""2022"": -56.0, ""2023"": 52.9, ""2024"": 19.7, ""2025"": -64.9, ""2026"": 18.2}"
2 kruising,EMA 50/200,3.0,BTC,-0.537818684645677,-0.9985215411116684,0.7986848113516135,-0.999555327298208,0.23327629858675447,-0.7622699123600511,1.2713552254151266,0.9148403256105198,0.375,1.7310237436980118,-0.5960596142457693,41,"{""2018"": -85.3, ""2019"": -30.1, ""2020"": -29.5, ""2021"": -92.0, ""2022"": -34.7, ""2023"": 124.7, ""2024"": 192.1, ""2025"": -51.6, ""2026"": 21.8}"
2 kruising,EMA 50/200,3.0,5 munten,-0.3042108540292794,-0.9965131228806698,1.6729159629374644,-0.9985484452531068,-0.30768546616227843,-0.9067246183798239,0.6381029136621483,4.917266750156544,0.2558139534883721,0.8995784228165703,-0.6623100939690515,41,"{""2018"": -95.7, ""2019"": -39.7, ""2020"": 21.7, ""2021"": 281.6, ""2022"": -37.1, ""2023"": 37.6, ""2024"": 69.2, ""2025"": -81.1, ""2026"": -0.6}"
2 kruising,EMA 50/200,3.0,10 munten,-0.11261987813674212,-0.9908094325388296,2.115230717584429,-0.994029581749213,-0.5295411924476651,-0.9556795967017047,0.16537129871973516,8.233562930494678,0.19444444444444445,0.8186769216428651,-0.7052728862556137,41,"{""2018"": -95.7, ""2019"": -39.9, ""2020"": 233.4, ""2021"": 276.2, ""2022"": -45.0, ""2023"": 118.6, ""2024"": -14.0, ""2025"": -88.6, ""2026"": 11.9}"
3 uitbraak,uitbraak 20/10,1.0,BTC+ETH,0.5352408073037211,-0.3958706613759615,2.938871640308662,3.2898381867426165,0.12535827808105582,-0.38732575098010313,0.9058237482039186,14.75180025046963,0.4573643410852713,0.22751190482851594,-0.07537922007275373,42,"{""2018"": -11.7, ""2019"": 43.7, ""2020"": 222.1, ""2021"": 185.6, ""2022"": -29.9, ""2023"": 54.9, ""2024"": 28.0, ""2025"": 9.7, ""2026"": -1.5}"
3 uitbraak,uitbraak 20/10,1.0,BTC,0.3420990190723887,-0.5472771293703358,2.2323780477546586,1.0527921726751144,0.262029729038578,-0.2705273121076013,1.6116816996341472,7.318722604884158,0.421875,0.21596291583365423,-0.06334324220447095,42,"{""2018"": -19.2, ""2019"": 107.9, ""2020"": 152.8, ""2021"": 20.9, ""2022"": -41.0, ""2023"": 90.0, ""2024"": 71.0, ""2025"": 10.6, ""2026"": 0.2}"
3 uitbraak,uitbraak 20/10,1.0,5 munten,0.673915456421015,-0.39253858617181026,3.321871714706986,2.6894580405537765,0.21375998385425365,-0.33581760433076113,1.3234092903492647,34.87828741390106,0.4098360655737705,0.36670203864717427,-0.08378487017619332,42,"{""2018"": -18.8, ""2019"": 11.0, ""2020"": 219.3, ""2021"": 553.5, ""2022"": -23.5, ""2023"": 48.3, ""2024"": 100.1, ""2025"": -2.6, ""2026"": -12.7}"
3 uitbraak,uitbraak 20/10,1.0,10 munten,0.8465089851230048,-0.39253858617181026,3.82346263474579,5.0228470943691965,0.19372161607019445,-0.3712227257695121,1.2172600426241882,60.83688165309956,0.40789473684210525,0.3843239697457732,-0.08892460793742035,42,"{""2018"": -18.8, ""2019"": 19.0, ""2020"": 230.4, ""2021"": 721.6, ""2022"": -26.6, ""2023"": 91.7, ""2024"": 89.6, ""2025"": -2.5, ""2026"": -12.0}"
3 uitbraak,uitbraak 20/10,1.5,BTC+ETH,0.5380121533433397,-0.5426845185299608,2.422423269788877,2.182046109114625,0.07742458015499554,-0.5289681538622358,0.6403193537161731,14.75180025046963,0.43410852713178294,0.31537551919580686,-0.11310301890551229,42,"{""2018"": -20.8, ""2019"": 47.2, ""2020"": 298.1, ""2021"": 184.6, ""2022"": -44.1, ""2023"": 71.5, ""2024"": 20.9, ""2025"": 8.7, ""2026"": -6.6}"
3 uitbraak,uitbraak 20/10,1.5,BTC,0.2668885292380436,-0.7739161618268671,1.6875864259885776,-0.03211153738914274,0.28697501678185633,-0.3915042264768013,1.3565894365882476,7.318722604884158,0.40625,0.30265510835000475,-0.09823510401054486,42,"{""2018"": -30.8, ""2019"": 146.4, ""2020"": 194.4, ""2021"": -17.3, ""2022"": -57.2, ""2023"": 128.0, ""2024"": 87.7, ""2025"": 11.5, ""2026"": -4.4}"
3 uitbraak,uitbraak 20/10,1.5,5 munten,0.7152839923578198,-0.5610166118128823,2.7204472582214634,1.5676597706643105,0.20682132742449655,-0.4784509228413788,1.0648754979254256,34.87828741390106,0.3836065573770492,0.5429326723986165,-0.12753186513956197,42,"{""2018"": -30.7, ""2019"": 3.1, ""2020"": 284.3, ""2021"": 760.0, ""2022"": -35.6, ""2023"": 60.5, ""2024"": 136.0, ""2025"": -9.4, ""2026"": -21.6}"
3 uitbraak,uitbraak 20/10,1.5,10 munten,0.9495087822516262,-0.5449776769344663,3.1454498562295266,3.3553336859087386,0.16165800457926283,-0.5211157232485797,0.9213811415981367,60.83688165309956,0.38533834586466165,0.5738957147690992,-0.13593983125885511,42,"{""2018"": -30.7, ""2019"": 13.0, ""2020"": 298.8, ""2021"": 1067.3, ""2022"": -40.8, ""2023"": 130.1, ""2024"": 111.1, ""2025"": -9.4, ""2026"": -21.1}"
3 uitbraak,uitbraak 20/10,2.0,BTC+ETH,0.5770577851893306,-0.6832853902608005,2.347025817660466,1.5034856962197867,0.05343511874492313,-0.6400535406872087,0.6248792757596106,14.75180025046963,0.4108527131782946,0.4373430249232513,-0.14750138746571387,42,"{""2018"": -31.7, ""2019"": 39.3, ""2020"": 470.1, ""2021"": 227.2, ""2022"": -58.0, ""2023"": 94.3, ""2024"": 21.1, ""2025"": 9.1, ""2026"": -12.7}"
3 uitbraak,uitbraak 20/10,2.0,BTC,0.2566881582746192,-0.881326503876546,1.6796381818736141,-0.41476819392987496,0.3547327100457929,-0.4916354434515491,1.363869622906206,7.318722604884158,0.375,0.4491961605476962,-0.12552863507254003,42,"{""2018"": -41.5, ""2019"": 183.7, ""2020"": 289.8, ""2021"": -30.7, ""2022"": -70.5, ""2023"": 189.9, ""2024"": 125.1, ""2025"": 14.7, ""2026"": -10.8}"
3 uitbraak,uitbraak 20/10,2.0,5 munten,0.8904038183866003,-0.7004816697390128,2.70305618833104,1.1741124246232864,0.23708924293646816,-0.5985645345284043,1.0736546954490898,34.87828741390106,0.36721311475409835,0.8367375733554729,-0.16851918689693393,42,"{""2018"": -42.2, ""2019"": -5.6, ""2020"": 453.5, ""2021"": 1491.0, ""2022"": -47.8, ""2023"": 71.9, ""2024"": 195.5, ""2025"": -14.8, ""2026"": -28.8}"
3 uitbraak,uitbraak 20/10,2.0,10 munten,1.1887242086356,-0.68912756374889,3.060749905674541,2.848064262981687,0.14898276144536515,-0.6504581778717327,0.8801803842153694,60.83688165309956,0.3609022556390977,0.8838240833718417,-0.17888631551334636,42,"{""2018"": -42.2, ""2019"": 6.1, ""2020"": 478.1, ""2021"": 1976.3, ""2022"": -53.4, ""2023"": 179.7, ""2024"": 142.3, ""2025"": -15.8, ""2026"": -28.2}"
3 uitbraak,uitbraak 20/10,3.0,BTC+ETH,0.548589295362343,-0.8517890654547403,2.426121014839079,0.07847567337485772,-0.017963364261612602,-0.7945894731210525,0.6837266201537254,14.75180025046963,0.3953488372093023,0.6699850563106721,-0.21552130951914444,42,"{""2018"": -50.2, ""2019"": 27.8, ""2020"": 961.7, ""2021"": 230.1, ""2022"": -77.0, ""2023"": 145.1, ""2024"": 15.1, ""2025"": 9.9, ""2026"": -24.8}"
3 uitbraak,uitbraak 20/10,3.0,BTC,0.12297944151805762,-0.9766269028767973,1.7295729940487348,-0.8709991514198675,0.3801136684126456,-0.6685015723491499,1.3136076051993757,7.318722604884158,0.359375,0.7405480813963056,-0.18659533625302158,42,"{""2018"": -60.7, ""2019"": 269.9, ""2020"": 485.0, ""2021"": -62.4, ""2022"": -86.1, ""2023"": 335.9, ""2024"": 158.2, ""2025"": 16.8, ""2026"": -19.7}"
3 uitbraak,uitbraak 20/10,3.0,5 munten,0.8954329169823108,-0.8774733612023045,2.6668438508685672,-0.2728257082935651,0.2588362047990618,-0.7825484810499543,1.1638088146599093,34.87828741390106,0.34098360655737703,1.4234818629394053,-0.24775921841261506,42,"{""2018"": -62.3, ""2019"": -29.9, ""2020"": 770.9, ""2021"": 2705.5, ""2022"": -67.2, ""2023"": 101.8, ""2024"": 354.3, ""2025"": -26.5, ""2026"": -43.7}"
3 uitbraak,uitbraak 20/10,3.0,10 munten,1.2062577797619114,-0.8902838771540328,2.9495493523184,0.28612728098893925,0.04647593524056681,-0.8423160387235926,0.8686071766599074,60.83688165309956,0.32894736842105265,1.5615061622376039,-0.2641643874780736,42,"{""2018"": -62.3, ""2019"": -19.7, ""2020"": 812.9, ""2021"": 3309.8, ""2022"": -74.7, ""2023"": 292.3, ""2024"": 211.4, ""2025"": -34.1, ""2026"": -44.7}"
3 uitbraak,uitbraak 20/20,1.0,BTC+ETH,0.5735810057046582,-0.5434812102738048,2.87656993385921,3.6934061119589057,0.19228592485785612,-0.4086147428441127,1.1234556732952947,10.635018785222291,0.44086021505376344,0.3863751352478311,-0.09799136484351957,43,"{""2018"": -26.6, ""2019"": 36.5, ""2020"": 544.0, ""2021"": 150.6, ""2022"": -45.2, ""2023"": 66.0, ""2024"": 19.6, ""2025"": 14.0, ""2026"": 18.3}"
3 uitbraak,uitbraak 20/20,1.0,BTC,0.4430754954149285,-0.5621674421073151,2.4914333373592847,1.6726457844189846,0.16575002978007358,-0.34484262499429297,1.053841220973094,5.4890419536631185,0.4375,0.3267224625026699,-0.08940583332908378,43,"{""2018"": -40.2, ""2019"": 112.3, ""2020"": 395.6, ""2021"": 39.0, ""2022"": -45.9, ""2023"": 87.8, ""2024"": 62.6, ""2025"": -9.0, ""2026"": 2.9}"
3 uitbraak,uitbraak 20/20,1.0,5 munten,0.7428803241725761,-0.542370329945977,3.288035149485996,3.4458501421841534,0.1982836524631859,-0.396778029365514,1.1390922846090956,25.72988415779587,0.41333333333333333,0.6116964682392745,-0.10877414909520021,43,"{""2018"": -32.2, ""2019"": 38.0, ""2020"": 400.6, ""2021"": 571.6, ""2022"": -41.5, ""2023"": 47.1, ""2024"": 83.5, ""2025"": -11.5, ""2026"": 0.8}"
3 uitbraak,uitbraak 20/20,1.0,10 munten,1.0014276517016998,-0.5580442032930869,3.86676074419163,7.742698344208032,0.16348155676446696,-0.4600984257103736,0.9754603092452083,43.91233562930495,0.4140625,0.6373272323442173,-0.1179010140210808,43,"{""2018"": -32.2, ""2019"": 50.9, ""2020"": 416.1, ""2021"": 879.5, ""2022"": -44.8, ""2023"": 107.5, ""2024"": 76.7, ""2025"": -15.0, ""2026"": 0.7}"
3 uitbraak,uitbraak 20/20,1.5,BTC+ETH,0.5216984718272164,-0.7399188041022662,2.313438273567707,1.6103151010812682,0.14017759444105193,-0.5711789594402378,0.8435504387782753,10.635018785222291,0.41935483870967744,0.5226983751972174,-0.14706346091494174,43,"{""2018"": -41.2, ""2019"": 30.1, ""2020"": 946.9, ""2021"": 115.2, ""2022"": -62.8, ""2023"": 85.0, ""2024"": 5.5, ""2025"": 12.7, ""2026"": 19.7}"
3 uitbraak,uitbraak 20/20,1.5,BTC,0.3495202835921156,-0.7943351693787266,1.9022823400112854,0.1671245979864,0.1207852351336891,-0.4855270674444796,0.7864564167044154,5.4890419536631185,0.4166666666666667,0.4525539006050656,-0.1356219181181259,43,"{""2018"": -57.1, ""2019"": 140.5, ""2020"": 680.8, ""2021"": -5.5, ""2022"": -64.9, ""2023"": 121.7, ""2024"": 69.4, ""2025"": -17.5, ""2026"": -2.1}"
3 uitbraak,uitbraak 20/20,1.5,5 munten,0.7335045332004204,-0.7447523089257326,2.666308909005704,1.502865054053697,0.13761400601556373,-0.5998271838577034,0.8367672475340899,25.72988415779587,0.39111111111111113,0.87313226237813,-0.16723180041529281,43,"{""2018"": -48.3, ""2019"": 35.6, ""2020"": 607.3, ""2021"": 698.4, ""2022"": -58.0, ""2023"": 55.3, ""2024"": 98.7, ""2025"": -24.1, ""2026"": -6.0}"
3 uitbraak,uitbraak 20/20,1.5,10 munten,1.0723129787845003,-0.7455317876961738,3.1865725730578602,4.3240470439546455,0.06717265116090987,-0.6639478403176942,0.6555706590081021,43.91233562930495,0.3802083333333333,0.9274297253927061,-0.179549198141984,43,"{""2018"": -48.3, ""2019"": 52.8, ""2020"": 628.1, ""2021"": 1236.4, ""2022"": -63.2, ""2023"": 148.7, ""2024"": 78.4, ""2025"": -29.1, ""2026"": -5.7}"
3 uitbraak,uitbraak 20/20,2.0,BTC+ETH,0.5476637810623572,-0.8575947193566485,2.299494634542472,0.8468212584198411,0.12030994607784118,-0.6818437053120883,0.8363822969549762,10.635018785222291,0.41935483870967744,0.7168424080778931,-0.19997151341303845,43,"{""2018"": -54.3, ""2019"": 16.9, ""2020"": 1939.2, ""2021"": 122.9, ""2022"": -75.7, ""2023"": 120.3, ""2024"": -1.1, ""2025"": 12.9, ""2026"": 21.0}"
3 uitbraak,uitbraak 20/20,2.0,BTC,0.3483503406786619,-0.9036889114307065,1.9113647648346475,-0.3107414822328439,0.11182094026678202,-0.6086424359318199,0.7935384776126891,5.4890419536631185,0.4166666666666667,0.6445363993561194,-0.1838650014898957,43,"{""2018"": -69.5, ""2019"": 185.1, ""2020"": 1313.4, ""2021"": -21.8, ""2022"": -78.2, ""2023"": 179.4, ""2024"": 94.2, ""2025"": -24.9, ""2026"": -8.3}"
3 uitbraak,uitbraak 20/20,2.0,5 munten,0.9028584575254455,-0.8655288101820551,2.7156466360269764,1.0084704888440594,0.13922959683722191,-0.7246389166527176,0.8851973508243647,25.72988415779587,0.36444444444444446,1.544895314418575,-0.21910736920997248,43,"{""2018"": -61.4, ""2019"": 33.7, ""2020"": 1145.1, ""2021"": 1321.2, ""2022"": -71.0, ""2023"": 67.5, ""2024"": 133.0, ""2025"": -32.5, ""2026"": -9.7}"
3 uitbraak,uitbraak 20/20,2.0,10 munten,1.3297499074655597,-0.8611523007193939,3.172593088407111,3.573162704458282,0.019308543838423953,-0.7858991551923404,0.6705845007891348,43.91233562930495,0.3489583333333333,1.530632114475752,-0.23469329474671116,43,"{""2018"": -61.4, ""2019"": 57.4, ""2020"": 1172.6, ""2021"": 2216.5, ""2022"": -75.9, ""2023"": 215.2, ""2024"": 92.0, ""2025"": -39.3, ""2026"": -9.8}"
3 uitbraak,uitbraak 20/20,3.0,BTC+ETH,0.3973509844545884,-0.9679857178713582,2.3750005973353363,-0.5403310147861733,0.016202547069886775,-0.8403438037934803,0.8777026145343326,10.635018785222291,0.40860215053763443,1.1199580792340509,-0.29752055763102014,43,"{""2018"": -73.1, ""2019"": -4.2, ""2020"": 5506.4, ""2021"": 67.0, ""2022"": -89.8, ""2023"": 176.4, ""2024"": -22.7, ""2025"": 12.3, ""2026"": 18.4}"
3 uitbraak,uitbraak 20/20,3.0,BTC,0.15991251073564738,-0.9853569201469835,1.9391062192987807,-0.890299238554275,-0.013773406689310486,-0.7715625938719575,0.7512581262097234,5.4890419536631185,0.4166666666666667,1.0338681287202047,-0.2753972870631501,43,"{""2018"": -85.4, ""2019"": 256.9, ""2020"": 3341.8, ""2021"": -61.4, ""2022"": -91.5, ""2023"": 301.5, ""2024"": 90.0, ""2025"": -38.7, ""2026"": -17.4}"
3 uitbraak,uitbraak 20/20,3.0,5 munten,0.7467243296663435,-0.9786045739421709,2.6980127066441884,-0.6032837864677255,0.05046460378619866,-0.8815117988010348,0.9698302858132839,25.72988415779587,0.31555555555555553,2.950470812317493,-0.31255515788510135,43,"{""2018"": -79.8, ""2019"": 18.1, ""2020"": 2459.7, ""2021"": 1606.2, ""2022"": -86.8, ""2023"": 87.5, ""2024"": 194.0, ""2025"": -48.8, ""2026"": -24.8}"
3 uitbraak,uitbraak 20/20,3.0,10 munten,1.1624060627861348,-0.9815296726186228,3.0957214429254636,-0.08682462055008544,-0.1825992608096686,-0.9302365468561618,0.6824491679998785,43.91233562930495,0.2916666666666667,2.9047465844480116,-0.3407713776375092,43,"{""2018"": -79.8, ""2019"": 44.9, ""2020"": 2530.0, ""2021"": 2667.1, ""2022"": -91.4, ""2023"": 340.0, ""2024"": 97.4, ""2025"": -60.8, ""2026"": -26.2}"
3 uitbraak,uitbraak 55/20,1.0,BTC+ETH,0.4647233706187326,-0.37591422109995987,2.8696756728006974,2.176396254650326,0.13805597815376425,-0.2709261337564908,1.0129231182475904,6.632592360676268,0.5517241379310345,0.31826484808664707,-0.08298284802609425,44,"{""2018"": -20.3, ""2019"": 59.4, ""2020"": 202.9, ""2021"": 112.3, ""2022"": -22.8, ""2023"": 56.1, ""2024"": 39.2, ""2025"": 4.6, ""2026"": -2.0}"
3 uitbraak,uitbraak 55/20,1.0,BTC,0.4012618000211092,-0.3846067690172916,2.6536207488180112,1.2404972662575324,0.10351655468726406,-0.3678634356717726,0.8158213430218867,3.430651221039449,0.5666666666666667,0.26774734719651083,-0.08484770718287755,44,"{""2018"": -22.9, ""2019"": 113.4, ""2020"": 151.9, ""2021"": 38.6, ""2022"": -26.8, ""2023"": 77.3, ""2024"": 70.8, ""2025"": -20.7, ""2026"": -3.2}"
3 uitbraak,uitbraak 55/20,1.0,5 munten,0.6725038045131231,-0.40942446004908195,3.466802749684138,2.873782528053454,0.1933694699246722,-0.32971725269773056,1.2598367517218982,15.323575453976206,0.4925373134328358,0.6631751919756377,-0.10502545214902366,44,"{""2018"": -21.6, ""2019"": 68.7, ""2020"": 174.6, ""2021"": 477.0, ""2022"": -20.0, ""2023"": 30.7, ""2024"": 78.2, ""2025"": -10.9, ""2026"": 2.2}"
3 uitbraak,uitbraak 55/20,1.0,10 munten,0.8070054646669462,-0.42689419924906935,3.807733929206763,4.694473756590288,0.18179134384693785,-0.3930479372324819,1.1706467815644972,26.18730432060113,0.462882096069869,0.7175346721277469,-0.12346044816608724,44,"{""2018"": -21.6, ""2019"": 68.4, ""2020"": 161.1, ""2021"": 683.0, ""2022"": -25.6, ""2023"": 68.2, ""2024"": 78.2, ""2025"": -18.9, ""2026"": 9.3}"
3 uitbraak,uitbraak 55/20,1.5,BTC+ETH,0.4551513357827339,-0.5712665215368109,2.3034973816007054,1.1962138073080912,0.09686687465917743,-0.39178680178696224,0.7125816134146051,6.632592360676268,0.4827586206896552,0.44710275681819184,-0.1176063517146131,44,"{""2018"": -30.4, ""2019"": 73.4, ""2020"": 264.0, ""2021"": 88.5, ""2022"": -33.7, ""2023"": 72.5, ""2024"": 35.3, ""2025"": 2.7, ""2026"": -7.2}"
3 uitbraak,uitbraak 55/20,1.5,BTC,0.38618242302266736,-0.5758832709380441,2.115455576167294,0.348264555929799,0.05472979796825417,-0.5197972475747876,0.5507358575248558,3.430651221039449,0.43333333333333335,0.4506809370791274,-0.10364378526462001,44,"{""2018"": -34.0, ""2019"": 160.1, ""2020"": 201.9, ""2021"": 7.4, ""2022"": -39.1, ""2023"": 105.6, ""2024"": 87.0, ""2025"": -32.3, ""2026"": -8.6}"
3 uitbraak,uitbraak 55/20,1.5,5 munten,0.7363559681945815,-0.5960798615438976,2.8277345288898466,1.9256520387829217,0.17167511313674222,-0.5028021612887854,0.9654425432182202,15.323575453976206,0.44029850746268656,0.9740267053070336,-0.15783441331466397,44,"{""2018"": -32.4, ""2019"": 99.1, ""2020"": 211.3, ""2021"": 600.5, ""2022"": -30.1, ""2023"": 34.3, ""2024"": 94.7, ""2025"": -20.5, ""2026"": -0.4}"
3 uitbraak,uitbraak 55/20,1.5,10 munten,0.9128699696127884,-0.6321674053419595,3.118668833655886,3.140048965590875,0.15220501473143422,-0.5681733944580754,0.89536496278044,26.18730432060113,0.4104803493449782,1.025532955179066,-0.1852594487469275,44,"{""2018"": -32.4, ""2019"": 98.0, ""2020"": 187.0, ""2021"": 942.0, ""2022"": -38.2, ""2023"": 90.1, ""2024"": 91.7, ""2025"": -30.7, ""2026"": 10.9}"
3 uitbraak,uitbraak 55/20,2.0,BTC+ETH,0.5129557741401247,-0.699752567142792,2.269346003163976,0.8722722976093591,0.08186039192097283,-0.5021375617385624,0.685421477097783,6.632592360676268,0.46551724137931033,0.6095453455345996,-0.15377354563387882,44,"{""2018"": -38.4, ""2019"": 84.3, ""2020"": 434.9, ""2021"": 77.7, ""2022"": -43.4, ""2023"": 96.1, ""2024"": 41.7, ""2025"": -0.8, ""2026"": -11.8}"
3 uitbraak,uitbraak 55/20,2.0,BTC,0.431388679533943,-0.7489971414324577,2.085042258947395,0.004935825723748399,0.027777306278309988,-0.6379872917317793,0.5300486020766089,3.430651221039449,0.4,0.6554736893534473,-0.13097695512219937,44,"{""2018"": -42.9, ""2019"": 216.6, ""2020"": 315.8, ""2021"": -13.5, ""2022"": -48.6, ""2023"": 150.9, ""2024"": 112.9, ""2025"": -41.9, ""2026"": -12.9}"
3 uitbraak,uitbraak 55/20,2.0,5 munten,0.9898040836321254,-0.7250246887239437,2.858106301903399,2.0606722732269733,0.19175361661585266,-0.6189738484281424,0.9745755606371126,15.323575453976206,0.4253731343283582,1.6637523278641542,-0.2103106617540129,44,"{""2018"": -41.4, ""2019"": 136.7, ""2020"": 332.4, ""2021"": 1100.5, ""2022"": -38.5, ""2023"": 41.3, ""2024"": 126.5, ""2025"": -27.0, ""2026"": -2.4}"
3 uitbraak,uitbraak 55/20,2.0,10 munten,1.1907289909647503,-0.7565870575235553,3.0898244869818345,3.284616832948319,0.13492528403010984,-0.6874441720644023,0.8509528111535603,26.18730432060113,0.3930131004366812,1.5783045674039031,-0.24554977729840993,44,"{""2018"": -41.4, ""2019"": 131.7, ""2020"": 282.0, ""2021"": 1611.9, ""2022"": -47.0, ""2023"": 122.1, ""2024"": 108.5, ""2025"": -39.9, ""2026"": 12.7}"
3 uitbraak,uitbraak 55/20,3.0,BTC+ETH,0.49574027885898153,-0.8738151115933054,2.306298081660167,-0.15903875937714318,0.05121815358222803,-0.6640937131538054,0.7725388722176263,6.632592360676268,0.39655172413793105,1.0657400826609804,-0.22508989112623998,44,"{""2018"": -54.5, ""2019"": 105.1, ""2020"": 786.8, ""2021"": 32.2, ""2022"": -58.0, ""2023"": 143.0, ""2024"": 49.0, ""2025"": -4.9, ""2026"": -19.1}"
3 uitbraak,uitbraak 55/20,3.0,BTC,0.4333775336367356,-0.9120874360116249,2.1416258274510604,-0.6070795041375145,-0.049288520737852615,-0.7873386140457836,0.568225041430493,3.430651221039449,0.36666666666666664,1.1529212881422801,-0.19872555878257514,44,"{""2018"": -58.1, ""2019"": 376.1, ""2020"": 500.5, ""2021"": -46.7, ""2022"": -63.3, ""2023"": 256.3, ""2024"": 152.1, ""2025"": -56.1, ""2026"": -21.4}"
3 uitbraak,uitbraak 55/20,3.0,5 munten,1.1071314236433483,-0.930628837915747,2.7691967485062863,0.6563130560076855,0.19947980534519671,-0.7870659520697825,1.065046886152549,15.323575453976206,0.35074626865671643,3.322087587029082,-0.3004071025445861,44,"{""2018"": -58.7, ""2019"": 224.8, ""2020"": 520.5, ""2021"": 1393.5, ""2022"": -53.2, ""2023"": 52.4, ""2024"": 205.8, ""2025"": -40.9, ""2026"": -9.2}"
3 uitbraak,uitbraak 55/20,3.0,10 munten,1.3285438435563286,-0.9531944198509064,2.9966557620573147,1.0992694341995617,0.05308437752313022,-0.8536877959885703,0.8794377414272794,26.18730432060113,0.30131004366812225,3.213593778991667,-0.35141787824250936,44,"{""2018"": -58.7, ""2019"": 206.0, ""2020"": 445.4, ""2021"": 1972.6, ""2022"": -63.8, ""2023"": 181.7, ""2024"": 140.4, ""2025"": -58.4, ""2026"": 15.0}"
3 uitbraak,uitbraak 100/50,1.0,BTC+ETH,0.37717049683545856,-0.5647506826604853,2.3197009779137203,1.0171192723017595,0.2276045726327025,-0.27448512240204215,1.3596648223778391,2.8588760175328742,0.64,0.6554237099651227,-0.14422327898936776,45,"{""2018"": -9.9, ""2019"": 71.1, ""2020"": 66.1, ""2021"": 144.0, ""2022"": 0.0, ""2023"": 8.8, ""2024"": 45.6, ""2025"": 8.2, ""2026"": 10.5}"
3 uitbraak,uitbraak 100/50,1.0,BTC,0.4627394654509309,-0.522794766487447,2.733380898332072,1.89859403328978,0.15006283048729396,-0.2650692035054114,1.0244351821440447,1.4866155291170946,0.6923076923076923,0.6339906023382861,-0.11418635928703899,45,"{""2018"": 0.0, ""2019"": 104.7, ""2020"": 136.5, ""2021"": 72.7, ""2022"": 0.0, ""2023"": 15.4, ""2024"": 57.2, ""2025"": -12.7, ""2026"": 5.8}"
3 uitbraak,uitbraak 100/50,1.0,5 munten,0.41153704160912596,-0.6347610733342587,2.381577999085188,0.4245121470626201,0.2702459369291179,-0.2810377073310264,1.480687572678316,7.433077645585473,0.49230769230769234,1.2964728313226108,-0.18882767148962037,45,"{""2018"": -17.1, ""2019"": 70.9, ""2020"": 54.2, ""2021"": 302.3, ""2022"": -7.4, ""2023"": -2.7, ""2024"": 80.3, ""2025"": 0.4, ""2026"": 1.7}"
3 uitbraak,uitbraak 100/50,1.0,10 munten,0.684022379117543,-0.5164809786896214,2.930590370973641,1.295327793059172,0.19072825716002662,-0.3080056735787694,1.105849658327227,12.579054477144647,0.4636363636363636,2.607002337165552,-0.19654652643111292,45,"{""2018"": -17.1, ""2019"": 64.4, ""2020"": 47.9, ""2021"": 930.1, ""2022"": -12.0, ""2023"": 20.6, ""2024"": 56.4, ""2025"": -8.0, ""2026"": 6.9}"
3 uitbraak,uitbraak 100/50,1.5,BTC+ETH,0.3135925604695533,-0.7495770940360695,1.837702681135925,0.04140925213964142,0.2305917863184639,-0.3940440788064641,1.1314035125525235,2.8588760175328742,0.6,0.7207129747690411,-0.20990626256690828,45,"{""2018"": -14.6, ""2019"": 92.2, ""2020"": 56.3, ""2021"": 96.4, ""2022"": 0.0, ""2023"": 1.9, ""2024"": 45.1, ""2025"": 5.6, ""2026"": 13.9}"
3 uitbraak,uitbraak 100/50,1.5,BTC,0.44156399879757213,-0.7235280481188701,2.1963895429687423,0.6908259744686829,0.12120680635068903,-0.40335474452591813,0.7918153758303983,1.4866155291170946,0.6153846153846154,0.8072095012909817,-0.15665320724207127,45,"{""2018"": 0.0, ""2019"": 138.8, ""2020"": 162.6, ""2021"": 27.6, ""2022"": 0.0, ""2023"": 10.0, ""2024"": 63.7, ""2025"": -23.1, ""2026"": 7.0}"
3 uitbraak,uitbraak 100/50,1.5,5 munten,0.3402301361683864,-0.8318741183384231,1.8720052459482068,-0.34790356926927857,0.2581528335197725,-0.4296333166220937,1.182377595032868,7.433077645585473,0.4153846153846154,1.5797345244206094,-0.28257527928904547,45,"{""2018"": -25.2, ""2019"": 98.8, ""2020"": 36.8, ""2021"": 274.8, ""2022"": -11.8, ""2023"": -13.2, ""2024"": 91.5, ""2025"": -9.1, ""2026"": 0.7}"
3 uitbraak,uitbraak 100/50,1.5,10 munten,0.6901636925149894,-0.74723959014501,2.3320419713495624,0.3932424874051701,0.1231685389458701,-0.4997634871486696,0.8098902389107066,12.579054477144647,0.39090909090909093,3.2698466648636484,-0.30101460025514476,45,"{""2018"": -25.2, ""2019"": 86.9, ""2020"": 32.5, ""2021"": 1149.3, ""2022"": -18.1, ""2023"": 17.4, ""2024"": 47.3, ""2025"": -19.8, ""2026"": 8.2}"
3 uitbraak,uitbraak 100/50,2.0,BTC+ETH,0.30483593974800605,-0.8525031508590478,1.842060190042009,-0.341229888597982,0.2544750406591585,-0.4941935639282946,1.120227820936556,2.8588760175328742,0.56,0.9004762733311134,-0.25454460857947453,45,"{""2018"": -18.7, ""2019"": 114.0, ""2020"": 70.3, ""2021"": 68.0, ""2022"": 0.0, ""2023"": -1.0, ""2024"": 50.9, ""2025"": 2.6, ""2026"": 18.3}"
3 uitbraak,uitbraak 100/50,2.0,BTC,0.48369104028664944,-0.8436918796383419,2.173225169464026,0.23730893648822948,0.12267253725441041,-0.5070334396999838,0.8073304517612019,1.4866155291170946,0.6153846153846154,1.0458391891082848,-0.2110979133439907,45,"{""2018"": 0.0, ""2019"": 164.1, ""2020"": 241.9, ""2021"": 4.9, ""2022"": 0.0, ""2023"": 9.8, ""2024"": 78.7, ""2025"": -31.2, ""2026"": 9.3}"
3 uitbraak,uitbraak 100/50,2.0,5 munten,0.3890782887786626,-0.9170436571269227,1.9807320840996865,-0.6136814498408926,0.2704671833063623,-0.5578452525817856,1.1470467305083918,7.433077645585473,0.4,2.1797300014132848,-0.3709505952246885,45,"{""2018"": -33.2, ""2019"": 129.4, ""2020"": 42.6, ""2021"": 383.4, ""2022"": -15.4, ""2023"": -18.9, ""2024"": 107.8, ""2025"": -16.1, ""2026"": 0.8}"
3 uitbraak,uitbraak 100/50,2.0,10 munten,0.7461810768415853,-0.8629528240698332,2.249130595443715,0.0636068275116255,0.06237294018050887,-0.6371763242675037,0.7509327401071143,12.579054477144647,0.34545454545454546,2.8665475259649584,-0.3898975866300509,45,"{""2018"": -33.2, ""2019"": 111.4, ""2020"": 35.2, ""2021"": 1427.5, ""2022"": -23.0, ""2023"": 18.4, ""2024"": 37.5, ""2025"": -29.3, ""2026"": 10.2}"
3 uitbraak,uitbraak 100/50,3.0,BTC+ETH,0.14743251404210067,-0.9476409317132097,1.9015386054718848,-0.8602470795793573,0.21604277441067676,-0.6996186629328299,1.1122411859840657,2.8588760175328742,0.52,0.9111735133130551,-0.3612588240123859,45,"{""2018"": -25.4, ""2019"": 116.6, ""2020"": 92.8, ""2021"": -9.6, ""2022"": 0.0, ""2023"": -19.1, ""2024"": 50.6, ""2025"": -9.5, ""2026"": 22.3}"
3 uitbraak,uitbraak 100/50,3.0,BTC,0.4027261539621365,-0.9547187399516992,2.1792389541689983,-0.6548434173067862,0.027616247880426936,-0.7164357143485207,0.7729539007007769,1.4866155291170946,0.5384615384615384,1.4105968504790323,-0.2826400603108535,45,"{""2018"": 0.0, ""2019"": 192.4, ""2020"": 364.2, ""2021"": -41.3, ""2022"": 0.0, ""2023"": -7.9, ""2024"": 94.2, ""2025"": -51.7, ""2026"": 11.1}"
3 uitbraak,uitbraak 100/50,3.0,5 munten,0.196504037884919,-0.9892895652748063,2.0290852981489924,-0.9308735742802596,0.24188519650305973,-0.7309920725815977,1.1965026337251283,7.433077645585473,0.35384615384615387,2.0557289582989013,-0.5134129891217983,45,"{""2018"": -45.2, ""2019"": 162.7, ""2020"": 28.6, ""2021"": 222.1, ""2022"": -23.8, ""2023"": -34.3, ""2024"": 145.0, ""2025"": -32.8, ""2026"": -3.7}"
3 uitbraak,uitbraak 100/50,3.0,10 munten,0.49639381863936216,-0.9808267913082579,2.2490150577836907,-0.8086458204864296,-0.11728978909209098,-0.8392243404966861,0.753476245314865,12.579054477144647,0.2818181818181818,1.9603386387721593,-0.567714163232349,45,"{""2018"": -45.2, ""2019"": 131.5, ""2020"": 27.6, ""2021"": 722.4, ""2022"": -32.2, ""2023"": 12.6, ""2024"": 15.2, ""2025"": -51.7, ""2026"": 11.0}"
3 uitbraak,uitbraak 200/100,1.0,BTC+ETH,0.19311811609636442,-0.6753740530995269,1.5330057176945637,-0.021726247029848156,0.019745188848406592,-0.3975168473723838,0.374665073381161,1.8296806512210395,0.5,1.158054888110856,-0.2657375152511401,46,"{""2018"": 0.0, ""2019"": -7.1, ""2020"": 83.5, ""2021"": 50.9, ""2022"": -17.6, ""2023"": 32.0, ""2024"": 28.5, ""2025"": -19.9, ""2026"": 1.6}"
3 uitbraak,uitbraak 200/100,1.0,BTC,0.27671641462574215,-0.7016366444045872,1.9771967660026128,0.5118671515985944,0.16963953346502003,-0.2729786625099233,1.0826870620001625,0.8004852849092048,0.7142857142857143,0.8160248835022237,-0.20127810381073324,46,"{""2018"": 0.0, ""2019"": 19.8, ""2020"": 162.1, ""2021"": -10.2, ""2022"": -14.8, ""2023"": 72.0, ""2024"": 65.9, ""2025"": -4.9, ""2026"": -3.5}"
3 uitbraak,uitbraak 200/100,1.0,5 munten,0.2611608871006543,-0.6308803531468286,1.792174809308467,-0.2161774324350073,0.06892243875674531,-0.35876211192274177,0.6082495772956132,4.459846587351284,0.4358974358974359,1.9684705599875105,-0.2981494941843507,46,"{""2018"": 0.0, ""2019"": -4.7, ""2020"": 12.9, ""2021"": 247.3, ""2022"": -12.6, ""2023"": 21.5, ""2024"": 50.2, ""2025"": -24.3, ""2026"": 0.8}"
3 uitbraak,uitbraak 200/100,1.0,10 munten,0.5531435830842293,-0.6362512067790236,2.5884813534862965,0.40441239129910156,-0.031391004271084655,-0.4961508908265492,0.1583292845837978,7.433077645585473,0.46153846153846156,2.7879122806182846,-0.3170135065255884,46,"{""2018"": 0.0, ""2019"": -4.3, ""2020"": 20.3, ""2021"": 759.5, ""2022"": -13.4, ""2023"": 54.9, ""2024"": 32.4, ""2025"": -36.6, ""2026"": 4.0}"
3 uitbraak,uitbraak 200/100,1.5,BTC+ETH,0.06762427228960766,-0.8476669959623628,1.0617816149028216,-0.6234286044710806,-0.08041531594122142,-0.6204921001030208,0.13970492375924723,1.8296806512210395,0.4375,1.1156730199980154,-0.3584704131688031,46,"{""2018"": 0.0, ""2019"": -20.5, ""2020"": 86.6, ""2021"": -2.2, ""2022"": -26.6, ""2023"": 33.1, ""2024"": 14.7, ""2025"": -32.6, ""2026"": 1.4}"
3 uitbraak,uitbraak 200/100,1.5,BTC,0.1949799405911934,-0.8716306114242341,1.461851608095993,-0.24428667295528805,0.12808664496961253,-0.42943559585463864,0.8104586140258024,0.8004852849092048,0.5714285714285714,0.9635935734452831,-0.20815412241314835,46,"{""2018"": 0.0, ""2019"": 14.1, ""2020"": 240.0, ""2021"": -51.6, ""2022"": -22.8, ""2023"": 87.8, ""2024"": 67.4, ""2025"": -13.2, ""2026"": -5.7}"
3 uitbraak,uitbraak 200/100,1.5,5 munten,0.1553864242851024,-0.8111053160273182,1.3692147632488452,-0.6950979474831791,-0.03793073442739603,-0.5527007690896981,0.2900021930691579,4.459846587351284,0.358974358974359,1.847015115657026,-0.4268367977239656,46,"{""2018"": 0.0, ""2019"": -16.1, ""2020"": -0.8, ""2021"": 185.9, ""2022"": -19.0, ""2023"": 21.0, ""2024"": 42.1, ""2025"": -41.3, ""2026"": 0.4}"
3 uitbraak,uitbraak 200/100,1.5,10 munten,0.5109723500240817,-0.8036597459411483,2.08612571658589,-0.2797224412701331,-0.17708169330359946,-0.6916624852240836,-0.13865411242595696,7.433077645585473,0.36923076923076925,2.193077506646532,-0.44609866422040856,46,"{""2018"": 0.0, ""2019"": -15.6, ""2020"": 3.8, ""2021"": 809.1, ""2022"": -20.5, ""2023"": 73.9, ""2024"": 13.1, ""2025"": -54.3, ""2026"": 5.4}"
3 uitbraak,uitbraak 200/100,2.0,BTC+ETH,-0.02036154894323583,-0.9317507910270462,1.038500779394409,-0.8254075121082618,-0.15759628119518476,-0.7563228131951477,0.12953629626588764,1.8296806512210395,0.3125,1.520389353988773,-0.37911011942306116,46,"{""2018"": 0.0, ""2019"": -35.6, ""2020"": 119.7, ""2021"": -35.0, ""2022"": -33.7, ""2023"": 37.0, ""2024"": 11.7, ""2025"": -46.1, ""2026"": 1.9}"
3 uitbraak,uitbraak 200/100,2.0,BTC,0.15257988651600551,-0.9443042312407388,1.4195079944593754,-0.5960207239545905,0.12069788406887882,-0.5562980127660868,0.8133190792077245,0.8004852849092048,0.42857142857142855,1.4859596530206807,-0.20009807409755534,46,"{""2018"": 0.0, ""2019"": -1.5, ""2020"": 396.1, ""2021"": -71.1, ""2022"": -29.3, ""2023"": 115.0, ""2024"": 83.2, ""2025"": -21.0, ""2026"": -7.6}"
3 uitbraak,uitbraak 200/100,2.0,5 munten,0.1335764614775221,-0.9074313077251148,1.487228674441977,-0.8597825494581275,-0.10040917351091594,-0.7000793553498275,0.30548864768068473,4.459846587351284,0.28205128205128205,2.2957877136404368,-0.4914549315020501,46,"{""2018"": 0.0, ""2019"": -30.6, ""2020"": -1.4, ""2021"": 222.7, ""2022"": -24.3, ""2023"": 23.7, ""2024"": 53.0, ""2025"": -55.8, ""2026"": 0.6}"
3 uitbraak,uitbraak 200/100,2.0,10 munten,0.5074553812906961,-0.8891068513895631,2.0458915416994015,-0.5705427959970317,-0.3090686577236921,-0.8233971020872319,-0.21845401520169183,7.433077645585473,0.27692307692307694,1.9291308045177746,-0.517114403050382,46,"{""2018"": 0.0, ""2019"": -30.0, ""2020"": 1.4, ""2021"": 901.7, ""2022"": -26.5, ""2023"": 102.0, ""2024"": 0.2, ""2025"": -69.1, ""2026"": 6.2}"
3 uitbraak,uitbraak 200/100,3.0,BTC+ETH,-0.25585734266598104,-0.9908490578648226,1.0977383734223867,-0.9822385470144543,-0.378903966916623,-0.9274846652870199,0.05033483624623666,1.8296806512210395,0.3125,0.9206778364417503,-0.566440200859974,46,"{""2018"": 0.0, ""2019"": -63.3, ""2020"": 193.6, ""2021"": -80.1, ""2022"": -47.3, ""2023"": 38.6, ""2024"": -14.3, ""2025"": -69.1, ""2026"": -0.3}"
3 uitbraak,uitbraak 200/100,3.0,BTC,-0.025830760307933742,-0.9908943811675616,1.4307504545702325,-0.9323938897352303,0.006558934348763534,-0.7336843074330744,0.7778102642127194,0.8004852849092048,0.42857142857142855,1.3884019448600142,-0.3453208505496984,46,"{""2018"": 0.0, ""2019"": -30.1, ""2020"": 791.1, ""2021"": -92.0, ""2022"": -40.3, ""2023"": 153.6, ""2024"": 83.5, ""2025"": -39.2, ""2026"": -11.6}"
3 uitbraak,uitbraak 200/100,3.0,5 munten,-0.08321002526761556,-0.9868252664223199,1.613271290261043,-0.9818509068477137,-0.2858101471181025,-0.8899949501848909,0.3373789079584949,4.459846587351284,0.2564102564102564,0.907644489634453,-0.6636716447475866,46,"{""2018"": 0.0, ""2019"": -54.2, ""2020"": -7.3, ""2021"": 64.1, ""2022"": -33.4, ""2023"": 23.5, ""2024"": 53.3, ""2025"": -77.2, ""2026"": -0.9}"
3 uitbraak,uitbraak 200/100,3.0,10 munten,0.24552333755123223,-0.9807724228700619,2.1281085175811056,-0.920910504879902,-0.5449136959670061,-0.9514390378612246,-0.2224987667387413,7.433077645585473,0.2153846153846154,0.8848964456586172,-0.7229406461185516,46,"{""2018"": 0.0, ""2019"": -53.5, ""2020"": -8.8, ""2021"": 356.8, ""2022"": -35.7, ""2023"": 155.5, ""2024"": -27.2, ""2025"": -87.3, ""2026"": 7.8}"
4 trend+dip,"basis 50% tot 100%, dip dag-RSI2<10, uit RSI>60",1.0,BTC+ETH,0.20293447437370626,-0.4044923697834282,1.8190680541695576,0.41365691404638283,0.15052080898882392,-0.1612809052173113,1.1891697208876597,6.975657482780213,0.2786885245901639,0.4082551800323294,-0.035006318120480474,47,"{""2018"": -30.9, ""2019"": 15.7, ""2020"": 97.6, ""2021"": 37.8, ""2022"": -7.1, ""2023"": 47.8, ""2024"": 30.9, ""2025"": 0.7, ""2026"": 11.0}"
4 trend+dip,"basis 50% tot 100%, dip dag-RSI2<10, uit RSI>60",1.0,BTC,0.16138307259145424,-0.5231400736500946,1.6369855575665075,0.2838596472384638,0.1496057515080742,-0.1843002439906285,1.2022283069543478,3.773716343143394,0.21212121212121213,0.3916956181106916,-0.028553525511168607,47,"{""2018"": -23.7, ""2019"": 26.0, ""2020"": 90.6, ""2021"": -17.5, ""2022"": 0.0, ""2023"": 61.0, ""2024"": 46.3, ""2025"": -10.2, ""2026"": 11.1}"
4 trend+dip,"basis 50% tot 100%, dip dag-RSI2<10, uit RSI>60",1.0,5 munten,0.23519653983998867,-0.3690133196033286,1.9840497950936675,0.3727236645256611,0.12275509375948679,-0.25101733759220335,1.014033225752365,22.756653099561678,0.22110552763819097,0.46561885874086023,-0.030383467712457368,47,"{""2018"": -34.6, ""2019"": 21.3, ""2020"": 72.5, ""2021"": 139.5, ""2022"": -11.5, ""2023"": 21.7, ""2024"": 44.0, ""2025"": -12.8, ""2026"": 6.9}"
4 trend+dip,"basis 50% tot 100%, dip dag-RSI2<10, uit RSI>60",1.0,10 munten,0.4150991374994788,-0.37492189052655767,2.4261534732764067,0.6590297060804866,0.052981575798681124,-0.2806115172098851,0.5516581828945643,42.7687852222918,0.18449197860962566,0.8811010168062186,-0.036026350513738446,47,"{""2018"": -34.6, ""2019"": 24.0, ""2020"": 79.4, ""2021"": 409.9, ""2022"": -17.1, ""2023"": 26.6, ""2024"": 30.1, ""2025"": -20.8, ""2026"": 8.8}"
4 trend+dip,"basis 50% tot 100%, dip dag-RSI2<10, uit RSI>60",1.5,BTC+ETH,0.16729860887785253,-0.6011414452042037,1.3937858324978825,-0.11291820754755522,0.1596744993012038,-0.25487621969728114,0.988485592680279,6.975657482780213,0.26229508196721313,0.5103068947113035,-0.05420906783823604,47,"{""2018"": -44.1, ""2019"": 17.3, ""2020"": 127.0, ""2021"": 12.5, ""2022"": -10.6, ""2023"": 66.1, ""2024"": 32.3, ""2025"": -2.4, ""2026"": 15.6}"
4 trend+dip,"basis 50% tot 100%, dip dag-RSI2<10, uit RSI>60",1.5,BTC,0.12006788454264194,-0.719810158689096,1.1766177209305615,-0.21621512322286152,0.1555886135005926,-0.2796430288267264,0.9817232437046697,3.773716343143394,0.21212121212121213,0.46125856302827534,-0.04664411699599121,47,"{""2018"": -34.3, ""2019"": 31.1, ""2020"": 124.9, ""2021"": -46.5, ""2022"": 0.0, ""2023"": 88.4, ""2024"": 56.4, ""2025"": -18.4, ""2026"": 15.6}"
4 trend+dip,"basis 50% tot 100%, dip dag-RSI2<10, uit RSI>60",1.5,5 munten,0.2138196861802879,-0.5753654681870926,1.5704568368395873,-0.1150892568843761,0.10407827309373441,-0.3751465742926964,0.7562853352936424,22.756653099561678,0.19597989949748743,0.6343768260495332,-0.05028021682225725,47,"{""2018"": -49.0, ""2019"": 26.4, ""2020"": 88.4, ""2021"": 152.0, ""2022"": -17.0, ""2023"": 25.1, ""2024"": 54.1, ""2025"": -24.8, ""2026"": 9.4}"
4 trend+dip,"basis 50% tot 100%, dip dag-RSI2<10, uit RSI>60",1.5,10 munten,0.5036735268325498,-0.581664711762536,1.998751397805757,0.2631562779367247,-0.004742047339994837,-0.4488884396034353,0.2935823417739873,42.7687852222918,0.16042780748663102,1.5592352959957383,-0.05902848597930914,47,"{""2018"": -49.0, ""2019"": 30.3, ""2020"": 99.5, ""2021"": 726.4, ""2022"": -24.5, ""2023"": 33.9, ""2024"": 28.4, ""2025"": -34.4, ""2026"": 12.3}"
4 trend+dip,"basis 50% tot 100%, dip dag-RSI2<10, uit RSI>60",2.0,BTC+ETH,0.14782071476751768,-0.7431696345439269,1.341917335598217,-0.3947264485977412,0.18028023479482558,-0.3356716362154041,0.9737636334528591,6.975657482780213,0.22950819672131148,0.7337203205979562,-0.07027766315170919,47,"{""2018"": -55.4, ""2019"": 13.5, ""2020"": 178.7, ""2021"": -1.7, ""2022"": -14.0, ""2023"": 86.8, ""2024"": 38.2, ""2025"": -6.7, ""2026"": 21.2}"
4 trend+dip,"basis 50% tot 100%, dip dag-RSI2<10, uit RSI>60",2.0,BTC,0.10306808176590154,-0.8246414679729044,1.1298458061668715,-0.44966663008335184,0.18674015424849189,-0.36128561928836267,0.9980175032879038,3.773716343143394,0.21212121212121213,0.5986666403956088,-0.06285951447307926,47,"{""2018"": -43.3, ""2019"": 26.6, ""2020"": 182.3, ""2021"": -60.1, ""2022"": 0.0, ""2023"": 120.0, ""2024"": 74.2, ""2025"": -25.0, ""2026"": 21.1}"
4 trend+dip,"basis 50% tot 100%, dip dag-RSI2<10, uit RSI>60",2.0,5 munten,0.23181302473786247,-0.7132515075209338,1.5899968515629117,-0.36778909801921045,0.09967841059993798,-0.47590008946625095,0.7246639447433819,22.756653099561678,0.1708542713567839,0.9404764859275223,-0.06832421352334994,47,"{""2018"": -60.8, ""2019"": 28.0, ""2020"": 124.5, ""2021"": 200.2, ""2022"": -22.0, ""2023"": 31.0, ""2024"": 69.0, ""2025"": -34.8, ""2026"": 12.5}"
4 trend+dip,"basis 50% tot 100%, dip dag-RSI2<10, uit RSI>60",2.0,10 munten,0.6262523474005999,-0.7194524766874244,1.8790888689163348,0.02433086246604299,-0.047606729580577545,-0.577884100427114,0.25414087851864114,42.7687852222918,0.1443850267379679,2.3653928341180985,-0.08052500192578342,47,"{""2018"": -60.8, ""2019"": 32.9, ""2020"": 142.9, ""2021"": 1288.0, ""2022"": -30.7, ""2023"": 43.3, ""2024"": 30.0, ""2025"": -45.4, ""2026"": 16.5}"
4 trend+dip,"basis 50% tot 100%, dip dag-RSI2<10, uit RSI>60",3.0,BTC+ETH,0.05157741363273005,-0.901756053423416,1.3512983318424796,-0.7832790387923199,0.18610920508984052,-0.508774485940023,0.9748569259875025,6.975657482780213,0.22950819672131148,0.8911185110272706,-0.10822814917634131,47,"{""2018"": -71.9, ""2019"": 2.7, ""2020"": 288.6, ""2021"": -36.3, ""2022"": -20.3, ""2023"": 128.8, ""2024"": 37.3, ""2025"": -12.6, ""2026"": 31.5}"
4 trend+dip,"basis 50% tot 100%, dip dag-RSI2<10, uit RSI>60",3.0,BTC,-0.013616935771362804,-0.943830902010597,1.0245887978052715,-0.8240068090283575,0.17331536369926703,-0.5062805917549404,0.9450740508788948,3.773716343143394,0.21212121212121213,0.7399558953925928,-0.0965824178919816,47,"{""2018"": -60.7, ""2019"": 16.4, ""2020"": 321.4, ""2021"": -83.7, ""2022"": 0.0, ""2023"": 188.3, ""2024"": 91.4, ""2025"": -39.9, ""2026"": 32.7}"
4 trend+dip,"basis 50% tot 100%, dip dag-RSI2<10, uit RSI>60",3.0,5 munten,0.1742856747278385,-0.8933852992333569,1.6204281404962784,-0.7570853119379379,0.0613148412595077,-0.6526170863948919,0.7225495343081391,22.756653099561678,0.16080402010050251,1.1239333312944089,-0.11002442870251504,47,"{""2018"": -77.1, ""2019"": 29.4, ""2020"": 208.8, ""2021"": 189.0, ""2022"": -30.8, ""2023"": 40.7, ""2024"": 98.1, ""2025"": -53.1, ""2026"": 17.9}"
4 trend+dip,"basis 50% tot 100%, dip dag-RSI2<10, uit RSI>60",3.0,10 munten,0.7282230389717765,-0.882094047619385,1.6140225969572939,-0.420985317584747,-0.15956632964919892,-0.7632483927008649,0.22722429356428006,42.7687852222918,0.13368983957219252,2.184563455768367,-0.1268963971923792,47,"{""2018"": -77.1, ""2019"": 35.6, ""2020"": 252.5, ""2021"": 2256.4, ""2022"": -40.9, ""2023"": 60.1, ""2024"": 26.0, ""2025"": -63.7, ""2026"": 24.3}"
4 trend+dip,"basis 50% tot 100%, dip dag-RSI2<10, uit RSI>80",1.0,BTC+ETH,0.20744896047856098,-0.4389298467400343,1.794842167294441,0.40581885332580114,0.17293947902496098,-0.18722229431242043,1.2538973234273745,6.975657482780213,0.26229508196721313,0.48061064922876623,-0.03680784357466433,48,"{""2018"": -32.4, ""2019"": 12.9, ""2020"": 105.0, ""2021"": 50.1, ""2022"": -6.7, ""2023"": 39.5, ""2024"": 33.5, ""2025"": 3.8, ""2026"": 11.1}"
4 trend+dip,"basis 50% tot 100%, dip dag-RSI2<10, uit RSI>80",1.0,BTC,0.13358997818042195,-0.5854547254572016,1.393432874045692,0.09232986714575686,0.16905377312181846,-0.18430024435871117,1.2349940475709689,3.773716343143394,0.21212121212121213,0.4031649050639912,-0.0319111767369941,48,"{""2018"": -23.7, ""2019"": 27.4, ""2020"": 95.2, ""2021"": -20.5, ""2022"": 0.0, ""2023"": 39.6, ""2024"": 49.1, ""2025"": -7.8, ""2026"": 11.1}"
4 trend+dip,"basis 50% tot 100%, dip dag-RSI2<10, uit RSI>80",1.0,5 munten,0.24211860394207418,-0.3731139764984921,1.9722570798897399,0.4087724798752934,0.12186746803445869,-0.2522281327707607,0.9631930223877818,22.756653099561678,0.22110552763819097,0.5167885686783805,-0.03219583885544138,48,"{""2018"": -36.8, ""2019"": 19.4, ""2020"": 88.3, ""2021"": 147.7, ""2022"": -11.3, ""2023"": 16.8, ""2024"": 43.3, ""2025"": -13.4, ""2026"": 7.0}"
4 trend+dip,"basis 50% tot 100%, dip dag-RSI2<10, uit RSI>80",1.0,10 munten,0.4008524513139353,-0.4099813017912385,2.405998158659443,0.7065855816564619,0.05208226522435622,-0.3016513247799193,0.5377461155987732,42.7687852222918,0.18449197860962566,0.7933039848896098,-0.0376288266507132,48,"{""2018"": -36.8, ""2019"": 23.7, ""2020"": 95.9, ""2021"": 369.0, ""2022"": -17.2, ""2023"": 22.9, ""2024"": 29.6, ""2025"": -21.7, ""2026"": 9.7}"
4 trend+dip,"basis 50% tot 100%, dip dag-RSI2<10, uit RSI>80",1.5,BTC+ETH,0.15805435548116153,-0.6292966828118893,1.3467089780367334,-0.17631478283707847,0.1856316901984043,-0.2756507445245263,1.0533304481045773,6.975657482780213,0.2459016393442623,0.6062418675229129,-0.05865069281568837,48,"{""2018"": -46.0, ""2019"": 10.1, ""2020"": 138.1, ""2021"": 23.2, ""2022"": -10.2, ""2023"": 50.9, ""2024"": 34.6, ""2025"": 1.5, ""2026"": 15.8}"
4 trend+dip,"basis 50% tot 100%, dip dag-RSI2<10, uit RSI>80",1.5,BTC,0.06608010642438988,-0.7804761577585189,0.9065313350991804,-0.4172374447648337,0.17804305040423296,-0.2801755542259764,1.0257235310911474,3.773716343143394,0.21212121212121213,0.4634836572039296,-0.05216863053019661,48,"{""2018"": -34.3, ""2019"": 29.3, ""2020"": 131.2, ""2021"": -51.1, ""2022"": 0.0, ""2023"": 51.3, ""2024"": 59.1, ""2025"": -15.4, ""2026"": 15.6}"
4 trend+dip,"basis 50% tot 100%, dip dag-RSI2<10, uit RSI>80",1.5,5 munten,0.20729006575913833,-0.5907216844582674,1.5307705225616255,-0.1548069085255559,0.09349369468991697,-0.3780077576820702,0.7035409577026012,22.756653099561678,0.17587939698492464,0.7924794059125803,-0.05314559313375873,48,"{""2018"": -51.7, ""2019"": 20.7, ""2020"": 114.3, ""2021"": 153.5, ""2022"": -16.7, ""2023"": 16.4, ""2024"": 50.8, ""2025"": -26.2, ""2026"": 9.4}"
4 trend+dip,"basis 50% tot 100%, dip dag-RSI2<10, uit RSI>80",1.5,10 munten,0.44957136189681624,-0.6323559772343592,1.9913944968848116,0.20610235573640834,-0.016870723626227657,-0.47974269324198415,0.26696098953726427,42.7687852222918,0.15240641711229946,1.2529126785798776,-0.06205331384789521,48,"{""2018"": -51.7, ""2019"": 26.8, ""2020"": 125.9, ""2021"": 570.6, ""2022"": -24.9, ""2023"": 27.2, ""2024"": 25.2, ""2025"": -36.1, ""2026"": 13.6}"
4 trend+dip,"basis 50% tot 100%, dip dag-RSI2<10, uit RSI>80",2.0,BTC+ETH,0.12590750382232918,-0.7565238014014285,1.2849649557013214,-0.4769794278362899,0.20985205367786053,-0.352064300867721,1.038911779536624,6.975657482780213,0.22950819672131148,0.8055002416097453,-0.07762783522496469,48,"{""2018"": -57.0, ""2019"": 2.5, ""2020"": 190.2, ""2021"": 9.6, ""2022"": -13.4, ""2023"": 63.4, ""2024"": 39.8, ""2025"": -1.7, ""2026"": 21.4}"
4 trend+dip,"basis 50% tot 100%, dip dag-RSI2<10, uit RSI>80",2.0,BTC,0.026187231033052205,-0.8708786506726143,0.8514011859928273,-0.6436576637446125,0.1973180799209593,-0.3745825799653614,1.004359883465361,3.773716343143394,0.21212121212121213,0.5778337274254197,-0.06910650127242271,48,"{""2018"": -43.3, ""2019"": 21.3, ""2020"": 191.6, ""2021"": -65.3, ""2022"": 0.0, ""2023"": 65.4, ""2024"": 73.0, ""2025"": -22.6, ""2026"": 21.1}"
4 trend+dip,"basis 50% tot 100%, dip dag-RSI2<10, uit RSI>80",2.0,5 munten,0.21683736741928272,-0.736441941227249,1.5501636875540439,-0.41985951881120753,0.07833842858252593,-0.48383991431001916,0.6663081134891345,22.756653099561678,0.1658291457286432,1.1015275305637136,-0.07350158957983809,48,"{""2018"": -63.2, ""2019"": 20.4, ""2020"": 161.7, ""2021"": 198.8, ""2022"": -21.6, ""2023"": 18.1, ""2024"": 62.0, ""2025"": -36.9, ""2026"": 12.6}"
4 trend+dip,"basis 50% tot 100%, dip dag-RSI2<10, uit RSI>80",2.0,10 munten,0.5379115133269385,-0.7646545620312898,1.9343316047773103,-0.0442823875822872,-0.06951602619119912,-0.6119401089066442,0.22131558434145,42.7687852222918,0.13903743315508021,1.58124689197321,-0.085026848523821,48,"{""2018"": -63.2, ""2019"": 27.9, ""2020"": 181.2, ""2021"": 923.1, ""2022"": -31.3, ""2023"": 33.4, ""2024"": 24.5, ""2025"": -47.9, ""2026"": 18.3}"
4 trend+dip,"basis 50% tot 100%, dip dag-RSI2<10, uit RSI>80",3.0,BTC+ETH,-0.0012518791293881781,-0.9035507710061688,1.276582232965709,-0.8474155060922478,0.2057894367739177,-0.5133300184160687,1.0237337489059368,6.975657482780213,0.21311475409836064,0.9899276787455764,-0.11606802388255695,48,"{""2018"": -73.6, ""2019"": -14.1, ""2020"": 312.1, ""2021"": -30.8, ""2022"": -19.7, ""2023"": 84.5, ""2024"": 37.3, ""2025"": -9.3, ""2026"": 31.8}"
4 trend+dip,"basis 50% tot 100%, dip dag-RSI2<10, uit RSI>80",3.0,BTC,-0.12940994109307424,-0.9643945609950012,0.7360510600459019,-0.9175540675887212,0.1852754998764068,-0.5260233942031098,0.9834771624616916,3.773716343143394,0.18181818181818182,0.7790034337931121,-0.10028762353103772,48,"{""2018"": -60.7, ""2019"": 4.1, ""2020"": 344.7, ""2021"": -87.2, ""2022"": 0.0, ""2023"": 83.8, ""2024"": 91.0, ""2025"": -38.1, ""2026"": 32.7}"
4 trend+dip,"basis 50% tot 100%, dip dag-RSI2<10, uit RSI>80",3.0,5 munten,0.13164012526667968,-0.917731382885122,1.5702010674012632,-0.8076165151843504,0.012693683625848662,-0.6748378786292378,0.6557771719309022,22.756653099561678,0.1457286432160804,1.3402933812508002,-0.11893807101844722,48,"{""2018"": -78.9, ""2019"": 16.6, ""2020"": 290.1, ""2021"": 160.7, ""2022"": -30.4, ""2023"": 18.7, ""2024"": 83.5, ""2025"": -56.6, ""2026"": 18.0}"
4 trend+dip,"basis 50% tot 100%, dip dag-RSI2<10, uit RSI>80",3.0,10 munten,0.5817946553718392,-0.9152890355948616,1.7959297759430268,-0.5037753169410568,-0.20099647980662816,-0.7993065632766232,0.19129746953389062,42.7687852222918,0.12299465240641712,1.4247807953296348,-0.13511393534244018,48,"{""2018"": -78.9, ""2019"": 27.5, ""2020"": 343.2, ""2021"": 1351.8, ""2022"": -41.8, ""2023"": 41.8, ""2024"": 17.4, ""2025"": -67.2, ""2026"": 27.2}"
4 trend+dip,"basis 50% tot 150%, dip dag-RSI2<10, uit RSI>60",1.0,BTC+ETH,0.11054908118889495,-0.5695917766251526,1.1488892942619995,-0.1602665910482457,0.12894296124089344,-0.20564339192855208,0.9246843371622041,6.975657482780213,0.2786885245901639,0.3160038759324804,-0.04301150705116874,49,"{""2018"": -40.0, ""2019"": 8.8, ""2020"": 105.7, ""2021"": -2.5, ""2022"": -9.6, ""2023"": 55.7, ""2024"": 21.8, ""2025"": 2.3, ""2026"": 11.6}"
4 trend+dip,"basis 50% tot 150%, dip dag-RSI2<10, uit RSI>60",1.0,BTC,0.0821168657127056,-0.6739978964475484,0.9835128351396575,-0.19801293430396538,0.12974459452243847,-0.25215395020611386,0.9398058284137264,3.773716343143394,0.21212121212121213,0.3249739184713419,-0.03581260466336402,49,"{""2018"": -28.9, ""2019"": 15.8, ""2020"": 91.6, ""2021"": -41.4, ""2022"": 0.0, ""2023"": 72.7, ""2024"": 45.6, ""2025"": -14.1, ""2026"": 11.3}"
4 trend+dip,"basis 50% tot 150%, dip dag-RSI2<10, uit RSI>60",1.0,5 munten,0.14050721591199844,-0.4839736537148275,1.2977076878825804,-0.0899949640104809,0.08163694814675382,-0.2933447141796467,0.6912645730854443,22.756653099561678,0.21608040201005024,0.3775030678677228,-0.038978201556993955,49,"{""2018"": -43.5, ""2019"": 18.7, ""2020"": 65.7, ""2021"": 86.8, ""2022"": -13.4, ""2023"": 21.4, ""2024"": 34.1, ""2025"": -15.8, ""2026"": 7.4}"
4 trend+dip,"basis 50% tot 150%, dip dag-RSI2<10, uit RSI>60",1.0,10 munten,0.3912876625214985,-0.4783705412093685,1.731644737378834,0.12705799828008657,-0.0062659890306976385,-0.34494334917415137,0.21723163003295468,42.7687852222918,0.17647058823529413,0.9377076636730205,-0.04746072307077596,49,"{""2018"": -43.5, ""2019"": 20.6, ""2020"": 71.7, ""2021"": 509.2, ""2022"": -21.3, ""2023"": 25.1, ""2024"": 17.6, ""2025"": -25.9, ""2026"": 9.1}"
4 trend+dip,"basis 50% tot 150%, dip dag-RSI2<10, uit RSI>60",1.5,BTC+ETH,0.10628270591324829,-0.7534698170878928,1.1894753156300037,-0.42657988754622167,0.15894864119903018,-0.29683376081905044,0.9167412874058212,6.975657482780213,0.22950819672131148,0.5451731812118134,-0.06050329169536131,49,"{""2018"": -54.3, ""2019"": 7.7, ""2020"": 183.0, ""2021"": -19.5, ""2022"": -14.1, ""2023"": 85.3, ""2024"": 27.5, ""2025"": -0.7, ""2026"": 17.6}"
4 trend+dip,"basis 50% tot 150%, dip dag-RSI2<10, uit RSI>60",1.5,BTC,0.06378064175085751,-0.8272407168190989,0.9625091690526038,-0.4562774739269494,0.17853295248652312,-0.3603574532251961,0.9843579905307027,3.773716343143394,0.21212121212121213,0.4662752418728638,-0.05418848846125709,49,"{""2018"": -40.6, ""2019"": 13.8, ""2020"": 158.8, ""2021"": -62.2, ""2022"": 0.0, ""2023"": 117.1, ""2024"": 71.4, ""2025"": -22.4, ""2026"": 17.2}"
4 trend+dip,"basis 50% tot 150%, dip dag-RSI2<10, uit RSI>60",1.5,5 munten,0.16377519214156,-0.6784107769588756,1.3634822847839714,-0.357100535513895,0.07870562919631863,-0.4305325082985908,0.6462530172186173,22.756653099561678,0.18090452261306533,0.6181992902336296,-0.06015582775991702,49,"{""2018"": -58.6, ""2019"": 22.8, ""2020"": 110.6, ""2021"": 118.2, ""2022"": -19.3, ""2023"": 30.2, ""2024"": 48.0, ""2025"": -27.7, ""2026"": 11.1}"
4 trend+dip,"basis 50% tot 150%, dip dag-RSI2<10, uit RSI>60",1.5,10 munten,0.5861443713844099,-0.6591634675872071,1.6095984153695864,-0.01726790586650484,-0.05647650715276997,-0.517636326666068,0.16471446437307566,42.7687852222918,0.15240641711229946,1.785893363335929,-0.07298383361234005,49,"{""2018"": -58.6, ""2019"": 26.2, ""2020"": 124.8, ""2021"": 1215.0, ""2022"": -28.9, ""2023"": 37.8, ""2024"": 19.6, ""2025"": -40.3, ""2026"": 13.7}"
4 trend+dip,"basis 50% tot 150%, dip dag-RSI2<10, uit RSI>60",2.0,BTC+ETH,0.03199757156682592,-0.8762586261911801,1.140950597762091,-0.7245741380472245,0.16533285758253125,-0.39606329035053467,0.9128141999147461,6.975657482780213,0.22950819672131148,0.5739994906818897,-0.0825596250892707,49,"{""2018"": -66.9, ""2019"": 1.2, ""2020"": 258.1, ""2021"": -43.8, ""2022"": -18.5, ""2023"": 112.4, ""2024"": 26.1, ""2025"": -2.5, ""2026"": 22.8}"
4 trend+dip,"basis 50% tot 150%, dip dag-RSI2<10, uit RSI>60",2.0,BTC,-0.00792038518710192,-0.9185997919246663,0.8931596513779022,-0.7278586154938989,0.1631093786269202,-0.45162111477485667,0.9074450675436583,3.773716343143394,0.21212121212121213,0.5340926227889075,-0.07356991177413315,49,"{""2018"": -53.0, ""2019"": 5.3, ""2020"": 241.0, ""2021"": -78.4, ""2022"": 0.0, ""2023"": 157.9, ""2024"": 80.1, ""2025"": -32.5, ""2026"": 23.3}"
4 trend+dip,"basis 50% tot 150%, dip dag-RSI2<10, uit RSI>60",2.0,5 munten,0.13098091972496118,-0.8291662968744027,1.3728271509318741,-0.6527556754215336,0.05440510368317453,-0.5569047376703522,0.6238894973551419,22.756653099561678,0.17587939698492464,0.7030469057182898,-0.08534249286531138,49,"{""2018"": -70.9, ""2019"": 24.0, ""2020"": 157.0, ""2021"": 114.8, ""2022"": -24.8, ""2023"": 37.3, ""2024"": 58.7, ""2025"": -39.0, ""2026"": 14.0}"
4 trend+dip,"basis 50% tot 150%, dip dag-RSI2<10, uit RSI>60",2.0,10 munten,0.754477589502698,-0.7914822873631856,1.4214546093191545,-0.2903076769283762,-0.12563464860196183,-0.6483414934965079,0.12366398492972973,42.7687852222918,0.1497326203208556,2.1881842381158516,-0.1012793568438541,49,"{""2018"": -70.9, ""2019"": 27.7, ""2020"": 186.4, ""2021"": 2570.2, ""2022"": -35.2, ""2023"": 48.0, ""2024"": 14.3, ""2025"": -52.0, ""2026"": 18.0}"
4 trend+dip,"basis 50% tot 150%, dip dag-RSI2<10, uit RSI>60",3.0,BTC+ETH,-0.191445522300129,-0.9735044617173693,1.1359507440344592,-0.9642105619284259,0.10127991451378371,-0.6259543794128667,0.8892578528473961,6.975657482780213,0.16393442622950818,0.6986772119128635,-0.12776425460957716,49,"{""2018"": -82.3, ""2019"": -26.1, ""2020"": 406.8, ""2021"": -79.8, ""2022"": -26.6, ""2023"": 170.9, ""2024"": 11.5, ""2025"": -13.6, ""2026"": 33.6}"
4 trend+dip,"basis 50% tot 150%, dip dag-RSI2<10, uit RSI>60",3.0,BTC,-0.2565112536578217,-0.9858761182994789,0.7466184594269716,-0.9703420090737265,0.06611980677600915,-0.6819292856402221,0.8177136740471318,3.773716343143394,0.15151515151515152,0.8012140114004891,-0.11791428658244844,49,"{""2018"": -70.4, ""2019"": -40.3, ""2020"": 395.6, ""2021"": -95.0, ""2022"": 0.0, ""2023"": 280.4, ""2024"": 83.5, ""2025"": -52.4, ""2026"": 34.3}"
4 trend+dip,"basis 50% tot 150%, dip dag-RSI2<10, uit RSI>60",3.0,5 munten,-0.05195143581041117,-0.9601063287654015,1.380639575246464,-0.9420719694653709,0.03790986193052803,-0.7120310416328461,0.7522463801733135,21.3843926111459,0.12834224598930483,0.6859207572230317,-0.13540545270361562,49,"{""2018"": -86.8, ""2019"": 13.2, ""2020"": 241.6, ""2021"": 47.2, ""2022"": -34.7, ""2023"": 44.7, ""2024"": 64.8, ""2025"": -48.9, ""2026"": 22.3}"
4 trend+dip,"basis 50% tot 150%, dip dag-RSI2<10, uit RSI>60",3.0,10 munten,0.6729947340500075,-0.8959964953083269,1.1789823422959962,-0.8079303546434283,-0.16292801092279563,-0.7227696819242646,0.24690200175251925,36.47925798371948,0.11598746081504702,0.9658540277919725,-0.1572855449799872,49,"{""2018"": -86.8, ""2019"": 19.0, ""2020"": 170.8, ""2021"": 4829.3, ""2022"": -41.6, ""2023"": 64.0, ""2024"": 10.4, ""2025"": -55.7, ""2026"": 17.9}"
4 trend+dip,"basis 50% tot 150%, dip dag-RSI2<10, uit RSI>80",1.0,BTC+ETH,0.1057845688132113,-0.5476048544666832,1.1156815717970494,-0.23117707398752618,0.16578133581946664,-0.23545067062694391,1.0324903904931166,6.975657482780213,0.22950819672131148,0.4666292868205822,-0.048926735205480534,50,"{""2018"": -42.7, ""2019"": 1.4, ""2020"": 119.6, ""2021"": 12.4, ""2022"": -8.9, ""2023"": 37.3, ""2024"": 25.2, ""2025"": 8.1, ""2026"": 11.7}"
4 trend+dip,"basis 50% tot 150%, dip dag-RSI2<10, uit RSI>80",1.0,BTC,0.013692240674505696,-0.7621825233867312,0.5745861420927109,-0.49477486541647675,0.16240353584338396,-0.25215505278245587,1.012549617159213,3.773716343143394,0.18181818181818182,0.37860518298632106,-0.0420974672404755,50,"{""2018"": -28.9, ""2019"": 15.4, ""2020"": 98.9, ""2021"": -48.8, ""2022"": 0.0, ""2023"": 28.9, ""2024"": 50.1, ""2025"": -9.9, ""2026"": 11.3}"
4 trend+dip,"basis 50% tot 150%, dip dag-RSI2<10, uit RSI>80",1.0,5 munten,0.1397813217857582,-0.5107497199703467,1.2745737891126627,-0.11454413738713765,0.07096057440779568,-0.29754808514793174,0.6175235993152985,22.756653099561678,0.18090452261306533,0.5475196839953714,-0.04407712458466914,50,"{""2018"": -47.3, ""2019"": 12.9, ""2020"": 97.1, ""2021"": 92.5, ""2022"": -12.8, ""2023"": 10.6, ""2024"": 30.9, ""2025"": -17.7, ""2026"": 7.5}"
4 trend+dip,"basis 50% tot 150%, dip dag-RSI2<10, uit RSI>80",1.0,10 munten,0.33229895219942285,-0.5521345291383939,1.7284770010010904,0.051639331115935994,-0.01822471512753554,-0.3879415169132656,0.19243143809682722,42.7687852222918,0.15775401069518716,0.768867236473631,-0.052004990872829795,50,"{""2018"": -47.3, ""2019"": 17.6, ""2020"": 103.5, ""2021"": 366.6, ""2022"": -21.8, ""2023"": 17.3, ""2024"": 14.7, ""2025"": -28.3, ""2026"": 10.9}"
4 trend+dip,"basis 50% tot 150%, dip dag-RSI2<10, uit RSI>80",1.5,BTC+ETH,0.08012220821343474,-0.7379573802011958,1.1262692337162956,-0.5457696780210408,0.20018400409666182,-0.3449623037224957,1.011168646574705,6.975657482780213,0.21311475409836064,0.7000102784615054,-0.07216479154600149,50,"{""2018"": -57.3, ""2019"": -5.5, ""2020"": 205.1, ""2021"": -2.8, ""2022"": -13.3, ""2023"": 48.8, ""2024"": 29.8, ""2025"": 6.6, ""2026"": 17.9}"
4 trend+dip,"basis 50% tot 150%, dip dag-RSI2<10, uit RSI>80",1.5,BTC,-0.03279235791515622,-0.887943481666806,0.5936063085662057,-0.714314481601906,0.19325255356842574,-0.3731591476068601,0.9901041080736316,3.773716343143394,0.15151515151515152,0.6362500134515664,-0.061368993697283734,50,"{""2018"": -40.6, ""2019"": 12.2, ""2020"": 174.2, ""2021"": -67.6, ""2022"": 0.0, ""2023"": 36.8, ""2024"": 69.7, ""2025"": -18.9, ""2026"": 17.2}"
4 trend+dip,"basis 50% tot 150%, dip dag-RSI2<10, uit RSI>80",1.5,5 munten,0.1410046233875928,-0.722261895414497,1.3010640869114978,-0.43246834608232365,0.05574050334878988,-0.43944708099039564,0.5855454791865735,22.756653099561678,0.1658291457286432,0.8080766761608384,-0.069583980649701,50,"{""2018"": -62.8, ""2019"": 12.3, ""2020"": 169.3, ""2021"": 114.1, ""2022"": -18.6, ""2023"": 11.1, ""2024"": 40.7, ""2025"": -30.5, ""2026"": 11.2}"
4 trend+dip,"basis 50% tot 150%, dip dag-RSI2<10, uit RSI>80",1.5,10 munten,0.454552631969549,-0.7418647158416867,1.6828169298081053,-0.15034506840775086,-0.08231039964388887,-0.5692123337985946,0.1395586659339574,42.7687852222918,0.1443850267379679,1.0200202652466677,-0.08105633016827331,50,"{""2018"": -62.8, ""2019"": 19.6, ""2020"": 187.6, ""2021"": 707.3, ""2022"": -29.7, ""2023"": 23.3, ""2024"": 13.6, ""2025"": -43.9, ""2026"": 16.3}"
4 trend+dip,"basis 50% tot 150%, dip dag-RSI2<10, uit RSI>80",2.0,BTC+ETH,-0.01726608547516495,-0.8726715847050694,1.073298601190008,-0.8177454468730757,0.21062154876486527,-0.4316441127875179,1.0146922783289825,6.975657482780213,0.21311475409836064,0.7019912353627723,-0.09794570512052998,50,"{""2018"": -69.6, ""2019"": -18.1, ""2020"": 291.9, ""2021"": -32.7, ""2022"": -17.6, ""2023"": 61.0, ""2024"": 27.5, ""2025"": 6.0, ""2026"": 23.2}"
4 trend+dip,"basis 50% tot 150%, dip dag-RSI2<10, uit RSI>80",2.0,BTC,-0.14489434076575813,-0.9553157213680605,0.5027810718791358,-0.8912968954160516,0.17827166072514022,-0.479308885276423,0.9487976607013947,3.773716343143394,0.15151515151515152,0.6863737571958446,-0.08408095812538217,50,"{""2018"": -53.0, ""2019"": -2.4, ""2020"": 265.8, ""2021"": -83.7, ""2022"": 0.0, ""2023"": 41.0, ""2024"": 76.0, ""2025"": -28.4, ""2026"": 23.3}"
4 trend+dip,"basis 50% tot 150%, dip dag-RSI2<10, uit RSI>80",2.0,5 munten,0.08231317876569699,-0.8693881492446056,1.2958169529538062,-0.7328958532276462,0.013495372474885858,-0.5689815668199029,0.5676523191465543,22.756653099561678,0.16080402010050251,0.9097247671439521,-0.09917085592534272,50,"{""2018"": -74.5, ""2019"": 7.6, ""2020"": 250.0, ""2021"": 95.8, ""2022"": -24.0, ""2023"": 10.8, ""2024"": 47.3, ""2025"": -43.2, ""2026"": 14.2}"
4 trend+dip,"basis 50% tot 150%, dip dag-RSI2<10, uit RSI>80",2.0,10 munten,0.5201255701088452,-0.8632803098446828,1.5943293411096193,-0.4427400268576085,-0.17090171185296832,-0.7078046898831991,0.09047802865018888,42.7687852222918,0.13903743315508021,0.9580939624626571,-0.11301211292123371,50,"{""2018"": -74.5, ""2019"": 15.9, ""2020"": 291.3, ""2021"": 1130.4, ""2022"": -36.5, ""2023"": 26.7, ""2024"": 5.3, ""2025"": -57.0, ""2026"": 21.5}"
4 trend+dip,"basis 50% tot 150%, dip dag-RSI2<10, uit RSI>80",3.0,BTC+ETH,-0.3044907262709463,-0.9766474619718973,1.002736592367499,-0.9881269166633101,0.13217286170947462,-0.64679763304767,1.005746502505801,6.975657482780213,0.16393442622950818,0.5924977696690771,-0.15250286953617642,50,"{""2018"": -84.7, ""2019"": -47.0, ""2020"": 412.7, ""2021"": -77.6, ""2022"": -25.4, ""2023"": 55.5, ""2024"": 9.8, ""2025"": -6.8, ""2026"": 34.3}"
4 trend+dip,"basis 50% tot 150%, dip dag-RSI2<10, uit RSI>80",3.0,BTC,-0.43408908571520644,-0.9945401857638013,0.33019105070881954,-0.994453253336112,0.06105041766569297,-0.6671835525338938,0.9023751631898953,3.773716343143394,0.12121212121212122,0.7784315289844635,-0.14227939522275276,50,"{""2018"": -70.4, ""2019"": -49.2, ""2020"": 426.6, ""2021"": -97.1, ""2022"": 0.0, ""2023"": 38.7, ""2024"": 77.4, ""2025"": -51.4, ""2026"": 34.3}"
4 trend+dip,"basis 50% tot 150%, dip dag-RSI2<10, uit RSI>80",3.0,5 munten,-0.17305167772538044,-0.9802435831824915,1.240472394379855,-0.9735028643776709,-0.14155144718091894,-0.7643395498776286,0.5453009305083785,22.756653099561678,0.12562814070351758,0.599099931522371,-0.15714500089541913,50,"{""2018"": -89.1, ""2019"": -11.8, ""2020"": 397.0, ""2021"": -0.3, ""2022"": -33.9, ""2023"": -0.9, ""2024"": 42.4, ""2025"": -66.4, ""2026"": 20.9}"
4 trend+dip,"basis 50% tot 150%, dip dag-RSI2<10, uit RSI>80",3.0,10 munten,0.32383321697148704,-0.9366409311413911,1.3637830406129465,-0.87658286340654,-0.2982912333509816,-0.827440165625075,0.06206911070307097,37.851518472135254,0.10574018126888217,0.5696965943466018,-0.18051188324482126,50,"{""2018"": -89.1, ""2019"": 1.3, ""2020"": 247.8, ""2021"": 1620.9, ""2022"": -43.2, ""2023"": 29.7, ""2024"": -6.1, ""2025"": -69.6, ""2026"": 20.7}"
4 trend+dip,"basis 70% tot 100%, dip dag-RSI2<10, uit RSI>60",1.0,BTC+ETH,0.28032924528976144,-0.49022579589646487,2.033810519523851,0.6269334081571498,0.18787343952016222,-0.21652537456303667,1.2349700206516192,6.975657482780213,0.26229508196721313,0.6535844953970492,-0.043165621851695174,51,"{""2018"": -34.5, ""2019"": 24.1, ""2020"": 123.7, ""2021"": 64.4, ""2022"": -8.0, ""2023"": 57.8, ""2024"": 43.0, ""2025"": -2.6, ""2026"": 14.5}"
4 trend+dip,"basis 70% tot 100%, dip dag-RSI2<10, uit RSI>60",1.0,BTC,0.2155848876019415,-0.570152446132285,1.7924229276778867,0.3175043758242899,0.1842671418384132,-0.2337658591339966,1.231398287188049,3.773716343143394,0.21212121212121213,0.5535640324917327,-0.03654487232591142,51,"{""2018"": -28.3, ""2019"": 39.4, ""2020"": 124.2, ""2021"": -18.8, ""2022"": 0.0, ""2023"": 75.2, ""2024"": 58.4, ""2025"": -13.1, ""2026"": 14.8}"
4 trend+dip,"basis 70% tot 100%, dip dag-RSI2<10, uit RSI>60",1.0,5 munten,0.32910660580924667,-0.4489624559106863,2.204495900301642,0.4133098326839242,0.15486090759233084,-0.32065888555052846,1.0531845663341162,22.756653099561678,0.20603015075376885,0.7621903471919644,-0.0388868204151532,51,"{""2018"": -39.6, ""2019"": 28.2, ""2020"": 100.7, ""2021"": 226.2, ""2022"": -14.5, ""2023"": 26.3, ""2024"": 65.5, ""2025"": -20.0, ""2026"": 8.7}"
4 trend+dip,"basis 70% tot 100%, dip dag-RSI2<10, uit RSI>60",1.0,10 munten,0.555139057448313,-0.45731998169659394,2.700914541245649,1.0245022858895791,0.06819963759519321,-0.37615302405851037,0.6109867755948688,42.7687852222918,0.1711229946524064,1.4965156759945004,-0.04497827705394084,51,"{""2018"": -39.6, ""2019"": 32.6, ""2020"": 112.7, ""2021"": 635.6, ""2022"": -19.7, ""2023"": 35.3, ""2024"": 43.5, ""2025"": -27.9, ""2026"": 11.7}"
4 trend+dip,"basis 70% tot 100%, dip dag-RSI2<10, uit RSI>60",1.5,BTC+ETH,0.20406762812962076,-0.6889039084459195,1.51254770576116,-0.1642333378199642,0.1833845477514524,-0.32046976010683914,1.006105990050781,6.975657482780213,0.26229508196721313,0.7296018588303085,-0.07037668293250444,51,"{""2018"": -48.6, ""2019"": 22.7, ""2020"": 141.1, ""2021"": 26.0, ""2022"": -11.9, ""2023"": 77.1, ""2024"": 43.1, ""2025"": -8.8, ""2026"": 20.6}"
4 trend+dip,"basis 70% tot 100%, dip dag-RSI2<10, uit RSI>60",1.5,BTC,0.13771227304213407,-0.7734585988760914,1.247400839874404,-0.3611830817568846,0.1763162876111457,-0.3418432345413931,0.9889331826765563,3.773716343143394,0.21212121212121213,0.618583654674796,-0.06044976274130676,51,"{""2018"": -40.4, ""2019"": 43.9, ""2020"": 160.3, ""2021"": -53.2, ""2022"": 0.0, ""2023"": 104.7, ""2024"": 66.9, ""2025"": -23.5, ""2026"": 21.0}"
4 trend+dip,"basis 70% tot 100%, dip dag-RSI2<10, uit RSI>60",1.5,5 munten,0.27817113207833577,-0.66856774925358,1.734557773774082,-0.2788035184033616,0.11174833975186393,-0.4631575717467554,0.7646351194953503,22.756653099561678,0.17587939698492464,1.0232369959400034,-0.06481621384609959,51,"{""2018"": -54.8, ""2019"": 33.1, ""2020"": 112.9, ""2021"": 234.7, ""2022"": -21.3, ""2023"": 28.1, ""2024"": 76.7, ""2025"": -35.4, ""2026"": 11.7}"
4 trend+dip,"basis 70% tot 100%, dip dag-RSI2<10, uit RSI>60",1.5,10 munten,0.5934912229523399,-0.6929330620875329,2.178634368401731,0.25448393397833113,-0.01883924307408169,-0.5579113804611333,0.3236985184764065,42.7687852222918,0.15240641711229946,2.133796375166286,-0.0749093191707945,51,"{""2018"": -54.8, ""2019"": 39.2, ""2020"": 129.5, ""2021"": 957.7, ""2022"": -28.5, ""2023"": 41.7, ""2024"": 37.7, ""2025"": -43.8, ""2026"": 16.2}"
4 trend+dip,"basis 70% tot 100%, dip dag-RSI2<10, uit RSI>60",2.0,BTC+ETH,0.1811068450803588,-0.8009574101071181,1.5033487319407923,-0.4696600694279831,0.20213235776570104,-0.41791206949323856,1.0046876757703669,6.975657482780213,0.22950819672131148,1.052014563967632,-0.09011011647579008,51,"{""2018"": -60.4, ""2019"": 17.8, ""2020"": 194.7, ""2021"": 13.6, ""2022"": -15.5, ""2023"": 100.7, ""2024"": 50.5, ""2025"": -15.0, ""2026"": 28.0}"
4 trend+dip,"basis 70% tot 100%, dip dag-RSI2<10, uit RSI>60",2.0,BTC,0.10899821745119054,-0.8674211130433207,1.215285615220207,-0.605674327421992,0.2029953185276281,-0.43420701571690956,1.0083290239745077,3.773716343143394,0.21212121212121213,0.8052329192578689,-0.08095779217622333,51,"{""2018"": -50.6, ""2019"": 41.7, ""2020"": 232.0, ""2021"": -67.3, ""2022"": 0.0, ""2023"": 140.7, ""2024"": 86.0, ""2025"": -31.5, ""2026"": 28.5}"
4 trend+dip,"basis 70% tot 100%, dip dag-RSI2<10, uit RSI>60",2.0,5 munten,0.288299255276633,-0.7930326460036193,1.7647827697510865,-0.539585954410968,0.10717929459728093,-0.5774241117489545,0.7751022721737699,22.756653099561678,0.16080402010050251,1.4204276262710542,-0.08980147473711263,51,"{""2018"": -66.8, ""2019"": 35.2, ""2020"": 154.3, ""2021"": 306.1, ""2022"": -27.2, ""2023"": 33.8, ""2024"": 102.7, ""2025"": -47.2, ""2026"": 15.6}"
4 trend+dip,"basis 70% tot 100%, dip dag-RSI2<10, uit RSI>60",2.0,10 munten,0.6336689004627944,-0.8139687058003716,2.036696357233742,-0.07020083819302259,-0.07694869677580563,-0.6894041559930341,0.3056641691814664,42.7687852222918,0.13636363636363635,2.3574430166010196,-0.10217054016047768,51,"{""2018"": -66.8, ""2019"": 43.4, ""2020"": 177.6, ""2021"": 1250.0, ""2022"": -35.5, ""2023"": 53.7, ""2024"": 40.1, ""2025"": -56.1, ""2026"": 21.3}"
4 trend+dip,"basis 70% tot 100%, dip dag-RSI2<10, uit RSI>60",3.0,BTC+ETH,0.031219841460159437,-0.931239128622319,1.54553252149622,-0.8786713690842859,0.15296613472705056,-0.6431989072875073,0.9704060278657505,6.975657482780213,0.21311475409836064,1.1548540873836932,-0.13410857841700508,51,"{""2018"": -76.6, ""2019"": 4.1, ""2020"": 331.9, ""2021"": -41.2, ""2022"": -22.4, ""2023"": 142.1, ""2024"": 45.8, ""2025"": -29.6, ""2026"": 41.4}"
4 trend+dip,"basis 70% tot 100%, dip dag-RSI2<10, uit RSI>60",3.0,BTC,-0.03335999467404349,-0.9656958439733464,1.207227515008911,-0.9157201863198681,0.15467150478585157,-0.6220605343581969,0.9631430460367352,3.773716343143394,0.21212121212121213,0.9938541041250192,-0.12225333073994905,51,"{""2018"": -67.7, ""2019"": 29.5, ""2020"": 428.3, ""2021"": -88.7, ""2022"": 0.0, ""2023"": 218.7, ""2024"": 103.9, ""2025"": -50.5, ""2026"": 43.6}"
4 trend+dip,"basis 70% tot 100%, dip dag-RSI2<10, uit RSI>60",3.0,5 munten,0.19659117190947684,-0.9514129943180096,1.8951995408913045,-0.8851797665259844,0.01358520194939783,-0.7871570501431283,0.7702897009036103,22.756653099561678,0.1407035175879397,1.5361935420042645,-0.14421548928592073,51,"{""2018"": -82.3, ""2019"": 35.8, ""2020"": 280.7, ""2021"": 262.8, ""2022"": -38.0, ""2023"": 40.1, ""2024"": 149.8, ""2025"": -68.8, ""2026"": 21.1}"
4 trend+dip,"basis 70% tot 100%, dip dag-RSI2<10, uit RSI>60",3.0,10 munten,0.5725427991693355,-0.9529676341551696,1.828550741754142,-0.666582105838341,-0.2512049586295323,-0.8689242163392562,0.2836606709820362,42.7687852222918,0.11497326203208556,1.7327088041936038,-0.16377191392962293,51,"{""2018"": -82.3, ""2019"": 44.9, ""2020"": 318.7, ""2021"": 1331.8, ""2022"": -47.4, ""2023"": 67.3, ""2024"": 30.7, ""2025"": -76.5, ""2026"": 31.9}"
4 trend+dip,"basis 70% tot 100%, dip dag-RSI2<10, uit RSI>80",1.0,BTC+ETH,0.27674613682648963,-0.5216864719094185,1.991242121038509,0.589761531827359,0.20059180274895838,-0.22560364611358652,1.265871489730443,6.975657482780213,0.26229508196721313,0.6822920872900156,-0.04471862882448485,52,"{""2018"": -35.4, ""2019"": 20.2, ""2020"": 128.4, ""2021"": 71.4, ""2022"": -7.7, ""2023"": 52.2, ""2024"": 44.3, ""2025"": -0.8, ""2026"": 14.6}"
4 trend+dip,"basis 70% tot 100%, dip dag-RSI2<10, uit RSI>80",1.0,BTC,0.19599107024645024,-0.6050102281149949,1.6616013807497079,0.19550002772401265,0.19384911224711465,-0.21827658545057382,1.242726206786745,3.773716343143394,0.21212121212121213,0.5610877785425152,-0.03862574032901648,52,"{""2018"": -28.3, ""2019"": 39.0, ""2020"": 127.4, ""2021"": -20.6, ""2022"": 0.0, ""2023"": 60.7, ""2024"": 59.2, ""2025"": -11.7, ""2026"": 14.8}"
4 trend+dip,"basis 70% tot 100%, dip dag-RSI2<10, uit RSI>80",1.0,5 munten,0.328767572012026,-0.45068858350307894,2.179252314975372,0.40779158438906404,0.154227200145864,-0.3206451125139367,1.0312194804045192,22.756653099561678,0.21105527638190955,0.7845356212494,-0.04030494744197874,52,"{""2018"": -40.9, ""2019"": 26.2, ""2020"": 110.3, ""2021"": 230.7, ""2022"": -14.3, ""2023"": 23.0, ""2024"": 64.6, ""2025"": -20.2, ""2026"": 8.8}"
4 trend+dip,"basis 70% tot 100%, dip dag-RSI2<10, uit RSI>80",1.0,10 munten,0.5378994989449186,-0.48092765395437465,2.6613780907253592,1.0083212753701414,0.0656768237860137,-0.3871585182209567,0.5962135753627044,42.7687852222918,0.17647058823529413,1.340207052113472,-0.046274758563720805,52,"{""2018"": -40.9, ""2019"": 31.5, ""2020"": 122.6, ""2021"": 589.2, ""2022"": -19.7, ""2023"": 32.8, ""2024"": 42.4, ""2025"": -28.3, ""2026"": 12.2}"
4 trend+dip,"basis 70% tot 100%, dip dag-RSI2<10, uit RSI>80",1.5,BTC+ETH,0.196782117511084,-0.7169146087250606,1.4865217010142902,-0.20904562173306973,0.1974521465239405,-0.32389902918496793,1.0379827367832357,6.975657482780213,0.22950819672131148,0.8825499064649873,-0.06990536168772163,52,"{""2018"": -49.6, ""2019"": 18.1, ""2020"": 147.8, ""2021"": 32.3, ""2022"": -11.6, ""2023"": 67.2, ""2024"": 44.6, ""2025"": -7.0, ""2026"": 20.7}"
4 trend+dip,"basis 70% tot 100%, dip dag-RSI2<10, uit RSI>80",1.5,BTC,0.10181883930809099,-0.8058382119323907,1.1023666514804669,-0.4730134800938708,0.1911374663350296,-0.3228473074238165,1.0204373546191745,3.773716343143394,0.21212121212121213,0.6212752542808063,-0.06403795017532413,52,"{""2018"": -40.4, ""2019"": 42.3, ""2020"": 164.6, ""2021"": -56.2, ""2022"": 0.0, ""2023"": 79.7, ""2024"": 69.2, ""2025"": -21.9, ""2026"": 21.0}"
4 trend+dip,"basis 70% tot 100%, dip dag-RSI2<10, uit RSI>80",1.5,5 munten,0.27151373979223914,-0.6789649868425894,1.7101756211911503,-0.30524640039818174,0.10253347959460313,-0.46798642411569147,0.7335180485408447,22.756653099561678,0.1658291457286432,1.1575155102199701,-0.06609583044204088,52,"{""2018"": -56.3, ""2019"": 29.5, ""2020"": 129.3, ""2021"": 233.3, ""2022"": -21.1, ""2023"": 22.6, ""2024"": 74.1, ""2025"": -36.5, ""2026"": 11.7}"
4 trend+dip,"basis 70% tot 100%, dip dag-RSI2<10, uit RSI>80",1.5,10 munten,0.5616402074080509,-0.7163200871745928,2.178260598408514,0.2147636843384575,-0.027937406945657495,-0.5748751608878025,0.3074693014299027,42.7687852222918,0.1443850267379679,1.9280457016736454,-0.07620259355725538,52,"{""2018"": -56.3, ""2019"": 36.9, ""2020"": 145.8, ""2021"": 848.1, ""2022"": -28.8, ""2023"": 37.6, ""2024"": 35.6, ""2025"": -45.0, ""2026"": 17.0}"
4 trend+dip,"basis 70% tot 100%, dip dag-RSI2<10, uit RSI>80",2.0,BTC+ETH,0.16080340984901897,-0.8244070033735018,1.4598065912900697,-0.5231578924903952,0.21476567702059013,-0.42180462987037737,1.0306398478320156,6.975657482780213,0.22950819672131148,1.0756171010611573,-0.09385451384896872,52,"{""2018"": -61.1, ""2019"": 12.1, ""2020"": 199.2, ""2021"": 16.6, ""2022"": -15.2, ""2023"": 85.1, ""2024"": 51.3, ""2025"": -13.2, ""2026"": 28.1}"
4 trend+dip,"basis 70% tot 100%, dip dag-RSI2<10, uit RSI>80",2.0,BTC,0.05449728549229871,-0.890062484774176,1.052457811837505,-0.7082447494803752,0.20469565632048337,-0.4225585953875233,1.0066708188806592,3.773716343143394,0.21212121212121213,0.7712082559679941,-0.08476117114355428,52,"{""2018"": -50.6, ""2019"": 36.4, ""2020"": 237.8, ""2021"": -71.0, ""2022"": 0.0, ""2023"": 104.6, ""2024"": 85.1, ""2025"": -31.0, ""2026"": 28.5}"
4 trend+dip,"basis 70% tot 100%, dip dag-RSI2<10, uit RSI>80",2.0,5 munten,0.2776672461878429,-0.8085144217455408,1.7468094019101081,-0.5715039070774262,0.08591374569791888,-0.5957457240067172,0.7297390163461058,22.756653099561678,0.16080402010050251,1.5169359310946078,-0.09250619568823007,52,"{""2018"": -67.9, ""2019"": 32.0, ""2020"": 180.2, ""2021"": 295.8, ""2022"": -26.9, ""2023"": 25.3, ""2024"": 96.0, ""2025"": -48.9, ""2026"": 15.6}"
4 trend+dip,"basis 70% tot 100%, dip dag-RSI2<10, uit RSI>80",2.0,10 munten,0.5903524830750788,-0.8357085077090091,2.0666966214275795,-0.10795171533233516,-0.094502911083297,-0.7080019361353994,0.28052479172827943,42.7687852222918,0.13636363636363635,1.9262049184795067,-0.1050987862321368,52,"{""2018"": -67.9, ""2019"": 41.8, ""2020"": 201.3, ""2021"": 1055.4, ""2022"": -35.8, ""2023"": 47.7, ""2024"": 36.1, ""2025"": -57.8, ""2026"": 22.4}"
4 trend+dip,"basis 70% tot 100%, dip dag-RSI2<10, uit RSI>80",3.0,BTC+ETH,-0.006832587429677961,-0.9397698362452895,1.500755525958236,-0.9083854174488561,0.1636701661887736,-0.6343263372724949,1.0038341571421379,6.975657482780213,0.21311475409836064,1.1679603018368734,-0.14083887958517574,52,"{""2018"": -77.4, ""2019"": -6.7, ""2020"": 340.5, ""2021"": -40.4, ""2022"": -22.2, ""2023"": 115.3, ""2024"": 44.3, ""2025"": -27.4, ""2026"": 41.6}"
4 trend+dip,"basis 70% tot 100%, dip dag-RSI2<10, uit RSI>80",3.0,BTC,-0.10502768815837538,-0.9738210273878639,1.0631139644146537,-0.9470053876900023,0.14719933161608867,-0.6206893347914865,0.9683263008584211,3.773716343143394,0.21212121212121213,0.9320353095106688,-0.12685182371513773,52,"{""2018"": -67.7, ""2019"": 21.3, ""2020"": 440.5, ""2021"": -90.4, ""2022"": 0.0, ""2023"": 147.2, ""2024"": 99.1, ""2025"": -50.2, ""2026"": 43.6}"
4 trend+dip,"basis 70% tot 100%, dip dag-RSI2<10, uit RSI>80",3.0,5 munten,0.16520998086162564,-0.9585241844783945,1.8701715856788703,-0.9044753935351231,-0.006488995342640136,-0.7961643757046492,0.7578195019968867,22.756653099561678,0.1306532663316583,1.7468694444412696,-0.14819745762580092,52,"{""2018"": -83.2, ""2019"": 26.3, ""2020"": 327.9, ""2021"": 242.4, ""2022"": -37.7, ""2023"": 27.0, ""2024"": 138.2, ""2025"": -69.5, ""2026"": 21.2}"
4 trend+dip,"basis 70% tot 100%, dip dag-RSI2<10, uit RSI>80",3.0,10 munten,0.4848855247759274,-0.9621324678396567,1.9718201094471322,-0.7111673619898401,-0.2669070786613803,-0.8804571335905719,0.2847216252286405,42.7687852222918,0.10962566844919786,1.6313424030525239,-0.16858919882275192,52,"{""2018"": -83.2, ""2019"": 35.1, ""2020"": 378.1, ""2021"": 989.7, ""2022"": -47.9, ""2023"": 55.2, ""2024"": 27.2, ""2025"": -77.6, ""2026"": 33.6}"
4 trend+dip,"basis 70% tot 150%, dip dag-RSI2<10, uit RSI>60",1.0,BTC+ETH,0.15706862475572048,-0.5967639957947378,1.3552071643598782,-0.10797153986828578,0.15642687367451402,-0.2412356113406503,0.9898148440687123,6.975657482780213,0.2786885245901639,0.44789394969791585,-0.05272558193493788,53,"{""2018"": -43.4, ""2019"": 15.4, ""2020"": 125.2, ""2021"": 8.9, ""2022"": -10.4, ""2023"": 64.1, ""2024"": 31.4, ""2025"": -1.7, ""2026"": 14.8}"
4 trend+dip,"basis 70% tot 150%, dip dag-RSI2<10, uit RSI>60",1.0,BTC,0.11387209629750039,-0.7114130482780708,1.14893708980587,-0.19360811305547088,0.15547111497414878,-0.2742028943867424,0.9968016192609829,3.773716343143394,0.21212121212121213,0.43858777130584325,-0.04451330815245744,53,"{""2018"": -33.2, ""2019"": 26.5, ""2020"": 121.4, ""2021"": -45.5, ""2022"": 0.0, ""2023"": 85.5, ""2024"": 56.0, ""2025"": -17.5, ""2026"": 14.7}"
4 trend+dip,"basis 70% tot 150%, dip dag-RSI2<10, uit RSI>60",1.0,5 munten,0.20004967473565394,-0.560538214076612,1.5272931742383997,-0.09954746278233784,0.1000367120258725,-0.35925100587446324,0.7462221310793875,22.756653099561678,0.19597989949748743,0.5867949789517705,-0.04772336745337129,53,"{""2018"": -48.0, ""2019"": 24.6, ""2020"": 86.2, ""2021"": 136.4, ""2022"": -16.3, ""2023"": 24.2, ""2024"": 50.3, ""2025"": -23.2, ""2026"": 9.0}"
4 trend+dip,"basis 70% tot 150%, dip dag-RSI2<10, uit RSI>60",1.0,10 munten,0.4861816862445165,-0.5621123407652676,1.9554112895235078,0.23881827293169522,-0.0068083837568451155,-0.4306228003211878,0.26977422318931804,42.7687852222918,0.16042780748663102,1.486831300465831,-0.05658784913785937,53,"{""2018"": -48.0, ""2019"": 27.9, ""2020"": 96.3, ""2021"": 690.8, ""2022"": -23.9, ""2023"": 31.5, ""2024"": 25.8, ""2025"": -33.0, ""2026"": 11.8}"
4 trend+dip,"basis 70% tot 150%, dip dag-RSI2<10, uit RSI>60",1.5,BTC+ETH,0.14000519233748654,-0.7787144747036953,1.3507959642067127,-0.4544636176334266,0.18013219390823343,-0.36019936894123217,0.9586591229626145,6.975657482780213,0.22950819672131148,0.7774047267348559,-0.07578044254446574,53,"{""2018"": -58.2, ""2019"": 12.7, ""2020"": 198.8, ""2021"": -9.5, ""2022"": -15.3, ""2023"": 97.5, ""2024"": 37.0, ""2025"": -7.1, ""2026"": 22.7}"
4 trend+dip,"basis 70% tot 150%, dip dag-RSI2<10, uit RSI>60",1.5,BTC,0.08102770348418087,-0.8599820423175589,1.0803567305384607,-0.5340493895512765,0.1957112825169851,-0.3888252320057535,1.0053107174870144,3.773716343143394,0.21212121212121213,0.6121207843380309,-0.06791149363575745,53,"{""2018"": -46.2, ""2019"": 25.2, ""2020"": 199.6, ""2021"": -66.9, ""2022"": 0.0, ""2023"": 135.8, ""2024"": 81.2, ""2025"": -27.3, ""2026"": 22.6}"
4 trend+dip,"basis 70% tot 150%, dip dag-RSI2<10, uit RSI>60",1.5,5 munten,0.22121050243718487,-0.7534845263145963,1.5699555359385184,-0.42984699284951666,0.0856489572011081,-0.506137199811581,0.6883765026592056,22.756653099561678,0.1708542713567839,0.9298380202937249,-0.0745956212966624,53,"{""2018"": -63.4, ""2019"": 29.1, ""2020"": 138.7, ""2021"": 184.1, ""2022"": -23.4, ""2023"": 33.6, ""2024"": 69.6, ""2025"": -38.0, ""2026"": 13.5}"
4 trend+dip,"basis 70% tot 150%, dip dag-RSI2<10, uit RSI>60",1.5,10 munten,0.6716856677879988,-0.7525737003484391,1.7923409964498236,-0.038656814999314504,-0.0699719051020039,-0.6112647344288106,0.2229263335939084,42.7687852222918,0.1443850267379679,2.4044959467916103,-0.08793850886862806,53,"{""2018"": -63.4, ""2019"": 34.6, ""2020"": 159.9, ""2021"": 1530.4, ""2022"": -32.6, ""2023"": 45.7, ""2024"": 28.7, ""2025"": -49.0, ""2026"": 17.7}"
4 trend+dip,"basis 70% tot 150%, dip dag-RSI2<10, uit RSI>60",2.0,BTC+ETH,0.060120917095305204,-0.893331166399177,1.3377642947106327,-0.7551677106198745,0.1857930954476288,-0.479636018038356,0.9695666140920434,6.975657482780213,0.22950819672131148,0.8212217506974904,-0.10214622243648562,53,"{""2018"": -70.8, ""2019"": 5.0, ""2020"": 275.6, ""2021"": -34.7, ""2022"": -19.9, ""2023"": 127.8, ""2024"": 37.0, ""2025"": -11.2, ""2026"": 29.7}"
4 trend+dip,"basis 70% tot 150%, dip dag-RSI2<10, uit RSI>60",2.0,BTC,-0.0026737397550842257,-0.9386195353458009,1.0205536603583036,-0.7931638301188818,0.17906440760959175,-0.4879416167766586,0.9528554506553807,3.773716343143394,0.21212121212121213,0.7095834173483312,-0.09149321007690438,53,"{""2018"": -59.1, ""2019"": 17.8, ""2020"": 300.9, ""2021"": -82.3, ""2022"": 0.0, ""2023"": 182.2, ""2024"": 92.4, ""2025"": -38.4, ""2026"": 30.8}"
4 trend+dip,"basis 70% tot 150%, dip dag-RSI2<10, uit RSI>60",2.0,5 munten,0.1757912370252419,-0.8796708473415569,1.5905881377598265,-0.725798841186578,0.06056874250286559,-0.6290489907469194,0.702250331015068,22.756653099561678,0.16080402010050251,1.073384125197004,-0.10440344986814258,53,"{""2018"": -75.5, ""2019"": 30.4, ""2020"": 192.0, ""2021"": 182.2, ""2022"": -29.7, ""2023"": 40.6, ""2024"": 90.7, ""2025"": -50.8, ""2026"": 17.2}"
4 trend+dip,"basis 70% tot 150%, dip dag-RSI2<10, uit RSI>60",2.0,10 munten,0.7251595808493878,-0.8644328538057655,1.5553591169020282,-0.375637830636964,-0.1530178457259984,-0.7408970148424392,0.2019050880795338,42.7687852222918,0.13636363636363635,2.1358526743765434,-0.12107604821647897,53,"{""2018"": -75.5, ""2019"": 37.1, ""2020"": 229.3, ""2021"": 2201.9, ""2022"": -39.6, ""2023"": 58.5, ""2024"": 23.9, ""2025"": -61.6, ""2026"": 22.8}"
4 trend+dip,"basis 70% tot 150%, dip dag-RSI2<10, uit RSI>60",3.0,BTC+ETH,-0.2148539168980771,-0.9817938454160047,1.3661298320546436,-0.9778465978901275,0.06432730549896748,-0.7290771799204169,0.916793453738149,6.975657482780213,0.16393442622950818,0.8103272067477076,-0.14893911746653166,53,"{""2018"": -85.6, ""2019"": -25.5, ""2020"": 450.7, ""2021"": -81.5, ""2022"": -28.4, ""2023"": 184.9, ""2024"": 17.9, ""2025"": -31.2, ""2026"": 43.6}"
4 trend+dip,"basis 70% tot 150%, dip dag-RSI2<10, uit RSI>60",3.0,BTC,-0.271287066043957,-0.9914099779028139,0.9653338455857169,-0.9845126262043012,0.042484839084183657,-0.7337966159281482,0.8651020880823004,3.773716343143394,0.15151515151515152,0.9837092101015731,-0.1369835905680669,53,"{""2018"": -75.6, ""2019"": -33.6, ""2020"": 521.5, ""2021"": -96.5, ""2022"": 0.0, ""2023"": 318.2, ""2024"": 95.2, ""2025"": -61.4, ""2026"": 45.3}"
4 trend+dip,"basis 70% tot 150%, dip dag-RSI2<10, uit RSI>60",3.0,5 munten,-0.05160386403122674,-0.9837141452546145,1.7083911642694025,-0.9710176028164567,0.0354833163251389,-0.7900280670322217,0.864544398869425,21.3843926111459,0.11229946524064172,0.8835167460583462,-0.1619990642425588,53,"{""2018"": -89.9, ""2019"": 17.5, ""2020"": 317.2, ""2021"": 69.9, ""2022"": -41.4, ""2023"": 44.7, ""2024"": 109.7, ""2025"": -62.5, ""2026"": 27.1}"
4 trend+dip,"basis 70% tot 150%, dip dag-RSI2<10, uit RSI>60",3.0,10 munten,0.5070036952466999,-0.9523853264836951,1.2877904116830088,-0.871244305547901,-0.20915873878279978,-0.8231372152846286,0.3420379374602715,36.47925798371948,0.10031347962382445,0.8888773465986102,-0.1888184729780568,53,"{""2018"": -89.9, ""2019"": 25.8, ""2020"": 215.8, ""2021"": 2704.1, ""2022"": -46.3, ""2023"": 74.3, ""2024"": 23.2, ""2025"": -68.0, ""2026"": 22.6}"
4 trend+dip,"basis 70% tot 150%, dip dag-RSI2<10, uit RSI>80",1.0,BTC+ETH,0.14787430961333037,-0.6151738823609743,1.3058450380137092,-0.18283623029619067,0.18393985713520666,-0.2677541459504892,1.058422633407462,6.975657482780213,0.2459016393442623,0.5755633876042057,-0.05700459566317177,54,"{""2018"": -45.4, ""2019"": 7.2, ""2020"": 136.2, ""2021"": 21.5, ""2022"": -9.9, ""2023"": 48.2, ""2024"": 33.7, ""2025"": 2.6, ""2026"": 15.0}"
4 trend+dip,"basis 70% tot 150%, dip dag-RSI2<10, uit RSI>80",1.0,BTC,0.05793502392355965,-0.7771238755555074,0.8586926251567135,-0.4150659504641073,0.17877503149166318,-0.27420433725148374,1.0384239910544355,3.773716343143394,0.21212121212121213,0.44224939995671153,-0.050326103855295894,54,"{""2018"": -33.2, ""2019"": 24.7, ""2020"": 128.4, ""2021"": -50.3, ""2022"": 0.0, ""2023"": 46.8, ""2024"": 58.6, ""2025"": -14.3, ""2026"": 14.7}"
4 trend+dip,"basis 70% tot 150%, dip dag-RSI2<10, uit RSI>80",1.0,5 munten,0.19023862420470028,-0.580335265612636,1.4708586455429502,-0.1498326750901472,0.08818356728268761,-0.36216872085619,0.6843502469574286,22.756653099561678,0.17587939698492464,0.7353873077788334,-0.051278567699972785,54,"{""2018"": -51.0, ""2019"": 18.4, ""2020"": 111.4, ""2021"": 137.3, ""2022"": -15.9, ""2023"": 15.1, ""2024"": 46.6, ""2025"": -24.7, ""2026"": 9.0}"
4 trend+dip,"basis 70% tot 150%, dip dag-RSI2<10, uit RSI>80",1.0,10 munten,0.4255036694609813,-0.6182166066033381,1.9405302427251325,0.16783288057124102,-0.01933924915035512,-0.4642021866785252,0.24241856525296065,42.7687852222918,0.15508021390374332,1.149470388362699,-0.060157044275301164,54,"{""2018"": -51.0, ""2019"": 23.9, ""2020"": 121.8, ""2021"": 529.5, ""2022"": -24.2, ""2023"": 24.8, ""2024"": 22.4, ""2025"": -34.8, ""2026"": 13.2}"
4 trend+dip,"basis 70% tot 150%, dip dag-RSI2<10, uit RSI>80",1.5,BTC+ETH,0.11418363579983559,-0.7797330672383485,1.2953250564550574,-0.5448398145475861,0.21044069228885554,-0.38722850194653247,1.0239186437497105,6.975657482780213,0.22950819672131148,0.8751284244135237,-0.08434284877364875,54,"{""2018"": -60.4, ""2019"": 1.4, ""2020"": 215.0, ""2021"": 4.5, ""2022"": -14.6, ""2023"": 64.5, ""2024"": 39.2, ""2025"": -2.6, ""2026"": 23.0}"
4 trend+dip,"basis 70% tot 150%, dip dag-RSI2<10, uit RSI>80",1.5,BTC,-1.0523900264458597e-05,-0.9009058696592385,0.8097867513129797,-0.7126611245312668,0.2065908733577826,-0.4056730695937719,1.0137220375370732,3.773716343143394,0.21212121212121213,0.5909200290027806,-0.07421898114030091,54,"{""2018"": -46.2, ""2019"": 23.7, ""2020"": 213.8, ""2021"": -70.9, ""2022"": 0.0, ""2023"": 62.5, ""2024"": 80.5, ""2025"": -25.2, ""2026"": 22.6}"
4 trend+dip,"basis 70% tot 150%, dip dag-RSI2<10, uit RSI>80",1.5,5 munten,0.19829698891403158,-0.7840494680794319,1.518813806269633,-0.492326560218734,0.062194666558055944,-0.5130863963202488,0.6372313073619355,22.756653099561678,0.15577889447236182,1.168613864667385,-0.08096934610109827,54,"{""2018"": -66.4, ""2019"": 20.6, ""2020"": 188.0, ""2021"": 177.6, ""2022"": -22.9, ""2023"": 17.0, ""2024"": 62.3, ""2025"": -40.4, ""2026"": 13.6}"
4 trend+dip,"basis 70% tot 150%, dip dag-RSI2<10, uit RSI>80",1.5,10 munten,0.564833363081287,-0.8025983654782264,1.871634246556351,-0.12259670812899404,-0.094167188399504,-0.6498111226677616,0.19814455123484082,42.7687852222918,0.13368983957219252,1.5703251225031922,-0.09352138356608397,54,"{""2018"": -66.4, ""2019"": 29.3, ""2020"": 212.6, ""2021"": 1036.8, ""2022"": -33.3, ""2023"": 33.1, ""2024"": 23.2, ""2025"": -52.0, ""2026"": 19.8}"
4 trend+dip,"basis 70% tot 150%, dip dag-RSI2<10, uit RSI>80",2.0,BTC+ETH,0.009326837080788852,-0.8952633539594976,1.2670932697179806,-0.830028696363615,0.21197396720593242,-0.49383114744536705,1.0302051554134646,6.975657482780213,0.21311475409836064,0.9256044744050997,-0.11142060158598759,54,"{""2018"": -72.8, ""2019"": -10.5, ""2020"": 298.9, ""2021"": -28.4, ""2022"": -19.3, ""2023"": 81.6, ""2024"": 37.6, ""2025"": -6.9, ""2026"": 30.1}"
4 trend+dip,"basis 70% tot 150%, dip dag-RSI2<10, uit RSI>80",2.0,BTC,-0.12135780737398205,-0.96195807161898,0.7199069084484258,-0.9052196844103677,0.18553831005372445,-0.51673603065103,0.9788875273274497,3.773716343143394,0.18181818181818182,0.742388713928996,-0.09720150312630135,54,"{""2018"": -59.1, ""2019"": 9.8, ""2020"": 323.6, ""2021"": -86.4, ""2022"": 0.0, ""2023"": 74.3, ""2024"": 88.4, ""2025"": -36.2, ""2026"": 30.8}"
4 trend+dip,"basis 70% tot 150%, dip dag-RSI2<10, uit RSI>80",2.0,5 munten,0.13205831871407647,-0.9062344931152493,1.535376481206809,-0.7783798424380665,0.015672624397464308,-0.6494872779506606,0.6422594882253404,22.756653099561678,0.1507537688442211,1.276394350193339,-0.1151331045781508,54,"{""2018"": -77.9, ""2019"": 18.0, ""2020"": 275.3, ""2021"": 154.7, ""2022"": -29.1, ""2023"": 17.4, ""2024"": 77.9, ""2025"": -54.5, ""2026"": 17.3}"
4 trend+dip,"basis 70% tot 150%, dip dag-RSI2<10, uit RSI>80",2.0,10 munten,0.5529371372270062,-0.9062116352820224,1.7237440725964042,-0.48643400564260786,-0.19667442056378437,-0.782663816691525,0.1632143377010162,42.7687852222918,0.12566844919786097,1.3162687039227408,-0.13015549656456166,54,"{""2018"": -77.9, ""2019"": 28.3, ""2020"": 319.1, ""2021"": 1204.4, ""2022"": -40.5, ""2023"": 39.9, ""2024"": 15.3, ""2025"": -65.7, ""2026"": 25.7}"
4 trend+dip,"basis 70% tot 150%, dip dag-RSI2<10, uit RSI>80",3.0,BTC+ETH,-0.31333678877499194,-0.9842988718632548,1.2586281837846234,-0.9916391325362266,0.08196849825746,-0.7201520422175984,1.0072082449772246,6.975657482780213,0.14754098360655737,0.7585416210728452,-0.16464938355587147,54,"{""2018"": -87.2, ""2019"": -42.6, ""2020"": 431.3, ""2021"": -80.4, ""2022"": -27.6, ""2023"": 79.8, ""2024"": 14.7, ""2025"": -27.0, ""2026"": 44.3}"
4 trend+dip,"basis 70% tot 150%, dip dag-RSI2<10, uit RSI>80",3.0,BTC,-0.4169523693528254,-0.9960191408344856,0.6640988501227181,-0.9960178136730128,0.020339416927500187,-0.7187843329226231,0.9130490669789963,3.773716343143394,0.12121212121212122,0.9843075694359757,-0.1534242900597952,54,"{""2018"": -75.6, ""2019"": -40.9, ""2020"": 541.2, ""2021"": -97.8, ""2022"": 0.0, ""2023"": 85.3, ""2024"": 84.9, ""2025"": -61.6, ""2026"": 45.3}"
4 trend+dip,"basis 70% tot 150%, dip dag-RSI2<10, uit RSI>80",3.0,5 munten,-0.15742868443149893,-0.9903530292162767,1.6086858975753557,-0.986363490873407,-0.1652570389089545,-0.8510748113772785,0.6578702299858173,22.756653099561678,0.11055276381909548,0.7640811847356883,-0.18093452606436355,54,"{""2018"": -91.4, ""2019"": -5.1, ""2020"": 434.8, ""2021"": 27.9, ""2022"": -40.7, ""2023"": 5.5, ""2024"": 84.4, ""2025"": -76.9, ""2026"": 24.0}"
4 trend+dip,"basis 70% tot 150%, dip dag-RSI2<10, uit RSI>80",3.0,10 munten,0.25278604712560315,-0.9679603279579688,1.5057914835502237,-0.9165276713914685,-0.3345093060353196,-0.8903869500374524,0.18822683569856663,37.851518472135254,0.09063444108761329,0.7733326428946288,-0.20930198488751844,54,"{""2018"": -91.4, ""2019"": 5.6, ""2020"": 272.6, ""2021"": 1239.3, ""2022"": -47.3, ""2023"": 43.9, ""2024"": 8.2, ""2025"": -78.1, ""2026"": 23.9}"
4 trend+dip,"basis 50% tot 100%, dip dag-RSI2<20, uit RSI>60",1.0,BTC+ETH,0.20724397893644086,-0.5075439966129858,1.7453603399723907,0.24362721244170404,0.1270234285896623,-0.1879527710852661,0.9958547210091402,6.975657482780213,0.2786885245901639,0.44429513211849647,-0.04209920892060248,55,"{""2018"": -32.4, ""2019"": 14.7, ""2020"": 69.8, ""2021"": 62.4, ""2022"": -7.1, ""2023"": 53.8, ""2024"": 24.9, ""2025"": -3.8, ""2026"": 14.7}"
4 trend+dip,"basis 50% tot 100%, dip dag-RSI2<20, uit RSI>60",1.0,BTC,0.184590303530771,-0.4915327193727811,1.7172882725276437,0.3121371759191811,0.09487566718688045,-0.21478152997947086,0.8132233489092234,3.773716343143394,0.24242424242424243,0.3410355801587556,-0.029456442332284248,55,"{""2018"": -26.8, ""2019"": 31.6, ""2020"": 97.9, ""2021"": -10.3, ""2022"": 0.0, ""2023"": 60.4, ""2024"": 31.9, ""2025"": -12.4, ""2026"": 9.8}"
4 trend+dip,"basis 50% tot 100%, dip dag-RSI2<20, uit RSI>60",1.0,5 munten,0.24576146493535944,-0.39907037342102847,1.934714169671663,0.3536590419052765,0.11496829654384944,-0.267349140614747,0.9148038221213552,22.756653099561678,0.23115577889447236,0.5133299996264318,-0.03543396198430032,55,"{""2018"": -36.6, ""2019"": 22.5, ""2020"": 59.9, ""2021"": 176.2, ""2022"": -13.2, ""2023"": 24.2, ""2024"": 37.4, ""2025"": -14.1, ""2026"": 9.3}"
4 trend+dip,"basis 50% tot 100%, dip dag-RSI2<20, uit RSI>60",1.0,10 munten,0.41035932676538667,-0.42692062269570374,2.380250189574334,0.6081519884924698,0.02914597135193575,-0.31342899654346335,0.4024079726373492,42.7687852222918,0.18716577540106952,0.9497444758103719,-0.04144953890700225,55,"{""2018"": -36.6, ""2019"": 24.7, ""2020"": 70.6, ""2021"": 451.3, ""2022"": -19.7, ""2023"": 27.6, ""2024"": 21.6, ""2025"": -23.0, ""2026"": 10.5}"
4 trend+dip,"basis 50% tot 100%, dip dag-RSI2<20, uit RSI>60",1.5,BTC+ETH,0.1668816703964433,-0.6925011971366986,1.3861735544261253,-0.28832711761412066,0.11753146600285103,-0.3067334908085215,0.7986716518561198,6.975657482780213,0.2459016393442623,0.5960197894649524,-0.06259620383385206,55,"{""2018"": -46.2, ""2019"": 13.8, ""2020"": 80.0, ""2021"": 43.8, ""2022"": -10.6, ""2023"": 75.0, ""2024"": 22.1, ""2025"": -9.3, ""2026"": 21.2}"
4 trend+dip,"basis 50% tot 100%, dip dag-RSI2<20, uit RSI>60",1.5,BTC,0.14673468289048452,-0.695847934883228,1.294318602025451,-0.2236456101555827,0.06913520229069836,-0.31909626874544983,0.6054705200895923,3.773716343143394,0.24242424242424243,0.39096328870133756,-0.047107789649777715,55,"{""2018"": -38.5, ""2019"": 37.5, ""2020"": 137.1, ""2021"": -39.7, ""2022"": 0.0, ""2023"": 86.4, ""2024"": 33.2, ""2025"": -21.8, ""2026"": 13.6}"
4 trend+dip,"basis 50% tot 100%, dip dag-RSI2<20, uit RSI>60",1.5,5 munten,0.21221078347475286,-0.5956638363920417,1.5388167918265596,-0.20275653459796927,0.08308899033131323,-0.400522959314623,0.6629227336854215,22.756653099561678,0.19597989949748743,0.7288054300322805,-0.0575392510012754,55,"{""2018"": -51.5, ""2019"": 26.9, ""2020"": 66.9, ""2021"": 196.1, ""2022"": -19.7, ""2023"": 28.3, ""2024"": 42.8, ""2025"": -27.7, ""2026"": 12.8}"
4 trend+dip,"basis 50% tot 100%, dip dag-RSI2<20, uit RSI>60",1.5,10 munten,0.46196272603086186,-0.6454641158009382,1.9759767640995372,0.07638698772625241,-0.04478356669944861,-0.48622639200576634,0.16306857255660892,42.7687852222918,0.15775401069518716,1.6159456807523889,-0.06816373889914164,55,"{""2018"": -51.5, ""2019"": 29.6, ""2020"": 79.8, ""2021"": 757.7, ""2022"": -28.1, ""2023"": 33.9, ""2024"": 15.2, ""2025"": -37.8, ""2026"": 14.9}"
4 trend+dip,"basis 50% tot 100%, dip dag-RSI2<20, uit RSI>60",2.0,BTC+ETH,0.1371900768796983,-0.801241819918102,1.3510284237049068,-0.5709830399876912,0.10965134344783034,-0.4169315043663535,0.7587023349678398,6.975657482780213,0.22950819672131148,0.7608451213087781,-0.08169029680491367,55,"{""2018"": -58.0, ""2019"": 8.5, ""2020"": 108.1, ""2021"": 29.0, ""2022"": -14.0, ""2023"": 100.2, ""2024"": 20.9, ""2025"": -15.7, ""2026"": 28.9}"
4 trend+dip,"basis 50% tot 100%, dip dag-RSI2<20, uit RSI>60",2.0,BTC,0.12173933185089059,-0.8107098512544142,1.2257871420676767,-0.4936575214521691,0.055281016824413554,-0.42870667366763016,0.5899432183956936,3.773716343143394,0.24242424242424243,0.46932958522484425,-0.06285862182239679,55,"{""2018"": -48.9, ""2019"": 32.6, ""2020"": 197.6, ""2021"": -55.3, ""2022"": 0.0, ""2023"": 117.7, ""2024"": 35.8, ""2025"": -29.3, ""2026"": 18.2}"
4 trend+dip,"basis 50% tot 100%, dip dag-RSI2<20, uit RSI>60",2.0,5 munten,0.2207997575317293,-0.7328492788457699,1.5709177326503867,-0.4661594338496732,0.06187221154876332,-0.5019554664032151,0.6213118921407095,22.756653099561678,0.17587939698492464,1.1024219727598663,-0.07899939302959412,55,"{""2018"": -63.7, ""2019"": 27.3, ""2020"": 91.5, ""2021"": 265.6, ""2022"": -25.3, ""2023"": 34.5, ""2024"": 49.2, ""2025"": -38.3, ""2026"": 17.2}"
4 trend+dip,"basis 50% tot 100%, dip dag-RSI2<20, uit RSI>60",2.0,10 munten,0.527864679262076,-0.7756046800576031,1.930471522163829,-0.21221076707987807,-0.10842951849173077,-0.6186821749139285,0.11015661449267172,42.7687852222918,0.1443850267379679,2.142468127592097,-0.09366675080624648,55,"{""2018"": -63.7, ""2019"": 30.2, ""2020"": 109.7, ""2021"": 1197.2, ""2022"": -34.9, ""2023"": 42.8, ""2024"": 9.7, ""2025"": -49.4, ""2026"": 20.1}"
4 trend+dip,"basis 50% tot 100%, dip dag-RSI2<20, uit RSI>60",3.0,BTC+ETH,0.04325348600222778,-0.9182301511154369,1.4493571191590586,-0.8635811231093824,0.04703755965210199,-0.6143021022431953,0.7167536873623432,6.975657482780213,0.21311475409836064,0.9306288753414989,-0.11777983383049356,55,"{""2018"": -74.1, ""2019"": -7.7, ""2020"": 179.1, ""2021"": -4.6, ""2022"": -20.3, ""2023"": 145.2, ""2024"": 12.9, ""2025"": -31.6, ""2026"": 43.9}"
4 trend+dip,"basis 50% tot 100%, dip dag-RSI2<20, uit RSI>60",3.0,BTC,-0.011676983728375445,-0.9411518745986909,1.1357843558434084,-0.8678489107889161,-0.019279510689375834,-0.624078687807224,0.5585085083834075,3.773716343143394,0.21212121212121213,0.578415020235967,-0.09188174736532763,55,"{""2018"": -65.6, ""2019"": 20.7, ""2020"": 345.8, ""2021"": -82.3, ""2022"": 0.0, ""2023"": 179.9, ""2024"": 37.5, ""2025"": -47.7, ""2026"": 27.8}"
4 trend+dip,"basis 50% tot 100%, dip dag-RSI2<20, uit RSI>60",3.0,5 munten,0.14139156850955525,-0.903875167773156,1.6403856807536181,-0.8405307488730468,-0.026102246325362177,-0.6953897345498955,0.5830689691855576,22.756653099561678,0.15577889447236182,1.3882347767021717,-0.12463665452959488,55,"{""2018"": -79.4, ""2019"": 19.0, ""2020"": 142.0, ""2021"": 296.3, ""2022"": -35.2, ""2023"": 41.7, ""2024"": 59.5, ""2025"": -59.0, ""2026"": 24.6}"
4 trend+dip,"basis 50% tot 100%, dip dag-RSI2<20, uit RSI>60",3.0,10 munten,0.4882231825009895,-0.9263593361375986,1.80005094443762,-0.6978213271113506,-0.25757446263911987,-0.8101239962857474,0.0680173110650897,42.7687852222918,0.12834224598930483,1.7888558255605131,-0.14578412395902884,55,"{""2018"": -79.4, ""2019"": 20.7, ""2020"": 175.4, ""2021"": 1642.2, ""2022"": -46.0, ""2023"": 54.5, ""2024"": -2.2, ""2025"": -69.4, ""2026"": 29.3}"
4 trend+dip,"basis 50% tot 100%, dip dag-RSI2<20, uit RSI>80",1.0,BTC+ETH,0.20156050189414398,-0.5642049710820589,1.670087839566517,0.1520216434000905,0.15661707963975413,-0.2117274655994058,1.1130029870197249,6.975657482780213,0.22950819672131148,0.6206644276168911,-0.044373251758261116,56,"{""2018"": -33.9, ""2019"": 6.7, ""2020"": 80.8, ""2021"": 69.4, ""2022"": -6.7, ""2023"": 47.3, ""2024"": 32.6, ""2025"": -2.2, ""2026"": 14.0}"
4 trend+dip,"basis 50% tot 100%, dip dag-RSI2<20, uit RSI>80",1.0,BTC,0.1360442657130656,-0.5959460415203331,1.3554004119037084,-0.03269114657902761,0.145099212831709,-0.2077992650319327,1.0550133575127898,3.773716343143394,0.21212121212121213,0.41077833088801474,-0.03295328032375306,56,"{""2018"": -26.8, ""2019"": 25.0, ""2020"": 109.6, ""2021"": -22.0, ""2022"": 0.0, ""2023"": 42.5, ""2024"": 45.8, ""2025"": -10.4, ""2026"": 9.8}"
4 trend+dip,"basis 50% tot 100%, dip dag-RSI2<20, uit RSI>80",1.0,5 munten,0.25432975052592677,-0.43444579046772047,1.9288136644421658,0.3342385356627846,0.0965553032045765,-0.2973599328598032,0.7775355766898591,22.756653099561678,0.20603015075376885,0.6563821841034343,-0.03847288110486194,56,"{""2018"": -38.7, ""2019"": 19.5, ""2020"": 75.2, ""2021"": 192.5, ""2022"": -14.0, ""2023"": 19.3, ""2024"": 41.3, ""2025"": -20.2, ""2026"": 9.2}"
4 trend+dip,"basis 50% tot 100%, dip dag-RSI2<20, uit RSI>80",1.0,10 munten,0.40374870053916045,-0.5013564342495014,2.3528127277669966,0.566479057104385,0.03048571182230897,-0.3571450495005408,0.4152520533828794,42.7687852222918,0.1711229946524064,0.9457476071049217,-0.0427575191533149,56,"{""2018"": -38.7, ""2019"": 22.7, ""2020"": 91.9, ""2021"": 419.3, ""2022"": -20.0, ""2023"": 23.1, ""2024"": 27.0, ""2025"": -26.7, ""2026"": 11.2}"
4 trend+dip,"basis 50% tot 100%, dip dag-RSI2<20, uit RSI>80",1.5,BTC+ETH,0.13862897910019178,-0.7472725637910567,1.2783254694735386,-0.4146660732907409,0.15499379752135956,-0.3119079600130725,0.919960109780768,6.975657482780213,0.22950819672131148,0.7465544776134438,-0.07069079666130519,56,"{""2018"": -48.0, ""2019"": 0.1, ""2020"": 95.0, ""2021"": 47.2, ""2022"": -10.2, ""2023"": 59.1, ""2024"": 32.1, ""2025"": -7.5, ""2026"": 20.0}"
4 trend+dip,"basis 50% tot 100%, dip dag-RSI2<20, uit RSI>80",1.5,BTC,0.05815347776144408,-0.7960022989988684,0.8935732558934127,-0.5513341410597239,0.13746797917167664,-0.3216326051286198,0.8578554842159104,3.773716343143394,0.21212121212121213,0.4688128311500853,-0.0548439253060595,56,"{""2018"": -38.5, ""2019"": 25.1, ""2020"": 154.7, ""2021"": -53.2, ""2022"": 0.0, ""2023"": 51.5, ""2024"": 53.0, ""2025"": -19.3, ""2026"": 13.6}"
4 trend+dip,"basis 50% tot 100%, dip dag-RSI2<20, uit RSI>80",1.5,5 munten,0.2082338370342507,-0.6262936840122746,1.5158652759591071,-0.27040350623048537,0.04473451959267649,-0.4626550160534799,0.5227522175205694,22.756653099561678,0.16080402010050251,1.0527409395350833,-0.06459639814530724,56,"{""2018"": -54.1, ""2019"": 19.6, ""2020"": 91.0, ""2021"": 213.1, ""2022"": -20.8, ""2023"": 18.2, ""2024"": 46.2, ""2025"": -36.0, ""2026"": 12.6}"
4 trend+dip,"basis 50% tot 100%, dip dag-RSI2<20, uit RSI>80",1.5,10 munten,0.4228088497666318,-0.7217703633205578,1.9690928799210219,-0.03661020118058511,-0.06025733488139773,-0.5415378065701637,0.14618362589420186,42.7687852222918,0.13636363636363635,1.4402055168234973,-0.07164020050202818,56,"{""2018"": -54.1, ""2019"": 24.0, ""2020"": 114.1, ""2021"": 627.3, ""2022"": -28.6, ""2023"": 24.9, ""2024"": 18.7, ""2025"": -43.0, ""2026"": 15.9}"
4 trend+dip,"basis 50% tot 100%, dip dag-RSI2<20, uit RSI>80",2.0,BTC+ETH,0.09043783942987793,-0.8506202280563295,1.2363140854664456,-0.6884258064652374,0.14896121312627342,-0.4243564211288319,0.8708651815094766,6.975657482780213,0.22950819672131148,0.8851980902120753,-0.0930568445995651,56,"{""2018"": -59.5, ""2019"": -10.2, ""2020"": 127.3, ""2021"": 30.3, ""2022"": -13.4, ""2023"": 75.7, ""2024"": 31.4, ""2025"": -13.8, ""2026"": 27.1}"
4 trend+dip,"basis 50% tot 100%, dip dag-RSI2<20, uit RSI>80",2.0,BTC,0.005132152577769,-0.8857891663736744,0.8380439468292269,-0.7620759700594781,0.12161965099144112,-0.4419761860621848,0.7964469816852073,3.773716343143394,0.21212121212121213,0.5522773207159087,-0.07287923198108166,56,"{""2018"": -48.9, ""2019"": 15.8, ""2020"": 224.9, ""2021"": -68.2, ""2022"": 0.0, ""2023"": 66.5, ""2024"": 56.5, ""2025"": -27.5, ""2026"": 18.2}"
4 trend+dip,"basis 50% tot 100%, dip dag-RSI2<20, uit RSI>80",2.0,5 munten,0.2149530523657337,-0.7615206833681859,1.5667858067464955,-0.5293450851172083,0.008663236376954098,-0.5742898083354248,0.4904390628318008,22.756653099561678,0.1507537688442211,1.5343302916102493,-0.08881570963322552,56,"{""2018"": -65.9, ""2019"": 17.8, ""2020"": 126.9, ""2021"": 291.9, ""2022"": -26.7, ""2023"": 20.6, ""2024"": 50.6, ""2025"": -47.0, ""2026"": 17.0}"
4 trend+dip,"basis 50% tot 100%, dip dag-RSI2<20, uit RSI>80",2.0,10 munten,0.4699749830525837,-0.8366296579908178,1.9761249837926944,-0.3333256216981729,-0.1344451311477204,-0.6752353600734025,0.09117706245303854,42.7687852222918,0.12299465240641712,1.761151660939272,-0.09845319620624747,56,"{""2018"": -65.9, ""2019"": 22.6, ""2020"": 161.0, ""2021"": 939.8, ""2022"": -35.7, ""2023"": 29.5, ""2024"": 12.8, ""2025"": -55.2, ""2026"": 21.0}"
4 trend+dip,"basis 50% tot 100%, dip dag-RSI2<20, uit RSI>80",3.0,BTC+ETH,-0.042526377142857674,-0.9484393303419234,1.3235898001029813,-0.9253266496641307,0.08902499029841149,-0.5914687658233679,0.8361341815802094,6.975657482780213,0.19672131147540983,1.1366733788958356,-0.13091078391415503,56,"{""2018"": -75.7, ""2019"": -30.7, ""2020"": 209.7, ""2021"": -10.2, ""2022"": -19.7, ""2023"": 97.7, ""2024"": 27.2, ""2025"": -31.3, ""2026"": 41.0}"
4 trend+dip,"basis 50% tot 100%, dip dag-RSI2<20, uit RSI>80",3.0,BTC,-0.1689733943473185,-0.9722898518802319,0.7704399279316161,-0.9597246570426664,0.07645380016697789,-0.597134933044056,0.8074710239262666,3.773716343143394,0.18181818181818182,0.711321373977122,-0.10740038312342437,56,"{""2018"": -65.6, ""2019"": -3.1, ""2020"": 409.0, ""2021"": -89.6, ""2022"": 0.0, ""2023"": 83.0, ""2024"": 74.1, ""2025"": -46.7, ""2026"": 27.8}"
4 trend+dip,"basis 50% tot 100%, dip dag-RSI2<20, uit RSI>80",3.0,5 munten,0.12344215250032353,-0.9230088822774298,1.658974852635608,-0.8798478594347101,-0.09864899007667594,-0.7681530863614869,0.4862674814355207,22.756653099561678,0.12562814070351758,1.924072838928451,-0.1364438160779668,56,"{""2018"": -81.1, ""2019"": 7.7, ""2020"": 207.8, ""2021"": 320.2, ""2022"": -36.9, ""2023"": 17.9, ""2024"": 65.2, ""2025"": -67.9, ""2026"": 24.2}"
4 trend+dip,"basis 50% tot 100%, dip dag-RSI2<20, uit RSI>80",3.0,10 munten,0.41812624841331414,-0.9542553976755471,2.006305458325934,-0.7637616392547074,-0.2970282412541553,-0.8522114191268615,0.06525787967953084,42.7687852222918,0.10160427807486631,1.6933702303788787,-0.15290921526383427,56,"{""2018"": -81.1, ""2019"": 11.7, ""2020"": 272.5, ""2021"": 1239.9, ""2022"": -47.2, ""2023"": 32.7, ""2024"": 1.4, ""2025"": -75.1, ""2026"": 31.1}"
4 trend+dip,"basis 50% tot 150%, dip dag-RSI2<20, uit RSI>60",1.0,BTC+ETH,0.11168215773933854,-0.6467510111162615,1.1541547102500922,-0.3533684070663837,0.07599022733686778,-0.2693415476062623,0.6398932184357682,6.975657482780213,0.26229508196721313,0.39530956328423994,-0.05717290775104888,57,"{""2018"": -42.9, ""2019"": 4.6, ""2020"": 51.5, ""2021"": 35.7, ""2022"": -9.6, ""2023"": 67.1, ""2024"": 9.4, ""2025"": -6.9, ""2026"": 19.0}"
4 trend+dip,"basis 50% tot 150%, dip dag-RSI2<20, uit RSI>60",1.0,BTC,0.11620936113445479,-0.6328338477130209,1.163519204027447,-0.1649349424324148,0.017646506827536212,-0.28601179092970475,0.3610675975953053,3.773716343143394,0.24242424242424243,0.2681100697560152,-0.03651020434403132,57,"{""2018"": -34.8, ""2019"": 23.3, ""2020"": 105.1, ""2021"": -31.6, ""2022"": 0.0, ""2023"": 70.4, ""2024"": 17.2, ""2025"": -18.8, ""2026"": 8.6}"
4 trend+dip,"basis 50% tot 150%, dip dag-RSI2<20, uit RSI>60",1.0,5 munten,0.13926279616500303,-0.5375393958876569,1.2604955601442165,-0.22474834697975798,0.05655329598351533,-0.32992724697453624,0.5497458895003762,22.756653099561678,0.19597989949748743,0.5311334879243431,-0.048998891606252676,57,"{""2018"": -47.1, ""2019"": 19.6, ""2020"": 40.2, ""2021"": 133.6, ""2022"": -16.9, ""2023"": 25.2, ""2024"": 20.7, ""2025"": -19.4, ""2026"": 12.0}"
4 trend+dip,"basis 50% tot 150%, dip dag-RSI2<20, uit RSI>60",1.0,10 munten,0.3402745400869558,-0.5828996356377627,1.7137714946681695,-0.12252616739582833,-0.05874722118159981,-0.41539848753741215,0.013786732728946042,42.7687852222918,0.16042780748663102,1.0841384813407813,-0.05963129331836548,57,"{""2018"": -47.1, ""2019"": 20.0, ""2020"": 49.9, ""2021"": 535.6, ""2022"": -26.3, ""2023"": 25.4, ""2024"": 1.4, ""2025"": -30.5, ""2026"": 12.6}"
4 trend+dip,"basis 50% tot 150%, dip dag-RSI2<20, uit RSI>60",1.5,BTC+ETH,0.09616328426177989,-0.8038504371559713,1.236092960836832,-0.6443222123693363,0.05781300156969338,-0.4192351513493108,0.6009242793054359,6.975657482780213,0.22950819672131148,0.5847849958975876,-0.07822750105029101,57,"{""2018"": -57.8, ""2019"": -0.3, ""2020"": 82.3, ""2021"": 25.3, ""2022"": -14.1, ""2023"": 104.3, ""2024"": 4.6, ""2025"": -15.0, ""2026"": 29.4}"
4 trend+dip,"basis 50% tot 150%, dip dag-RSI2<20, uit RSI>60",1.5,BTC,0.09470090822167476,-0.8063091421535282,1.1384910469690166,-0.4926433998351044,-0.012489523492093202,-0.4411114854988122,0.3677602242954635,3.773716343143394,0.24242424242424243,0.33900124225418204,-0.05404358007336121,57,"{""2018"": -47.9, ""2019"": 21.4, ""2020"": 184.4, ""2021"": -55.6, ""2022"": 0.0, ""2023"": 113.3, ""2024"": 19.8, ""2025"": -30.2, ""2026"": 13.0}"
4 trend+dip,"basis 50% tot 150%, dip dag-RSI2<20, uit RSI>60",1.5,5 munten,0.14300947789030283,-0.7214775324269573,1.3398359857772604,-0.5308506074547108,0.03235931149962923,-0.469916850946392,0.5199772908421749,22.756653099561678,0.18090452261306533,0.8314253781917057,-0.07755525212904113,57,"{""2018"": -62.6, ""2019"": 21.0, ""2020"": 62.6, ""2021"": 189.8, ""2022"": -24.0, ""2023"": 34.6, ""2024"": 24.4, ""2025"": -32.8, ""2026"": 18.3}"
4 trend+dip,"basis 50% tot 150%, dip dag-RSI2<20, uit RSI>60",1.5,10 munten,0.4485630377453973,-0.7634595492035336,1.7124068387878382,-0.3660559406192073,-0.14068190652484802,-0.5923741985739542,-0.03444668766817703,42.7687852222918,0.14705882352941177,1.7377522253972433,-0.09261191170489788,57,"{""2018"": -62.6, ""2019"": 20.6, ""2020"": 81.5, ""2021"": 1108.8, ""2022"": -35.2, ""2023"": 36.5, ""2024"": -6.5, ""2025"": -46.4, ""2026"": 19.1}"
4 trend+dip,"basis 50% tot 150%, dip dag-RSI2<20, uit RSI>60",2.0,BTC+ETH,0.013840394959363733,-0.9013210073636403,1.2548200916543677,-0.8532549198503008,0.005080076775536568,-0.5574378822884699,0.5599423751613968,6.975657482780213,0.21311475409836064,0.6039001502475521,-0.09996433177976649,57,"{""2018"": -70.6, ""2019"": -10.9, ""2020"": 119.0, ""2021"": -4.8, ""2022"": -18.5, ""2023"": 135.4, ""2024"": -2.5, ""2025"": -26.7, ""2026"": 39.4}"
4 trend+dip,"basis 50% tot 150%, dip dag-RSI2<20, uit RSI>60",2.0,BTC,0.0071162549279619736,-0.909671769570061,1.0751401231555306,-0.781757899173226,-0.08079926989973696,-0.590213301685352,0.3229599783630856,3.773716343143394,0.21212121212121213,0.38085703174753954,-0.0694950793590825,57,"{""2018"": -60.9, ""2019"": 11.0, ""2020"": 276.0, ""2021"": -74.7, ""2022"": 0.0, ""2023"": 149.2, ""2024"": 14.9, ""2025"": -42.9, ""2026"": 17.4}"
4 trend+dip,"basis 50% tot 150%, dip dag-RSI2<20, uit RSI>60",2.0,5 munten,0.08674870359678488,-0.8555926148935058,1.3816720719412703,-0.7924166203304981,-0.03944147841517964,-0.5914910428995741,0.44801297438688303,22.756653099561678,0.1708542713567839,0.975924818215272,-0.10587813774328249,57,"{""2018"": -75.0, ""2019"": 14.4, ""2020"": 84.6, ""2021"": 212.4, ""2022"": -30.6, ""2023"": 40.2, ""2024"": 21.4, ""2025"": -47.4, ""2026"": 23.1}"
4 trend+dip,"basis 50% tot 150%, dip dag-RSI2<20, uit RSI>60",2.0,10 munten,0.46433923514500597,-0.8831672303831695,1.6151023508148064,-0.6703729377216461,-0.24170441755567051,-0.7418716449315741,-0.08159488564985924,42.7687852222918,0.13636363636363635,1.692143514409518,-0.12545010744633578,57,"{""2018"": -75.0, ""2019"": 12.0, ""2020"": 113.2, ""2021"": 1762.6, ""2022"": -42.7, ""2023"": 44.5, ""2024"": -17.3, ""2025"": -60.2, ""2026"": 25.0}"
4 trend+dip,"basis 50% tot 150%, dip dag-RSI2<20, uit RSI>60",3.0,BTC+ETH,-0.22640484681566286,-0.9779719906296379,1.3596024234533846,-0.9868819357371726,-0.16359445115864568,-0.797468784274902,0.5116102866785276,6.975657482780213,0.16393442622950818,0.4096896778456795,-0.14488580819940045,57,"{""2018"": -85.0, ""2019"": -41.6, ""2020"": 161.4, ""2021"": -60.9, ""2022"": -26.6, ""2023"": 210.6, ""2024"": -32.7, ""2025"": -45.1, ""2026"": 61.2}"
4 trend+dip,"basis 50% tot 150%, dip dag-RSI2<20, uit RSI>60",3.0,BTC,-0.2947192460561988,-0.9837167344334165,0.9281928131371229,-0.9863581327051572,-0.30227232365602674,-0.8496340956880362,0.18896847769225134,3.773716343143394,0.12121212121212122,0.40144165326112685,-0.11579277279520771,57,"{""2018"": -76.4, ""2019"": -39.8, ""2020"": 403.3, ""2021"": -95.0, ""2022"": 0.0, ""2023"": 241.3, ""2024"": -18.5, ""2025"": -64.7, ""2026"": 23.7}"
4 trend+dip,"basis 50% tot 150%, dip dag-RSI2<20, uit RSI>60",3.0,5 munten,-0.14801229897917267,-0.969686903467746,1.4569377683528886,-0.9787414244627738,-0.23142769268602936,-0.8053927274975781,0.39628909794231976,22.756653099561678,0.135678391959799,0.6147658373292261,-0.1635781149129309,57,"{""2018"": -89.2, ""2019"": -12.6, ""2020"": 92.8, ""2021"": 131.4, ""2022"": -41.3, ""2023"": 48.9, ""2024"": 2.1, ""2025"": -71.0, ""2026"": 34.0}"
4 trend+dip,"basis 50% tot 150%, dip dag-RSI2<20, uit RSI>60",3.0,10 munten,0.23273844750636852,-0.9629479213932535,1.3287127730869899,-0.9393747027322895,-0.21628037247187115,-0.7705762329941244,0.20314532392329937,33.16296180338134,0.12413793103448276,0.5371158625777381,-0.19127816538213957,57,"{""2018"": -89.2, ""2019"": -16.4, ""2020"": 60.3, ""2021"": 2631.9, ""2022"": -48.9, ""2023"": 58.2, ""2024"": 2.7, ""2025"": -64.8, ""2026"": 23.5}"
4 trend+dip,"basis 50% tot 150%, dip dag-RSI2<20, uit RSI>80",1.0,BTC+ETH,0.08054990282924379,-0.732573598541013,1.0240372533342719,-0.4993932689082531,0.1256286039452228,-0.28330394051453556,0.8323323275171878,6.975657482780213,0.21311475409836064,0.6177189860288987,-0.06536495756797157,58,"{""2018"": -45.4, ""2019"": -10.7, ""2020"": 68.9, ""2021"": 40.4, ""2022"": -8.9, ""2023"": 48.5, ""2024"": 21.9, ""2025"": -4.5, ""2026"": 17.3}"
4 trend+dip,"basis 50% tot 150%, dip dag-RSI2<20, uit RSI>80",1.0,BTC,0.004085335140026292,-0.7822823245542444,0.584269824595011,-0.5959628989592372,0.10814203514908094,-0.3051913492140105,0.7610881588115723,3.773716343143394,0.18181818181818182,0.3786917226398779,-0.04581455003446476,58,"{""2018"": -34.8, ""2019"": 10.4, ""2020"": 125.0, ""2021"": -51.6, ""2022"": 0.0, ""2023"": 30.1, ""2024"": 42.0, ""2025"": -15.4, ""2026"": 8.6}"
4 trend+dip,"basis 50% tot 150%, dip dag-RSI2<20, uit RSI>80",1.0,5 munten,0.1386061750134242,-0.6163137141222361,1.253085168359453,-0.3010916377365449,0.0112261903335924,-0.4117816771650906,0.3634286820172294,22.756653099561678,0.1658291457286432,0.8040008680620245,-0.06002428552468528,58,"{""2018"": -50.8, ""2019"": 11.6, ""2020"": 68.1, ""2021"": 152.0, ""2022"": -18.4, ""2023"": 13.1, ""2024"": 25.5, ""2025"": -31.2, ""2026"": 11.7}"
4 trend+dip,"basis 50% tot 150%, dip dag-RSI2<20, uit RSI>80",1.0,10 munten,0.2965515285605498,-0.6938196809513635,1.6878426380777967,-0.25275474714267976,-0.07313297073911862,-0.4897707193110211,0.02062337926436978,42.7687852222918,0.1443850267379679,0.9339935947281549,-0.06529208733936001,58,"{""2018"": -50.8, ""2019"": 14.2, ""2020"": 88.7, ""2021"": 412.8, ""2022"": -27.0, ""2023"": 14.8, ""2024"": 6.8, ""2025"": -37.9, ""2026"": 13.9}"
4 trend+dip,"basis 50% tot 150%, dip dag-RSI2<20, uit RSI>80",1.5,BTC+ETH,0.037311242898974584,-0.8731980129255801,1.1002887207229313,-0.7682388923737138,0.11337129775056587,-0.4215974053165954,0.7784054786989066,6.975657482780213,0.21311475409836064,0.8283319716263748,-0.09418188625045491,58,"{""2018"": -60.5, ""2019"": -22.8, ""2020"": 110.0, ""2021"": 31.9, ""2022"": -13.3, ""2023"": 65.5, ""2024"": 19.8, ""2025"": -13.2, ""2026"": 26.6}"
4 trend+dip,"basis 50% tot 150%, dip dag-RSI2<20, uit RSI>80",1.5,BTC,-0.06754235484837345,-0.9074314988720653,0.587183943601737,-0.8328281162080123,0.09314815651645136,-0.44300868303533203,0.7240400169192746,3.773716343143394,0.18181818181818182,0.48635138310500087,-0.06926189060209412,58,"{""2018"": -47.9, ""2019"": 0.5, ""2020"": 225.9, ""2021"": -72.2, ""2022"": 0.0, ""2023"": 37.4, ""2024"": 51.7, ""2025"": -27.3, ""2026"": 13.0}"
4 trend+dip,"basis 50% tot 150%, dip dag-RSI2<20, uit RSI>80",1.5,5 munten,0.14438996078018151,-0.7831890210898316,1.374807009579679,-0.5908556909380499,-0.0414560465229703,-0.5762171943537873,0.34620919341401557,22.756653099561678,0.16080402010050251,1.2410658047591223,-0.09226000941606433,58,"{""2018"": -66.4, ""2019"": 10.7, ""2020"": 111.7, ""2021"": 231.8, ""2022"": -26.0, ""2023"": 13.8, ""2024"": 28.6, ""2025"": -47.0, ""2026"": 17.8}"
4 trend+dip,"basis 50% tot 150%, dip dag-RSI2<20, uit RSI>80",1.5,10 munten,0.3815314542759414,-0.8482379635769176,1.8028863024875508,-0.48784328702251134,-0.1714663023964912,-0.675776379561261,-0.02779868011303018,42.7687852222918,0.13636363636363635,1.209553543276676,-0.1010898685257952,58,"{""2018"": -66.4, ""2019"": 13.3, ""2020"": 155.7, ""2021"": 796.1, ""2022"": -36.4, ""2023"": 18.1, ""2024"": -1.3, ""2025"": -55.1, ""2026"": 20.9}"
4 trend+dip,"basis 50% tot 150%, dip dag-RSI2<20, uit RSI>80",2.0,BTC+ETH,-0.08144848946322536,-0.9475370472437761,1.1014627103370687,-0.9280413322229863,0.06628772135464978,-0.5449857035115884,0.7504371375596955,6.975657482780213,0.16393442622950818,1.0288772429127833,-0.11926066212446661,58,"{""2018"": -73.0, ""2019"": -39.8, ""2020"": 156.1, ""2021"": -6.4, ""2022"": -17.6, ""2023"": 80.5, ""2024"": 14.9, ""2025"": -25.3, ""2026"": 35.5}"
4 trend+dip,"basis 50% tot 150%, dip dag-RSI2<20, uit RSI>80",2.0,BTC,-0.1951481835904041,-0.9670700721843171,0.5486337068282905,-0.9535370606980281,0.044000179578754794,-0.557462927019235,0.7026831322713507,3.773716343143394,0.12121212121212122,0.7879320859403154,-0.09334235667072018,58,"{""2018"": -60.9, ""2019"": -16.3, ""2020"": 351.9, ""2021"": -87.3, ""2022"": 0.0, ""2023"": 42.9, ""2024"": 56.4, ""2025"": -40.6, ""2026"": 17.4}"
4 trend+dip,"basis 50% tot 150%, dip dag-RSI2<20, uit RSI>80",2.0,5 munten,0.07266066837941887,-0.8928104017906019,1.420615090965328,-0.8361064395221348,-0.12961834491885293,-0.7122894023443567,0.31347246816637425,22.756653099561678,0.1306532663316583,1.6078098447784086,-0.12288459801025137,58,"{""2018"": -78.1, ""2019"": -0.4, ""2020"": 154.7, ""2021"": 255.7, ""2022"": -33.0, ""2023"": 12.1, ""2024"": 27.7, ""2025"": -61.7, ""2026"": 22.5}"
4 trend+dip,"basis 50% tot 150%, dip dag-RSI2<20, uit RSI>80",2.0,10 munten,0.3484388057055352,-0.9339606618776498,1.832813066636473,-0.7606304543117494,-0.2871521411755219,-0.8092674551628638,-0.06684187735859352,42.7687852222918,0.10427807486631016,1.3882721050988667,-0.1351394418722907,58,"{""2018"": -78.1, ""2019"": 0.7, ""2020"": 224.9, ""2021"": 1078.7, ""2022"": -44.4, ""2023"": 18.4, ""2024"": -12.1, ""2025"": -69.2, ""2026"": 27.1}"
4 trend+dip,"basis 50% tot 150%, dip dag-RSI2<20, uit RSI>80",3.0,BTC+ETH,-0.3768962628581586,-0.9918264145498505,1.176305012321879,-0.9969366979781225,-0.11513506509736537,-0.7716998066224906,0.7161463111609748,6.975657482780213,0.14754098360655737,0.47725886954555435,-0.17666331815571304,58,"{""2018"": -87.1, ""2019"": -66.9, ""2020"": 184.7, ""2021"": -66.0, ""2022"": -25.4, ""2023"": 80.4, ""2024"": -17.0, ""2025"": -46.4, ""2026"": 54.5}"
4 trend+dip,"basis 50% tot 150%, dip dag-RSI2<20, uit RSI>80",3.0,BTC,-0.5220547673727927,-0.9973630930854267,0.3981485683971046,-0.999007473696354,-0.17842498670373885,-0.785819542309738,0.6105658480281309,3.773716343143394,0.12121212121212122,0.39773718751208265,-0.15668273960388943,58,"{""2018"": -76.4, ""2019"": -59.7, ""2020"": 516.1, ""2021"": -98.5, ""2022"": 0.0, ""2023"": 34.8, ""2024"": 24.9, ""2025"": -64.0, ""2026"": 23.7}"
4 trend+dip,"basis 50% tot 150%, dip dag-RSI2<20, uit RSI>80",3.0,5 munten,-0.18401179059658757,-0.9782178816949939,1.5425546163444193,-0.987958127070982,-0.33052166661533944,-0.873019584829968,0.33820571829278157,22.756653099561678,0.09547738693467336,0.9036119769928157,-0.1856360263145899,58,"{""2018"": -91.1, ""2019"": -25.8, ""2020"": 190.1, ""2021"": 173.3, ""2022"": -44.1, ""2023"": -3.5, ""2024"": 7.0, ""2025"": -81.0, ""2026"": 33.1}"
4 trend+dip,"basis 50% tot 150%, dip dag-RSI2<20, uit RSI>80",3.0,10 munten,0.11686971342198604,-0.9748997244045285,1.614588990704207,-0.9439772157289689,-0.2912282377701033,-0.8477915084975867,0.16841647703832088,33.16296180338134,0.08275862068965517,0.8539534432744814,-0.21433327387884027,58,"{""2018"": -91.1, ""2019"": -26.1, ""2020"": 132.0, ""2021"": 1819.9, ""2022"": -51.1, ""2023"": 21.2, ""2024"": 8.9, ""2025"": -75.8, ""2026"": 26.2}"
4 trend+dip,"basis 70% tot 100%, dip dag-RSI2<20, uit RSI>60",1.0,BTC+ETH,0.28327719985320154,-0.5537994994408273,1.9989801322903373,0.5104170211138148,0.1742768481089736,-0.23022951904559397,1.1447956026597796,6.975657482780213,0.2786885245901639,0.6430156467675465,-0.0482105874602361,59,"{""2018"": -35.4, ""2019"": 23.7, ""2020"": 103.1, ""2021"": 82.5, ""2022"": -8.0, ""2023"": 61.5, ""2024"": 39.3, ""2025"": -5.2, ""2026"": 16.8}"
4 trend+dip,"basis 70% tot 100%, dip dag-RSI2<20, uit RSI>60",1.0,BTC,0.23395810753656532,-0.5505359526799056,1.8595664239507983,0.35909555062579623,0.1507203821939196,-0.2568816569153318,1.0406527977383666,3.773716343143394,0.2727272727272727,0.4347958913537672,-0.03912007747694691,59,"{""2018"": -30.1, ""2019"": 43.7, ""2020"": 130.1, ""2021"": -13.5, ""2022"": 0.0, ""2023"": 74.6, ""2024"": 49.1, ""2025"": -14.4, ""2026"": 14.0}"
4 trend+dip,"basis 70% tot 100%, dip dag-RSI2<20, uit RSI>60",1.0,5 munten,0.33767651837819534,-0.4480908059256914,2.19083133799034,0.41886517347764896,0.15231470548214854,-0.32863363522413214,1.0187025669385779,22.756653099561678,0.22110552763819097,0.7687251420665003,-0.041822320715392755,59,"{""2018"": -40.7, ""2019"": 29.3, ""2020"": 90.9, ""2021"": 259.5, ""2022"": -15.5, ""2023"": 27.7, ""2024"": 61.3, ""2025"": -20.6, ""2026"": 10.1}"
4 trend+dip,"basis 70% tot 100%, dip dag-RSI2<20, uit RSI>60",1.0,10 munten,0.5476816228338164,-0.48223757790641963,2.6751557055535353,0.9733882263292255,0.054268511754030024,-0.3863125143718126,0.541293977304299,42.7687852222918,0.17914438502673796,1.468682283691933,-0.04825616355017104,59,"{""2018"": -40.7, ""2019"": 33.3, ""2020"": 104.4, ""2021"": 662.5, ""2022"": -21.2, ""2023"": 36.1, ""2024"": 37.8, ""2025"": -28.9, ""2026"": 12.7}"
4 trend+dip,"basis 70% tot 100%, dip dag-RSI2<20, uit RSI>60",1.5,BTC+ETH,0.2040961070497227,-0.7437928241142714,1.5154289363549254,-0.26398889785368973,0.1563656978649246,-0.34774931358574734,0.9088968061011409,6.975657482780213,0.22950819672131148,0.8621069372938303,-0.07109304229635786,59,"{""2018"": -49.7, ""2019"": 19.3, ""2020"": 113.7, ""2021"": 44.9, ""2022"": -11.9, ""2023"": 82.8, ""2024"": 36.1, ""2025"": -12.6, ""2026"": 23.9}"
4 trend+dip,"basis 70% tot 100%, dip dag-RSI2<20, uit RSI>60",1.5,BTC,0.15217884701721407,-0.760209739341398,1.3075280388963773,-0.36899549730955183,0.1223503613445478,-0.3751630884158922,0.7984409593117312,3.773716343143394,0.21212121212121213,0.602998723864854,-0.05856240624210111,59,"{""2018"": -42.8, ""2019"": 46.5, ""2020"": 168.7, ""2021"": -49.7, ""2022"": 0.0, ""2023"": 103.8, ""2024"": 51.5, ""2025"": -25.4, ""2026"": 19.6}"
4 trend+dip,"basis 70% tot 100%, dip dag-RSI2<20, uit RSI>60",1.5,5 munten,0.2744049433973945,-0.6801494771026104,1.716388286153952,-0.31372171055191145,0.09807050153463748,-0.4773889374952275,0.7196183802812653,22.756653099561678,0.1708542713567839,1.102786321322702,-0.06801144263571654,59,"{""2018"": -56.2, ""2019"": 32.5, ""2020"": 100.4, ""2021"": 263.2, ""2022"": -22.9, ""2023"": 29.8, ""2024"": 67.9, ""2025"": -36.7, ""2026"": 13.8}"
4 trend+dip,"basis 70% tot 100%, dip dag-RSI2<20, uit RSI>60",1.5,10 munten,0.5630032781104692,-0.721782298009911,2.154142532550177,0.13514536105243824,-0.04490928744912415,-0.5742877993101023,0.25428566673663994,42.7687852222918,0.1443850267379679,2.176654304910239,-0.07928919816203886,59,"{""2018"": -56.2, ""2019"": 37.8, ""2020"": 116.7, ""2021"": 968.3, ""2022"": -30.6, ""2023"": 41.7, ""2024"": 28.4, ""2025"": -45.6, ""2026"": 17.8}"
4 trend+dip,"basis 70% tot 100%, dip dag-RSI2<20, uit RSI>60",2.0,BTC+ETH,0.1739197241699597,-0.8458084470731093,1.513112812884885,-0.5829588824816824,0.14904376897960536,-0.47487456480154866,0.8751518985687078,6.975657482780213,0.21311475409836064,1.1645370361221778,-0.0942696573902871,59,"{""2018"": -61.8, ""2019"": 14.0, ""2020"": 156.0, ""2021"": 29.4, ""2022"": -15.5, ""2023"": 109.4, ""2024"": 36.9, ""2025"": -20.4, ""2026"": 32.4}"
4 trend+dip,"basis 70% tot 100%, dip dag-RSI2<20, uit RSI>60",2.0,BTC,0.1170439732840769,-0.8642635844106455,1.2640250385253613,-0.6367768565965806,0.11499445503165862,-0.4728407597066556,0.787238461217136,3.773716343143394,0.21212121212121213,0.7569136358995066,-0.07946106915656351,59,"{""2018"": -53.7, ""2019"": 43.9, ""2020"": 243.2, ""2021"": -65.3, ""2022"": 0.0, ""2023"": 140.6, ""2024"": 58.1, ""2025"": -34.0, ""2026"": 26.5}"
4 trend+dip,"basis 70% tot 100%, dip dag-RSI2<20, uit RSI>60",2.0,5 munten,0.27679347234527696,-0.8080784981919867,1.7532547374262168,-0.577067016438886,0.07584079489140727,-0.5978039993899965,0.70758404226523,22.756653099561678,0.16080402010050251,1.5103657098777497,-0.0953841552320386,59,"{""2018"": -68.4, ""2019"": 34.6, ""2020"": 134.7, ""2021"": 341.7, ""2022"": -29.3, ""2023"": 36.6, ""2024"": 84.7, ""2025"": -48.9, ""2026"": 18.4}"
4 trend+dip,"basis 70% tot 100%, dip dag-RSI2<20, uit RSI>60",2.0,10 munten,0.5728022287797268,-0.8446794773094883,2.0608532300325373,-0.2230243065597779,-0.1164743690802611,-0.7114582321446614,0.2260485381545555,42.7687852222918,0.13101604278074866,2.313382946474977,-0.10922560805082535,59,"{""2018"": -68.4, ""2019"": 41.2, ""2020"": 158.8, ""2021"": 1176.6, ""2022"": -37.8, ""2023"": 52.6, ""2024"": 25.7, ""2025"": -58.3, ""2026"": 23.6}"
4 trend+dip,"basis 70% tot 100%, dip dag-RSI2<20, uit RSI>60",3.0,BTC+ETH,0.02185208559938734,-0.9455047895578329,1.5958456237852725,-0.9045470695063899,0.07415962492829942,-0.6820898091950248,0.8538739847472672,6.975657482780213,0.21311475409836064,1.1207079425595696,-0.14165170312957653,59,"{""2018"": -77.8, ""2019"": -4.6, ""2020"": 262.7, ""2021"": -26.1, ""2022"": -22.4, ""2023"": 149.3, ""2024"": 33.3, ""2025"": -39.8, ""2026"": 48.4}"
4 trend+dip,"basis 70% tot 100%, dip dag-RSI2<20, uit RSI>60",3.0,BTC,-0.043116070610633495,-0.9655298509093827,1.2480825963648736,-0.9336007874430554,0.04374626361606482,-0.6753164991032486,0.786000608737534,3.773716343143394,0.21212121212121213,0.8822181200118319,-0.12113322394748074,59,"{""2018"": -70.3, ""2019"": 27.6, ""2020"": 457.0, ""2021"": -88.9, ""2022"": 0.0, ""2023"": 219.1, ""2024"": 72.2, ""2025"": -55.0, ""2026"": 40.7}"
4 trend+dip,"basis 70% tot 100%, dip dag-RSI2<20, uit RSI>60",3.0,5 munten,0.16775573184442538,-0.954662590558864,1.9040498844896845,-0.9167918629873265,-0.04298805111849158,-0.8050418123560322,0.6994363583603965,22.756653099561678,0.135678391959799,1.6546951236578722,-0.15285738439043178,59,"{""2018"": -83.4, ""2019"": 24.9, ""2020"": 223.8, ""2021"": 345.6, ""2022"": -40.5, ""2023"": 39.6, ""2024"": 120.0, ""2025"": -71.6, ""2026"": 24.1}"
4 trend+dip,"basis 70% tot 100%, dip dag-RSI2<20, uit RSI>60",3.0,10 munten,0.4318385860647811,-0.9647035722284726,1.9777617073326228,-0.7829083548121314,-0.3085455787207191,-0.8872648462636105,0.20266195122438146,42.7687852222918,0.10695187165775401,1.6930796828925068,-0.17417706300708743,59,"{""2018"": -83.4, ""2019"": 29.6, ""2020"": 261.1, ""2021"": 1117.3, ""2022"": -50.2, ""2023"": 63.3, ""2024"": 12.3, ""2025"": -79.0, ""2026"": 34.6}"
4 trend+dip,"basis 70% tot 100%, dip dag-RSI2<20, uit RSI>80",1.0,BTC+ETH,0.27479283650552766,-0.5884310500283618,1.9328385722560864,0.424093609158116,0.19221293473475853,-0.23420066480089285,1.2023653281816524,6.975657482780213,0.26229508196721313,0.7278988815059654,-0.04934931458314317,60,"{""2018"": -36.2, ""2019"": 17.0, ""2020"": 110.4, ""2021"": 85.7, ""2022"": -7.7, ""2023"": 57.3, ""2024"": 44.0, ""2025"": -4.1, ""2026"": 16.3}"
4 trend+dip,"basis 70% tot 100%, dip dag-RSI2<20, uit RSI>80",1.0,BTC,0.20237496958606815,-0.6106671509855199,1.664646855757398,0.1278633888905918,0.1799042351492457,-0.2403387351518953,1.1532845457182925,3.773716343143394,0.24242424242424243,0.5048520420433587,-0.04086678725876111,60,"{""2018"": -30.1, ""2019"": 39.0, ""2020"": 137.8, ""2021"": -20.4, ""2022"": 0.0, ""2023"": 62.6, ""2024"": 57.5, ""2025"": -13.3, ""2026"": 14.0}"
4 trend+dip,"basis 70% tot 100%, dip dag-RSI2<20, uit RSI>80",1.0,5 munten,0.3397032299431102,-0.46383408276118065,2.171237878821488,0.39526811908470183,0.13863621183529373,-0.34552415065532516,0.936477300478641,22.756653099561678,0.20603015075376885,0.8797864546221419,-0.04306656894743509,60,"{""2018"": -42.0, ""2019"": 26.9, ""2020"": 100.7, ""2021"": 270.1, ""2022"": -16.0, ""2023"": 24.6, ""2024"": 63.2, ""2025"": -24.0, ""2026"": 10.1}"
4 trend+dip,"basis 70% tot 100%, dip dag-RSI2<20, uit RSI>80",1.0,10 munten,0.5433976739050088,-0.5260514670066865,2.6465850505413413,0.925570043916589,0.05230090177430036,-0.40499193306205583,0.5328456454943322,42.7687852222918,0.16844919786096257,1.4683473767580315,-0.048669237067604065,60,"{""2018"": -42.0, ""2019"": 31.8, ""2020"": 119.5, ""2021"": 639.5, ""2022"": -21.4, ""2023"": 32.9, ""2024"": 40.4, ""2025"": -31.0, ""2026"": 13.1}"
4 trend+dip,"basis 70% tot 100%, dip dag-RSI2<20, uit RSI>80",1.5,BTC+ETH,0.18493694146608597,-0.7723536061907037,1.4540709906242189,-0.3551966026649652,0.17906674178675197,-0.35159533144901667,0.9714358330933236,6.975657482780213,0.21311475409836064,1.0148764832237989,-0.07534923597631311,60,"{""2018"": -50.7, ""2019"": 11.0, ""2020"": 123.8, ""2021"": 46.5, ""2022"": -11.6, ""2023"": 71.3, ""2024"": 42.7, ""2025"": -11.7, ""2026"": 23.2}"
4 trend+dip,"basis 70% tot 100%, dip dag-RSI2<20, uit RSI>80",1.5,BTC,0.0959819559518782,-0.8131015185647699,1.091068971705965,-0.5524985425215597,0.1662109197390147,-0.35288158034407757,0.9329587627143775,3.773716343143394,0.21212121212121213,0.6239627631733299,-0.06544773785320378,60,"{""2018"": -42.8, ""2019"": 39.3, ""2020"": 179.7, ""2021"": -57.1, ""2022"": 0.0, ""2023"": 78.7, ""2024"": 65.2, ""2025"": -24.1, ""2026"": 19.6}"
4 trend+dip,"basis 70% tot 100%, dip dag-RSI2<20, uit RSI>80",1.5,5 munten,0.2690044411320587,-0.6972370849132444,1.6973724149689444,-0.3551603191615976,0.07335212552339376,-0.519648862935047,0.6438954977939887,22.756653099561678,0.15577889447236182,1.333501483995066,-0.07286902893603131,60,"{""2018"": -57.6, ""2019"": 27.4, ""2020"": 117.4, ""2021"": 273.7, ""2022"": -23.6, ""2023"": 23.0, ""2024"": 70.5, ""2025"": -41.4, ""2026"": 13.7}"
4 trend+dip,"basis 70% tot 100%, dip dag-RSI2<20, uit RSI>80",1.5,10 munten,0.5351841998744367,-0.759829861094842,2.154889143764298,0.04789597415674307,-0.057151832979062234,-0.6002754053342494,0.23671961089447263,42.7687852222918,0.12834224598930483,2.072826732911992,-0.08133065771103333,60,"{""2018"": -57.6, ""2019"": 33.8, ""2020"": 139.7, ""2021"": 869.0, ""2022"": -30.9, ""2023"": 35.4, ""2024"": 30.1, ""2025"": -48.6, ""2026"": 18.4}"
4 trend+dip,"basis 70% tot 100%, dip dag-RSI2<20, uit RSI>80",2.0,BTC+ETH,0.13767833819962005,-0.8694098023117939,1.4356978347889005,-0.6654247913872585,0.1693075414279399,-0.4696971567233974,0.9261234745055921,6.975657482780213,0.21311475409836064,1.234096886209553,-0.10090187432723814,60,"{""2018"": -62.5, ""2019"": 2.1, ""2020"": 168.0, ""2021"": 27.0, ""2022"": -15.2, ""2023"": 91.5, ""2024"": 43.3, ""2025"": -19.8, ""2026"": 31.4}"
4 trend+dip,"basis 70% tot 100%, dip dag-RSI2<20, uit RSI>80",2.0,BTC,0.04149867674090868,-0.8995805224715927,1.048497157122182,-0.7728741514205455,0.15078585139719936,-0.48231339882983804,0.8811361457724045,3.773716343143394,0.21212121212121213,0.7600014575961069,-0.08721527145134686,60,"{""2018"": -53.7, ""2019"": 31.1, ""2020"": 259.4, ""2021"": -71.8, ""2022"": 0.0, ""2023"": 104.3, ""2024"": 70.9, ""2025"": -33.4, ""2026"": 26.5}"
4 trend+dip,"basis 70% tot 100%, dip dag-RSI2<20, uit RSI>80",2.0,5 munten,0.2711984019976603,-0.8248487399104854,1.7507019881487953,-0.6120395441273628,0.03976575006026084,-0.6392874481177522,0.6329086652262612,22.756653099561678,0.1407035175879397,1.8972240272662229,-0.10078813700343646,60,"{""2018"": -69.4, ""2019"": 27.9, ""2020"": 162.4, ""2021"": 356.7, ""2022"": -30.2, ""2023"": 26.9, ""2024"": 85.1, ""2025"": -53.6, ""2026"": 18.3}"
4 trend+dip,"basis 70% tot 100%, dip dag-RSI2<20, uit RSI>80",2.0,10 munten,0.5451369132432955,-0.8739946811254358,2.098003803681594,-0.31344867761120776,-0.13787450013833802,-0.7373889078426823,0.20233780294660192,42.7687852222918,0.11229946524064172,2.2430120223466714,-0.11207643939107025,60,"{""2018"": -69.4, ""2019"": 35.2, ""2020"": 196.0, ""2021"": 1060.5, ""2022"": -38.4, ""2023"": 43.7, ""2024"": 26.9, ""2025"": -61.7, ""2026"": 24.2}"
4 trend+dip,"basis 70% tot 100%, dip dag-RSI2<20, uit RSI>80",3.0,BTC+ETH,-0.04877935901079622,-0.9582194460794047,1.4981757130633715,-0.9436213514603681,0.08108915401453243,-0.6653368400769619,0.8881340647010338,6.975657482780213,0.21311475409836064,1.1411408985338463,-0.1510748053624005,60,"{""2018"": -78.5, ""2019"": -21.5, ""2020"": 276.5, ""2021"": -32.9, ""2022"": -22.2, ""2023"": 115.8, ""2024"": 38.4, ""2025"": -40.6, ""2026"": 46.8}"
4 trend+dip,"basis 70% tot 100%, dip dag-RSI2<20, uit RSI>80",3.0,BTC,-0.14446007853478948,-0.9779777516980737,1.0465516592085977,-0.9687099960308048,0.07679306594433921,-0.6713158863645429,0.8708322444228355,3.773716343143394,0.21212121212121213,0.8732346096873771,-0.13067562683436823,60,"{""2018"": -70.3, ""2019"": 9.5, ""2020"": 490.0, ""2021"": -91.8, ""2022"": 0.0, ""2023"": 144.0, ""2024"": 92.5, ""2025"": -56.2, ""2026"": 40.7}"
4 trend+dip,"basis 70% tot 100%, dip dag-RSI2<20, uit RSI>80",3.0,5 munten,0.13773130156307145,-0.9620607714776097,1.8904637331848142,-0.9349030870549986,-0.08865355417933718,-0.8341671458800308,0.6485387289807586,22.756653099561678,0.135678391959799,1.7410441796916045,-0.1625894097728153,60,"{""2018"": -84.3, ""2019"": 14.6, ""2020"": 271.2, ""2021"": 340.1, ""2022"": -41.5, ""2023"": 23.2, ""2024"": 123.0, ""2025"": -75.5, ""2026"": 23.9}"
4 trend+dip,"basis 70% tot 100%, dip dag-RSI2<20, uit RSI>80",3.0,10 munten,0.3802747766505983,-0.9740589807430968,2.0963392006522557,-0.828851175391427,-0.32943756264835633,-0.9017876295588712,0.2069483463772345,42.7687852222918,0.10427807486631016,1.6450296519761487,-0.18144250505941537,60,"{""2018"": -84.3, ""2019"": 19.4, ""2020"": 335.4, ""2021"": 937.5, ""2022"": -50.9, ""2023"": 47.6, ""2024"": 15.6, ""2025"": -81.5, ""2026"": 35.5}"
4 trend+dip,"basis 70% tot 150%, dip dag-RSI2<20, uit RSI>60",1.0,BTC+ETH,0.15298984690242223,-0.6827703118129786,1.3319828759580226,-0.3039689473699485,0.110502765999279,-0.29918323435421124,0.7752764189160055,6.975657482780213,0.2459016393442623,0.5527132323147567,-0.06103867578885039,61,"{""2018"": -45.6, ""2019"": 11.8, ""2020"": 74.0, ""2021"": 40.1, ""2022"": -10.4, ""2023"": 73.6, ""2024"": 19.8, ""2025"": -8.8, ""2026"": 20.8}"
4 trend+dip,"basis 70% tot 150%, dip dag-RSI2<20, uit RSI>60",1.0,BTC,0.13837278385967378,-0.6839146751620879,1.2593658524996758,-0.2131646020491642,0.06170930578657474,-0.310352502090384,0.5737498773370554,3.773716343143394,0.24242424242424243,0.3631415597718245,-0.044987836722600705,61,"{""2018"": -37.8, ""2019"": 33.4, ""2020"": 131.0, ""2021"": -38.7, ""2022"": 0.0, ""2023"": 83.4, ""2024"": 30.8, ""2025"": -21.2, ""2026"": 12.6}"
4 trend+dip,"basis 70% tot 150%, dip dag-RSI2<20, uit RSI>60",1.0,5 munten,0.1941944694076152,-0.5842791373932654,1.4760940017845487,-0.22096953437247047,0.07871012649407527,-0.38643604982490254,0.6459397279554768,22.756653099561678,0.19095477386934673,0.696161580317337,-0.05518332334299903,61,"{""2018"": -50.7, ""2019"": 24.9, ""2020"": 62.3, ""2021"": 178.5, ""2022"": -19.1, ""2023"": 27.2, ""2024"": 38.1, ""2025"": -26.0, ""2026"": 12.7}"
4 trend+dip,"basis 70% tot 150%, dip dag-RSI2<20, uit RSI>60",1.0,10 munten,0.436386053862021,-0.6336852140529744,1.9325360915685355,0.038166261644248634,-0.04869082830970717,-0.47104424002153744,0.12963927175017548,42.7687852222918,0.15508021390374332,1.5218467794086188,-0.06619469275592249,61,"{""2018"": -50.7, ""2019"": 26.9, ""2020"": 73.8, ""2021"": 708.5, ""2022"": -27.7, ""2023"": 32.4, ""2024"": 11.8, ""2025"": -36.4, ""2026"": 14.5}"
4 trend+dip,"basis 70% tot 150%, dip dag-RSI2<20, uit RSI>60",1.5,BTC+ETH,0.13031841849167103,-0.827850816731035,1.3834499575613277,-0.6342841492050979,0.09278741325967133,-0.460623882750955,0.7223366507056858,6.975657482780213,0.22950819672131148,0.78578958550444,-0.08768788424868343,61,"{""2018"": -60.6, ""2019"": 4.5, ""2020"": 115.7, ""2021"": 26.5, ""2022"": -15.3, ""2023"": 113.3, ""2024"": 16.3, ""2025"": -18.2, ""2026"": 32.1}"
4 trend+dip,"basis 70% tot 150%, dip dag-RSI2<20, uit RSI>60",1.5,BTC,0.0999559928179039,-0.8473076054496438,1.1934357706322536,-0.5870532795647178,0.035213469335772185,-0.46632315428319737,0.5544448132818592,3.773716343143394,0.24242424242424243,0.45824694684815787,-0.06669726365948081,61,"{""2018"": -51.5, ""2019"": 29.4, ""2020"": 222.6, ""2021"": -63.0, ""2022"": 0.0, ""2023"": 133.2, ""2024"": 35.8, ""2025"": -33.5, ""2026"": 19.0}"
4 trend+dip,"basis 70% tot 150%, dip dag-RSI2<20, uit RSI>60",1.5,5 munten,0.1992584226947447,-0.7805771076804022,1.543226577876348,-0.5632475343482329,0.04573225261628866,-0.5378443157780632,0.5987449880134792,22.756653099561678,0.17587939698492464,1.079188963982774,-0.08762116080048156,61,"{""2018"": -66.2, ""2019"": 26.3, ""2020"": 95.8, ""2021"": 251.4, ""2022"": -27.0, ""2023"": 36.2, ""2024"": 46.1, ""2025"": -41.3, ""2026"": 19.2}"
4 trend+dip,"basis 70% tot 150%, dip dag-RSI2<20, uit RSI>60",1.5,10 munten,0.5442251670089924,-0.8149908825069995,1.883265506179116,-0.31677654537602096,-0.14245069647844988,-0.6578817048278781,0.06952516312094364,42.7687852222918,0.1443850267379679,2.1341358055512125,-0.10372537904967138,61,"{""2018"": -66.2, ""2019"": 28.1, ""2020"": 119.2, ""2021"": 1384.2, ""2022"": -37.4, ""2023"": 44.0, ""2024"": 4.2, ""2025"": -53.4, ""2026"": 22.0}"
4 trend+dip,"basis 70% tot 150%, dip dag-RSI2<20, uit RSI>60",2.0,BTC+ETH,0.043016779703644925,-0.9131046714032186,1.4194480366155435,-0.8601086260908937,0.03925720965592383,-0.6009146499253564,0.6875925041542325,6.975657482780213,0.21311475409836064,0.855095265198163,-0.11340915995826854,61,"{""2018"": -73.4, ""2019"": -7.2, ""2020"": 167.7, ""2021"": -4.5, ""2022"": -19.9, ""2023"": 145.7, ""2024"": 10.4, ""2025"": -31.0, ""2026"": 43.0}"
4 trend+dip,"basis 70% tot 150%, dip dag-RSI2<20, uit RSI>60",2.0,BTC,0.0019115123279136448,-0.9352309729524506,1.1437780672546976,-0.8433861337659395,-0.028695080316421318,-0.6139926071585846,0.5202897788395506,3.773716343143394,0.21212121212121213,0.5488748200100161,-0.08637412663370561,61,"{""2018"": -64.7, ""2019"": 19.7, ""2020"": 333.6, ""2021"": -80.3, ""2022"": 0.0, ""2023"": 175.4, ""2024"": 33.7, ""2025"": -46.7, ""2026"": 25.7}"
4 trend+dip,"basis 70% tot 150%, dip dag-RSI2<20, uit RSI>60",2.0,5 munten,0.1319182803209542,-0.895948717624026,1.5901398567557319,-0.8288316787521648,-0.0255536672712795,-0.6739520395939793,0.5620312415400188,22.756653099561678,0.16080402010050251,1.2369008095987337,-0.1205315090248773,61,"{""2018"": -78.3, ""2019"": 20.2, ""2020"": 127.3, ""2021"": 270.1, ""2022"": -34.4, ""2023"": 42.7, ""2024"": 51.1, ""2025"": -56.5, ""2026"": 24.3}"
4 trend+dip,"basis 70% tot 150%, dip dag-RSI2<20, uit RSI>60",2.0,10 munten,0.4816458013134377,-0.919360572702295,1.7337473192326418,-0.6814296064222344,-0.2509488094473644,-0.7935955475812775,0.043106746026091894,42.7687852222918,0.13101604278074866,1.720130630035909,-0.14115429945448027,61,"{""2018"": -78.3, ""2019"": 20.7, ""2020"": 163.5, ""2021"": 1576.1, ""2022"": -45.3, ""2023"": 53.6, ""2024"": -4.9, ""2025"": -67.5, ""2026"": 28.6}"
4 trend+dip,"basis 70% tot 150%, dip dag-RSI2<20, uit RSI>60",3.0,BTC+ETH,-0.25688486109605857,-0.98410861495512,1.5062004773864437,-0.9913926718240077,-0.14812710574291954,-0.8365745980262674,0.6522518956904638,6.975657482780213,0.18032786885245902,0.44580844074786347,-0.16520223452626717,61,"{""2018"": -88.0, ""2019"": -39.9, ""2020"": 232.1, ""2021"": -70.0, ""2022"": -28.4, ""2023"": 211.5, ""2024"": -20.6, ""2025"": -52.4, ""2026"": 65.4}"
4 trend+dip,"basis 70% tot 150%, dip dag-RSI2<20, uit RSI>60",3.0,BTC,-0.3288907364965875,-0.9909037055671813,1.041767903811262,-0.9938279057872055,-0.2619912561037937,-0.8726906625698057,0.41168569567722285,3.773716343143394,0.15151515151515152,0.4792187170914032,-0.13724985009357785,61,"{""2018"": -81.3, ""2019"": -36.3, ""2020"": 529.5, ""2021"": -96.9, ""2022"": 0.0, ""2023"": 281.0, ""2024"": 2.1, ""2025"": -70.2, ""2026"": 36.2}"
4 trend+dip,"basis 70% tot 150%, dip dag-RSI2<20, uit RSI>60",3.0,5 munten,-0.14493770322437194,-0.9862549577580706,1.7453218082479571,-0.9901011066767224,-0.24257142171497137,-0.8704266191714246,0.5482203145190258,22.756653099561678,0.135678391959799,0.541492819237713,-0.18765870597251819,61,"{""2018"": -91.9, ""2019"": -8.7, ""2020"": 154.4, ""2021"": 154.7, ""2022"": -46.2, ""2023"": 45.4, ""2024"": 41.9, ""2025"": -79.9, ""2026"": 33.2}"
4 trend+dip,"basis 70% tot 150%, dip dag-RSI2<20, uit RSI>60",3.0,10 munten,0.18800015376924017,-0.9712741668966277,1.4448852015876796,-0.9455774917180682,-0.21492144851429273,-0.8390467405056952,0.3735860632514976,33.16296180338134,0.11724137931034483,0.5467240157537007,-0.2181363904338786,61,"{""2018"": -91.9, ""2019"": -10.6, ""2020"": 102.1, ""2021"": 1919.0, ""2022"": -51.2, ""2023"": 72.7, ""2024"": 30.8, ""2025"": -73.0, ""2026"": 26.3}"
4 trend+dip,"basis 70% tot 150%, dip dag-RSI2<20, uit RSI>80",1.0,BTC+ETH,0.1254786091547515,-0.7440107497277222,1.2250236288206704,-0.43730127753372405,0.14996510420021014,-0.3045564963648366,0.9068417414051944,6.975657482780213,0.22950819672131148,0.7083278203015048,-0.06987962800625976,62,"{""2018"": -47.5, ""2019"": -2.4, ""2020"": 89.7, ""2021"": 45.0, ""2022"": -9.9, ""2023"": 57.1, ""2024"": 30.2, ""2025"": -6.8, ""2026"": 19.4}"
4 trend+dip,"basis 70% tot 150%, dip dag-RSI2<20, uit RSI>80",1.0,BTC,0.04746493890959935,-0.7931875097653995,0.8366013278848059,-0.5598818762383306,0.1336919572701738,-0.3183088012056522,0.8475184554863402,3.773716343143394,0.21212121212121213,0.4383144306133217,-0.05308826044664634,62,"{""2018"": -37.8, ""2019"": 22.0, ""2020"": 149.6, ""2021"": -53.0, ""2022"": 0.0, ""2023"": 47.2, ""2024"": 51.5, ""2025"": -18.5, ""2026"": 12.6}"
4 trend+dip,"basis 70% tot 150%, dip dag-RSI2<20, uit RSI>80",1.0,5 munten,0.19039377864324214,-0.624481619815994,1.4538313190942378,-0.2913354282414141,0.03845639106459031,-0.45174646480390124,0.4945602410713626,22.756653099561678,0.16080402010050251,0.9949072232420096,-0.0634900266254644,62,"{""2018"": -53.5, ""2019"": 17.6, ""2020"": 86.2, ""2021"": 196.2, ""2022"": -20.3, ""2023"": 16.8, ""2024"": 41.7, ""2025"": -34.9, ""2026"": 12.5}"
4 trend+dip,"basis 70% tot 150%, dip dag-RSI2<20, uit RSI>80",1.0,10 munten,0.39881328471283894,-0.7168796778765887,1.9173096302826713,-0.0857400422685145,-0.06397550794626561,-0.5311906644448778,0.11734178932430028,42.7687852222918,0.13903743315508021,1.3291841123377566,-0.07038819730493792,62,"{""2018"": -53.5, ""2019"": 21.6, ""2020"": 108.0, ""2021"": 590.8, ""2022"": -28.3, ""2023"": 22.7, ""2024"": 15.7, ""2025"": -42.0, ""2026"": 15.6}"
4 trend+dip,"basis 70% tot 150%, dip dag-RSI2<20, uit RSI>80",1.5,BTC+ETH,0.07759816832813815,-0.8749008437177931,1.2725001448133462,-0.7470442537136488,0.13624686455277968,-0.45524734092708163,0.846002726526542,6.975657482780213,0.21311475409836064,1.0298582088966093,-0.09861409578370824,62,"{""2018"": -62.7, ""2019"": -14.8, ""2020"": 139.9, ""2021"": 31.6, ""2022"": -14.6, ""2023"": 77.8, ""2024"": 29.3, ""2025"": -17.1, ""2026"": 29.9}"
4 trend+dip,"basis 70% tot 150%, dip dag-RSI2<20, uit RSI>80",1.5,BTC,-0.03538134531828452,-0.9152013116224051,0.7762054944221344,-0.8328867142278162,0.12090838105762569,-0.4596088959757275,0.8071168608494823,3.773716343143394,0.18181818181818182,0.6350334401247412,-0.07585122351369528,62,"{""2018"": -51.5, ""2019"": 11.1, ""2020"": 257.8, ""2021"": -74.6, ""2022"": 0.0, ""2023"": 62.1, ""2024"": 63.9, ""2025"": -31.5, ""2026"": 19.0}"
4 trend+dip,"basis 70% tot 150%, dip dag-RSI2<20, uit RSI>80",1.5,5 munten,0.19787223384844688,-0.8056080935035956,1.5623402544271041,-0.6229344608634353,-0.017787081284389217,-0.6229912105846986,0.46291296951334143,22.756653099561678,0.1407035175879397,1.6670284060050566,-0.09772961345156685,62,"{""2018"": -69.0, ""2019"": 17.4, ""2020"": 141.0, ""2021"": 291.8, ""2022"": -28.7, ""2023"": 18.1, ""2024"": 49.5, ""2025"": -51.7, ""2026"": 18.9}"
4 trend+dip,"basis 70% tot 150%, dip dag-RSI2<20, uit RSI>80",1.5,10 munten,0.487022541945467,-0.8714493551447221,1.9764632474543022,-0.42483350875036296,-0.17144292859910715,-0.7175752924276665,0.06210923566470342,42.7687852222918,0.11497326203208556,1.8027060598563291,-0.10845355420721912,62,"{""2018"": -69.0, ""2019"": 21.6, ""2020"": 185.9, ""2021"": 1089.4, ""2022"": -38.4, ""2023"": 27.5, ""2024"": 8.1, ""2025"": -59.9, ""2026"": 23.4}"
4 trend+dip,"basis 70% tot 150%, dip dag-RSI2<20, uit RSI>80",2.0,BTC+ETH,-0.0443851706108519,-0.9469605955802218,1.2893276067816681,-0.9243435486741808,0.08424923325458966,-0.5814490082986525,0.8184222510199815,6.975657482780213,0.19672131147540983,1.0729571391568629,-0.12822710429470166,62,"{""2018"": -75.1, ""2019"": -31.6, ""2020"": 199.7, ""2021"": -8.9, ""2022"": -19.3, ""2023"": 96.1, ""2024"": 25.1, ""2025"": -30.5, ""2026"": 39.9}"
4 trend+dip,"basis 70% tot 150%, dip dag-RSI2<20, uit RSI>80",2.0,BTC,-0.16590907178938108,-0.9710427529487611,0.7466137982928631,-0.95560967602491,0.0712055955846822,-0.5893820492090769,0.7890655560221739,3.773716343143394,0.18181818181818182,0.6857432054950735,-0.10453657455663308,62,"{""2018"": -64.7, ""2019"": -5.1, ""2020"": 400.1, ""2021"": -88.7, ""2022"": 0.0, ""2023"": 75.4, ""2024"": 70.8, ""2025"": -45.5, ""2026"": 25.7}"
4 trend+dip,"basis 70% tot 150%, dip dag-RSI2<20, uit RSI>80",2.0,5 munten,0.11416874043858716,-0.9171617979045034,1.6110885194435354,-0.8689598788225678,-0.1058780885044246,-0.7579277092235628,0.4496461085696341,22.756653099561678,0.12562814070351758,1.8344893409678795,-0.1328821199727512,62,"{""2018"": -80.4, ""2019"": 7.2, ""2020"": 195.7, ""2021"": 301.7, ""2022"": -36.3, ""2023"": 17.5, ""2024"": 56.3, ""2025"": -66.7, ""2026"": 23.9}"
4 trend+dip,"basis 70% tot 150%, dip dag-RSI2<20, uit RSI>80",2.0,10 munten,0.3981631141886395,-0.9513922433652562,1.9384028855795117,-0.7596814537089225,-0.2948375753543605,-0.8444589719142149,0.03688825044352608,42.7687852222918,0.10160427807486631,1.6105493504721258,-0.14844417108255667,62,"{""2018"": -80.4, ""2019"": 10.2, ""2020"": 266.9, ""2021"": 1137.4, ""2022"": -46.6, ""2023"": 30.3, ""2024"": -1.4, ""2025"": -74.0, ""2026"": 30.3}"
4 trend+dip,"basis 70% tot 150%, dip dag-RSI2<20, uit RSI>80",3.0,BTC+ETH,-0.39036262321551984,-0.9930389631178529,1.347798843463645,-0.9979545107819732,-0.12381417510863213,-0.8288126936662238,0.783155088724549,6.975657482780213,0.13114754098360656,0.5876228831541004,-0.18739456260667697,62,"{""2018"": -89.3, ""2019"": -62.9, ""2020"": 239.4, ""2021"": -74.3, ""2022"": -27.6, ""2023"": 95.3, ""2024"": -10.1, ""2025"": -53.6, ""2026"": 60.3}"
4 trend+dip,"basis 70% tot 150%, dip dag-RSI2<20, uit RSI>80",3.0,BTC,-0.5140719885410835,-0.997725934227326,0.6405768024216911,-0.9992845211919489,-0.17823286577178665,-0.8435313270886424,0.6886924886350518,3.773716343143394,0.12121212121212122,0.5718372325900019,-0.16858755281158375,62,"{""2018"": -81.3, ""2019"": -54.5, ""2020"": 615.0, ""2021"": -98.8, ""2022"": 0.0, ""2023"": 78.8, ""2024"": 38.3, ""2025"": -70.5, ""2026"": 36.2}"
4 trend+dip,"basis 70% tot 150%, dip dag-RSI2<20, uit RSI>80",3.0,5 munten,-0.19724277311888594,-0.9898419815026201,1.7759849185020786,-0.9945220476826707,-0.32827549865079153,-0.9112834644177449,0.49378962522129466,22.756653099561678,0.09547738693467336,0.7955076576370746,-0.20714727713641226,62,"{""2018"": -93.0, ""2019"": -23.0, ""2020"": 246.8, ""2021"": 169.6, ""2022"": -48.3, ""2023"": -0.7, ""2024"": 44.0, ""2025"": -85.7, ""2026"": 32.7}"
4 trend+dip,"basis 70% tot 150%, dip dag-RSI2<20, uit RSI>80",3.0,10 munten,0.08970281255448476,-0.9800243115313796,1.7143016130339643,-0.9550143317489401,-0.27948210838128584,-0.8841272890222323,0.3408100330630199,33.16296180338134,0.08275862068965517,0.835690614281828,-0.23713247802289647,62,"{""2018"": -93.0, ""2019"": -22.8, ""2020"": 169.1, ""2021"": 1473.6, ""2022"": -52.8, ""2023"": 37.6, ""2024"": 35.1, ""2025"": -80.0, ""2026"": 28.6}"
4 trend+dip,"basis 50% tot 100%, dip 2u-RSI14<30, uit RSI>60",1.0,BTC+ETH,0.12138925633454689,-0.5326791377870855,1.2514434181852554,-0.10431842564589666,0.0994431591665701,-0.20201131735709188,0.8337307102196407,6.975657482780213,0.26229508196721313,0.36769865986550987,-0.04715936703559895,63,"{""2018"": -34.0, ""2019"": 18.3, ""2020"": 50.4, ""2021"": 20.9, ""2022"": -6.9, ""2023"": 48.3, ""2024"": 21.6, ""2025"": -6.0, ""2026"": 13.0}"
4 trend+dip,"basis 50% tot 100%, dip 2u-RSI14<30, uit RSI>60",1.0,BTC,0.11471481992223076,-0.5278366372664853,1.259833053624532,-0.05666521663027313,0.10941267459926096,-0.20573634386313155,0.9055181553659866,3.773716343143394,0.24242424242424243,0.30061540226024946,-0.03606369452637358,63,"{""2018"": -27.9, ""2019"": 28.7, ""2020"": 64.9, ""2021"": -23.0, ""2022"": 0.0, ""2023"": 61.5, ""2024"": 29.4, ""2025"": -10.5, ""2026"": 14.2}"
4 trend+dip,"basis 50% tot 100%, dip 2u-RSI14<30, uit RSI>60",1.0,5 munten,0.1904028291010087,-0.45611426133500743,1.6515594451577473,0.06324937670164377,0.07372118689676954,-0.29785853366675885,0.6785043222905043,22.756653099561678,0.22110552763819097,0.46246219586896087,-0.039651317612292125,63,"{""2018"": -37.5, ""2019"": 26.1, ""2020"": 49.1, ""2021"": 122.0, ""2022"": -14.2, ""2023"": 25.9, ""2024"": 40.7, ""2025"": -22.6, ""2026"": 8.6}"
4 trend+dip,"basis 50% tot 100%, dip 2u-RSI14<30, uit RSI>60",1.0,10 munten,0.3401173337439838,-0.47634191234769296,2.3068457712742374,0.3790747099334757,-0.003417863796474241,-0.36638407690843744,0.20755514162190808,42.7687852222918,0.1711229946524064,0.885722975709704,-0.04183311192648615,63,"{""2018"": -37.5, ""2019"": 30.7, ""2020"": 60.2, ""2021"": 313.0, ""2022"": -18.8, ""2023"": 27.7, ""2024"": 24.4, ""2025"": -30.0, ""2026"": 10.2}"
4 trend+dip,"basis 50% tot 100%, dip 2u-RSI14<30, uit RSI>60",1.5,BTC+ETH,0.041839243714540064,-0.7131701676642533,0.8586071735677224,-0.5709239787581735,0.07710272472967095,-0.32978519376875703,0.6390505304847157,6.975657482780213,0.26229508196721313,0.3931682019708349,-0.07273717782738692,63,"{""2018"": -48.2, ""2019"": 20.1, ""2020"": 47.8, ""2021"": -8.3, ""2022"": -10.3, ""2023"": 66.0, ""2024"": 17.3, ""2025"": -12.4, ""2026"": 18.6}"
4 trend+dip,"basis 50% tot 100%, dip 2u-RSI14<30, uit RSI>60",1.5,BTC,0.05087607702606323,-0.7274281064527403,0.8320011631106363,-0.5046674995322187,0.0906312453299094,-0.3228346237560791,0.6953636755319166,3.773716343143394,0.24242424242424243,0.33896917750460565,-0.05815640482993235,63,"{""2018"": -40.0, ""2019"": 35.5, ""2020"": 79.6, ""2021"": -51.2, ""2022"": 0.0, ""2023"": 87.3, ""2024"": 30.7, ""2025"": -20.0, ""2026"": 20.5}"
4 trend+dip,"basis 50% tot 100%, dip 2u-RSI14<30, uit RSI>60",1.5,5 munten,0.1379672330211268,-0.6733106663693842,1.2639074003345283,-0.4350995814757226,0.019040278096945196,-0.46346194946688235,0.40021771374297177,22.756653099561678,0.20100502512562815,0.5996412496746009,-0.06434260388545879,63,"{""2018"": -52.6, ""2019"": 33.2, ""2020"": 51.4, ""2021"": 117.7, ""2022"": -21.1, ""2023"": 30.5, ""2024"": 46.3, ""2025"": -38.2, ""2026"": 11.8}"
4 trend+dip,"basis 50% tot 100%, dip 2u-RSI14<30, uit RSI>60",1.5,10 munten,0.3651515249303101,-0.6954628634869043,1.9458051923588113,-0.12420632996143055,-0.09469781522592946,-0.5510289031605955,-0.05658565661242552,42.7687852222918,0.15508021390374332,1.397126990630094,-0.06958960345014002,63,"{""2018"": -52.6, ""2019"": 40.1, ""2020"": 66.7, ""2021"": 472.6, ""2022"": -27.1, ""2023"": 33.7, ""2024"": 18.7, ""2025"": -46.5, ""2026"": 14.4}"
4 trend+dip,"basis 50% tot 100%, dip 2u-RSI14<30, uit RSI>60",2.0,BTC+ETH,-0.017761951642073615,-0.8125754614660341,0.8178314604157549,-0.7692843243719658,0.060608487166954994,-0.4441044674531681,0.6114250842354445,6.975657482780213,0.2459016393442623,0.45452797666746647,-0.09199495299473644,63,"{""2018"": -59.7, ""2019"": 19.5, ""2020"": 61.0, ""2021"": -30.2, ""2022"": -13.6, ""2023"": 86.9, ""2024"": 13.8, ""2025"": -18.2, ""2026"": 25.2}"
4 trend+dip,"basis 50% tot 100%, dip 2u-RSI14<30, uit RSI>60",2.0,BTC,0.0009198541282082751,-0.8375236525024048,0.7575471846718874,-0.7210006609543278,0.0804501685587482,-0.4384807195581246,0.6695884082937024,3.773716343143394,0.21212121212121213,0.45191654305742984,-0.07519695921259152,63,"{""2018"": -50.5, ""2019"": 34.4, ""2020"": 104.4, ""2021"": -66.7, ""2022"": 0.0, ""2023"": 119.5, ""2024"": 29.1, ""2025"": -25.8, ""2026"": 27.8}"
4 trend+dip,"basis 50% tot 100%, dip 2u-RSI14<30, uit RSI>60",2.0,5 munten,0.1209480621163852,-0.8003532126480625,1.2904222124796703,-0.6599050735881309,-0.01261957927046975,-0.5737094373991368,0.3810439015077114,22.756653099561678,0.19095477386934673,0.794967568109454,-0.08716379403873185,63,"{""2018"": -64.5, ""2019"": 38.8, ""2020"": 69.2, ""2021"": 132.2, ""2022"": -27.0, ""2023"": 37.8, ""2024"": 54.5, ""2025"": -48.9, ""2026"": 15.8}"
4 trend+dip,"basis 50% tot 100%, dip 2u-RSI14<30, uit RSI>60",2.0,10 munten,0.40337283545739466,-0.8254966962734933,1.910135996986928,-0.40228327266060393,-0.16434945557572322,-0.6743933722298332,-0.08698015115739709,42.7687852222918,0.1443850267379679,1.752653764326209,-0.09519857219129127,63,"{""2018"": -64.5, ""2019"": 48.0, ""2020"": 89.6, ""2021"": 667.3, ""2022"": -34.1, ""2023"": 42.4, ""2024"": 15.4, ""2025"": -58.4, ""2026"": 19.3}"
4 trend+dip,"basis 50% tot 100%, dip 2u-RSI14<30, uit RSI>60",3.0,BTC+ETH,-0.17919715075844522,-0.9324905541086844,0.8293865288855555,-0.9549045565629609,-0.0035090905346303325,-0.6383040238585522,0.6086693288781094,6.975657482780213,0.21311475409836064,0.4788809935019476,-0.1315641531737756,63,"{""2018"": -76.4, ""2019"": 2.9, ""2020"": 86.6, ""2021"": -65.0, ""2022"": -19.9, ""2023"": 132.2, ""2024"": 4.7, ""2025"": -33.0, ""2026"": 39.3}"
4 trend+dip,"basis 50% tot 100%, dip 2u-RSI14<30, uit RSI>60",3.0,BTC,-0.16433717308474083,-0.9528351069135779,0.6419231876168584,-0.9447273573031358,0.027083912379676445,-0.5898362213301369,0.663617068069597,3.773716343143394,0.21212121212121213,0.4622790779407956,-0.11223961228644683,63,"{""2018"": -67.3, ""2019"": 17.1, ""2020"": 148.9, ""2021"": -87.8, ""2022"": 0.0, ""2023"": 187.2, ""2024"": 30.1, ""2025"": -43.2, ""2026"": 43.3}"
4 trend+dip,"basis 50% tot 100%, dip 2u-RSI14<30, uit RSI>60",3.0,5 munten,0.0015505729477482966,-0.9430859317722268,1.3513274194664386,-0.9174611006518554,-0.11219840673304682,-0.7557483934924141,0.36393307024424004,22.756653099561678,0.1507537688442211,1.0116981752556724,-0.13100516421970027,63,"{""2018"": -81.1, ""2019"": 36.8, ""2020"": 105.7, ""2021"": 94.0, ""2022"": -37.4, ""2023"": 52.3, ""2024"": 70.4, ""2025"": -68.3, ""2026"": 23.1}"
4 trend+dip,"basis 50% tot 100%, dip 2u-RSI14<30, uit RSI>60",3.0,10 munten,0.31931177074204675,-0.9517026938926316,1.8339481747041901,-0.8137447058245998,-0.3184027849975072,-0.8454646101750667,-0.11069444331866425,42.7687852222918,0.11764705882352941,1.4844130208670143,-0.1462907211620911,63,"{""2018"": -81.1, ""2019"": 49.7, ""2020"": 135.8, ""2021"": 738.6, ""2022"": -45.4, ""2023"": 57.7, ""2024"": 5.0, ""2025"": -76.4, ""2026"": 28.4}"
4 trend+dip,"basis 50% tot 100%, dip 2u-RSI14<30, uit RSI>80",1.0,BTC+ETH,0.23899015313385985,-0.5776027920712776,1.7684176561126692,0.284974280498967,0.14801523197357147,-0.2386518175042175,0.9998960325024524,6.975657482780213,0.22950819672131148,0.8572563916400869,-0.0494941612807664,64,"{""2018"": -35.1, ""2019"": 23.9, ""2020"": 92.7, ""2021"": 74.7, ""2022"": -8.4, ""2023"": 44.2, ""2024"": 25.4, ""2025"": 2.0, ""2026"": 13.2}"
4 trend+dip,"basis 50% tot 100%, dip 2u-RSI14<30, uit RSI>80",1.0,BTC,0.12680093056261965,-0.6289337565121182,1.2457395094307295,-0.15886746426224707,0.16191244885615586,-0.22214713978402856,1.0889805841409435,3.773716343143394,0.21212121212121213,0.43308699289101554,-0.03938035662297336,64,"{""2018"": -27.9, ""2019"": 44.8, ""2020"": 77.3, ""2021"": -24.2, ""2022"": 0.0, ""2023"": 44.9, ""2024"": 35.4, ""2025"": -2.1, ""2026"": 12.7}"
4 trend+dip,"basis 50% tot 100%, dip 2u-RSI14<30, uit RSI>80",1.0,5 munten,0.22922538289910865,-0.5755216489200783,1.7085587057765488,-0.029453258398428717,0.08504506470942541,-0.3387035444145382,0.6968592779836809,22.756653099561678,0.17587939698492464,0.8527350942004869,-0.044209722596098455,64,"{""2018"": -41.1, ""2019"": 30.2, ""2020"": 76.8, ""2021"": 147.7, ""2022"": -16.0, ""2023"": 21.4, ""2024"": 38.5, ""2025"": -20.3, ""2026"": 8.2}"
4 trend+dip,"basis 50% tot 100%, dip 2u-RSI14<30, uit RSI>80",1.0,10 munten,0.40930187413841024,-0.5830840269297015,2.4007652805871897,0.6129774855974366,-0.005853250036764179,-0.4169869211980489,0.24679970814843294,42.7687852222918,0.14171122994652408,1.2674827332045786,-0.04636165900148724,64,"{""2018"": -41.1, ""2019"": 37.5, ""2020"": 91.4, ""2021"": 356.2, ""2022"": -20.5, ""2023"": 32.4, ""2024"": 22.9, ""2025"": -30.5, ""2026"": 9.7}"
4 trend+dip,"basis 50% tot 100%, dip 2u-RSI14<30, uit RSI>80",1.5,BTC+ETH,0.1479688516457769,-0.7567858430370928,1.3352420976695107,-0.456557465961288,0.1233059682790747,-0.38909539761093925,0.7981756646933671,6.975657482780213,0.21311475409836064,1.0908510409277523,-0.0765972461559261,64,"{""2018"": -49.5, ""2019"": 23.3, ""2020"": 102.6, ""2021"": 32.4, ""2022"": -12.8, ""2023"": 54.5, ""2024"": 18.7, ""2025"": -3.7, ""2026"": 18.8}"
4 trend+dip,"basis 50% tot 100%, dip 2u-RSI14<30, uit RSI>80",1.5,BTC,0.006010458781807282,-0.8252289909880552,0.7098282604763794,-0.6730904941843352,0.14262259813582956,-0.3446932577078873,0.8631620170414734,3.773716343143394,0.21212121212121213,0.4231814061184313,-0.06404458667998737,64,"{""2018"": -40.0, ""2019"": 52.0, ""2020"": 88.7, ""2021"": -61.5, ""2022"": 0.0, ""2023"": 54.8, ""2024"": 34.2, ""2025"": -10.5, ""2026"": 18.1}"
4 trend+dip,"basis 50% tot 100%, dip 2u-RSI14<30, uit RSI>80",1.5,5 munten,0.12236677054782064,-0.8013153062392341,1.253194644861133,-0.6326215340669643,0.0121037884020887,-0.5099846828074148,0.42820006114998377,22.756653099561678,0.1457286432160804,1.1096575727423021,-0.07606126726306735,64,"{""2018"": -56.7, ""2019"": 33.2, ""2020"": 84.7, ""2021"": 105.0, ""2022"": -23.7, ""2023"": 18.9, ""2024"": 37.8, ""2025"": -36.9, ""2026"": 11.0}"
4 trend+dip,"basis 50% tot 100%, dip 2u-RSI14<30, uit RSI>80",1.5,10 munten,0.3810437463513965,-0.8076741320721292,1.976220545469431,-0.19280700674265483,-0.12284926383018291,-0.6128357841952243,-0.022065813322708298,42.7687852222918,0.12032085561497326,1.7206522903878048,-0.08008202614109168,64,"{""2018"": -56.7, ""2019"": 42.4, ""2020"": 106.5, ""2021"": 429.6, ""2022"": -29.5, ""2023"": 35.8, ""2024"": 10.1, ""2025"": -48.1, ""2026"": 13.6}"
4 trend+dip,"basis 50% tot 100%, dip 2u-RSI14<30, uit RSI>80",2.0,BTC+ETH,0.09189341907257131,-0.8521215606585819,1.3291749067059295,-0.7408155295651286,0.10286553589661995,-0.508821357010202,0.7698873109934258,6.975657482780213,0.21311475409836064,1.2659922649222841,-0.09980935595243774,64,"{""2018"": -61.0, ""2019"": 21.3, ""2020"": 134.4, ""2021"": 5.8, ""2022"": -16.3, ""2023"": 69.3, ""2024"": 15.1, ""2025"": -11.0, ""2026"": 25.6}"
4 trend+dip,"basis 50% tot 100%, dip 2u-RSI14<30, uit RSI>80",2.0,BTC,-0.06125698444049532,-0.910242367764929,0.7041343560796178,-0.8497123492159895,0.139632144399215,-0.4490395830284788,0.8518408110560892,3.773716343143394,0.21212121212121213,0.477543322827363,-0.08437500592255312,64,"{""2018"": -50.5, ""2019"": 55.1, ""2020"": 119.8, ""2021"": -76.5, ""2022"": 0.0, ""2023"": 70.7, ""2024"": 35.8, ""2025"": -17.2, ""2026"": 24.6}"
4 trend+dip,"basis 50% tot 100%, dip 2u-RSI14<30, uit RSI>80",2.0,5 munten,0.08685749588346559,-0.8988179681615609,1.3323504887617696,-0.8189668178918034,-0.037615821849116826,-0.6344297871532395,0.4065027038889249,22.756653099561678,0.1457286432160804,1.3392337058676647,-0.10514828296319038,64,"{""2018"": -68.7, ""2019"": 38.7, ""2020"": 108.9, ""2021"": 110.0, ""2022"": -30.0, ""2023"": 22.7, ""2024"": 41.6, ""2025"": -49.3, ""2026"": 14.2}"
4 trend+dip,"basis 50% tot 100%, dip 2u-RSI14<30, uit RSI>80",2.0,10 munten,0.4047102230200339,-0.9077173466560413,2.0126396632175867,-0.4823660484573854,-0.2140131709844757,-0.7466702926781137,-0.05425442140684216,42.7687852222918,0.12032085561497326,1.736157161841177,-0.11105909904391648,64,"{""2018"": -68.7, ""2019"": 51.9, ""2020"": 138.4, ""2021"": 565.7, ""2022"": -36.9, ""2023"": 46.4, ""2024"": 3.4, ""2025"": -61.5, ""2026"": 17.7}"
4 trend+dip,"basis 50% tot 100%, dip 2u-RSI14<30, uit RSI>80",3.0,BTC+ETH,-0.10702135594209239,-0.9611205007867204,1.400648387935973,-0.9658351287388992,-0.009685156704407283,-0.74888721843068,0.7365338065200416,6.975657482780213,0.19672131147540983,1.1901278758977905,-0.14669085485306949,64,"{""2018"": -77.5, ""2019"": 4.4, ""2020"": 196.1, ""2021"": -50.5, ""2022"": -23.6, ""2023"": 87.2, ""2024"": -7.8, ""2025"": -26.4, ""2026"": 39.9}"
4 trend+dip,"basis 50% tot 100%, dip 2u-RSI14<30, uit RSI>80",3.0,BTC,-0.27673317354195903,-0.9821832902002564,0.6506535064523431,-0.9829651559429646,0.05906440839653504,-0.6440724468429759,0.8266053914937842,3.773716343143394,0.21212121212121213,0.41961115057016674,-0.12586782312792041,64,"{""2018"": -67.3, ""2019"": 44.1, ""2020"": 158.5, ""2021"": -94.1, ""2022"": 0.0, ""2023"": 95.2, ""2024"": 21.2, ""2025"": -32.3, ""2026"": 38.2}"
4 trend+dip,"basis 50% tot 100%, dip 2u-RSI14<30, uit RSI>80",3.0,5 munten,-0.10881347069446112,-0.9820099531166491,1.445007763546287,-0.9781847440426822,-0.16386555034497796,-0.8140764653413338,0.4412799248956187,22.756653099561678,0.12060301507537688,1.1909631645620309,-0.16103663564640322,64,"{""2018"": -84.2, ""2019"": 32.1, ""2020"": 164.9, ""2021"": 26.7, ""2022"": -41.5, ""2023"": 21.1, ""2024"": 47.5, ""2025"": -69.5, ""2026"": 18.9}"
4 trend+dip,"basis 50% tot 100%, dip 2u-RSI14<30, uit RSI>80",3.0,10 munten,0.2613300850772218,-0.9849797360207259,2.080221817604292,-0.8862017221429894,-0.38652307010658904,-0.8980047124207551,0.0008925391272103109,42.7687852222918,0.09358288770053476,1.2811862867798869,-0.17235781282148646,64,"{""2018"": -84.2, ""2019"": 45.5, ""2020"": 234.7, ""2021"": 454.2, ""2022"": -48.7, ""2023"": 58.6, ""2024"": -10.5, ""2025"": -79.8, ""2026"": 25.4}"
4 trend+dip,"basis 50% tot 150%, dip 2u-RSI14<30, uit RSI>60",1.0,BTC+ETH,-0.04272814860537966,-0.6795192972808132,0.35127452453885105,-0.6702757676446094,0.021257264833404177,-0.30685065979546255,0.38199053349693396,6.975657482780213,0.2459016393442623,0.2365233579957619,-0.06499089141681079,65,"{""2018"": -45.7, ""2019"": 12.7, ""2020"": 17.1, ""2021"": -25.4, ""2022"": -9.2, ""2023"": 55.6, ""2024"": 3.3, ""2025"": -11.5, ""2026"": 15.4}"
4 trend+dip,"basis 50% tot 150%, dip 2u-RSI14<30, uit RSI>60",1.0,BTC,-0.009618216577523375,-0.6857444417865848,0.43045565719246576,-0.5676538451042996,0.044255829665608815,-0.30283202512238105,0.491510296993666,3.773716343143394,0.21212121212121213,0.23320995380911955,-0.047831209153367554,65,"{""2018"": -36.9, ""2019"": 20.5, ""2020"": 41.6, ""2021"": -49.3, ""2022"": 0.0, ""2023"": 71.9, ""2024"": 13.6, ""2025"": -16.1, ""2026"": 17.5}"
4 trend+dip,"basis 50% tot 150%, dip 2u-RSI14<30, uit RSI>60",1.0,5 munten,0.047465432234787164,-0.6328887249540669,0.8261653652530341,-0.49421901829929504,-0.024374453755475756,-0.4141643183619318,0.1417095067042303,22.756653099561678,0.21105527638190955,0.3747124857521794,-0.057402298791927875,65,"{""2018"": -48.7, ""2019"": 27.6, ""2020"": 22.3, ""2021"": 55.8, ""2022"": -18.9, ""2023"": 28.7, ""2024"": 25.0, ""2025"": -34.5, ""2026"": 10.7}"
4 trend+dip,"basis 50% tot 150%, dip 2u-RSI14<30, uit RSI>60",1.0,10 munten,0.21347330830215738,-0.6546522161793877,1.5402659600864927,-0.3548541545051498,-0.12183171821373973,-0.5205245049127357,-0.3216016846645905,42.7687852222918,0.16310160427807488,0.8044633235559149,-0.06106860053862446,65,"{""2018"": -48.7, ""2019"": 32.8, ""2020"": 34.3, ""2021"": 255.1, ""2022"": -24.8, ""2023"": 25.9, ""2024"": 5.8, ""2025"": -43.1, ""2026"": 11.9}"
4 trend+dip,"basis 50% tot 150%, dip 2u-RSI14<30, uit RSI>60",1.5,BTC+ETH,-0.1293378004843091,-0.8279849663938696,0.3738419245097292,-0.8680544580988379,-0.004079128241393559,-0.4533771644338148,0.4015133192020208,6.975657482780213,0.21311475409836064,0.295728185384897,-0.08884950945124119,65,"{""2018"": -61.3, ""2019"": 14.3, ""2020"": 23.1, ""2021"": -50.8, ""2022"": -13.5, ""2023"": 83.2, ""2024"": -1.6, ""2025"": -19.3, ""2026"": 23.7}"
4 trend+dip,"basis 50% tot 150%, dip 2u-RSI14<30, uit RSI>60",1.5,BTC,-0.08389149542068775,-0.8483252968216587,0.3810949310316455,-0.8104753251955179,0.029931721798877264,-0.4437910240360664,0.5072493156968184,3.773716343143394,0.21212121212121213,0.28007604428518945,-0.07196720355163787,65,"{""2018"": -50.4, ""2019"": 20.0, ""2020"": 60.9, ""2021"": -71.4, ""2022"": 0.0, ""2023"": 113.7, ""2024"": 12.0, ""2025"": -24.4, ""2026"": 27.0}"
4 trend+dip,"basis 50% tot 150%, dip 2u-RSI14<30, uit RSI>60",1.5,5 munten,0.011276440220083783,-0.8167973469524964,0.9109262600952737,-0.7533731733078526,-0.07200370977763759,-0.5735604941208947,0.14540450339192004,22.756653099561678,0.18592964824120603,0.5785661833529661,-0.08681668615521881,65,"{""2018"": -64.9, ""2019"": 37.1, ""2020"": 34.4, ""2021"": 57.4, ""2022"": -26.9, ""2023"": 40.7, ""2024"": 33.3, ""2025"": -49.8, ""2026"": 16.2}"
4 trend+dip,"basis 50% tot 150%, dip 2u-RSI14<30, uit RSI>60",1.5,10 munten,0.25894677824568735,-0.8405088578948258,1.6020596743633122,-0.6315774417810519,-0.21761526106567042,-0.7008577613702576,-0.34118624689624094,42.7687852222918,0.14171122994652408,1.2977667507897697,-0.09477849084263541,65,"{""2018"": -64.9, ""2019"": 45.4, ""2020"": 53.0, ""2021"": 436.6, ""2022"": -34.2, ""2023"": 36.8, ""2024"": 0.9, ""2025"": -59.6, ""2026"": 17.9}"
4 trend+dip,"basis 50% tot 150%, dip 2u-RSI14<30, uit RSI>60",2.0,BTC+ETH,-0.2609134599129782,-0.9369303558598119,0.32115467531443165,-0.9650170446325733,-0.06169809340156729,-0.5978403113622626,0.38730232455457214,6.975657482780213,0.19672131147540983,0.23656129465756218,-0.11545385229344242,65,"{""2018"": -74.0, ""2019"": 2.5, ""2020"": 28.5, ""2021"": -73.8, ""2022"": -17.9, ""2023"": 113.7, ""2024"": -11.0, ""2025"": -29.4, ""2026"": 32.4}"
4 trend+dip,"basis 50% tot 150%, dip 2u-RSI14<30, uit RSI>60",2.0,BTC,-0.20471586423485522,-0.9356553221312361,0.2897301534032305,-0.9414282723162402,-0.02299045016626644,-0.5622023673335133,0.47713638239964334,3.773716343143394,0.21212121212121213,0.2560506492207214,-0.09606488592618159,65,"{""2018"": -63.5, ""2019"": 5.3, ""2020"": 72.3, ""2021"": -85.2, ""2022"": 0.0, ""2023"": 155.6, ""2024"": 6.8, ""2025"": -36.6, ""2026"": 37.0}"
4 trend+dip,"basis 50% tot 150%, dip 2u-RSI14<30, uit RSI>60",2.0,5 munten,-0.08122129628383667,-0.9205726260184892,0.9367498302939016,-0.9129695170935974,-0.14637377626220338,-0.6984454899395838,0.11880092239876405,22.756653099561678,0.17587939698492464,0.6276430707388444,-0.11859718806277143,65,"{""2018"": -77.7, ""2019"": 34.6, ""2020"": 48.9, ""2021"": 28.7, ""2022"": -34.0, ""2023"": 54.1, ""2024"": 35.4, ""2025"": -62.8, ""2026"": 21.0}"
4 trend+dip,"basis 50% tot 150%, dip 2u-RSI14<30, uit RSI>60",2.0,10 munten,0.21148918701570296,-0.9331006931182491,1.5889704985657997,-0.8423878133385431,-0.3262670548025085,-0.826102438281624,-0.3718626169469636,42.7687852222918,0.13636363636363635,1.1466756624768333,-0.13012606533076002,65,"{""2018"": -77.7, ""2019"": 45.9, ""2020"": 72.7, ""2021"": 510.4, ""2022"": -42.0, ""2023"": 47.8, ""2024"": -8.5, ""2025"": -72.3, ""2026"": 23.6}"
4 trend+dip,"basis 50% tot 150%, dip 2u-RSI14<30, uit RSI>60",3.0,BTC+ETH,-0.5315779814630182,-0.9970829329529071,0.2785351057494809,-0.9988189853536703,-0.21610363420035472,-0.807594097925808,0.39665415133386256,6.975657482780213,0.11475409836065574,0.2637790802157867,-0.1830954064638416,65,"{""2018"": -87.7, ""2019"": -18.0, ""2020"": 13.7, ""2021"": -95.4, ""2022"": -25.9, ""2023"": 157.0, ""2024"": -37.0, ""2025"": -46.8, ""2026"": 51.0}"
4 trend+dip,"basis 50% tot 150%, dip 2u-RSI14<30, uit RSI>60",3.0,BTC,-0.4899337097897073,-0.997008711612474,0.12397799983526742,-0.9977143544772538,-0.19969828197849582,-0.784266462648346,0.41105294396435854,3.773716343143394,0.15151515151515152,0.27353752530531006,-0.15670152172950344,65,"{""2018"": -78.8, ""2019"": -28.9, ""2020"": 53.4, ""2021"": -97.8, ""2022"": 0.0, ""2023"": 248.2, ""2024"": -21.3, ""2025"": -57.2, ""2026"": 58.5}"
4 trend+dip,"basis 50% tot 150%, dip 2u-RSI14<30, uit RSI>60",3.0,5 munten,-0.3332440992636624,-0.990451143610177,1.0097629304212705,-0.9941845428645782,-0.3393261281264529,-0.8797436813696999,0.08062990769132557,22.756653099561678,0.12060301507537688,0.5015899794613926,-0.19163518022662798,65,"{""2018"": -90.7, ""2019"": 27.1, ""2020"": 41.5, ""2021"": -43.3, ""2022"": -47.0, ""2023"": 67.9, ""2024"": 25.0, ""2025"": -82.4, ""2026"": 32.4}"
4 trend+dip,"basis 50% tot 150%, dip 2u-RSI14<30, uit RSI>60",3.0,10 munten,0.031285697880840235,-0.980010875934269,1.3907644812174436,-0.9745188712829053,-0.4556499507764754,-0.90865505943135,-0.38158986285407037,37.851518472135254,0.09667673716012085,0.53766786016131,-0.21174629585422508,65,"{""2018"": -90.7, ""2019"": 42.1, ""2020"": 43.2, ""2021"": 696.3, ""2022"": -50.8, ""2023"": 47.1, ""2024"": -24.7, ""2025"": -81.9, ""2026"": 26.6}"
4 trend+dip,"basis 50% tot 150%, dip 2u-RSI14<30, uit RSI>80",1.0,BTC+ETH,0.10390652852224846,-0.748516477293789,1.1674456824133863,-0.5331125182598567,0.08540104368124557,-0.3836179839610536,0.672698316843828,6.975657482780213,0.21311475409836064,0.9776346620235769,-0.0734240377138201,66,"{""2018"": -47.5, ""2019"": 19.7, ""2020"": 79.6, ""2021"": 26.5, ""2022"": -12.5, ""2023"": 42.6, ""2024"": 5.5, ""2025"": 1.3, ""2026"": 15.7}"
4 trend+dip,"basis 50% tot 150%, dip 2u-RSI14<30, uit RSI>80",1.0,BTC,-0.0514954064222336,-0.8216748309074579,0.402950925087628,-0.7396264198967184,0.11626868213927088,-0.329332808487555,0.7796922663387398,3.773716343143394,0.21212121212121213,0.2948028350537931,-0.05844862852888941,66,"{""2018"": -36.9, ""2019"": 44.3, ""2020"": 52.2, ""2021"": -61.0, ""2022"": 0.0, ""2023"": 33.9, ""2024"": 18.7, ""2025"": -2.0, ""2026"": 14.4}"
4 trend+dip,"basis 50% tot 150%, dip 2u-RSI14<30, uit RSI>80",1.0,5 munten,0.042657028446586365,-0.8089288820716996,0.9387761700789643,-0.6794561325164579,-0.02830083058042443,-0.4784150144769179,0.24613953813533457,22.756653099561678,0.16080402010050251,0.822487246016111,-0.07591795765899582,66,"{""2018"": -54.5, ""2019"": 29.9, ""2020"": 60.7, ""2021"": 50.2, ""2022"": -22.4, ""2023"": 15.1, ""2024"": 16.5, ""2025"": -32.4, ""2026"": 9.6}"
4 trend+dip,"basis 50% tot 150%, dip 2u-RSI14<30, uit RSI>80",1.0,10 munten,0.25730071908161234,-0.8078758365538051,1.6785988355942856,-0.38764037682008257,-0.15070198971525262,-0.6167751722296155,-0.19924708173280167,42.7687852222918,0.13101604278074866,1.12421035457687,-0.076496257067436,66,"{""2018"": -54.5, ""2019"": 39.3, ""2020"": 80.5, ""2021"": 243.9, ""2022"": -28.1, ""2023"": 30.0, ""2024"": -2.5, ""2025"": -45.0, ""2026"": 10.8}"
4 trend+dip,"basis 50% tot 150%, dip 2u-RSI14<30, uit RSI>80",1.5,BTC+ETH,0.04602130906679758,-0.8757756802772306,1.2841665330088008,-0.8195376637185443,0.04576906922610369,-0.5711529788204572,0.6544338138376181,6.975657482780213,0.19672131147540983,1.6568750361378752,-0.10527465317301074,66,"{""2018"": -63.2, ""2019"": 17.0, ""2020"": 122.2, ""2021"": 5.0, ""2022"": -17.7, ""2023"": 55.2, ""2024"": -3.8, ""2025"": -7.2, ""2026"": 24.1}"
4 trend+dip,"basis 50% tot 150%, dip 2u-RSI14<30, uit RSI>80",1.5,BTC,-0.1619213870485361,-0.9358590614835256,0.4345964257198569,-0.9230112870480593,0.0947094235314816,-0.4790806677336946,0.7530747923162933,3.773716343143394,0.18181818181818182,0.3871750766800519,-0.08481179239053162,66,"{""2018"": -50.4, ""2019"": 48.3, ""2020"": 71.1, ""2021"": -81.0, ""2022"": 0.0, ""2023"": 43.7, ""2024"": 15.6, ""2025"": -11.5, ""2026"": 22.1}"
4 trend+dip,"basis 50% tot 150%, dip 2u-RSI14<30, uit RSI>80",1.5,5 munten,-0.03131833249421423,-0.9327973336527186,1.0843527850047772,-0.8941556938258115,-0.1051902030900781,-0.6565549669368931,0.24442244257609858,22.756653099561678,0.1407035175879397,1.2570943952993872,-0.11552109312565748,66,"{""2018"": -71.0, ""2019"": 34.7, ""2020"": 91.2, ""2021"": 38.7, ""2022"": -31.4, ""2023"": 15.0, ""2024"": 16.5, ""2025"": -49.9, ""2026"": 13.9}"
4 trend+dip,"basis 50% tot 150%, dip 2u-RSI14<30, uit RSI>80",1.5,10 munten,0.277282970652583,-0.9354839398652448,1.821751413162755,-0.698275051362345,-0.2755712247650234,-0.7939236101472376,-0.19849056554745442,42.7687852222918,0.11497326203208556,1.3975883176635746,-0.1184404933528165,66,"{""2018"": -71.0, ""2019"": 48.7, ""2020"": 127.1, ""2021"": 353.3, ""2022"": -38.0, ""2023"": 41.2, ""2024"": -12.9, ""2025"": -63.3, ""2026"": 15.8}"
4 trend+dip,"basis 50% tot 150%, dip 2u-RSI14<30, uit RSI>80",2.0,BTC+ETH,-0.13562358723389223,-0.9593043098986868,1.2588775221567623,-0.9687076263486034,-0.04410499641037058,-0.73680773956711,0.6366006996314972,6.975657482780213,0.16393442622950818,1.3793015766726116,-0.1374981753060942,66,"{""2018"": -75.6, ""2019"": 3.6, ""2020"": 153.7, ""2021"": -49.7, ""2022"": -22.9, ""2023"": 63.5, ""2024"": -22.3, ""2025"": -16.7, ""2026"": 33.0}"
4 trend+dip,"basis 50% tot 150%, dip 2u-RSI14<30, uit RSI>80",2.0,BTC,-0.3280044897401413,-0.9807952747313271,0.38560529888010797,-0.9866008318333213,0.03938507232600674,-0.6252397244392099,0.760766451507797,3.773716343143394,0.15151515151515152,0.39342336280905904,-0.1111365116721217,66,"{""2018"": -63.5, ""2019"": 39.4, ""2020"": 84.3, ""2021"": -93.6, ""2022"": 0.0, ""2023"": 52.7, ""2024"": 1.1, ""2025"": -18.2, ""2026"": 30.2}"
4 trend+dip,"basis 50% tot 150%, dip 2u-RSI14<30, uit RSI>80",2.0,5 munten,-0.1926987714983206,-0.9824476544553374,1.136898019597987,-0.9808283734245724,-0.2101185608721633,-0.7859929533870669,0.25260514226472824,22.756653099561678,0.1306532663316583,0.9620538330391462,-0.15621481619118344,66,"{""2018"": -82.4, ""2019"": 28.9, ""2020"": 123.7, ""2021"": -21.7, ""2022"": -39.7, ""2023"": 14.5, ""2024"": 11.2, ""2025"": -64.5, ""2026"": 16.0}"
4 trend+dip,"basis 50% tot 150%, dip 2u-RSI14<30, uit RSI>80",2.0,10 munten,0.15233154759536238,-0.9846753794899651,1.8696576267996057,-0.9109842759227034,-0.4074744639726502,-0.8990080992265653,-0.17975312939167684,42.7687852222918,0.10160427807486631,1.0172081766342016,-0.1627755143737896,66,"{""2018"": -82.4, ""2019"": 44.1, ""2020"": 182.6, ""2021"": 253.8, ""2022"": -46.5, ""2023"": 48.9, ""2024"": -25.3, ""2025"": -76.9, ""2026"": 19.6}"
4 trend+dip,"basis 50% tot 150%, dip 2u-RSI14<30, uit RSI>80",3.0,BTC+ETH,-0.5063936333483166,-0.9962997805177449,1.4069552854902894,-0.9996721558854491,-0.3056554000510553,-0.9227266174944453,0.6163281517996169,6.975657482780213,0.09836065573770492,0.4052611470359575,-0.20941991125844872,66,"{""2018"": -88.8, ""2019"": -28.1, ""2020"": 157.1, ""2021"": -93.7, ""2022"": -31.5, ""2023"": 56.6, ""2024"": -57.6, ""2025"": -44.7, ""2026"": 51.1}"
4 trend+dip,"basis 50% tot 150%, dip 2u-RSI14<30, uit RSI>80",3.0,BTC,-0.6767785990657077,-0.9998148537383177,0.2687535392941204,-0.9999119217993582,-0.22396487946717114,-0.8669894346215926,0.6854095740038165,3.773716343143394,0.09090909090909091,0.3507079427721116,-0.18324612918454702,66,"{""2018"": -78.8, ""2019"": -19.3, ""2020"": 53.3, ""2021"": -99.7, ""2022"": 0.0, ""2023"": 45.7, ""2024"": -39.9, ""2025"": -45.5, ""2026"": 45.5}"
4 trend+dip,"basis 50% tot 150%, dip 2u-RSI14<30, uit RSI>80",3.0,5 munten,-0.5744649793463439,-0.9993257685233669,1.2111925006701252,-0.999861778130528,-0.4486077974017636,-0.9378262636343393,0.3033198440091092,22.756653099561678,0.08542713567839195,0.4446035417352365,-0.24004519905364027,66,"{""2018"": -93.6, ""2019"": -3.7, ""2020"": 96.2, ""2021"": -89.0, ""2022"": -52.7, ""2023"": -6.8, ""2024"": -9.7, ""2025"": -85.7, ""2026"": 22.2}"
4 trend+dip,"basis 50% tot 150%, dip 2u-RSI14<30, uit RSI>80",3.0,10 munten,-0.11270923616706596,-0.9944263969100854,1.7330828789134878,-0.9904409921430817,-0.35370691656985254,-0.9037694411823399,0.24138498513056722,33.16296180338134,0.07931034482758621,0.42409454925044715,-0.2588834236586557,66,"{""2018"": -93.6, ""2019"": 7.1, ""2020"": 91.2, ""2021"": 436.2, ""2022"": -53.9, ""2023"": 23.3, ""2024"": 13.6, ""2025"": -81.1, ""2026"": 20.3}"
4 trend+dip,"basis 70% tot 100%, dip 2u-RSI14<30, uit RSI>60",1.0,BTC+ETH,0.2245324404478961,-0.5673270701841695,1.7328291215300096,0.2260815281880162,0.15872848679906038,-0.2403053260247382,1.0702585871158294,6.975657482780213,0.2786885245901639,0.5580421779731594,-0.05265551007369293,67,"{""2018"": -36.3, ""2019"": 25.7, ""2020"": 87.8, ""2021"": 51.3, ""2022"": -7.8, ""2023"": 58.6, ""2024"": 37.5, ""2025"": -6.4, ""2026"": 15.7}"
4 trend+dip,"basis 70% tot 100%, dip 2u-RSI14<30, uit RSI>60",1.0,BTC,0.189227964671429,-0.5728993429509415,1.625559375157838,0.12268705195011065,0.16124837575001094,-0.24896077896647928,1.0950487976144558,3.773716343143394,0.24242424242424243,0.46083808341929766,-0.042245906536749256,67,"{""2018"": -30.8, ""2019"": 41.5, ""2020"": 105.9, ""2021"": -21.1, ""2022"": 0.0, ""2023"": 75.8, ""2024"": 47.8, ""2025"": -13.3, ""2026"": 16.8}"
4 trend+dip,"basis 70% tot 100%, dip 2u-RSI14<30, uit RSI>60",1.0,5 munten,0.3013882230904279,-0.4968722728035536,2.0482723121659108,0.21403010519469778,0.12601898198801553,-0.34719313229811843,0.899172603345342,22.756653099561678,0.21608040201005024,0.7244176603773448,-0.04479274329734764,67,"{""2018"": -41.2, ""2019"": 31.8, ""2020"": 83.1, ""2021"": 214.0, ""2022"": -16.1, ""2023"": 28.8, ""2024"": 64.0, ""2025"": -25.6, ""2026"": 9.7}"
4 trend+dip,"basis 70% tot 100%, dip 2u-RSI14<30, uit RSI>60",1.0,10 munten,0.5051255495892761,-0.5178780074307281,2.6514081785262675,0.7960334451338176,0.033372896876435965,-0.4131555671781789,0.44083073829124814,42.7687852222918,0.17379679144385027,1.4224878380394854,-0.04896731743010463,67,"{""2018"": -41.2, ""2019"": 37.5, ""2020"": 97.9, ""2021"": 548.8, ""2022"": -20.8, ""2023"": 35.9, ""2024"": 39.6, ""2025"": -33.0, ""2026"": 12.5}"
4 trend+dip,"basis 70% tot 100%, dip 2u-RSI14<30, uit RSI>60",1.5,BTC+ETH,0.12742640388378668,-0.7536972801733025,1.252848675147978,-0.4533972568207184,0.12816633440890168,-0.36823209703749704,0.8171812394676816,6.975657482780213,0.2786885245901639,0.5933159429506605,-0.08265340508179883,67,"{""2018"": -50.9, ""2019"": 23.8, ""2020"": 90.0, ""2021"": 11.8, ""2022"": -11.7, ""2023"": 76.5, ""2024"": 32.2, ""2025"": -14.7, ""2026"": 22.4}"
4 trend+dip,"basis 70% tot 100%, dip 2u-RSI14<30, uit RSI>60",1.5,BTC,0.09525697135833289,-0.7723831723676171,1.0770785668623704,-0.5135328883306298,0.13228689831024054,-0.3662999209794573,0.8331321556111926,3.773716343143394,0.24242424242424243,0.49254102909659425,-0.06864723278481508,67,"{""2018"": -43.6, ""2019"": 46.5, ""2020"": 128.0, ""2021"": -55.5, ""2022"": 0.0, ""2023"": 103.3, ""2024"": 49.3, ""2025"": -24.8, ""2026"": 23.9}"
4 trend+dip,"basis 70% tot 100%, dip 2u-RSI14<30, uit RSI>60",1.5,5 munten,0.22989456340856784,-0.7162007712643572,1.5873870567308637,-0.44711401161263065,0.054355978442232944,-0.517974327389781,0.5727467837454696,22.756653099561678,0.19095477386934673,0.9139776929508839,-0.07391824638775182,67,"{""2018"": -56.8, ""2019"": 37.0, ""2020"": 89.1, ""2021"": 205.5, ""2022"": -23.6, ""2023"": 30.9, ""2024"": 68.6, ""2025"": -42.5, ""2026"": 13.1}"
4 trend+dip,"basis 70% tot 100%, dip 2u-RSI14<30, uit RSI>60",1.5,10 munten,0.5036939625384405,-0.7436273019965216,2.176732817447233,0.02420470737812419,-0.07705474865555884,-0.6059781722851008,0.1363257350398642,42.7687852222918,0.14705882352941177,1.9391238968598987,-0.08084618980625696,67,"{""2018"": -56.8, ""2019"": 45.1, ""2020"": 107.8, ""2021"": 740.8, ""2022"": -29.8, ""2023"": 41.8, ""2024"": 30.1, ""2025"": -50.4, ""2026"": 17.4}"
4 trend+dip,"basis 70% tot 100%, dip 2u-RSI14<30, uit RSI>60",2.0,BTC+ETH,0.07929001142186909,-0.8485150765089507,1.2496381067312434,-0.7048244542035225,0.11512357121993166,-0.4906771862503987,0.7915326603606713,6.975657482780213,0.26229508196721313,0.7426363944462762,-0.10566318530359428,67,"{""2018"": -62.6, ""2019"": 21.3, ""2020"": 121.1, ""2021"": -9.3, ""2022"": -15.3, ""2023"": 99.6, ""2024"": 30.7, ""2025"": -21.8, ""2026"": 30.5}"
4 trend+dip,"basis 70% tot 100%, dip 2u-RSI14<30, uit RSI>60",2.0,BTC,0.043852619703097506,-0.8733925115607237,1.02435041668795,-0.7422175686296821,0.12414190052518026,-0.47540666840759904,0.811611304860387,3.773716343143394,0.24242424242424243,0.5960808782270592,-0.09216131959220485,67,"{""2018"": -54.6, ""2019"": 47.6, ""2020"": 175.2, ""2021"": -71.2, ""2022"": 0.0, ""2023"": 139.4, ""2024"": 50.8, ""2025"": -32.0, ""2026"": 32.5}"
4 trend+dip,"basis 70% tot 100%, dip 2u-RSI14<30, uit RSI>60",2.0,5 munten,0.22120601575911336,-0.8366301819819718,1.6324934870035317,-0.6758277738342237,0.026573004608973383,-0.6337668659085289,0.577712499961455,22.756653099561678,0.18090452261306533,1.2354312050840608,-0.10184858868677486,67,"{""2018"": -68.7, ""2019"": 41.4, ""2020"": 120.9, ""2021"": 247.0, ""2022"": -30.1, ""2023"": 37.6, ""2024"": 85.6, ""2025"": -54.0, ""2026"": 17.5}"
4 trend+dip,"basis 70% tot 100%, dip 2u-RSI14<30, uit RSI>60",2.0,10 munten,0.5075917787209658,-0.8648408926508903,2.080381908883541,-0.3323443918981306,-0.15453101339312647,-0.732889545745401,0.11432825181715234,42.7687852222918,0.14171122994652408,1.92881006455673,-0.11228968587576828,67,"{""2018"": -68.7, ""2019"": 52.6, ""2020"": 145.7, ""2021"": 873.9, ""2022"": -37.3, ""2023"": 51.5, ""2024"": 27.7, ""2025"": -62.8, ""2026"": 22.8}"
4 trend+dip,"basis 70% tot 100%, dip 2u-RSI14<30, uit RSI>60",3.0,BTC+ETH,-0.12166263649891129,-0.9490043603896431,1.268707555581841,-0.9572836095107035,0.05471354265626438,-0.6933151220554264,0.8210917352222544,6.975657482780213,0.21311475409836064,0.7931029684460529,-0.14978775990853607,67,"{""2018"": -79.1, ""2019"": -2.5, ""2020"": 183.8, ""2021"": -59.8, ""2022"": -22.3, ""2023"": 145.5, ""2024"": 26.1, ""2025"": -37.8, ""2026"": 44.9}"
4 trend+dip,"basis 70% tot 100%, dip 2u-RSI14<30, uit RSI>60",3.0,BTC,-0.1436595026060189,-0.9704617095554471,0.9716155198597286,-0.9616759392205079,0.06351190576252685,-0.645406214305498,0.8221144516930289,3.773716343143394,0.21212121212121213,0.7300019304744945,-0.13128274505885848,67,"{""2018"": -71.2, ""2019"": 22.8, ""2020"": 284.0, ""2021"": -91.1, ""2022"": 0.0, ""2023"": 218.4, ""2024"": 64.5, ""2025"": -52.5, ""2026"": 48.1}"
4 trend+dip,"basis 70% tot 100%, dip 2u-RSI14<30, uit RSI>60",3.0,5 munten,0.07012585008076844,-0.9664104071725876,1.7521377115498562,-0.947500705261081,-0.07418532779510778,-0.8205554948144466,0.6307211569773378,22.756653099561678,0.1407035175879397,1.294597279614411,-0.15617411781892512,67,"{""2018"": -84.6, ""2019"": 30.0, ""2020"": 193.6, ""2021"": 193.4, ""2022"": -41.4, ""2023"": 45.3, ""2024"": 129.0, ""2025"": -74.2, ""2026"": 23.3}"
4 trend+dip,"basis 70% tot 100%, dip 2u-RSI14<30, uit RSI>60",3.0,10 munten,0.3376765554838259,-0.970250734229229,2.0352651438439153,-0.8419326829520403,-0.32834745246803143,-0.8944623855870204,0.15215341563562254,42.7687852222918,0.11229946524064172,1.4253896919466535,-0.17584650077136646,67,"{""2018"": -84.6, ""2019"": 42.1, ""2020"": 228.4, ""2021"": 753.1, ""2022"": -49.8, ""2023"": 65.7, ""2024"": 19.2, ""2025"": -81.2, ""2026"": 33.8}"
4 trend+dip,"basis 70% tot 100%, dip 2u-RSI14<30, uit RSI>80",1.0,BTC+ETH,0.29494028589935883,-0.5897655173003892,1.9621979583573754,0.4913244096625893,0.1873468403560672,-0.2616686020322585,1.1366180951714373,6.975657482780213,0.26229508196721313,0.8663960109999594,-0.05408365078605743,68,"{""2018"": -37.0, ""2019"": 28.6, ""2020"": 118.3, ""2021"": 85.8, ""2022"": -8.8, ""2023"": 55.1, ""2024"": 39.5, ""2025"": -1.7, ""2026"": 15.8}"
4 trend+dip,"basis 70% tot 100%, dip 2u-RSI14<30, uit RSI>80",1.0,BTC,0.19200749284172636,-0.6307206373533831,1.567453216003878,0.06052279622854906,0.19165342059046098,-0.25718604081349117,1.1751170179912456,3.773716343143394,0.24242424242424243,0.5076905282554676,-0.044869817949527845,68,"{""2018"": -30.8, ""2019"": 52.3, ""2020"": 114.5, ""2021"": -23.5, ""2022"": 0.0, ""2023"": 64.2, ""2024"": 51.2, ""2025"": -8.6, ""2026"": 15.8}"
4 trend+dip,"basis 70% tot 100%, dip 2u-RSI14<30, uit RSI>80",1.0,5 munten,0.32219913214139195,-0.5638388226248506,2.0371601027128983,0.13905360739006767,0.13145121136402604,-0.36956085623869106,0.8881163376589827,22.756653099561678,0.19597989949748743,0.9832556150322983,-0.04749742219747506,68,"{""2018"": -43.3, ""2019"": 33.6, ""2020"": 102.8, ""2021"": 231.4, ""2022"": -17.1, ""2023"": 25.6, ""2024"": 61.4, ""2025"": -24.1, ""2026"": 9.4}"
4 trend+dip,"basis 70% tot 100%, dip 2u-RSI14<30, uit RSI>80",1.0,10 munten,0.5474949318158557,-0.5806875130657604,2.6868476530405294,0.9550520440887518,0.03113046598012037,-0.43985218270260584,0.44325703832687036,42.7687852222918,0.15508021390374332,1.7209662082823658,-0.05127592449165784,68,"{""2018"": -43.3, ""2019"": 40.7, ""2020"": 121.3, ""2021"": 584.2, ""2022"": -21.8, ""2023"": 38.1, ""2024"": 38.3, ""2025"": -33.2, ""2026"": 12.2}"
4 trend+dip,"basis 70% tot 100%, dip 2u-RSI14<30, uit RSI>80",1.5,BTC+ETH,0.18704795016498643,-0.7760974191047936,1.473103180015693,-0.3918374777105015,0.15403356383107747,-0.4054327382472519,0.8871025391054089,6.975657482780213,0.2459016393442623,1.022425848345438,-0.08374205471499568,68,"{""2018"": -51.6, ""2019"": 25.7, ""2020"": 126.7, ""2021"": 35.9, ""2022"": -13.3, ""2023"": 69.0, ""2024"": 33.4, ""2025"": -10.5, ""2026"": 22.6}"
4 trend+dip,"basis 70% tot 100%, dip 2u-RSI14<30, uit RSI>80",1.5,BTC,0.05975603308558952,-0.8303107746628304,0.9710689172901292,-0.6359839978117079,0.1622533007626319,-0.38538405631814443,0.9144237969351332,3.773716343143394,0.21212121212121213,0.5737497883576709,-0.0707760110450622,68,"{""2018"": -43.6, ""2019"": 55.3, ""2020"": 132.5, ""2021"": -62.1, ""2022"": 0.0, ""2023"": 81.1, ""2024"": 51.4, ""2025"": -19.8, ""2026"": 22.5}"
4 trend+dip,"basis 70% tot 100%, dip 2u-RSI14<30, uit RSI>80",1.5,5 munten,0.21092404729257863,-0.7935597404819601,1.5448862411453128,-0.5858313267540665,0.04883699118057838,-0.5470801714388146,0.5776330211053987,22.756653099561678,0.16080402010050251,1.2298034581794832,-0.0807611242189256,68,"{""2018"": -59.0, ""2019"": 36.2, ""2020"": 109.7, ""2021"": 187.4, ""2022"": -25.2, ""2023"": 24.1, ""2024"": 63.4, ""2025"": -42.2, ""2026"": 12.7}"
4 trend+dip,"basis 70% tot 100%, dip 2u-RSI14<30, uit RSI>80",1.5,10 munten,0.5134730078977425,-0.809955293572087,2.19653535274508,-0.04050989893950241,-0.09621478852899878,-0.6404824572794501,0.14193911648232702,42.7687852222918,0.13101604278074866,2.1483670880153842,-0.0875681599070214,68,"{""2018"": -59.0, ""2019"": 45.5, ""2020"": 135.4, ""2021"": 711.7, ""2022"": -31.4, ""2023"": 42.9, ""2024"": 24.3, ""2025"": -51.6, ""2026"": 17.0}"
4 trend+dip,"basis 70% tot 100%, dip 2u-RSI14<30, uit RSI>80",2.0,BTC+ETH,0.13047684731671416,-0.8686414169018726,1.4717224852765638,-0.7081681741655588,0.14250725253197416,-0.5261558871078186,0.8750940372438887,6.975657482780213,0.22950819672131148,1.2851737675117807,-0.10787417060077494,68,"{""2018"": -63.3, ""2019"": 20.8, ""2020"": 168.1, ""2021"": 10.3, ""2022"": -16.9, ""2023"": 87.7, ""2024"": 32.5, ""2025"": -18.2, ""2026"": 30.8}"
4 trend+dip,"basis 70% tot 100%, dip 2u-RSI14<30, uit RSI>80",2.0,BTC,-0.0054175628332999715,-0.9143107687235487,0.9593200035692772,-0.8289410164643815,0.15666464806634495,-0.4864558875669651,0.9005783464689503,3.773716343143394,0.21212121212121213,0.668862186731677,-0.09349069571083514,68,"{""2018"": -54.6, ""2019"": 55.6, ""2020"": 185.8, ""2021"": -77.3, ""2022"": 0.0, ""2023"": 107.8, ""2024"": 56.8, ""2025"": -28.8, ""2026"": 30.7}"
4 trend+dip,"basis 70% tot 100%, dip 2u-RSI14<30, uit RSI>80",2.0,5 munten,0.18019306575699057,-0.8951061267397867,1.610071109906814,-0.8003551872382085,0.006603573568944476,-0.6724223429935885,0.5760761154649388,22.756653099561678,0.135678391959799,1.6967640148859886,-0.10940270559069375,68,"{""2018"": -71.0, ""2019"": 41.1, ""2020"": 142.1, ""2021"": 210.5, ""2022"": -31.8, ""2023"": 27.8, ""2024"": 78.1, ""2025"": -55.3, ""2026"": 16.6}"
4 trend+dip,"basis 70% tot 100%, dip 2u-RSI14<30, uit RSI>80",2.0,10 munten,0.49538464698630635,-0.9093360770693332,2.133522073220018,-0.42073421749554085,-0.19247742949606717,-0.7738232016945599,0.10757441575761073,42.7687852222918,0.11497326203208556,1.9846411347075181,-0.1197708047554097,68,"{""2018"": -71.0, ""2019"": 54.5, ""2020"": 173.2, ""2021"": 779.1, ""2022"": -39.1, ""2023"": 54.9, ""2024"": 18.7, ""2025"": -65.2, ""2026"": 22.0}"
4 trend+dip,"basis 70% tot 100%, dip 2u-RSI14<30, uit RSI>80",3.0,BTC+ETH,-0.08511092541812915,-0.9630308906025932,1.5614219966829619,-0.9652110353128223,0.038976233227826285,-0.7666807307852346,0.8695934621647438,6.975657482780213,0.21311475409836064,1.1556142775779232,-0.16067073668089782,68,"{""2018"": -79.7, ""2019"": -1.6, ""2020"": 263.0, ""2021"": -52.3, ""2022"": -24.4, ""2023"": 117.1, ""2024"": 14.1, ""2025"": -35.6, ""2026"": 47.2}"
4 trend+dip,"basis 70% tot 100%, dip 2u-RSI14<30, uit RSI>80",3.0,BTC,-0.2227736599246416,-0.983564058856371,0.9502237772582861,-0.9824757725014167,0.08031775624825421,-0.6946401671756749,0.9090439289717048,3.773716343143394,0.21212121212121213,0.6523273088740231,-0.13987892038187855,68,"{""2018"": -71.2, ""2019"": 39.3, ""2020"": 285.7, ""2021"": -94.7, ""2022"": 0.0, ""2023"": 160.1, ""2024"": 51.1, ""2025"": -46.2, ""2026"": 47.3}"
4 trend+dip,"basis 70% tot 100%, dip 2u-RSI14<30, uit RSI>80",3.0,5 munten,-0.012961805151562089,-0.9839200799826754,1.7947591502317102,-0.9762207036727847,-0.12587840482653856,-0.852456754057372,0.6330176869095162,22.756653099561678,0.12060301507537688,1.3642406778626304,-0.17391251022497678,68,"{""2018"": -86.1, ""2019"": 30.1, ""2020"": 227.6, ""2021"": 115.2, ""2022"": -43.9, ""2023"": 27.5, ""2024"": 104.4, ""2025"": -75.7, ""2026"": 21.3}"
4 trend+dip,"basis 70% tot 100%, dip 2u-RSI14<30, uit RSI>80",3.0,10 munten,0.28338631683041315,-0.9865652858629321,2.186482061824175,-0.9045443231093092,-0.3869412771385464,-0.9218430025247986,0.1671814696152592,42.7687852222918,0.09358288770053476,1.3928864097275369,-0.19193040455176566,68,"{""2018"": -86.1, ""2019"": 43.0, ""2020"": 290.7, ""2021"": 520.5, ""2022"": -51.7, ""2023"": 65.1, ""2024"": 4.1, ""2025"": -83.5, ""2026"": 32.2}"
4 trend+dip,"basis 70% tot 150%, dip 2u-RSI14<30, uit RSI>60",1.0,BTC+ETH,0.020396773097056453,-0.7056291541714558,0.7463891130109233,-0.5970952694477512,0.06691417475587302,-0.3210232525865091,0.5971317508169218,6.975657482780213,0.26229508196721313,0.3473571062182318,-0.07132384262122843,69,"{""2018"": -47.7, ""2019"": 18.6, ""2020"": 40.3, ""2021"": -13.6, ""2022"": -10.1, ""2023"": 64.1, ""2024"": 14.9, ""2025"": -12.4, ""2026"": 17.9}"
4 trend+dip,"basis 70% tot 150%, dip 2u-RSI14<30, uit RSI>60",1.0,BTC,0.03561597535391181,-0.7199472822198869,0.7431791663221518,-0.5225224002150937,0.0824914776596235,-0.31858435668817886,0.6636147014391228,3.773716343143394,0.24242424242424243,0.3062982796618504,-0.05642349205067962,69,"{""2018"": -39.4, ""2019"": 31.1, ""2020"": 70.8, ""2021"": -51.2, ""2022"": 0.0, ""2023"": 84.5, ""2024"": 27.4, ""2025"": -19.2, ""2026"": 19.9}"
4 trend+dip,"basis 70% tot 150%, dip 2u-RSI14<30, uit RSI>60",1.0,5 munten,0.1173558619071029,-0.6647555443935227,1.1763490664254006,-0.44788585314526963,0.010365754284695772,-0.4533617680461618,0.3539793028077926,22.756653099561678,0.20603015075376885,0.5349628648033006,-0.06293572939317534,69,"{""2018"": -51.9, ""2019"": 32.1, ""2020"": 46.0, ""2021"": 100.7, ""2022"": -20.6, ""2023"": 29.9, ""2024"": 41.7, ""2025"": -37.4, ""2026"": 11.6}"
4 trend+dip,"basis 70% tot 150%, dip 2u-RSI14<30, uit RSI>60",1.0,10 munten,0.3337359396077788,-0.6877628292931242,1.8769254610587642,-0.1659251406671869,-0.09942675294561143,-0.5413923454425759,-0.10266638360335083,42.7687852222918,0.15775401069518716,1.2559404697026824,-0.06780864386690473,69,"{""2018"": -51.9, ""2019"": 38.4, ""2020"": 60.5, ""2021"": 418.2, ""2022"": -26.6, ""2023"": 32.4, ""2024"": 16.0, ""2025"": -45.8, ""2026"": 14.0}"
4 trend+dip,"basis 70% tot 150%, dip 2u-RSI14<30, uit RSI>60",1.5,BTC+ETH,-0.05892145256075343,-0.8412078313993967,0.767213132390908,-0.8356176162706073,0.04355420370922558,-0.479057177225241,0.5850285738170874,6.975657482780213,0.21311475409836064,0.5054402889443291,-0.09618201768057598,69,"{""2018"": -63.4, ""2019"": 17.5, ""2020"": 58.1, ""2021"": -40.0, ""2022"": -14.8, ""2023"": 94.7, ""2024"": 10.9, ""2025"": -21.3, ""2026"": 27.7}"
4 trend+dip,"basis 70% tot 150%, dip 2u-RSI14<30, uit RSI>60",1.5,BTC,-0.045519385585720884,-0.8732179346880052,0.6495566949943968,-0.8036848682809352,0.06933816360123068,-0.46362057887334085,0.6534238687399789,3.773716343143394,0.21212121212121213,0.42111308352384125,-0.0815537701854823,69,"{""2018"": -53.4, ""2019"": 29.7, ""2020"": 104.5, ""2021"": -74.0, ""2022"": 0.0, ""2023"": 132.0, ""2024"": 28.0, ""2025"": -28.9, ""2026"": 30.7}"
4 trend+dip,"basis 70% tot 150%, dip 2u-RSI14<30, uit RSI>60",1.5,5 munten,0.08757488757495024,-0.8423810387405256,1.245207935950198,-0.7416363633959691,-0.04136774438544122,-0.6174549868301894,0.3294324120439193,22.756653099561678,0.17587939698492464,0.8411499774761746,-0.09518900141163761,69,"{""2018"": -68.0, ""2019"": 40.5, ""2020"": 68.4, ""2021"": 115.5, ""2022"": -29.2, ""2023"": 40.5, ""2024"": 53.1, ""2025"": -53.3, ""2026"": 17.5}"
4 trend+dip,"basis 70% tot 150%, dip 2u-RSI14<30, uit RSI>60",1.5,10 munten,0.38795139877296303,-0.8650624348814202,1.8674371986359353,-0.5304539005434313,-0.20320298669998493,-0.7164598706141843,-0.14234475765226184,42.7687852222918,0.13368983957219252,1.7815739129706598,-0.1046027507873641,69,"{""2018"": -68.0, ""2019"": 50.3, ""2020"": 90.9, ""2021"": 694.8, ""2022"": -36.5, ""2023"": 44.5, ""2024"": 10.5, ""2025"": -62.6, ""2026"": 21.0}"
4 trend+dip,"basis 70% tot 150%, dip 2u-RSI14<30, uit RSI>60",2.0,BTC+ETH,-0.19044369441767162,-0.9297454331961224,0.7477485929189517,-0.9561071459388006,-0.011119136484705638,-0.6260206353749918,0.5759975200121347,6.975657482780213,0.21311475409836064,0.4277343823000796,-0.12827627343627854,69,"{""2018"": -75.9, ""2019"": 3.5, ""2020"": 75.9, ""2021"": -66.2, ""2022"": -19.5, ""2023"": 127.8, ""2024"": 2.2, ""2025"": -32.0, ""2026"": 37.9}"
4 trend+dip,"basis 70% tot 150%, dip 2u-RSI14<30, uit RSI>60",2.0,BTC,-0.17104045067357943,-0.9483888099643675,0.5741360482550089,-0.9423614323915717,0.01633273409760516,-0.5843091451794289,0.6259383290278248,3.773716343143394,0.21212121212121213,0.4146034147450696,-0.10862584594461502,69,"{""2018"": -66.5, ""2019"": 15.3, ""2020"": 131.8, ""2021"": -87.2, ""2022"": 0.0, ""2023"": 178.7, ""2024"": 24.7, ""2025"": -41.9, ""2026"": 42.0}"
4 trend+dip,"basis 70% tot 150%, dip 2u-RSI14<30, uit RSI>60",2.0,5 munten,-0.006519290652700516,-0.9371060946771902,1.2909361334652987,-0.9124348608629594,-0.11493244298859939,-0.7388182692626386,0.32552010197975884,22.756653099561678,0.16080402010050251,0.9420752463277761,-0.12895424710285627,69,"{""2018"": -80.3, ""2019"": 36.6, ""2020"": 94.0, ""2021"": 85.5, ""2022"": -36.7, ""2023"": 53.2, ""2024"": 61.3, ""2025"": -66.5, ""2026"": 22.7}"
4 trend+dip,"basis 70% tot 150%, dip 2u-RSI14<30, uit RSI>60",2.0,10 munten,0.29496050838586707,-0.9477361920128725,1.7865582254214747,-0.809179005378683,-0.32001524477438836,-0.8361113880013875,-0.164127229838936,42.7687852222918,0.12299465240641712,1.3808105498432495,-0.1425931675089302,69,"{""2018"": -80.3, ""2019"": 50.2, ""2020"": 122.8, ""2021"": 657.9, ""2022"": -44.6, ""2023"": 56.3, ""2024"": 1.0, ""2025"": -75.4, ""2026"": 27.2}"
4 trend+dip,"basis 70% tot 150%, dip 2u-RSI14<30, uit RSI>60",3.0,BTC+ETH,-0.5055892990994753,-0.9961348071630629,0.7281616677729823,-0.9989248466026485,-0.17179110979644197,-0.8317888449756505,0.6090400039916759,6.975657482780213,0.13114754098360656,0.33048157856356963,-0.19228178358398593,69,"{""2018"": -89.2, ""2019"": -22.9, ""2020"": 67.3, ""2021"": -94.9, ""2022"": -27.9, ""2023"": 172.0, ""2024"": -24.2, ""2025"": -50.9, ""2026"": 57.1}"
4 trend+dip,"basis 70% tot 150%, dip 2u-RSI14<30, uit RSI>60",3.0,BTC,-0.47488686886759557,-0.9972400232368205,0.4821451050745588,-0.9981682901655448,-0.1717728008062639,-0.8197688620331458,0.581635610762713,3.773716343143394,0.15151515151515152,0.38532028354572734,-0.1631827662255067,69,"{""2018"": -81.3, ""2019"": -25.4, ""2020"": 141.2, ""2021"": -98.4, ""2022"": 0.0, ""2023"": 285.9, ""2024"": -0.5, ""2025"": -64.3, ""2026"": 63.9}"
4 trend+dip,"basis 70% tot 150%, dip 2u-RSI14<30, uit RSI>60",3.0,5 munten,-0.2984800970404192,-0.9946409852548113,1.451622625060162,-0.9963439962583832,-0.31075311136379147,-0.9065776489677662,0.3670410578234928,22.756653099561678,0.10050251256281408,0.5839742896309383,-0.20422056592692997,69,"{""2018"": -92.4, ""2019"": 19.1, ""2020"": 97.3, ""2021"": -18.0, ""2022"": -50.2, ""2023"": 58.4, ""2024"": 68.2, ""2025"": -85.7, ""2026"": 32.3}"
4 trend+dip,"basis 70% tot 150%, dip 2u-RSI14<30, uit RSI>60",3.0,10 munten,0.05390671576562478,-0.9831442273592516,1.5584193168544433,-0.97427669246006,-0.44761749159761965,-0.922085944727783,-0.08399659729369405,37.851518472135254,0.0755287009063444,0.7962346600798091,-0.2313128702304343,69,"{""2018"": -92.4, ""2019"": 33.7, ""2020"": 83.9, ""2021"": 771.7, ""2022"": -52.8, ""2023"": 59.6, ""2024"": -7.3, ""2025"": -85.1, ""2026"": 28.1}"
4 trend+dip,"basis 70% tot 150%, dip 2u-RSI14<30, uit RSI>80",1.0,BTC+ETH,0.13813535985536252,-0.7556385937650534,1.2994714752965815,-0.4791193347554966,0.11568470360205252,-0.3851888277996879,0.7741499267385028,6.975657482780213,0.21311475409836064,1.0577167514794825,-0.07568856723790501,70,"{""2018"": -49.1, ""2019"": 23.2, ""2020"": 96.7, ""2021"": 30.7, ""2022"": -12.8, ""2023"": 52.1, ""2024"": 16.1, ""2025"": -2.8, ""2026"": 18.2}"
4 trend+dip,"basis 70% tot 150%, dip 2u-RSI14<30, uit RSI>80",1.0,BTC,-0.005275828800348603,-0.8244969262196211,0.6521270204593165,-0.6872508355224649,0.13656816983243725,-0.34159536123021106,0.8447470066413805,3.773716343143394,0.21212121212121213,0.39568719070750547,-0.06292825457335051,70,"{""2018"": -39.4, ""2019"": 50.5, ""2020"": 80.3, ""2021"": -61.2, ""2022"": 0.0, ""2023"": 50.6, ""2024"": 30.7, ""2025"": -8.8, ""2026"": 17.3}"
4 trend+dip,"basis 70% tot 150%, dip 2u-RSI14<30, uit RSI>80",1.0,5 munten,0.10576622511517475,-0.8038445791611911,1.191833234705591,-0.6436707707513665,0.004314647647297276,-0.5038526501754006,0.3944948076162357,22.756653099561678,0.1457286432160804,1.0755781870260221,-0.0757511169457143,70,"{""2018"": -56.3, ""2019"": 32.6, ""2020"": 78.3, ""2021"": 93.6, ""2022"": -23.4, ""2023"": 18.3, ""2024"": 33.4, ""2025"": -36.1, ""2026"": 10.7}"
4 trend+dip,"basis 70% tot 150%, dip 2u-RSI14<30, uit RSI>80",1.0,10 munten,0.3649810161503424,-0.808536114306609,1.9448530153839836,-0.2283786143506108,-0.12666632729300242,-0.6090920709016784,-0.04980888432407596,42.7687852222918,0.12032085561497326,1.7160098953294314,-0.07919875863221199,70,"{""2018"": -56.3, ""2019"": 41.8, ""2020"": 101.8, ""2021"": 405.3, ""2022"": -29.2, ""2023"": 34.5, ""2024"": 8.0, ""2025"": -47.5, ""2026"": 13.1}"
4 trend+dip,"basis 70% tot 150%, dip 2u-RSI14<30, uit RSI>80",1.5,BTC+ETH,0.07553158625180778,-0.8820204400509136,1.3919028344766256,-0.800108576836636,0.073846324437296,-0.577471021230224,0.7344984809521174,6.975657482780213,0.21311475409836064,1.6038342041102422,-0.11084901938379321,70,"{""2018"": -64.8, ""2019"": 16.6, ""2020"": 146.9, ""2021"": 7.6, ""2022"": -18.1, ""2023"": 69.7, ""2024"": 8.1, ""2025"": -13.9, ""2026"": 28.1}"
4 trend+dip,"basis 70% tot 150%, dip 2u-RSI14<30, uit RSI>80",1.5,BTC,-0.11660746084193296,-0.9376740456438053,0.646995095929367,-0.906811379596383,0.1139793734295882,-0.49401847351207995,0.8088626370252487,3.773716343143394,0.21212121212121213,0.445421248443221,-0.09249488768787338,70,"{""2018"": -53.4, ""2019"": 51.6, ""2020"": 111.2, ""2021"": -81.3, ""2022"": 0.0, ""2023"": 68.4, ""2024"": 30.6, ""2025"": -20.7, ""2026"": 26.7}"
4 trend+dip,"basis 70% tot 150%, dip 2u-RSI14<30, uit RSI>80",1.5,5 munten,0.040468584561960785,-0.9297729819294958,1.3241032819997476,-0.8797701068288466,-0.07504028601385249,-0.6830963675757423,0.372355912194637,22.756653099561678,0.1457286432160804,1.3849158606143033,-0.1192454213080633,70,"{""2018"": -72.6, ""2019"": 36.3, ""2020"": 115.2, ""2021"": 93.7, ""2022"": -32.7, ""2023"": 19.9, ""2024"": 37.3, ""2025"": -54.1, ""2026"": 15.7}"
4 trend+dip,"basis 70% tot 150%, dip 2u-RSI14<30, uit RSI>80",1.5,10 munten,0.4014998295173726,-0.9359068730592018,2.0421698715544587,-0.5988185132042032,-0.2572687744781841,-0.7893536111204159,-0.06774969608657191,42.7687852222918,0.11764705882352941,1.7295629068037626,-0.12463003193688366,70,"{""2018"": -72.6, ""2019"": 50.4, ""2020"": 157.3, ""2021"": 614.1, ""2022"": -39.5, ""2023"": 48.2, ""2024"": -2.2, ""2025"": -66.0, ""2026"": 19.2}"
4 trend+dip,"basis 70% tot 150%, dip 2u-RSI14<30, uit RSI>80",2.0,BTC+ETH,-0.1105537287595536,-0.9600001079160829,1.3763632102933805,-0.965569766013195,-0.016873808941308188,-0.7425734316075354,0.7157523352966201,6.975657482780213,0.18032786885245902,1.3224648880585752,-0.14257605609394522,70,"{""2018"": -77.1, ""2019"": 2.2, ""2020"": 187.1, ""2021"": -48.5, ""2022"": -23.4, ""2023"": 82.3, ""2024"": -10.5, ""2025"": -25.0, ""2026"": 38.5}"
4 trend+dip,"basis 70% tot 150%, dip 2u-RSI14<30, uit RSI>80",2.0,BTC,-0.28806201013311483,-0.9816644851787614,0.5933169033740912,-0.9836258867924822,0.05442080030358065,-0.6402595188785157,0.8114846412364105,3.773716343143394,0.18181818181818182,0.4416042527122932,-0.11879645243662565,70,"{""2018"": -66.5, ""2019"": 39.9, ""2020"": 139.5, ""2021"": -93.8, ""2022"": 0.0, ""2023"": 86.0, ""2024"": 16.6, ""2025"": -29.7, ""2026"": 36.6}"
4 trend+dip,"basis 70% tot 150%, dip 2u-RSI14<30, uit RSI>80",2.0,5 munten,-0.12965287579933205,-0.9819069847236715,1.3739326533801586,-0.9785321901025517,-0.17630882838165718,-0.8093363435459114,0.39690262589561426,22.756653099561678,0.12060301507537688,1.1602335683459017,-0.15952305470215472,70,"{""2018"": -83.8, ""2019"": 30.3, ""2020"": 153.4, ""2021"": 14.1, ""2022"": -41.2, ""2023"": 19.7, ""2024"": 38.4, ""2025"": -68.7, ""2026"": 18.3}"
4 trend+dip,"basis 70% tot 150%, dip 2u-RSI14<30, uit RSI>80",2.0,10 munten,0.22397753192304548,-0.9848280713085003,2.015257787901012,-0.8885052774863704,-0.3967561879830801,-0.8964356531645523,-0.053370147825846405,42.7687852222918,0.09358288770053476,1.2075384571520948,-0.16978962243058773,70,"{""2018"": -83.8, ""2019"": 45.6, ""2020"": 217.6, ""2021"": 371.8, ""2022"": -48.1, ""2023"": 58.0, ""2024"": -15.4, ""2025"": -79.3, ""2026"": 23.9}"
4 trend+dip,"basis 70% tot 150%, dip 2u-RSI14<30, uit RSI>80",3.0,BTC+ETH,-0.5023679438703839,-0.9966133841427508,1.536077145034585,-0.9996869852164834,-0.2773370443205041,-0.9277658614001261,0.7223122943803247,6.975657482780213,0.09836065573770492,0.4589842631111211,-0.21433568399945818,70,"{""2018"": -90.0, ""2019"": -33.2, ""2020"": 207.2, ""2021"": -94.1, ""2022"": -32.3, ""2023"": 79.5, ""2024"": -48.5, ""2025"": -51.8, ""2026"": 59.0}"
4 trend+dip,"basis 70% tot 150%, dip 2u-RSI14<30, uit RSI>80",3.0,BTC,-0.6533468874754671,-0.999765711090666,0.5092583638939776,-0.9999026073763847,-0.20811181170108317,-0.8834615590739716,0.7648393695787294,3.773716343143394,0.09090909090909091,0.48428201821690414,-0.18880625489009586,70,"{""2018"": -81.3, ""2019"": -22.0, ""2020"": 128.3, ""2021"": -99.7, ""2022"": 0.0, ""2023"": 92.0, ""2024"": -25.1, ""2025"": -56.6, ""2026"": 55.0}"
4 trend+dip,"basis 70% tot 150%, dip 2u-RSI14<30, uit RSI>80",3.0,5 munten,-0.5381975773995216,-0.999462029084932,1.5303851275638172,-0.9998608549382698,-0.4313199012545764,-0.9460432183040074,0.4618424962244036,22.756653099561678,0.07537688442211055,0.49570935066921973,-0.24950448998182767,70,"{""2018"": -94.4, ""2019"": -6.0, ""2020"": 134.0, ""2021"": -82.4, ""2022"": -54.4, ""2023"": -2.8, ""2024"": 21.7, ""2025"": -88.7, ""2026"": 24.8}"
4 trend+dip,"basis 70% tot 150%, dip 2u-RSI14<30, uit RSI>80",3.0,10 munten,-0.07540010260497043,-0.9933730113436277,1.8476222121016521,-0.9928924443440978,-0.3359919022996577,-0.9190657169917221,0.383005464922814,33.16296180338134,0.06896551724137931,0.5445028990265163,-0.2713111703198685,70,"{""2018"": -94.4, ""2019"": 4.2, ""2020"": 115.7, ""2021"": 549.2, ""2022"": -55.0, ""2023"": 39.4, ""2024"": 35.7, ""2025"": -83.5, ""2026"": 24.1}"
4 trend+dip,"basis 50% tot 100%, dip 2u-RSI14<25, uit RSI>60",1.0,BTC+ETH,0.14106520266828704,-0.5273173500774329,1.4233686729806472,0.04904143763499613,0.13195345734394626,-0.18439654377906545,1.1075169570745103,6.975657482780213,0.2786885245901639,0.36365208196664134,-0.04202243966596059,71,"{""2018"": -26.4, ""2019"": 13.1, ""2020"": 48.0, ""2021"": 35.2, ""2022"": -6.8, ""2023"": 40.2, ""2024"": 32.8, ""2025"": -4.2, ""2026"": 10.0}"
4 trend+dip,"basis 50% tot 100%, dip 2u-RSI14<25, uit RSI>60",1.0,BTC,0.14187364509893174,-0.5401716311867097,1.5417070715213823,0.14754405098220214,0.1489825153887503,-0.1890030506078686,1.2378971554403957,3.773716343143394,0.24242424242424243,0.31717139334460054,-0.029717341247189534,71,"{""2018"": -16.6, ""2019"": 24.7, ""2020"": 70.2, ""2021"": -19.2, ""2022"": 0.0, ""2023"": 53.8, ""2024"": 36.6, ""2025"": -3.4, ""2026"": 10.3}"
4 trend+dip,"basis 50% tot 100%, dip 2u-RSI14<25, uit RSI>60",1.0,5 munten,0.22975650073704368,-0.37422076397201787,1.9872860313691711,0.27454637640269675,0.13415120692380889,-0.23342748381129397,1.0957600772547267,22.756653099561678,0.22613065326633167,0.4771019875943222,-0.03418097877014409,71,"{""2018"": -28.8, ""2019"": 21.3, ""2020"": 53.3, ""2021"": 142.4, ""2022"": -11.3, ""2023"": 20.2, ""2024"": 55.2, ""2025"": -16.1, ""2026"": 6.2}"
4 trend+dip,"basis 50% tot 100%, dip 2u-RSI14<25, uit RSI>60",1.0,10 munten,0.35502839638544903,-0.37126158047741165,2.550649652948785,0.6269711665770323,0.055586368935810926,-0.28062487752891685,0.5726679060956369,42.7687852222918,0.18449197860962566,0.7435580671207093,-0.036929628441464524,71,"{""2018"": -28.8, ""2019"": 24.2, ""2020"": 61.2, ""2021"": 305.4, ""2022"": -15.9, ""2023"": 23.7, ""2024"": 35.5, ""2025"": -22.6, ""2026"": 8.0}"
4 trend+dip,"basis 50% tot 100%, dip 2u-RSI14<25, uit RSI>60",1.5,BTC+ETH,0.07564645657073532,-0.7133230299076446,0.9752580927747386,-0.4280618817858114,0.1371935430684299,-0.27145517516075046,0.9121997115585072,6.975657482780213,0.26229508196721313,0.43147255613953583,-0.06383153496458024,71,"{""2018"": -38.3, ""2019"": 10.3, ""2020"": 47.4, ""2021"": 10.1, ""2022"": -10.2, ""2023"": 53.3, ""2024"": 37.1, ""2025"": -9.4, ""2026"": 13.8}"
4 trend+dip,"basis 50% tot 100%, dip 2u-RSI14<25, uit RSI>60",1.5,BTC,0.08763599042865367,-0.7323820390149174,1.0107205966856159,-0.3584007428592323,0.16038825113077015,-0.2748326440361808,1.0244157503360407,3.773716343143394,0.24242424242424243,0.3605625298418613,-0.048348361571520934,71,"{""2018"": -24.3, ""2019"": 25.0, ""2020"": 91.1, ""2021"": -48.1, ""2022"": 0.0, ""2023"": 74.7, ""2024"": 44.1, ""2025"": -9.4, ""2026"": 14.3}"
4 trend+dip,"basis 50% tot 100%, dip 2u-RSI14<25, uit RSI>60",1.5,5 munten,0.20728969468346636,-0.5537043864324587,1.5502730266922917,-0.22778374643385924,0.12015444029491618,-0.37564605878457746,0.8305161002527244,22.756653099561678,0.20603015075376885,0.6590170671990134,-0.05600366571177675,71,"{""2018"": -41.9, ""2019"": 24.8, ""2020"": 59.7, ""2021"": 159.9, ""2022"": -16.7, ""2023"": 22.0, ""2024"": 71.7, ""2025"": -28.9, ""2026"": 8.1}"
4 trend+dip,"basis 50% tot 100%, dip 2u-RSI14<25, uit RSI>60",1.5,10 munten,0.3913239439322438,-0.5902176683298941,2.1180741247407284,0.17800583290233996,-0.0009080407937038792,-0.43873503961464977,0.30464786130799526,42.7687852222918,0.16042780748663102,1.164695311782215,-0.060645586503840686,71,"{""2018"": -41.9, ""2019"": 28.4, ""2020"": 70.1, ""2021"": 455.2, ""2022"": -23.2, ""2023"": 28.6, ""2024"": 36.8, ""2025"": -36.7, ""2026"": 11.2}"
4 trend+dip,"basis 50% tot 100%, dip 2u-RSI14<25, uit RSI>60",2.0,BTC+ETH,0.047293847529013,-0.8082608088712133,0.9740159242172846,-0.6289179661477078,0.13578829231260192,-0.35246329646725916,0.8423986263129548,6.975657482780213,0.26229508196721313,0.5317817397351144,-0.08442929413732277,71,"{""2018"": -48.6, ""2019"": 9.5, ""2020"": 61.4, ""2021"": -3.8, ""2022"": -13.4, ""2023"": 69.8, ""2024"": 40.8, ""2025"": -15.6, ""2026"": 18.4}"
4 trend+dip,"basis 50% tot 100%, dip 2u-RSI14<25, uit RSI>60",2.0,BTC,0.0612145043222192,-0.8431532306743303,0.9423195349372607,-0.5748066058298099,0.17701500051169394,-0.3552130841267048,0.98196532727938,3.773716343143394,0.24242424242424243,0.4488871230416642,-0.06630350376767316,71,"{""2018"": -32.2, ""2019"": 26.4, ""2020"": 123.8, ""2021"": -63.4, ""2022"": 0.0, ""2023"": 101.0, ""2024"": 51.6, ""2025"": -14.3, ""2026"": 19.1}"
4 trend+dip,"basis 50% tot 100%, dip 2u-RSI14<25, uit RSI>60",2.0,5 munten,0.2379678441959585,-0.6870875069722708,1.6028902459809176,-0.4259714704570242,0.12279536332956797,-0.48696870541837745,0.8034936624496135,22.756653099561678,0.20100502512562815,0.9209823355273183,-0.07569038003842138,71,"{""2018"": -52.7, ""2019"": 30.7, ""2020"": 81.4, ""2021"": 216.5, ""2022"": -21.8, ""2023"": 27.5, ""2024"": 94.5, ""2025"": -39.1, ""2026"": 10.8}"
4 trend+dip,"basis 50% tot 100%, dip 2u-RSI14<25, uit RSI>60",2.0,10 munten,0.4873921913839834,-0.7230748038904177,2.125618286787404,0.0034943567635881134,-0.04805793197398611,-0.5659498801904942,0.2427569868214712,42.7687852222918,0.15508021390374332,1.6623281978676947,-0.08346400504744532,71,"{""2018"": -52.7, ""2019"": 35.3, ""2020"": 95.9, ""2021"": 747.1, ""2022"": -29.4, ""2023"": 36.5, ""2024"": 39.6, ""2025"": -48.1, ""2026"": 14.9}"
4 trend+dip,"basis 50% tot 100%, dip 2u-RSI14<25, uit RSI>60",3.0,BTC+ETH,-0.07202069810562306,-0.9182863314216908,0.9711097999706644,-0.8858546606671075,0.12832155741034623,-0.4875419651919779,0.8450710485570364,6.975657482780213,0.22950819672131148,0.6757527437172194,-0.1197800163748085,71,"{""2018"": -64.3, ""2019"": -6.1, ""2020"": 91.3, ""2021"": -40.1, ""2022"": -19.7, ""2023"": 100.1, ""2024"": 49.4, ""2025"": -27.9, ""2026"": 27.7}"
4 trend+dip,"basis 50% tot 100%, dip 2u-RSI14<25, uit RSI>60",3.0,BTC,-0.06769344942618949,-0.9496259644655031,0.7950476682780054,-0.879289115849254,0.19591378734671228,-0.4954809874141246,0.990822041264455,3.773716343143394,0.24242424242424243,0.5342589262796394,-0.10108825251416481,71,"{""2018"": -47.3, ""2019"": 6.9, ""2020"": 196.2, ""2021"": -85.0, ""2022"": 0.0, ""2023"": 157.8, ""2024"": 72.4, ""2025"": -27.5, ""2026"": 28.6}"
4 trend+dip,"basis 50% tot 100%, dip 2u-RSI14<25, uit RSI>60",3.0,5 munten,0.2022617552725854,-0.867955580055136,1.6538299952697502,-0.7592670137925894,0.1099102557554894,-0.6674060250246805,0.8300606114340243,22.756653099561678,0.1708542713567839,1.170532029452108,-0.11134323957647072,71,"{""2018"": -69.6, ""2019"": 33.2, ""2020"": 130.3, ""2021"": 231.8, ""2022"": -30.9, ""2023"": 37.8, ""2024"": 149.2, ""2025"": -57.2, ""2026"": 16.1}"
4 trend+dip,"basis 50% tot 100%, dip 2u-RSI14<25, uit RSI>60",3.0,10 munten,0.5099318140568636,-0.8880685488779531,2.0454776557756524,-0.4630374460365708,-0.15502509424093336,-0.7520302904179993,0.21660603530820466,42.7687852222918,0.13368983957219252,1.8712455195474305,-0.12746916174973483,71,"{""2018"": -69.6, ""2019"": 37.8, ""2020"": 156.6, ""2021"": 1029.1, ""2022"": -40.0, ""2023"": 50.0, ""2024"": 43.7, ""2025"": -66.7, ""2026"": 22.1}"
4 trend+dip,"basis 50% tot 100%, dip 2u-RSI14<25, uit RSI>80",1.0,BTC+ETH,0.21607127427904538,-0.5717920446090083,1.7327649783408918,0.3178415736117066,0.152038077655946,-0.21982579945699998,1.0788816831375976,6.975657482780213,0.2786885245901639,0.568769825999906,-0.04660919206572361,72,"{""2018"": -27.9, ""2019"": 11.7, ""2020"": 86.0, ""2021"": 53.3, ""2022"": -8.4, ""2023"": 51.7, ""2024"": 32.9, ""2025"": -0.0, ""2026"": 10.0}"
4 trend+dip,"basis 50% tot 100%, dip 2u-RSI14<25, uit RSI>80",1.0,BTC,0.15702591543896216,-0.6311048283214209,1.4690143610189548,0.02261068531136745,0.1419898821323644,-0.22092387495210186,1.0746407054076073,3.773716343143394,0.24242424242424243,0.39237430880682916,-0.03407422467898901,72,"{""2018"": -16.6, ""2019"": 18.5, ""2020"": 91.9, ""2021"": -17.5, ""2022"": 0.0, ""2023"": 52.1, ""2024"": 39.6, ""2025"": -7.5, ""2026"": 10.3}"
4 trend+dip,"basis 50% tot 100%, dip 2u-RSI14<25, uit RSI>80",1.0,5 munten,0.22084441743896432,-0.545507296008503,1.7312389671437827,0.00437749554563327,0.0840881617225171,-0.3303041866629073,0.7135360701178055,22.756653099561678,0.19095477386934673,0.6137782967216386,-0.03675174723858682,72,"{""2018"": -34.3, ""2019"": 21.6, ""2020"": 76.8, ""2021"": 119.1, ""2022"": -12.7, ""2023"": 21.7, ""2024"": 44.5, ""2025"": -22.4, ""2026"": 6.4}"
4 trend+dip,"basis 50% tot 100%, dip 2u-RSI14<25, uit RSI>80",1.0,10 munten,0.3746371219362319,-0.5279312468060788,2.388299444986949,0.5450699176145704,-0.007723693843832424,-0.40173794938470675,0.20484452361508884,42.7687852222918,0.1497326203208556,0.9140477056349248,-0.040211740890762085,72,"{""2018"": -34.3, ""2019"": 26.0, ""2020"": 89.9, ""2021"": 297.2, ""2022"": -18.4, ""2023"": 27.7, ""2024"": 25.2, ""2025"": -31.1, ""2026"": 8.1}"
4 trend+dip,"basis 50% tot 100%, dip 2u-RSI14<25, uit RSI>80",1.5,BTC+ETH,0.15424546053017396,-0.7497458654745986,1.3274177737807076,-0.31020593411286723,0.14557044009166709,-0.34014831932644485,0.882008856140128,6.975657482780213,0.22950819672131148,0.8334782124874366,-0.06931907183887183,72,"{""2018"": -40.2, ""2019"": 7.5, ""2020"": 101.2, ""2021"": 21.4, ""2022"": -12.8, ""2023"": 69.3, ""2024"": 34.2, ""2025"": -6.1, ""2026"": 13.8}"
4 trend+dip,"basis 50% tot 100%, dip 2u-RSI14<25, uit RSI>80",1.5,BTC,0.07941113733764027,-0.8169034831150297,0.9934989638237905,-0.48257966317039824,0.13373212385002797,-0.32905256200392785,0.8564197875514363,3.773716343143394,0.24242424242424243,0.42164708887254665,-0.05494424722625008,72,"{""2018"": -24.3, ""2019"": 17.7, ""2020"": 122.3, ""2021"": -53.6, ""2022"": 0.0, ""2023"": 70.4, ""2024"": 47.1, ""2025"": -17.4, ""2026"": 14.3}"
4 trend+dip,"basis 50% tot 100%, dip 2u-RSI14<25, uit RSI>80",1.5,5 munten,0.1562970887104882,-0.759603852034308,1.3378247592829262,-0.5414797931774651,0.025670199698350382,-0.5019895389037148,0.4520013711776887,22.756653099561678,0.1457286432160804,0.908673372638781,-0.0629632208642565,72,"{""2018"": -48.4, ""2019"": 21.1, ""2020"": 93.0, ""2021"": 99.2, ""2022"": -19.0, ""2023"": 21.7, ""2024"": 50.2, ""2025"": -38.5, ""2026"": 8.4}"
4 trend+dip,"basis 50% tot 100%, dip 2u-RSI14<25, uit RSI>80",1.5,10 munten,0.3700129556318599,-0.7509781365921897,1.976899222930815,-0.08956176118285741,-0.1076034797542359,-0.5830850815389919,-0.045364251902409364,42.7687852222918,0.12032085561497326,1.3016165919883562,-0.06969441348879817,72,"{""2018"": -48.4, ""2019"": 25.2, ""2020"": 110.9, ""2021"": 373.8, ""2022"": -26.5, ""2023"": 32.3, ""2024"": 17.3, ""2025"": -47.9, ""2026"": 11.4}"
4 trend+dip,"basis 50% tot 100%, dip 2u-RSI14<25, uit RSI>80",2.0,BTC+ETH,0.1217800681566592,-0.8450389238404695,1.3189979852203075,-0.589464144173974,0.1286729500183612,-0.4255282214112547,0.816501527981804,6.975657482780213,0.22950819672131148,1.0436762691330093,-0.09293230066285382,72,"{""2018"": -50.5, ""2019"": 3.9, ""2020"": 127.8, ""2021"": 4.5, ""2022"": -16.3, ""2023"": 89.9, ""2024"": 34.6, ""2025"": -14.1, ""2026"": 18.4}"
4 trend+dip,"basis 50% tot 100%, dip 2u-RSI14<25, uit RSI>80",2.0,BTC,0.016079336135703448,-0.9102394662037456,0.896601083227829,-0.739749096544094,0.12707865183170663,-0.4214006417308309,0.8078066761434676,3.773716343143394,0.24242424242424243,0.4664587542760607,-0.07380168572387617,72,"{""2018"": -32.2, ""2019"": 14.7, ""2020"": 157.7, ""2021"": -71.9, ""2022"": 0.0, ""2023"": 93.2, ""2024"": 52.3, ""2025"": -25.1, ""2026"": 19.1}"
4 trend+dip,"basis 50% tot 100%, dip 2u-RSI14<25, uit RSI>80",2.0,5 munten,0.14092276900876088,-0.8737744752503482,1.3947107398036171,-0.7486305760173091,-0.021852940709954582,-0.6365587228721102,0.40027743693503615,22.756653099561678,0.135678391959799,1.1812768280918216,-0.08924819654794372,72,"{""2018"": -59.7, ""2019"": 21.7, ""2020"": 123.9, ""2021"": 105.7, ""2022"": -24.2, ""2023"": 27.3, ""2024"": 61.1, ""2025"": -52.1, ""2026"": 11.1}"
4 trend+dip,"basis 50% tot 100%, dip 2u-RSI14<25, uit RSI>80",2.0,10 munten,0.42528473620220986,-0.8684521435689778,2.014484220505415,-0.37406773330940213,-0.19984964324666277,-0.7223827251257663,-0.12538935875901508,42.7687852222918,0.11229946524064172,1.5315260264344372,-0.09801264249760872,72,"{""2018"": -59.7, ""2019"": 26.2, ""2020"": 160.5, ""2021"": 520.4, ""2022"": -33.1, ""2023"": 42.1, ""2024"": 12.0, ""2025"": -61.9, ""2026"": 15.1}"
4 trend+dip,"basis 50% tot 100%, dip 2u-RSI14<25, uit RSI>80",3.0,BTC+ETH,-0.012459048376145643,-0.946855267306951,1.3817297553108578,-0.8990107993742762,0.06696043943031871,-0.6491381092014243,0.8035408491674325,6.975657482780213,0.21311475409836064,1.111398358883102,-0.1375508685111169,72,"{""2018"": -66.6, ""2019"": -10.2, ""2020"": 212.2, ""2021"": -44.9, ""2022"": -23.6, ""2023"": 126.3, ""2024"": 27.7, ""2025"": -28.5, ""2026"": 27.7}"
4 trend+dip,"basis 50% tot 100%, dip 2u-RSI14<25, uit RSI>80",3.0,BTC,-0.1652278689895036,-0.9808720165338651,0.8299810773700107,-0.9547814266463537,0.09063322438158017,-0.5717974057529188,0.8070740328505799,3.773716343143394,0.24242424242424243,0.471219621722596,-0.11041492349461439,72,"{""2018"": -47.3, ""2019"": -5.1, ""2020"": 259.9, ""2021"": -92.0, ""2022"": 0.0, ""2023"": 130.1, ""2024"": 63.9, ""2025"": -41.6, ""2026"": 28.6}"
4 trend+dip,"basis 50% tot 100%, dip 2u-RSI14<25, uit RSI>80",3.0,5 munten,0.026298379216996848,-0.9740572151604875,1.5331860767192218,-0.9454057733629422,-0.12254964184038275,-0.8102580989826944,0.43850288291238704,22.756653099561678,0.12060301507537688,1.1152551807001887,-0.14307891120770722,72,"{""2018"": -76.2, ""2019"": 18.1, ""2020"": 234.9, ""2021"": 42.9, ""2022"": -34.9, ""2023"": 31.3, ""2024"": 84.0, ""2025"": -71.6, ""2026"": 16.7}"
4 trend+dip,"basis 50% tot 100%, dip 2u-RSI14<25, uit RSI>80",3.0,10 munten,0.39168134220573037,-0.971245480380224,2.0861331357588657,-0.7613007555571654,-0.3645326863311703,-0.8826335115004442,-0.11255122430261943,42.7687852222918,0.09090909090909091,1.2893828694466523,-0.15581803014081844,72,"{""2018"": -76.2, ""2019"": 23.9, ""2020"": 365.9, ""2021"": 447.6, ""2022"": -44.4, ""2023"": 57.5, ""2024"": 1.3, ""2025"": -79.8, ""2026"": 22.4}"
4 trend+dip,"basis 50% tot 150%, dip 2u-RSI14<25, uit RSI>60",1.0,BTC+ETH,-0.0019314224246711476,-0.6705896338812889,0.48391068139788124,-0.5218234539786633,0.09759576474583631,-0.22245838497437875,0.7945615105991704,6.975657482780213,0.26229508196721313,0.25791710790257294,-0.05590215558517908,73,"{""2018"": -31.3, ""2019"": 2.3, ""2020"": 15.7, ""2021"": -6.4, ""2022"": -9.0, ""2023"": 40.1, ""2024"": 27.3, ""2025"": -7.6, ""2026"": 9.3}"
4 trend+dip,"basis 50% tot 150%, dip 2u-RSI14<25, uit RSI>60",1.0,BTC,0.03867006455344146,-0.6944790100529388,0.6942305540754997,-0.3583991366967689,0.13103457181794398,-0.22816117212211673,0.9910382927378683,3.773716343143394,0.24242424242424243,0.22869259539016146,-0.03667992734878368,73,"{""2018"": -14.8, ""2019"": 11.3, ""2020"": 54.0, ""2021"": -45.5, ""2022"": 0.0, ""2023"": 56.8, ""2024"": 28.8, ""2025"": -1.2, ""2026"": 9.6}"
4 trend+dip,"basis 50% tot 150%, dip 2u-RSI14<25, uit RSI>60",1.0,5 munten,0.13543177699135578,-0.4800865968501803,1.2821135981463643,-0.16693714269307502,0.10737937120332108,-0.29613395553079347,0.8392066454018142,22.756653099561678,0.20603015075376885,0.4520131030681545,-0.04563930959867106,73,"{""2018"": -32.4, ""2019"": 18.1, ""2020"": 33.1, ""2021"": 92.9, ""2022"": -12.8, ""2023"": 18.3, ""2024"": 56.0, ""2025"": -21.6, ""2026"": 5.8}"
4 trend+dip,"basis 50% tot 150%, dip 2u-RSI14<25, uit RSI>60",1.0,10 munten,0.26261332628487444,-0.48293825203299257,1.8625064647993013,0.0762350882639029,-0.00032809454490034806,-0.33748218820440534,0.24199014164009786,42.7687852222918,0.16042780748663102,0.751107051963759,-0.048317580793879336,73,"{""2018"": -32.4, ""2019"": 20.0, ""2020"": 40.4, ""2021"": 258.9, ""2022"": -19.3, ""2023"": 19.1, ""2024"": 28.4, ""2025"": -29.4, ""2026"": 7.6}"
4 trend+dip,"basis 50% tot 150%, dip 2u-RSI14<25, uit RSI>60",1.5,BTC+ETH,-0.0540729906815588,-0.8088824834096412,0.5059130752977269,-0.7478615380724913,0.10626790736312475,-0.3294338090875477,0.7487371647653157,6.975657482780213,0.22950819672131148,0.37026237820974334,-0.07866758383916873,73,"{""2018"": -43.6, ""2019"": 0.1, ""2020"": 23.0, ""2021"": -26.6, ""2022"": -13.4, ""2023"": 58.0, ""2024"": 34.0, ""2025"": -14.0, ""2026"": 13.8}"
4 trend+dip,"basis 50% tot 150%, dip 2u-RSI14<25, uit RSI>60",1.5,BTC,-0.003248422412932328,-0.848506276041507,0.6102109198643058,-0.6292090749655097,0.16964471331566133,-0.33144125205779384,0.9821959024858868,3.773716343143394,0.24242424242424243,0.30275942778672305,-0.056801305254546984,73,"{""2018"": -23.1, ""2019"": 9.9, ""2020"": 84.8, ""2021"": -66.7, ""2022"": 0.0, ""2023"": 87.0, ""2024"": 39.8, ""2025"": -4.6, ""2026"": 14.3}"
4 trend+dip,"basis 50% tot 150%, dip 2u-RSI14<25, uit RSI>60",1.5,5 munten,0.16626653852824136,-0.631731902880831,1.3590884858278243,-0.3941433995295702,0.13090011741601315,-0.4359198672456056,0.83922484255627,22.756653099561678,0.19095477386934673,0.7088530475431609,-0.06925957598905577,73,"{""2018"": -45.6, ""2019"": 24.6, ""2020"": 50.9, ""2021"": 138.4, ""2022"": -18.9, ""2023"": 24.7, ""2024"": 88.3, ""2025"": -33.7, ""2026"": 8.5}"
4 trend+dip,"basis 50% tot 150%, dip 2u-RSI14<25, uit RSI>60",1.5,10 munten,0.36209952330554573,-0.6736802711551017,1.9033856933408457,-0.11334915538148194,-0.04288263419996696,-0.5016645019544292,0.19816268428115283,42.7687852222918,0.1497326203208556,1.3176722680982655,-0.07583907555175183,73,"{""2018"": -45.6, ""2019"": 27.0, ""2020"": 61.2, ""2021"": 489.9, ""2022"": -27.1, ""2023"": 27.4, ""2024"": 36.9, ""2025"": -43.9, ""2026"": 11.4}"
4 trend+dip,"basis 50% tot 150%, dip 2u-RSI14<25, uit RSI>60",2.0,BTC+ETH,-0.12616813840640728,-0.8854212317447583,0.5454033774608732,-0.8814931053252287,0.08889799218844474,-0.4197606805528372,0.707799170375205,6.975657482780213,0.22950819672131148,0.3959081112201267,-0.1051907633674187,73,"{""2018"": -54.0, ""2019"": -6.1, ""2020"": 30.8, ""2021"": -47.3, ""2022"": -17.6, ""2023"": 75.2, ""2024"": 36.9, ""2025"": -22.7, ""2026"": 18.4}"
4 trend+dip,"basis 50% tot 150%, dip 2u-RSI14<25, uit RSI>60",2.0,BTC,-0.07584425836347664,-0.9310770613274331,0.5563296655604058,-0.8206071212710613,0.18157036771202106,-0.42533479408862507,0.9613746082023026,3.773716343143394,0.24242424242424243,0.34014423968243945,-0.07675046925660517,73,"{""2018"": -30.9, ""2019"": 1.6, ""2020"": 114.5, ""2021"": -81.3, ""2022"": 0.0, ""2023"": 118.3, ""2024"": 49.2, ""2025"": -11.9, ""2026"": 19.1}"
4 trend+dip,"basis 50% tot 150%, dip 2u-RSI14<25, uit RSI>60",2.0,5 munten,0.1669502611936986,-0.7728382660010017,1.4340355184125608,-0.5934498127024046,0.1296394805552008,-0.5595249063145564,0.8338994694885454,22.756653099561678,0.18592964824120603,0.869043315335249,-0.0929752360208799,73,"{""2018"": -56.6, ""2019"": 29.4, ""2020"": 73.1, ""2021"": 154.0, ""2022"": -24.5, ""2023"": 31.9, ""2024"": 120.0, ""2025"": -45.5, ""2026"": 11.4}"
4 trend+dip,"basis 50% tot 150%, dip 2u-RSI14<25, uit RSI>60",2.0,10 munten,0.43364008916526164,-0.7997006855828434,1.9490157110579667,-0.31127643473068056,-0.10987636587145777,-0.638494634760306,0.14457021951022203,42.7687852222918,0.1443850267379679,1.758267743934559,-0.1035571636102151,73,"{""2018"": -56.6, ""2019"": 31.0, ""2020"": 89.5, ""2021"": 747.9, ""2022"": -33.8, ""2023"": 35.1, ""2024"": 38.5, ""2025"": -56.6, ""2026"": 15.2}"
4 trend+dip,"basis 50% tot 150%, dip 2u-RSI14<25, uit RSI>60",3.0,BTC+ETH,-0.352450471302155,-0.9745649373687955,0.48703562995300753,-0.9870201445613498,0.006948692379775023,-0.5782250187857283,0.6684738757178851,6.975657482780213,0.18032786885245902,0.32623764403887257,-0.1544577486487133,73,"{""2018"": -67.8, ""2019"": -28.7, ""2020"": 20.7, ""2021"": -83.3, ""2022"": -25.5, ""2023"": 102.9, ""2024"": 26.9, ""2025"": -37.9, ""2026"": 27.7}"
4 trend+dip,"basis 50% tot 150%, dip 2u-RSI14<25, uit RSI>60",3.0,BTC,-0.32153519675681497,-0.9891836566196566,0.33299591212831753,-0.982274258205179,0.09378071484176198,-0.5859978249590183,0.8351720269528363,3.773716343143394,0.18181818181818182,0.3850752251091914,-0.12122507115988096,73,"{""2018"": -44.9, ""2019"": -31.7, ""2020"": 122.5, ""2021"": -96.0, ""2022"": 0.0, ""2023"": 184.3, ""2024"": 36.1, ""2025"": -28.1, ""2026"": 28.6}"
4 trend+dip,"basis 50% tot 150%, dip 2u-RSI14<25, uit RSI>60",3.0,5 munten,0.03509102881924786,-0.9351599155290578,1.4891025975050995,-0.9009400684710038,0.04450227246327021,-0.7527373872488943,0.7890630046916918,22.756653099561678,0.1507537688442211,0.6670499306731174,-0.13997942936121632,73,"{""2018"": -72.2, ""2019"": 26.1, ""2020"": 88.4, ""2021"": 96.6, ""2022"": -34.6, ""2023"": 39.1, ""2024"": 177.2, ""2025"": -67.7, ""2026"": 17.1}"
4 trend+dip,"basis 50% tot 150%, dip 2u-RSI14<25, uit RSI>60",3.0,10 munten,0.3888242191063698,-0.8971215786385681,1.7481035426603342,-0.7351920137338526,-0.20730211012659983,-0.7630855629262403,0.1135013576232788,37.851518472135254,0.11782477341389729,1.6193024666769662,-0.16172449423777477,73,"{""2018"": -72.2, ""2019"": 28.7, ""2020"": 66.9, ""2021"": 1240.0, ""2022"": -41.9, ""2023"": 43.1, ""2024"": 40.3, ""2025"": -69.0, ""2026"": 14.2}"
4 trend+dip,"basis 50% tot 150%, dip 2u-RSI14<25, uit RSI>80",1.0,BTC+ETH,0.10806615664202912,-0.7287880309851467,1.1308498451478879,-0.3712936275442684,0.1106789833354187,-0.3266354980036321,0.7691638236624211,6.975657482780213,0.2459016393442623,0.6384562668693848,-0.06777156861455226,74,"{""2018"": -34.2, ""2019"": -1.3, ""2020"": 76.0, ""2021"": 13.0, ""2022"": -12.4, ""2023"": 60.6, ""2024"": 23.1, ""2025"": -2.1, ""2026"": 9.3}"
4 trend+dip,"basis 50% tot 150%, dip 2u-RSI14<25, uit RSI>80",1.0,BTC,0.03178364215560325,-0.8147680264775211,0.742413715283145,-0.5818148888023185,0.09792079966764744,-0.2919593732707827,0.7319736960097026,3.773716343143394,0.24242424242424243,0.2973374565338013,-0.045083186744684554,74,"{""2018"": -14.8, ""2019"": 0.3, ""2020"": 88.2, ""2021"": -50.8, ""2022"": 0.0, ""2023"": 51.4, ""2024"": 31.9, ""2025"": -12.0, ""2026"": 9.6}"
4 trend+dip,"basis 50% tot 150%, dip 2u-RSI14<25, uit RSI>80",1.0,5 munten,0.07853578350898771,-0.7590716264295249,1.0113163562004697,-0.5669563863119891,-0.014736874669301514,-0.47049771120419626,0.24688419374924161,22.756653099561678,0.135678391959799,0.6996623322137517,-0.059316475149758824,74,"{""2018"": -42.5, ""2019"": 14.1, ""2020"": 70.8, ""2021"": 39.2, ""2022"": -16.0, ""2023"": 19.0, ""2024"": 29.8, ""2025"": -35.0, ""2026"": 6.2}"
4 trend+dip,"basis 50% tot 150%, dip 2u-RSI14<25, uit RSI>80",1.0,10 munten,0.24735388895178678,-0.7310218934682264,1.6640943127499384,-0.24490707724675176,-0.13602346676988641,-0.5835588880256286,-0.27707252264963833,42.7687852222918,0.11229946524064172,0.88454687031484,-0.06272048406353209,74,"{""2018"": -42.5, ""2019"": 16.9, ""2020"": 86.4, ""2021"": 202.3, ""2022"": -23.9, ""2023"": 25.1, ""2024"": 5.2, ""2025"": -45.1, ""2026"": 7.8}"
4 trend+dip,"basis 50% tot 150%, dip 2u-RSI14<25, uit RSI>80",1.5,BTC+ETH,0.07111526311792016,-0.8574438855093329,1.1879226598603543,-0.6772731549630954,0.08361649029221674,-0.4885086072648164,0.699363842909743,6.975657482780213,0.21311475409836064,1.0395979054252626,-0.09553469859907271,74,"{""2018"": -46.9, ""2019"": -6.8, ""2020"": 118.8, ""2021"": -10.9, ""2022"": -17.7, ""2023"": 84.7, ""2024"": 21.0, ""2025"": -11.3, ""2026"": 13.8}"
4 trend+dip,"basis 50% tot 150%, dip 2u-RSI14<25, uit RSI>80",1.5,BTC,-0.05322543817296732,-0.9330899698690975,0.6890688646982503,-0.8360467350756561,0.07193805388624397,-0.42265446315142763,0.644227769315473,3.773716343143394,0.21212121212121213,0.3724545176996944,-0.0645269963592203,74,"{""2018"": -23.1, ""2019"": -5.3, ""2020"": 131.4, ""2021"": -75.3, ""2022"": 0.0, ""2023"": 71.1, ""2024"": 36.0, ""2025"": -24.0, ""2026"": 14.3}"
4 trend+dip,"basis 50% tot 150%, dip 2u-RSI14<25, uit RSI>80",1.5,5 munten,0.062469019443513574,-0.9093129861947632,1.1882810810769147,-0.8016204429371581,-0.09004959553293135,-0.6558828142609929,0.18885229731944592,22.756653099561678,0.12562814070351758,0.9419694240724126,-0.0948772946616161,74,"{""2018"": -56.7, ""2019"": 17.2, ""2020"": 123.2, ""2021"": 31.8, ""2022"": -23.1, ""2023"": 23.7, ""2024"": 36.5, ""2025"": -53.3, ""2026"": 9.1}"
4 trend+dip,"basis 50% tot 150%, dip 2u-RSI14<25, uit RSI>80",1.5,10 munten,0.3273848117514011,-0.8883692115353187,1.8427107088421852,-0.4626805942951714,-0.2598411662102408,-0.7727895467458581,-0.3464638768731622,42.7687852222918,0.10160427807486631,1.0603092420683962,-0.09988811435618954,74,"{""2018"": -56.7, ""2019"": 22.2, ""2020"": 170.0, ""2021"": 290.1, ""2022"": -32.7, ""2023"": 36.8, ""2024"": -3.2, ""2025"": -63.6, ""2026"": 11.7}"
4 trend+dip,"basis 50% tot 150%, dip 2u-RSI14<25, uit RSI>80",2.0,BTC+ETH,-0.03242627694978495,-0.9399224064910302,1.2149562899209134,-0.8866114865753958,0.04465393513425209,-0.6295477919557115,0.7151608499589984,6.975657482780213,0.19672131147540983,1.04127572818463,-0.12730884123764197,74,"{""2018"": -57.9, ""2019"": -19.6, ""2020"": 165.1, ""2021"": -45.9, ""2022"": -22.9, ""2023"": 111.4, ""2024"": 16.3, ""2025"": -20.2, ""2026"": 18.4}"
4 trend+dip,"basis 50% tot 150%, dip 2u-RSI14<25, uit RSI>80",2.0,BTC,-0.1951211368719039,-0.9793788152265833,0.6247572294807815,-0.9591185014181293,0.058751723647548104,-0.5211654289415857,0.6956986618950982,3.773716343143394,0.18181818181818182,0.42774969821754755,-0.09000911920438665,74,"{""2018"": -30.9, ""2019"": -23.2, ""2020"": 182.0, ""2021"": -90.6, ""2022"": 0.0, ""2023"": 89.9, ""2024"": 42.7, ""2025"": -33.2, ""2026"": 19.1}"
4 trend+dip,"basis 50% tot 150%, dip 2u-RSI14<25, uit RSI>80",2.0,5 munten,-0.033089266963321706,-0.9716451714824069,1.2567314130479703,-0.9361484378599217,-0.16968799473385354,-0.7802820828088538,0.2143078765993833,22.756653099561678,0.12060301507537688,0.883338597037625,-0.13213834800013535,74,"{""2018"": -69.1, ""2019"": 8.6, ""2020"": 202.0, ""2021"": -11.6, ""2022"": -30.2, ""2023"": 28.7, ""2024"": 42.9, ""2025"": -67.3, ""2026"": 12.1}"
4 trend+dip,"basis 50% tot 150%, dip 2u-RSI14<25, uit RSI>80",2.0,10 munten,0.30023177185822125,-0.9643219985365254,1.9009337718759594,-0.7485299477013179,-0.38263945970702684,-0.8825228043574629,-0.3567076376932257,42.7687852222918,0.09358288770053476,0.9369368994968683,-0.14094158018958386,74,"{""2018"": -69.1, ""2019"": 12.3, ""2020"": 314.5, ""2021"": 252.0, ""2022"": -40.4, ""2023"": 47.1, ""2024"": -13.9, ""2025"": -76.8, ""2026"": 15.6}"
4 trend+dip,"basis 50% tot 150%, dip 2u-RSI14<25, uit RSI>80",3.0,BTC+ETH,-0.29765526812072796,-0.9915181162922628,1.3671720682042596,-0.9921461762376939,-0.1529339927479837,-0.8533112370484139,0.6769253426862148,6.975657482780213,0.16393442622950818,0.49372049421013314,-0.1910650822100273,74,"{""2018"": -72.7, ""2019"": -38.0, ""2020"": 208.2, ""2021"": -86.5, ""2022"": -31.5, ""2023"": 137.0, ""2024"": -12.3, ""2025"": -45.4, ""2026"": 27.7}"
4 trend+dip,"basis 50% tot 150%, dip 2u-RSI14<25, uit RSI>80",3.0,BTC,-0.5402714792297505,-0.998712439554798,0.4750319908549256,-0.9990454861390795,-0.13178215898167978,-0.8047055788716344,0.6000225382277641,3.773716343143394,0.12121212121212122,0.4546567781355815,-0.1594802918239258,74,"{""2018"": -44.9, ""2019"": -55.1, ""2020"": 208.8, ""2021"": -99.4, ""2022"": 0.0, ""2023"": 101.9, ""2024"": 22.5, ""2025"": -58.8, ""2026"": 28.6}"
4 trend+dip,"basis 50% tot 150%, dip 2u-RSI14<25, uit RSI>80",3.0,5 munten,-0.2831297493823396,-0.9976999164686804,1.4581594693018045,-0.9962895016491532,-0.3933295973864299,-0.9268489579700192,0.21925295707066209,22.756653099561678,0.09547738693467336,0.4526167130360705,-0.2070493420202881,74,"{""2018"": -84.1, ""2019"": -14.9, ""2020"": 347.5, ""2021"": -70.4, ""2022"": -41.5, ""2023"": 26.4, ""2024"": 37.1, ""2025"": -87.3, ""2026"": 18.0}"
4 trend+dip,"basis 50% tot 150%, dip 2u-RSI14<25, uit RSI>80",3.0,10 munten,0.09002963842615763,-0.9902419039241266,1.7128562447490592,-0.9649415654291914,-0.5047116861940453,-0.9421563216442704,-0.28047814941832094,37.851518472135254,0.07250755287009064,0.5476373087841065,-0.22308442730141656,74,"{""2018"": -84.1, ""2019"": -13.0, ""2020"": 269.3, ""2021"": 247.2, ""2022"": -48.9, ""2023"": 68.6, ""2024"": -24.9, ""2025"": -85.9, ""2026"": 14.7}"
4 trend+dip,"basis 70% tot 100%, dip 2u-RSI14<25, uit RSI>60",1.0,BTC+ETH,0.23782410122612507,-0.5694451745115648,1.829123113191984,0.3617877235510636,0.17843314558391365,-0.22478155116525478,1.2014329348684765,6.975657482780213,0.2786885245901639,0.5780172498919444,-0.04880676204277829,75,"{""2018"": -32.0, ""2019"": 21.2, ""2020"": 87.4, ""2021"": 62.3, ""2022"": -7.8, ""2023"": 53.2, ""2024"": 44.6, ""2025"": -5.3, ""2026"": 13.9}"
4 trend+dip,"basis 70% tot 100%, dip 2u-RSI14<25, uit RSI>60",1.0,BTC,0.2010734888868193,-0.5818083447127059,1.7360516536908006,0.21687649811018717,0.18659916461025716,-0.2278656774891491,1.2583986774756508,3.773716343143394,0.24242424242424243,0.46547568076359824,-0.03828409729877922,75,"{""2018"": -23.9, ""2019"": 36.3, ""2020"": 109.8, ""2021"": -20.0, ""2022"": 0.0, ""2023"": 70.6, ""2024"": 52.8, ""2025"": -9.2, ""2026"": 14.4}"
4 trend+dip,"basis 70% tot 100%, dip 2u-RSI14<25, uit RSI>60",1.0,5 munten,0.32693291386629797,-0.43545200707665754,2.210212536071229,0.3390575725975262,0.16519069076103965,-0.3100605220173236,1.1071160544334002,22.756653099561678,0.22110552763819097,0.7394921613606003,-0.042025293137472226,75,"{""2018"": -36.4, ""2019"": 27.3, ""2020"": 87.5, ""2021"": 231.9, ""2022"": -14.4, ""2023"": 25.4, ""2024"": 73.6, ""2025"": -21.5, ""2026"": 8.2}"
4 trend+dip,"basis 70% tot 100%, dip 2u-RSI14<25, uit RSI>60",1.0,10 munten,0.5120563583351236,-0.46016387934769,2.756520520778441,0.9710952118521983,0.07203061196908167,-0.36203731573032505,0.6318291947079855,42.7687852222918,0.18181818181818182,1.2576844953914914,-0.046340925276015944,75,"{""2018"": -36.4, ""2019"": 31.7, ""2020"": 99.2, ""2021"": 537.9, ""2022"": -18.9, ""2023"": 33.4, ""2024"": 47.2, ""2025"": -28.5, ""2026"": 11.2}"
4 trend+dip,"basis 70% tot 100%, dip 2u-RSI14<25, uit RSI>60",1.5,BTC+ETH,0.14820404250807018,-0.7531928747610868,1.3130533172663776,-0.3544973827078952,0.16787821552747118,-0.3280617143087693,0.9609932257963528,6.975657482780213,0.2786885245901639,0.6259650707724719,-0.07698033824011402,75,"{""2018"": -45.8, ""2019"": 18.0, ""2020"": 89.3, ""2021"": 24.6, ""2022"": -11.6, ""2023"": 68.3, ""2024"": 45.9, ""2025"": -12.8, ""2026"": 19.4}"
4 trend+dip,"basis 70% tot 100%, dip 2u-RSI14<25, uit RSI>60",1.5,BTC,0.11793047734471385,-0.7789527537791012,1.163184787332544,-0.43350595571715267,0.1752637170024074,-0.33140063367187345,0.9929857719253115,3.773716343143394,0.24242424242424243,0.5122112203800966,-0.06340906680018857,75,"{""2018"": -35.5, ""2019"": 40.2, ""2020"": 136.8, ""2021"": -54.0, ""2022"": 0.0, ""2023"": 95.3, ""2024"": 58.0, ""2025"": -18.8, ""2026"": 20.0}"
4 trend+dip,"basis 70% tot 100%, dip 2u-RSI14<25, uit RSI>60",1.5,5 munten,0.2750203645236011,-0.660886310508083,1.7250861921072573,-0.3379520451920739,0.11920341829536163,-0.47016743030923513,0.7921574486374198,22.756653099561678,0.19095477386934673,0.996954193537002,-0.06815157404678965,75,"{""2018"": -51.5, ""2019"": 32.2, ""2020"": 93.7, ""2021"": 243.4, ""2022"": -21.1, ""2023"": 26.2, ""2024"": 86.3, ""2025"": -37.2, ""2026"": 10.9}"
4 trend+dip,"basis 70% tot 100%, dip 2u-RSI14<25, uit RSI>60",1.5,10 munten,0.5204456953793688,-0.698559137874122,2.2515944379544215,0.20175529575047113,-0.018763956147462735,-0.5488051228808145,0.3202572357504843,42.7687852222918,0.15508021390374332,1.6941713917136723,-0.07569692951334578,75,"{""2018"": -51.5, ""2019"": 38.2, ""2020"": 109.3, ""2021"": 731.7, ""2022"": -27.7, ""2023"": 38.5, ""2024"": 41.9, ""2025"": -44.9, ""2026"": 15.4}"
4 trend+dip,"basis 70% tot 100%, dip 2u-RSI14<25, uit RSI>60",2.0,BTC+ETH,0.12484480107350837,-0.84554934694168,1.337106249662946,-0.5983087640875473,0.16311189456160413,-0.4226034621845398,0.9081757793561334,6.975657482780213,0.26229508196721313,0.857996457300334,-0.10024984308329571,75,"{""2018"": -57.1, ""2019"": 15.6, ""2020"": 122.0, ""2021"": 11.9, ""2022"": -15.2, ""2023"": 89.1, ""2024"": 49.9, ""2025"": -20.7, ""2026"": 25.8}"
4 trend+dip,"basis 70% tot 100%, dip 2u-RSI14<25, uit RSI>60",2.0,BTC,0.08697579669679167,-0.8764832193166106,1.1298935379499413,-0.658129064899865,0.18249833703297647,-0.42574872269478703,0.9596887502800088,3.773716343143394,0.24242424242424243,0.6548736452140991,-0.0857218561565594,75,"{""2018"": -45.5, ""2019"": 43.2, ""2020"": 191.0, ""2021"": -68.7, ""2022"": 0.0, ""2023"": 128.0, ""2024"": 67.6, ""2025"": -26.5, ""2026"": 26.7}"
4 trend+dip,"basis 70% tot 100%, dip 2u-RSI14<25, uit RSI>60",2.0,5 munten,0.29743628094643637,-0.7857717207664914,1.7796638152253974,-0.5641399773898457,0.10919412102330406,-0.5947833719406995,0.7805980378463305,22.756653099561678,0.17587939698492464,1.4128989686347322,-0.09235595355075894,75,"{""2018"": -63.3, ""2019"": 37.7, ""2020"": 128.6, ""2021"": 325.1, ""2022"": -27.1, ""2023"": 31.0, ""2024"": 114.2, ""2025"": -49.3, ""2026"": 14.6}"
4 trend+dip,"basis 70% tot 100%, dip 2u-RSI14<25, uit RSI>60",2.0,10 munten,0.5629496575786512,-0.8203934976279659,2.1740383913771835,-0.08598361566002433,-0.08633244785803873,-0.6866843478658589,0.2695836631017847,42.7687852222918,0.13903743315508021,2.0345933126498226,-0.10348926522041761,75,"{""2018"": -63.3, ""2019"": 45.9, ""2020"": 150.0, ""2021"": 945.6, ""2022"": -34.9, ""2023"": 48.9, ""2024"": 43.3, ""2025"": -57.7, ""2026"": 20.2}"
4 trend+dip,"basis 70% tot 100%, dip 2u-RSI14<25, uit RSI>60",3.0,BTC+ETH,-0.028529893928841754,-0.9456516349581947,1.3899208607119344,-0.9163348550865922,0.13209610978987274,-0.5979968071612264,0.9266034115079813,6.975657482780213,0.2459016393442623,0.9177255932430849,-0.1452374884693015,75,"{""2018"": -73.3, ""2019"": -1.3, ""2020"": 195.5, ""2021"": -40.5, ""2022"": -22.2, ""2023"": 124.8, ""2024"": 55.2, ""2025"": -36.7, ""2026"": 40.3}"
4 trend+dip,"basis 70% tot 100%, dip 2u-RSI14<25, uit RSI>60",3.0,BTC,-0.06922303269231023,-0.9700613048589017,1.0794770388460162,-0.9356146700510908,0.17176330121599315,-0.5834264191767209,0.9859645161687091,3.773716343143394,0.24242424242424243,0.7665200206545202,-0.12753180135864348,75,"{""2018"": -61.1, ""2019"": 25.8, ""2020"": 335.3, ""2021"": -90.0, ""2022"": 0.0, ""2023"": 198.5, ""2024"": 96.0, ""2025"": -45.7, ""2026"": 41.8}"
4 trend+dip,"basis 70% tot 100%, dip 2u-RSI14<25, uit RSI>60",3.0,5 munten,0.21299760076117935,-0.9405789395009235,1.9050285703300147,-0.8901138776458827,0.0578714219536538,-0.77834533667161,0.8448547671275043,22.756653099561678,0.16080402010050251,1.467609884244454,-0.14633913510430294,75,"{""2018"": -79.6, ""2019"": 34.0, ""2020"": 216.4, ""2021"": 319.8, ""2022"": -38.2, ""2023"": 38.7, ""2024"": 184.7, ""2025"": -69.2, ""2026"": 20.8}"
4 trend+dip,"basis 70% tot 100%, dip 2u-RSI14<25, uit RSI>60",3.0,10 munten,0.4732823907584578,-0.9513334272469978,2.148414782932629,-0.6792823667731475,-0.2376589699259336,-0.861391495649152,0.2985705474764522,42.7687852222918,0.12299465240641712,1.7186894847274472,-0.16528656118253862,75,"{""2018"": -79.6, ""2019"": 41.3, ""2020"": 247.7, ""2021"": 973.5, ""2022"": -47.2, ""2023"": 61.2, ""2024"": 43.2, ""2025"": -77.2, ""2026"": 31.2}"
4 trend+dip,"basis 70% tot 100%, dip 2u-RSI14<25, uit RSI>80",1.0,BTC+ETH,0.2804009146130517,-0.5947263838316239,1.9495867539170766,0.5804546600297074,0.1908773614300876,-0.2511065520880016,1.188725631805063,6.975657482780213,0.2786885245901639,0.731822837121657,-0.05164951977855859,76,"{""2018"": -32.8, ""2019"": 19.9, ""2020"": 114.1, ""2021"": 72.5, ""2022"": -8.8, ""2023"": 60.0, ""2024"": 44.8, ""2025"": -2.9, ""2026"": 13.9}"
4 trend+dip,"basis 70% tot 100%, dip 2u-RSI14<25, uit RSI>80",1.0,BTC,0.2078702443336573,-0.6314905157295678,1.6830925161110664,0.17829139363568824,0.18147210331849672,-0.2560707845002477,1.1793381050172909,3.773716343143394,0.24242424242424243,0.5162516476767701,-0.040983715884831094,76,"{""2018"": -23.9, ""2019"": 33.3, ""2020"": 124.8, ""2021"": -20.2, ""2022"": 0.0, ""2023"": 68.9, ""2024"": 54.7, ""2025"": -11.6, ""2026"": 14.4}"
4 trend+dip,"basis 70% tot 100%, dip 2u-RSI14<25, uit RSI>80",1.0,5 munten,0.3176946868661925,-0.5442624264998546,2.063063594751173,0.1607192795221395,0.13091843289701388,-0.36118723071348724,0.9023358771924523,22.756653099561678,0.20100502512562815,0.8497958468682668,-0.04330705974381987,76,"{""2018"": -39.4, ""2019"": 27.8, ""2020"": 103.1, ""2021"": 209.2, ""2022"": -15.2, ""2023"": 26.0, ""2024"": 65.6, ""2025"": -25.4, ""2026"": 8.3}"
4 trend+dip,"basis 70% tot 100%, dip 2u-RSI14<25, uit RSI>80",1.0,10 munten,0.524546936164147,-0.5430793953494912,2.6884500453642715,0.9237579954623227,0.03159803727523469,-0.4327094633856824,0.43735323635947326,42.7687852222918,0.16310160427807488,1.3943093822552868,-0.04790460798308594,76,"{""2018"": -39.4, ""2019"": 33.0, ""2020"": 120.3, ""2021"": 527.7, ""2022"": -20.4, ""2023"": 35.6, ""2024"": 40.1, ""2025"": -33.5, ""2026"": 11.3}"
4 trend+dip,"basis 70% tot 100%, dip 2u-RSI14<25, uit RSI>80",1.5,BTC+ETH,0.19709280330851175,-0.7730457112063659,1.4881592740500944,-0.26819410357774764,0.16746354636778604,-0.37962254353153446,0.932757267295006,6.975657482780213,0.26229508196721313,0.8912221507098373,-0.07980767786744808,76,"{""2018"": -46.7, ""2019"": 16.3, ""2020"": 127.6, ""2021"": 31.8, ""2022"": -13.3, ""2023"": 78.9, ""2024"": 43.5, ""2025"": -11.8, ""2026"": 19.4}"
4 trend+dip,"basis 70% tot 100%, dip 2u-RSI14<25, uit RSI>80",1.5,BTC,0.11232816418994673,-0.8237783898385904,1.1554835298369275,-0.4773756726031517,0.15726460301195644,-0.3767906878935956,0.910756015376396,3.773716343143394,0.24242424242424243,0.5590960448831856,-0.06755099558623442,76,"{""2018"": -35.5, ""2019"": 34.8, ""2020"": 158.7, ""2021"": -57.1, ""2022"": 0.0, ""2023"": 93.4, ""2024"": 60.1, ""2025"": -23.5, ""2026"": 20.0}"
4 trend+dip,"basis 70% tot 100%, dip 2u-RSI14<25, uit RSI>80",1.5,5 munten,0.23500178817375694,-0.768219920249718,1.6022237029983115,-0.5249335199444364,0.06214302906759972,-0.5390313013353915,0.6090597813707338,22.756653099561678,0.1658291457286432,1.1144365432918957,-0.07365708662754752,76,"{""2018"": -54.7, ""2019"": 28.5, ""2020"": 113.0, ""2021"": 189.9, ""2022"": -22.4, ""2023"": 26.1, ""2024"": 73.4, ""2025"": -42.8, ""2026"": 11.1}"
4 trend+dip,"basis 70% tot 100%, dip 2u-RSI14<25, uit RSI>80",1.5,10 munten,0.5011600754699645,-0.7760663936368912,2.1916000355360588,0.002743128541715656,-0.08369152143291902,-0.626114215911076,0.14516362088338508,42.7687852222918,0.13368983957219252,1.7931495286410237,-0.08149938621886961,76,"{""2018"": -54.7, ""2019"": 34.3, ""2020"": 134.8, ""2021"": 660.1, ""2022"": -29.6, ""2023"": 40.7, ""2024"": 30.1, ""2025"": -51.3, ""2026"": 15.5}"
4 trend+dip,"basis 70% tot 100%, dip 2u-RSI14<25, uit RSI>80",2.0,BTC+ETH,0.16090604107342088,-0.8640727548768399,1.4888604632136848,-0.5940015435515039,0.1596845961358988,-0.4710840342610504,0.9034746669692455,6.975657482780213,0.2459016393442623,1.1731973911502636,-0.10278791315857246,76,"{""2018"": -58.0, ""2019"": 13.0, ""2020"": 164.0, ""2021"": 13.7, ""2022"": -16.9, ""2023"": 101.8, ""2024"": 46.7, ""2025"": -20.0, ""2026"": 25.8}"
4 trend+dip,"basis 70% tot 100%, dip 2u-RSI14<25, uit RSI>80",2.0,BTC,0.048073755035834775,-0.9144699474305499,1.0775659410141634,-0.7376819508639483,0.14527230671151314,-0.47738411587952534,0.8642775154089788,3.773716343143394,0.24242424242424243,0.63780779401642,-0.09022185622523157,76,"{""2018"": -45.5, ""2019"": 34.9, ""2020"": 210.5, ""2021"": -74.7, ""2022"": 0.0, ""2023"": 125.5, ""2024"": 66.4, ""2025"": -32.7, ""2026"": 26.7}"
4 trend+dip,"basis 70% tot 100%, dip 2u-RSI14<25, uit RSI>80",2.0,5 munten,0.22117133126911237,-0.8795246758678144,1.6552851766933523,-0.7542015869259264,0.02308174606634572,-0.674239682958629,0.5907250725052579,22.756653099561678,0.1507537688442211,1.4171776157159348,-0.10139638222867463,76,"{""2018"": -66.4, ""2019"": 30.5, ""2020"": 154.4, ""2021"": 215.4, ""2022"": -28.4, ""2023"": 30.1, ""2024"": 95.8, ""2025"": -56.9, ""2026"": 14.8}"
4 trend+dip,"basis 70% tot 100%, dip 2u-RSI14<25, uit RSI>80",2.0,10 munten,0.5141392765217958,-0.8862034988497922,2.131366257975749,-0.33693477087408963,-0.18174668918192838,-0.7649140846992915,0.07596393394264654,42.7687852222918,0.12032085561497326,1.8049586829722937,-0.11280373411679172,76,"{""2018"": -66.4, ""2019"": 37.7, ""2020"": 195.0, ""2021"": 753.2, ""2022"": -37.0, ""2023"": 51.6, ""2024"": 25.7, ""2025"": -65.4, ""2026"": 20.4}"
4 trend+dip,"basis 70% tot 100%, dip 2u-RSI14<25, uit RSI>80",3.0,BTC+ETH,-0.021823596809525392,-0.9566645843583002,1.5510864530126023,-0.9356517303900088,0.08981497500872804,-0.7086480343168593,0.9091721070092723,6.975657482780213,0.21311475409836064,1.2081376272504774,-0.152399409662107,76,"{""2018"": -74.2, ""2019"": -10.5, ""2020"": 289.2, ""2021"": -49.0, ""2022"": -24.4, ""2023"": 143.5, ""2024"": 38.4, ""2025"": -36.4, ""2026"": 40.3}"
4 trend+dip,"basis 70% tot 100%, dip 2u-RSI14<25, uit RSI>80",3.0,BTC,-0.15016865953780578,-0.982356201756243,1.0513763335582575,-0.965975767392129,0.11535354950693089,-0.6340591800649378,0.9197750254489824,3.773716343143394,0.24242424242424243,0.6791434514703654,-0.13321920409112187,76,"{""2018"": -61.1, ""2019"": 6.1, ""2020"": 374.2, ""2021"": -93.4, ""2022"": 0.0, ""2023"": 186.7, ""2024"": 88.0, ""2025"": -50.9, ""2026"": 41.8}"
4 trend+dip,"basis 70% tot 100%, dip 2u-RSI14<25, uit RSI>80",3.0,5 munten,0.07945628728552778,-0.9775165304658188,1.839914554918446,-0.9603228649237329,-0.08881590037624254,-0.8449145777945198,0.6526618581186213,22.756653099561678,0.11557788944723618,1.4814168168981396,-0.16075278001133386,76,"{""2018"": -82.2, ""2019"": 20.2, ""2020"": 282.2, ""2021"": 140.8, ""2022"": -40.4, ""2023"": 32.7, ""2024"": 135.1, ""2025"": -76.2, ""2026"": 21.2}"
4 trend+dip,"basis 70% tot 100%, dip 2u-RSI14<25, uit RSI>80",3.0,10 munten,0.35842371477050605,-0.9802868664437818,2.168282180314088,-0.8423781252911728,-0.3689210941993505,-0.9128077747148937,0.11729779971586486,42.7687852222918,0.0855614973262032,1.5835494556324137,-0.18049383214905157,76,"{""2018"": -82.2, ""2019"": 28.2, ""2020"": 381.7, ""2021"": 525.3, ""2022"": -49.6, ""2023"": 61.2, ""2024"": 12.8, ""2025"": -83.4, ""2026"": 31.3}"
4 trend+dip,"basis 70% tot 150%, dip 2u-RSI14<25, uit RSI>60",1.0,BTC+ETH,0.05655624887205857,-0.7057445040722193,0.8721986364830172,-0.45420038815105057,0.12749202942666615,-0.26240387789912667,0.8829895761327691,6.975657482780213,0.26229508196721313,0.3853810599292975,-0.061858521893681614,77,"{""2018"": -37.0, ""2019"": 8.5, ""2020"": 40.3, ""2021"": 4.8, ""2022"": -9.9, ""2023"": 50.8, ""2024"": 34.8, ""2025"": -9.2, ""2026"": 12.9}"
4 trend+dip,"basis 70% tot 150%, dip 2u-RSI14<25, uit RSI>60",1.0,BTC,0.07427618477523779,-0.72599937355621,0.9347790080011582,-0.36443210689519545,0.1524892949588177,-0.26566973772643465,1.0083779215438482,3.773716343143394,0.24242424242424243,0.3272798371393154,-0.046016135495383546,77,"{""2018"": -22.4, ""2019"": 20.5, ""2020"": 83.3, ""2021"": -48.2, ""2022"": 0.0, ""2023"": 71.3, ""2024"": 40.2, ""2025"": -7.7, ""2026"": 13.4}"
4 trend+dip,"basis 70% tot 150%, dip 2u-RSI14<25, uit RSI>60",1.0,5 munten,0.19134032970392956,-0.5414538415624743,1.4972768341551925,-0.21727913510226737,0.11984017652216239,-0.3549654687893765,0.8408716379893232,22.756653099561678,0.20100502512562815,0.6258598082348127,-0.053620205682339744,77,"{""2018"": -40.2, ""2019"": 22.7, ""2020"": 54.8, ""2021"": 144.0, ""2022"": -16.0, ""2023"": 21.1, ""2024"": 68.3, ""2025"": -27.0, ""2026"": 7.6}"
4 trend+dip,"basis 70% tot 150%, dip 2u-RSI14<25, uit RSI>60",1.0,10 munten,0.36568364063819825,-0.5682591580476927,2.074825250473461,0.1519935532325598,-0.001962984958497671,-0.4175670187069883,0.28578803470384717,42.7687852222918,0.15775401069518716,1.0993854711684825,-0.05804762890652281,77,"{""2018"": -40.2, ""2019"": 25.8, ""2020"": 64.6, ""2021"": 413.1, ""2022"": -22.2, ""2023"": 26.2, ""2024"": 34.1, ""2025"": -35.1, ""2026"": 10.6}"
4 trend+dip,"basis 70% tot 150%, dip 2u-RSI14<25, uit RSI>60",1.5,BTC+ETH,0.006986546206698918,-0.8356698106299602,0.8828705312749588,-0.7190085754976376,0.13633666046760395,-0.37603791350058346,0.8383815892068504,6.975657482780213,0.26229508196721313,0.5049651786698249,-0.09135900956730478,77,"{""2018"": -51.0, ""2019"": 6.9, ""2020"": 57.9, ""2021"": -16.9, ""2022"": -14.7, ""2023"": 73.1, ""2024"": 42.5, ""2025"": -17.2, ""2026"": 19.4}"
4 trend+dip,"basis 70% tot 150%, dip 2u-RSI14<25, uit RSI>60",1.5,BTC,0.024632437135778895,-0.8748826603362211,0.8301023565062841,-0.6726434967912618,0.18464992016226134,-0.38049578624017166,0.9881522235628725,3.773716343143394,0.24242424242424243,0.4358785825688992,-0.071739502992136,77,"{""2018"": -34.5, ""2019"": 23.3, ""2020"": 129.2, ""2021"": -70.5, ""2022"": 0.0, ""2023"": 109.0, ""2024"": 53.4, ""2025"": -14.4, ""2026"": 20.0}"
4 trend+dip,"basis 70% tot 150%, dip 2u-RSI14<25, uit RSI>60",1.5,5 munten,0.22503917826663455,-0.7286844188647184,1.5693260047905284,-0.49963460364269774,0.12667891396990627,-0.5143651129026598,0.8155727310178392,22.756653099561678,0.19597989949748743,0.9316868219260616,-0.081786563418687,77,"{""2018"": -55.2, ""2019"": 31.6, ""2020"": 83.4, ""2021"": 209.7, ""2022"": -23.2, ""2023"": 28.8, ""2024"": 103.3, ""2025"": -41.6, ""2026"": 11.4}"
4 trend+dip,"basis 70% tot 150%, dip 2u-RSI14<25, uit RSI>60",1.5,10 munten,0.4827682040614967,-0.7630727745356661,2.0808866850881964,-0.11982569095382745,-0.06198811627496037,-0.595202708934798,0.23418641630847772,42.7687852222918,0.15240641711229946,1.6679087491264681,-0.09067437664117362,77,"{""2018"": -55.2, ""2019"": 36.3, ""2020"": 99.0, ""2021"": 774.0, ""2022"": -31.3, ""2023"": 37.1, ""2024"": 41.7, ""2025"": -51.4, ""2026"": 15.7}"
4 trend+dip,"basis 70% tot 150%, dip 2u-RSI14<25, uit RSI>60",2.0,BTC+ETH,-0.06589138692822194,-0.9078576388180859,0.9347912261094294,-0.8745902743251215,0.11777147952566214,-0.4710280218326558,0.812215726993984,6.975657482780213,0.2459016393442623,0.5949529198492808,-0.11852840756290392,77,"{""2018"": -62.5, ""2019"": -1.2, ""2020"": 79.5, ""2021"": -38.5, ""2022"": -19.3, ""2023"": 94.3, ""2024"": 45.6, ""2025"": -26.8, ""2026"": 25.8}"
4 trend+dip,"basis 70% tot 150%, dip 2u-RSI14<25, uit RSI>60",2.0,BTC,-0.05350626886861676,-0.9457277595568742,0.7965266317193914,-0.8557544573546879,0.18703307482690512,-0.4819811783374184,0.9697993541417309,3.773716343143394,0.24242424242424243,0.503348208453789,-0.09598692701677637,77,"{""2018"": -44.4, ""2019"": 15.1, ""2020"": 178.8, ""2021"": -84.0, ""2022"": 0.0, ""2023"": 147.6, ""2024"": 64.9, ""2025"": -24.5, ""2026"": 26.7}"
4 trend+dip,"basis 70% tot 150%, dip 2u-RSI14<25, uit RSI>60",2.0,5 munten,0.21273484827123235,-0.851159617149756,1.642853815274858,-0.7128860890692912,0.11016484631414136,-0.6433524055947076,0.8171894960554433,22.756653099561678,0.18090452261306533,1.1641886743632652,-0.10832352239792267,77,"{""2018"": -67.1, ""2019"": 35.5, ""2020"": 118.6, ""2021"": 234.8, ""2022"": -29.7, ""2023"": 35.1, ""2024"": 139.4, ""2025"": -54.8, ""2026"": 15.2}"
4 trend+dip,"basis 70% tot 150%, dip 2u-RSI14<25, uit RSI>60",2.0,10 munten,0.4910091898215947,-0.8740447210418016,2.032029869034101,-0.4098769068411625,-0.14873883608306138,-0.7328156496230409,0.18792824173261274,42.7687852222918,0.13903743315508021,1.8324557139398387,-0.12260726336156401,77,"{""2018"": -67.1, ""2019"": 40.4, ""2020"": 142.9, ""2021"": 910.1, ""2022"": -38.9, ""2023"": 46.8, ""2024"": 41.4, ""2025"": -64.8, ""2026"": 20.6}"
4 trend+dip,"basis 70% tot 150%, dip 2u-RSI14<25, uit RSI>60",3.0,BTC+ETH,-0.32933026056971715,-0.9768103042905791,0.9485768454139895,-0.9911795794879991,0.010837772401042,-0.6630696735454611,0.7947448881254723,6.975657482780213,0.19672131147540983,0.40230527158905377,-0.16945605094880767,77,"{""2018"": -77.0, ""2019"": -25.0, ""2020"": 82.6, ""2021"": -83.2, ""2022"": -27.7, ""2023"": 126.3, ""2024"": 31.6, ""2025"": -45.3, ""2026"": 40.3}"
4 trend+dip,"basis 70% tot 150%, dip 2u-RSI14<25, uit RSI>60",3.0,BTC,-0.32258412464090147,-0.9935571050894431,0.6726156844318784,-0.9905449098811188,0.07170110805971608,-0.6459297273062656,0.8836840424190031,3.773716343143394,0.21212121212121213,0.44145504316821577,-0.13994530485512485,77,"{""2018"": -59.3, ""2019"": -19.7, ""2020"": 227.3, ""2021"": -97.3, ""2022"": 0.0, ""2023"": 229.0, ""2024"": 54.7, ""2025"": -46.1, ""2026"": 41.8}"
4 trend+dip,"basis 70% tot 150%, dip 2u-RSI14<25, uit RSI>60",3.0,5 munten,0.004802531220946316,-0.9751781963752054,1.7542523881132983,-0.9643866654483192,-0.018540137798641387,-0.832872007238235,0.8103033575151317,22.756653099561678,0.1306532663316583,0.8158095540982178,-0.1669573764052757,77,"{""2018"": -82.2, ""2019"": 25.1, ""2020"": 153.0, ""2021"": 115.8, ""2022"": -41.6, ""2023"": 39.3, ""2024"": 209.3, ""2025"": -77.1, ""2026"": 21.8}"
4 trend+dip,"basis 70% tot 150%, dip 2u-RSI14<25, uit RSI>60",3.0,10 munten,0.34021698148330803,-0.9460903959925733,1.8182488806235992,-0.8372154368953485,-0.263098663339952,-0.8522165391277768,0.22206319157653637,37.851518472135254,0.1027190332326284,1.3639866351435055,-0.19486686011668847,77,"{""2018"": -82.2, ""2019"": 30.1, ""2020"": 112.0, ""2021"": 1166.5, ""2022"": -46.7, ""2023"": 57.7, ""2024"": 48.5, ""2025"": -77.6, ""2026"": 19.3}"
4 trend+dip,"basis 70% tot 150%, dip 2u-RSI14<25, uit RSI>80",1.0,BTC+ETH,0.1431462929372389,-0.7487260525791378,1.2834203911134194,-0.332254809062169,0.13704029214369018,-0.3339913205996725,0.8555586342436812,6.975657482780213,0.22950819672131148,0.797979829603486,-0.06843403712653129,78,"{""2018"": -39.0, ""2019"": 4.9, ""2020"": 95.8, ""2021"": 19.6, ""2022"": -12.7, ""2023"": 67.6, ""2024"": 31.7, ""2025"": -5.5, ""2026"": 12.9}"
4 trend+dip,"basis 70% tot 150%, dip 2u-RSI14<25, uit RSI>80",1.0,BTC,0.06698154644219834,-0.8166477299672507,0.9327612719911446,-0.4987990099524544,0.12423766897312927,-0.3211756635467614,0.8245796825641691,3.773716343143394,0.24242424242424243,0.3927145292773848,-0.05297730222760141,78,"{""2018"": -22.4, ""2019"": 11.6, ""2020"": 114.3, ""2021"": -52.7, ""2022"": 0.0, ""2023"": 66.7, ""2024"": 43.1, ""2025"": -16.3, ""2026"": 13.4}"
4 trend+dip,"basis 70% tot 150%, dip 2u-RSI14<25, uit RSI>80",1.0,5 munten,0.13468930795071143,-0.7599125994112927,1.2557606176475442,-0.5531828887165522,0.01955640021469307,-0.49442399763041045,0.4217181244269877,22.756653099561678,0.1457286432160804,0.8470457077121524,-0.06195103233739765,78,"{""2018"": -47.3, ""2019"": 19.0, ""2020"": 85.6, ""2021"": 83.3, ""2022"": -18.4, ""2023"": 21.6, ""2024"": 46.3, ""2025"": -37.6, ""2026"": 7.9}"
4 trend+dip,"basis 70% tot 150%, dip 2u-RSI14<25, uit RSI>80",1.0,10 munten,0.3498784554434471,-0.7460178448798993,1.9322466700430656,-0.12239143281286835,-0.11416752538560948,-0.5765110640529583,-0.09293471960788331,42.7687852222918,0.11764705882352941,1.2650863581271776,-0.0680271392728064,78,"{""2018"": -47.3, ""2019"": 23.0, ""2020"": 105.4, ""2021"": 345.9, ""2022"": -25.8, ""2023"": 30.7, ""2024"": 14.3, ""2025"": -47.3, ""2026"": 10.7}"
4 trend+dip,"basis 70% tot 150%, dip 2u-RSI14<25, uit RSI>80",1.5,BTC+ETH,0.1031489898635134,-0.8718164825495979,1.3319691435909082,-0.6681159573274611,0.10180843793150096,-0.5006357689382601,0.7622829256404181,6.975657482780213,0.22950819672131148,1.1580377966363478,-0.1034078866277988,78,"{""2018"": -53.2, ""2019"": -0.1, ""2020"": 146.9, ""2021"": -4.8, ""2022"": -18.1, ""2023"": 94.6, ""2024"": 29.0, ""2025"": -16.9, ""2026"": 19.4}"
4 trend+dip,"basis 70% tot 150%, dip 2u-RSI14<25, uit RSI>80",1.5,BTC,-0.025465825812569065,-0.9356079070221304,0.8428960581888554,-0.8154914928549555,0.09426196218086291,-0.4622341854698122,0.7244392613425087,3.773716343143394,0.24242424242424243,0.4466596927319608,-0.07985900674839094,78,"{""2018"": -34.5, ""2019"": 7.5, ""2020"": 169.9, ""2021"": -77.1, ""2022"": 0.0, ""2023"": 94.2, ""2024"": 48.0, ""2025"": -29.7, ""2026"": 20.0}"
4 trend+dip,"basis 70% tot 150%, dip 2u-RSI14<25, uit RSI>80",1.5,5 munten,0.12481071801515986,-0.9113954066953376,1.4183743642675068,-0.8041702853709985,-0.058630666811214205,-0.6814407970082267,0.346301301036405,22.756653099561678,0.12562814070351758,1.2354571343115532,-0.1001205462298813,78,"{""2018"": -62.4, ""2019"": 23.3, ""2020"": 141.4, ""2021"": 90.5, ""2022"": -26.4, ""2023"": 27.3, ""2024"": 57.4, ""2025"": -56.6, ""2026"": 11.8}"
4 trend+dip,"basis 70% tot 150%, dip 2u-RSI14<25, uit RSI>80",1.5,10 munten,0.4454478655393721,-0.8997730874763061,2.059857555472675,-0.42178096343933646,-0.24293116030740192,-0.7710886703147748,-0.16852751814940567,42.7687852222918,0.10695187165775401,1.4616122507908131,-0.10909451377902793,78,"{""2018"": -62.4, ""2019"": 30.2, ""2020"": 195.6, ""2021"": 528.3, ""2022"": -35.5, ""2023"": 44.3, ""2024"": 7.0, ""2025"": -66.2, ""2026"": 15.9}"
4 trend+dip,"basis 70% tot 150%, dip 2u-RSI14<25, uit RSI>80",2.0,BTC+ETH,-0.008496833489523126,-0.9435696336741685,1.3625725114034584,-0.8908101890689966,0.06224326145050596,-0.6451476917155513,0.785247317871307,6.975657482780213,0.21311475409836064,1.129199910073064,-0.13538348703618544,78,"{""2018"": -65.1, ""2019"": -13.1, ""2020"": 205.5, ""2021"": -42.3, ""2022"": -23.4, ""2023"": 123.5, ""2024"": 26.0, ""2025"": -27.4, ""2026"": 25.8}"
4 trend+dip,"basis 70% tot 150%, dip 2u-RSI14<25, uit RSI>80",2.0,BTC,-0.16981374665239202,-0.9803493105944987,0.7890450050429667,-0.953899406365254,0.07499568787220023,-0.5617665450242959,0.766406787697722,3.773716343143394,0.21212121212121213,0.4911669009728473,-0.10238409720435261,78,"{""2018"": -44.4, ""2019"": -9.6, ""2020"": 239.4, ""2021"": -91.5, ""2022"": 0.0, ""2023"": 121.8, ""2024"": 55.5, ""2025"": -40.0, ""2026"": 26.7}"
4 trend+dip,"basis 70% tot 150%, dip 2u-RSI14<25, uit RSI>80",2.0,5 munten,0.019649796748532955,-0.9732584508589228,1.484380536923455,-0.9428021537852335,-0.1335761446103524,-0.8036566230456875,0.39003729464962605,22.756653099561678,0.12060301507537688,1.1157105778193857,-0.14091805678872651,78,"{""2018"": -74.8, ""2019"": 15.4, ""2020"": 230.7, ""2021"": 33.8, ""2022"": -34.0, ""2023"": 30.1, ""2024"": 73.6, ""2025"": -70.7, ""2026"": 15.8}"
4 trend+dip,"basis 70% tot 150%, dip 2u-RSI14<25, uit RSI>80",2.0,10 munten,0.3622225519076496,-0.9695668166784637,2.0343997111173557,-0.7547183689901107,-0.3733426673214112,-0.8844869847121637,-0.17813257148421063,42.7687852222918,0.09090909090909091,1.2102426438683003,-0.1525500842569412,78,"{""2018"": -74.8, ""2019"": 21.7, ""2020"": 353.9, ""2021"": 376.8, ""2022"": -43.7, ""2023"": 55.5, ""2024"": -3.7, ""2025"": -79.3, ""2026"": 20.9}"
4 trend+dip,"basis 70% tot 150%, dip 2u-RSI14<25, uit RSI>80",3.0,BTC+ETH,-0.3184688983834604,-0.9928938582920203,1.5147033226507478,-0.995608703097445,-0.1406033712552005,-0.8644457708661574,0.7789128879737883,6.975657482780213,0.18032786885245902,0.49216250601227574,-0.20714215587740217,78,"{""2018"": -79.8, ""2019"": -39.7, ""2020"": 287.4, ""2021"": -88.1, ""2022"": -32.3, ""2023"": 150.3, ""2024"": -5.7, ""2025"": -52.0, ""2026"": 40.3}"
4 trend+dip,"basis 70% tot 150%, dip 2u-RSI14<25, uit RSI>80",3.0,BTC,-0.5328347346842727,-0.9989778247938694,0.6712556846851029,-0.9992026900214521,-0.11215525022352268,-0.8304040381639752,0.7267687608378207,3.773716343143394,0.15151515151515152,0.47678106926230895,-0.17592003786650176,78,"{""2018"": -59.3, ""2019"": -49.8, ""2020"": 306.4, ""2021"": -99.5, ""2022"": 0.0, ""2023"": 149.0, ""2024"": 40.5, ""2025"": -65.4, ""2026"": 41.8}"
4 trend+dip,"basis 70% tot 150%, dip 2u-RSI14<25, uit RSI>80",3.0,5 munten,-0.27415799566666976,-0.9981568625975566,1.731974202155888,-0.9978276066478622,-0.37113108326744815,-0.940320405460227,0.42713548692906844,22.756653099561678,0.09045226130653267,0.5014654360987232,-0.22348026556609474,78,"{""2018"": -88.5, ""2019"": -15.9, ""2020"": 374.5, ""2021"": -53.0, ""2022"": -46.4, ""2023"": 24.0, ""2024"": 74.9, ""2025"": -89.4, ""2026"": 22.5}"
4 trend+dip,"basis 70% tot 150%, dip 2u-RSI14<25, uit RSI>80",3.0,10 munten,0.07309118062426134,-0.9915951177160263,1.8162353177276622,-0.975623417775453,-0.5032168786090943,-0.9462958378477895,-0.06556456776966657,37.851518472135254,0.06948640483383686,0.6860689677130275,-0.24538139563600886,78,"{""2018"": -88.5, ""2019"": -12.1, ""2020"": 279.1, ""2021"": 333.9, ""2022"": -51.8, ""2023"": 70.4, ""2024"": -11.9, ""2025"": -88.4, ""2026"": 19.6}"
4 trend+dip,"basis 50% tot 100%, dip dag z<-1,5, uit terug op gemiddelde",1.0,BTC+ETH,0.19136006964911667,-0.5184417069740815,1.711133559620322,0.3702356528490629,0.18945869009544958,-0.19622042029550202,1.4452641306508607,6.975657482780213,0.29508196721311475,0.4404748409296,-0.04417724366406503,79,"{""2018"": -28.1, ""2019"": 12.4, ""2020"": 61.5, ""2021"": 59.1, ""2022"": -8.4, ""2023"": 48.5, ""2024"": 31.2, ""2025"": 7.6, ""2026"": 13.4}"
4 trend+dip,"basis 50% tot 100%, dip dag z<-1,5, uit terug op gemiddelde",1.0,BTC,0.13536027175767495,-0.5478013767257953,1.4334957773436383,0.10656542038225769,0.17532851058186782,-0.2010611656221939,1.3902923721411877,3.773716343143394,0.24242424242424243,0.3412971863941565,-0.03403848380203328,79,"{""2018"": -20.9, ""2019"": 22.5, ""2020"": 74.9, ""2021"": -24.9, ""2022"": 0.0, ""2023"": 66.9, ""2024"": 35.9, ""2025"": 1.0, ""2026"": 12.9}"
4 trend+dip,"basis 50% tot 100%, dip dag z<-1,5, uit terug op gemiddelde",1.0,5 munten,0.18404407367134867,-0.40678984537881346,1.6608981139886365,0.039372706890594245,0.15136745287360553,-0.214128332349936,1.2015212055215911,22.756653099561678,0.22110552763819097,0.44806932441213604,-0.03439652934724414,79,"{""2018"": -33.9, ""2019"": 12.2, ""2020"": 51.7, ""2021"": 119.8, ""2022"": -12.3, ""2023"": 25.9, ""2024"": 39.8, ""2025"": -7.4, ""2026"": 8.8}"
4 trend+dip,"basis 50% tot 100%, dip dag z<-1,5, uit terug op gemiddelde",1.0,10 munten,0.36504930579120987,-0.3535765864101219,2.279207316304552,0.4414435856179826,0.053277770434052796,-0.2772358464911301,0.5518001678447618,42.7687852222918,0.18449197860962566,0.9491016839398496,-0.03630082474737731,79,"{""2018"": -33.9, ""2019"": 14.1, ""2020"": 60.5, ""2021"": 389.8, ""2022"": -17.1, ""2023"": 28.0, ""2024"": 21.9, ""2025"": -17.8, ""2026"": 10.2}"
4 trend+dip,"basis 50% tot 100%, dip dag z<-1,5, uit terug op gemiddelde",1.5,BTC+ETH,0.14563921675891356,-0.6970894139046859,1.2928024024767895,-0.16970444697833298,0.21241492448896127,-0.29820896803812347,1.206986945969462,6.975657482780213,0.2786885245901639,0.5640989069308209,-0.06660044846831571,79,"{""2018"": -40.8, ""2019"": 10.7, ""2020"": 71.4, ""2021"": 36.7, ""2022"": -12.8, ""2023"": 65.7, ""2024"": 31.5, ""2025"": 7.3, ""2026"": 19.2}"
4 trend+dip,"basis 50% tot 100%, dip dag z<-1,5, uit terug op gemiddelde",1.5,BTC,0.08029819025958318,-0.7374521742815683,0.9732253733794538,-0.36929690767614454,0.19427601475466227,-0.3060226338119427,1.1523693312371468,3.773716343143394,0.24242424242424243,0.4006248858856565,-0.05495228606047723,79,"{""2018"": -30.4, ""2019"": 25.2, ""2020"": 98.8, ""2021"": -53.9, ""2022"": 0.0, ""2023"": 97.1, ""2024"": 40.6, ""2025"": -2.9, ""2026"": 18.4}"
4 trend+dip,"basis 50% tot 100%, dip dag z<-1,5, uit terug op gemiddelde",1.5,5 munten,0.14219562668752483,-0.6101907431110009,1.267016467357956,-0.4230564280402108,0.13291988808340394,-0.3345223042501012,0.8790617465980569,22.756653099561678,0.18592964824120603,0.6612343994079093,-0.05738585914026077,79,"{""2018"": -48.2, ""2019"": 11.7, ""2020"": 59.4, ""2021"": 126.0, ""2022"": -18.3, ""2023"": 28.8, ""2024"": 45.5, ""2025"": -19.1, ""2026"": 12.1}"
4 trend+dip,"basis 50% tot 100%, dip dag z<-1,5, uit terug op gemiddelde",1.5,10 munten,0.42264904086513844,-0.5661057400916889,1.8663206779124923,-0.020769395100855514,-0.013420905224900137,-0.43993117917424607,0.2587193240162752,42.7687852222918,0.15508021390374332,2.035357322078264,-0.06145275655741853,79,"{""2018"": -48.2, ""2019"": 13.4, ""2020"": 69.1, ""2021"": 683.5, ""2022"": -24.6, ""2023"": 35.4, ""2024"": 15.7, ""2025"": -31.7, ""2026"": 14.4}"
4 trend+dip,"basis 50% tot 100%, dip dag z<-1,5, uit terug op gemiddelde",2.0,BTC+ETH,0.12521845493232742,-0.8023108018173145,1.2676906211906815,-0.4429673226361832,0.2464847736570226,-0.3755366392070336,1.173036202415323,6.975657482780213,0.2786885245901639,0.7153672306867032,-0.0876780825204475,79,"{""2018"": -50.7, ""2019"": 5.1, ""2020"": 94.8, ""2021"": 27.9, ""2022"": -16.7, ""2023"": 84.0, ""2024"": 35.7, ""2025"": 5.8, ""2026"": 26.0}"
4 trend+dip,"basis 50% tot 100%, dip dag z<-1,5, uit terug op gemiddelde",2.0,BTC,0.03752785025910543,-0.8468059248051254,0.8737384382855586,-0.6190615078771771,0.2300837820162105,-0.38541878919029593,1.1372672638728563,3.773716343143394,0.24242424242424243,0.4878097040913433,-0.07356725090143619,79,"{""2018"": -39.4, ""2019"": 20.6, ""2020"": 138.3, ""2021"": -69.1, ""2022"": 0.0, ""2023"": 129.0, ""2024"": 50.3, ""2025"": -7.0, ""2026"": 24.9}"
4 trend+dip,"basis 50% tot 100%, dip dag z<-1,5, uit terug op gemiddelde",2.0,5 munten,0.1559735337831607,-0.7478450250753601,1.3515884200077009,-0.6046883704803994,0.1524104908172419,-0.4324595965546526,0.8891198958786022,22.756653099561678,0.17587939698492464,0.911745694898316,-0.07804559632107949,79,"{""2018"": -58.6, ""2019"": 10.3, ""2020"": 81.8, ""2021"": 163.3, ""2022"": -23.5, ""2023"": 40.2, ""2024"": 60.1, ""2025"": -27.5, ""2026"": 16.2}"
4 trend+dip,"basis 50% tot 100%, dip dag z<-1,5, uit terug op gemiddelde",2.0,10 munten,0.5176573372801365,-0.7097989324216871,1.8328058674108159,-0.2220291593838971,-0.0474748868334145,-0.5581743885690007,0.26179940252827655,42.7687852222918,0.1497326203208556,2.802727249898264,-0.08465236793637813,79,"{""2018"": -58.6, ""2019"": 12.3, ""2020"": 94.5, ""2021"": 1145.0, ""2022"": -30.8, ""2023"": 48.0, ""2024"": 15.6, ""2025"": -41.9, ""2026"": 19.3}"
4 trend+dip,"basis 50% tot 100%, dip dag z<-1,5, uit terug op gemiddelde",3.0,BTC+ETH,0.02720156857970113,-0.9067104016468253,1.285558567941058,-0.8106349219102106,0.2684324793917414,-0.5051303501049171,1.135476932047265,6.975657482780213,0.2786885245901639,0.8289500458081884,-0.1277419342431343,79,"{""2018"": -68.0, ""2019"": -4.6, ""2020"": 151.3, ""2021"": -16.6, ""2022"": -23.6, ""2023"": 132.2, ""2024"": 36.2, ""2025"": -1.5, ""2026"": 40.7}"
4 trend+dip,"basis 50% tot 100%, dip dag z<-1,5, uit terug op gemiddelde",3.0,BTC,-0.09683075509948946,-0.9550046630298786,0.7827351595423538,-0.8929100127713264,0.2726942485927881,-0.5178595421056533,1.1443948513271065,3.773716343143394,0.24242424242424243,0.5948805014749763,-0.11167034780892283,79,"{""2018"": -55.9, ""2019"": 14.2, ""2020"": 214.5, ""2021"": -89.3, ""2022"": 0.0, ""2023"": 215.5, ""2024"": 66.1, ""2025"": -17.1, ""2026"": 38.7}"
4 trend+dip,"basis 50% tot 100%, dip dag z<-1,5, uit terug op gemiddelde",3.0,5 munten,0.09039116450918483,-0.9047038687361892,1.4195704539760243,-0.8602499381726525,0.12000207678515129,-0.6088184907509229,0.8425371928377845,22.756653099561678,0.1507537688442211,1.1541939919390347,-0.1236105268616629,79,"{""2018"": -75.4, ""2019"": 4.3, ""2020"": 136.1, ""2021"": 148.2, ""2022"": -32.7, ""2023"": 61.8, ""2024"": 85.4, ""2025"": -47.9, ""2026"": 24.1}"
4 trend+dip,"basis 50% tot 100%, dip dag z<-1,5, uit terug op gemiddelde",3.0,10 munten,0.538385481194606,-0.8846162057626302,1.6485977730081667,-0.64917618960371,-0.15566199384595092,-0.7528564002931639,0.24366754874109817,42.7687852222918,0.12566844919786097,3.159873148431908,-0.13302893317397582,79,"{""2018"": -75.4, ""2019"": 6.5, ""2020"": 148.9, ""2021"": 1736.2, ""2022"": -41.1, ""2023"": 72.9, ""2024"": 12.0, ""2025"": -61.7, ""2026"": 29.3}"
4 trend+dip,"basis 50% tot 150%, dip dag z<-1,5, uit terug op gemiddelde",1.0,BTC+ETH,0.08108659509230987,-0.6487361563554833,0.9825564204230586,-0.25529657467423506,0.19902955577314319,-0.28333615083726105,1.2868681327384912,6.975657482780213,0.26229508196721313,0.42206073137238626,-0.057879796924010664,80,"{""2018"": -35.1, ""2019"": 1.8, ""2020"": 37.6, ""2021"": 26.5, ""2022"": -12.5, ""2023"": 55.8, ""2024"": 20.5, ""2025"": 16.6, ""2026"": 16.2}"
4 trend+dip,"basis 50% tot 150%, dip dag z<-1,5, uit terug op gemiddelde",1.0,BTC,0.024782167967775992,-0.7000377999212053,0.6219107291751462,-0.3832470568652102,0.17534431801036,-0.2866449684539597,1.1931325098396297,3.773716343143394,0.21212121212121213,0.314319189499708,-0.04372607497409193,80,"{""2018"": -23.4, ""2019"": 9.7, ""2020"": 61.1, ""2021"": -53.6, ""2022"": 0.0, ""2023"": 83.3, ""2024"": 24.8, ""2025"": 8.2, ""2026"": 14.8}"
4 trend+dip,"basis 50% tot 150%, dip dag z<-1,5, uit terug op gemiddelde",1.0,5 munten,0.05140360463606175,-0.5571944438052263,0.8016143318202492,-0.45448203229671025,0.12833758373806137,-0.26116254417623663,0.9466391644578365,22.756653099561678,0.1708542713567839,0.46943095614429103,-0.04971691151929312,80,"{""2018"": -42.2, ""2019"": 0.7, ""2020"": 31.2, ""2021"": 60.1, ""2022"": -15.1, ""2023"": 28.4, ""2024"": 24.8, ""2025"": -5.8, ""2026"": 11.1}"
4 trend+dip,"basis 50% tot 150%, dip dag z<-1,5, uit terug op gemiddelde",1.0,10 munten,0.28869373070387927,-0.5290871279904388,1.544437580244718,-0.1854459760851075,-0.011164677259912437,-0.3702980300838855,0.19399909996258063,42.7687852222918,0.1443850267379679,1.4834566614570022,-0.05138984611304298,80,"{""2018"": -42.2, ""2019"": 0.4, ""2020"": 37.8, ""2021"": 454.2, ""2022"": -21.4, ""2023"": 27.6, ""2024"": 3.0, ""2025"": -21.0, ""2026"": 12.0}"
4 trend+dip,"basis 50% tot 150%, dip dag z<-1,5, uit terug op gemiddelde",1.5,BTC+ETH,0.08393885570639714,-0.7928182165534232,1.1057996575454196,-0.4828265359987919,0.2610729525167048,-0.3940482088009536,1.2480771660811538,6.975657482780213,0.26229508196721313,0.6745438851421451,-0.08335495503182748,80,"{""2018"": -49.2, ""2019"": -4.1, ""2020"": 70.0, ""2021"": 27.6, ""2022"": -17.8, ""2023"": 81.2, ""2024"": 25.4, ""2025"": 19.4, ""2026"": 24.8}"
4 trend+dip,"basis 50% tot 150%, dip dag z<-1,5, uit terug op gemiddelde",1.5,BTC,-0.023508585011615457,-0.8519035172037532,0.591567231222225,-0.6621988479791294,0.2487018696900214,-0.3973338388443305,1.229786957476825,3.773716343143394,0.21212121212121213,0.43506475432839686,-0.06539004662920206,80,"{""2018"": -35.4, ""2019"": 4.5, ""2020"": 101.1, ""2021"": -72.8, ""2022"": 0.0, ""2023"": 131.9, ""2024"": 38.0, ""2025"": 7.9, ""2026"": 22.7}"
4 trend+dip,"basis 50% tot 150%, dip dag z<-1,5, uit terug op gemiddelde",1.5,5 munten,0.056986598705734526,-0.7253598501570713,0.9672283188993813,-0.6446783421795848,0.16089625081174508,-0.3691316104326725,0.9318714768157691,22.756653099561678,0.1658291457286432,0.7110052826852905,-0.07737569570815334,80,"{""2018"": -57.0, ""2019"": -2.6, ""2020"": 55.6, ""2021"": 83.6, ""2022"": -21.5, ""2023"": 45.3, ""2024"": 36.2, ""2025"": -14.2, ""2026"": 16.7}"
4 trend+dip,"basis 50% tot 150%, dip dag z<-1,5, uit terug op gemiddelde",1.5,10 munten,0.4215075838693072,-0.6905606284271621,1.5375171979595,-0.3646229123718916,-0.05360589513394909,-0.5288177211285436,0.18162268330715606,42.7687852222918,0.14171122994652408,3.081455155141479,-0.08124323085686805,80,"{""2018"": -57.0, ""2019"": -2.4, ""2020"": 64.1, ""2021"": 1012.8, ""2022"": -29.2, ""2023"": 45.1, ""2024"": 0.9, ""2025"": -34.3, ""2026"": 18.1}"
4 trend+dip,"basis 50% tot 150%, dip dag z<-1,5, uit terug op gemiddelde",2.0,BTC+ETH,-0.006396073250499179,-0.872888282605899,1.0374851092906892,-0.7799041339052135,0.3084106657671437,-0.48726544189530663,1.2480126867607415,6.975657482780213,0.26229508196721313,0.6591532781822449,-0.10835874309965558,80,"{""2018"": -61.0, ""2019"": -13.0, ""2020"": 97.0, ""2021"": -14.1, ""2022"": -22.9, ""2023"": 110.0, ""2024"": 26.4, ""2025"": 21.6, ""2026"": 34.1}"
4 trend+dip,"basis 50% tot 150%, dip dag z<-1,5, uit terug op gemiddelde",2.0,BTC,-0.12086612744994152,-0.9385603103970677,0.509819318233492,-0.8600331155915627,0.27678145407740473,-0.4964220090479481,1.18542951270162,3.773716343143394,0.21212121212121213,0.4907209958695032,-0.08807783741054581,80,"{""2018"": -45.5, ""2019"": -4.0, ""2020"": 141.5, ""2021"": -87.4, ""2022"": 0.0, ""2023"": 186.8, ""2024"": 40.5, ""2025"": 5.3, ""2026"": 30.8}"
4 trend+dip,"basis 50% tot 150%, dip dag z<-1,5, uit terug op gemiddelde",2.0,5 munten,0.01731492387530653,-0.8567710171131974,1.0356974685515037,-0.8187410242543571,0.16346873635131143,-0.46519219497116393,0.9036703769094607,22.756653099561678,0.16080402010050251,0.8149421015175113,-0.10736913859471414,80,"{""2018"": -68.7, ""2019"": -10.6, ""2020"": 82.7, ""2021"": 77.2, ""2022"": -27.3, ""2023"": 63.7, ""2024"": 46.7, ""2025"": -25.6, ""2026"": 22.2}"
4 trend+dip,"basis 50% tot 150%, dip dag z<-1,5, uit terug op gemiddelde",2.0,10 munten,0.4847669257114591,-0.814201599267595,1.4272967248553314,-0.6367889759206791,-0.11021868873402274,-0.658985772681252,0.18067020592287641,42.7687852222918,0.13636363636363635,3.961085683927602,-0.11204152358587426,80,"{""2018"": -68.7, ""2019"": -12.3, ""2020"": 90.3, ""2021"": 1739.2, ""2022"": -35.6, ""2023"": 62.6, ""2024"": -4.0, ""2025"": -46.2, ""2026"": 24.5}"
4 trend+dip,"basis 50% tot 150%, dip dag z<-1,5, uit terug op gemiddelde",3.0,BTC+ETH,-0.17129818194808366,-0.9513162420748337,1.194008169710383,-0.9604793266752174,0.26570767126702677,-0.6592463963798807,1.1483950418478703,6.975657482780213,0.2459016393442623,0.5914987964000621,-0.15369866215469938,80,"{""2018"": -76.0, ""2019"": -36.4, ""2020"": 170.2, ""2021"": -57.6, ""2022"": -31.5, ""2023"": 157.6, ""2024"": 4.9, ""2025"": 15.7, ""2026"": 53.8}"
4 trend+dip,"basis 50% tot 150%, dip dag z<-1,5, uit terug op gemiddelde",3.0,BTC,-0.3689546810033816,-0.9901292926322247,0.4116615532565449,-0.9875227513213078,0.276943627545319,-0.6853646548014125,1.152804247083604,3.773716343143394,0.18181818181818182,0.6223303728277781,-0.13773164030432755,80,"{""2018"": -60.9, ""2019"": -42.8, ""2020"": 194.6, ""2021"": -97.6, ""2022"": 0.0, ""2023"": 292.7, ""2024"": 42.0, ""2025"": -7.7, ""2026"": 46.9}"
4 trend+dip,"basis 50% tot 150%, dip dag z<-1,5, uit terug op gemiddelde",3.0,5 munten,-0.10026418547115223,-0.9564181843850428,1.197197636456758,-0.9564041998794232,0.1519237085301477,-0.6846120422089735,0.9487790545850884,21.3843926111459,0.13368983957219252,0.7297727159698527,-0.16309165045449092,80,"{""2018"": -82.8, ""2019"": -27.2, ""2020"": 130.3, ""2021"": 43.2, ""2022"": -37.7, ""2023"": 98.9, ""2024"": 54.8, ""2025"": -42.9, ""2026"": 36.4}"
4 trend+dip,"basis 50% tot 150%, dip dag z<-1,5, uit terug op gemiddelde",3.0,10 munten,0.37269333127119175,-0.9500217172280032,1.3086882887175848,-0.9100582107293855,-0.2435234331724352,-0.8339112922489248,0.1926597829115751,41.39652473387602,0.10497237569060773,1.8824745533654113,-0.17196272233852983,80,"{""2018"": -82.8, ""2019"": -28.9, ""2020"": 134.3, ""2021"": 1917.9, ""2022"": -46.6, ""2023"": 98.5, ""2024"": -17.9, ""2025"": -66.3, ""2026"": 39.3}"
4 trend+dip,"basis 70% tot 100%, dip dag z<-1,5, uit terug op gemiddelde",1.0,BTC+ETH,0.2660926435246458,-0.5651270968740814,1.9441188505606988,0.5878204797126252,0.21323337043223844,-0.21125371926295278,1.361175194438994,6.975657482780213,0.29508196721311475,0.6181004513472319,-0.050574646195169916,81,"{""2018"": -33.1, ""2019"": 20.1, ""2020"": 97.3, ""2021"": 77.9, ""2022"": -8.8, ""2023"": 57.7, ""2024"": 43.5, ""2025"": 1.4, ""2026"": 16.0}"
4 trend+dip,"basis 70% tot 100%, dip dag z<-1,5, uit terug op gemiddelde",1.0,BTC,0.19619425036134786,-0.5874393959355425,1.6750847067596089,0.19670127567746754,0.2018489417102034,-0.22436899378840836,1.3274887680781882,3.773716343143394,0.24242424242424243,0.4803598350446012,-0.04114338456903137,81,"{""2018"": -26.7, ""2019"": 36.5, ""2020"": 113.5, ""2021"": -24.1, ""2022"": 0.0, ""2023"": 78.6, ""2024"": 52.0, ""2025"": -6.7, ""2026"": 15.9}"
4 trend+dip,"basis 70% tot 100%, dip dag z<-1,5, uit terug op gemiddelde",1.0,5 munten,0.29623904753002295,-0.46324077934530605,2.050802272359471,0.1869260283391181,0.17578033371655732,-0.29913197832589655,1.1550450704023405,22.756653099561678,0.21608040201005024,0.722873592236882,-0.04210252861315199,81,"{""2018"": -39.3, ""2019"": 22.4, ""2020"": 85.8, ""2021"": 212.2, ""2022"": -15.0, ""2023"": 28.4, ""2024"": 62.1, ""2025"": -16.3, ""2026"": 9.9}"
4 trend+dip,"basis 70% tot 100%, dip dag z<-1,5, uit terug op gemiddelde",1.0,10 munten,0.519197651114601,-0.4427911663448991,2.61359934874664,0.8447829430764453,0.0703164534633991,-0.36336149502734894,0.6207024939679094,42.7687852222918,0.18181818181818182,1.5013777840034903,-0.04597266146270125,81,"{""2018"": -39.3, ""2019"": 26.0, ""2020"": 97.9, ""2021"": 615.1, ""2022"": -19.6, ""2023"": 36.0, ""2024"": 38.0, ""2025"": -25.8, ""2026"": 12.5}"
4 trend+dip,"basis 70% tot 100%, dip dag z<-1,5, uit terug op gemiddelde",1.5,BTC+ETH,0.18977166409349322,-0.7446493595838435,1.4609582260976466,-0.1954182103735873,0.21147204960222754,-0.32044329704763286,1.0991010320405938,6.975657482780213,0.29508196721311475,0.6966504585554474,-0.07878852545897086,81,"{""2018"": -46.8, ""2019"": 18.7, ""2020"": 104.5, ""2021"": 40.5, ""2022"": -13.3, ""2023"": 76.8, ""2024"": 42.2, ""2025"": -4.0, ""2026"": 22.8}"
4 trend+dip,"basis 70% tot 100%, dip dag z<-1,5, uit terug op gemiddelde",1.5,BTC,0.11339716020699564,-0.7844539532684747,1.1473501407727877,-0.4392911242777221,0.19482357567007935,-0.33773928774963424,1.0529669876013286,3.773716343143394,0.24242424242424243,0.5377030303088386,-0.06740238472749603,81,"{""2018"": -38.3, ""2019"": 40.4, ""2020"": 142.3, ""2021"": -57.3, ""2022"": 0.0, ""2023"": 109.7, ""2024"": 55.0, ""2025"": -15.2, ""2026"": 22.7}"
4 trend+dip,"basis 70% tot 100%, dip dag z<-1,5, uit terug op gemiddelde",1.5,5 munten,0.2348718826000049,-0.6889271441922155,1.5957951725363493,-0.445104111633167,0.12497368028665301,-0.4457886844139235,0.8088387446815339,22.756653099561678,0.18592964824120603,0.9686117225223351,-0.06987331869917834,81,"{""2018"": -54.4, ""2019"": 23.2, ""2020"": 92.2, ""2021"": 220.3, ""2022"": -22.0, ""2023"": 29.9, ""2024"": 69.8, ""2025"": -32.8, ""2026"": 13.3}"
4 trend+dip,"basis 70% tot 100%, dip dag z<-1,5, uit terug op gemiddelde",1.5,10 munten,0.5420197113571514,-0.6897665073312933,2.1071778525733276,0.06112785900298823,-0.02714975583642587,-0.5534545496423366,0.2967424217630715,42.7687852222918,0.15240641711229946,2.3744093292074036,-0.07611032528291639,81,"{""2018"": -54.4, ""2019"": 27.5, ""2020"": 106.7, ""2021"": 937.2, ""2022"": -28.4, ""2023"": 42.4, ""2024"": 28.9, ""2025"": -42.7, ""2026"": 17.4}"
4 trend+dip,"basis 70% tot 100%, dip dag z<-1,5, uit terug op gemiddelde",2.0,BTC+ETH,0.1704500461126801,-0.8398726060585053,1.4725030925584686,-0.4840108030817546,0.2308878539016701,-0.40771365310897545,1.0755913623682518,6.975657482780213,0.26229508196721313,0.9814919317104205,-0.099131030848983,81,"{""2018"": -57.6, ""2019"": 14.6, ""2020"": 143.0, ""2021"": 29.0, ""2022"": -17.3, ""2023"": 98.7, ""2024"": 47.2, ""2025"": -9.6, ""2026"": 31.0}"
4 trend+dip,"basis 70% tot 100%, dip dag z<-1,5, uit terug op gemiddelde",2.0,BTC,0.06406341187768283,-0.877337861738801,1.0680674628382776,-0.691413929684611,0.21738644239592153,-0.43308059197167714,1.0450559848329444,3.773716343143394,0.24242424242424243,0.6566182460979739,-0.08958172871988125,81,"{""2018"": -49.0, ""2019"": 38.4, ""2020"": 198.7, ""2021"": -72.4, ""2022"": 0.0, ""2023"": 145.1, ""2024"": 67.6, ""2025"": -23.0, ""2026"": 30.9}"
4 trend+dip,"basis 70% tot 100%, dip dag z<-1,5, uit terug op gemiddelde",2.0,5 munten,0.24024332493113598,-0.812129420156469,1.6471700903338342,-0.6532084374657274,0.13027503741866253,-0.5643361246490642,0.8319117062847166,22.756653099561678,0.17587939698492464,1.2869131273139354,-0.095280898243419,81,"{""2018"": -65.3, ""2019"": 25.2, ""2020"": 124.4, ""2021"": 266.0, ""2022"": -28.0, ""2023"": 39.5, ""2024"": 96.8, ""2025"": -44.8, ""2026"": 17.6}"
4 trend+dip,"basis 70% tot 100%, dip dag z<-1,5, uit terug op gemiddelde",2.0,10 munten,0.5751031971494156,-0.8119785214056368,2.0070207740833506,-0.2156905702662032,-0.0810319081309443,-0.6834264386823505,0.2970511774763961,42.7687852222918,0.13903743315508021,2.5000446948359913,-0.10368471452170948,81,"{""2018"": -65.3, ""2019"": 31.2, ""2020"": 140.1, ""2021"": 1187.8, ""2022"": -35.6, ""2023"": 56.6, ""2024"": 31.0, ""2025"": -55.1, ""2026"": 23.1}"
4 trend+dip,"basis 70% tot 100%, dip dag z<-1,5, uit terug op gemiddelde",3.0,BTC+ETH,0.013673970695116111,-0.9431096366575552,1.5058070280720386,-0.8955608361301204,0.2217238090800513,-0.6259231714726661,1.080036858141872,6.975657482780213,0.22950819672131148,1.139771195435638,-0.14393410876729432,81,"{""2018"": -74.7, ""2019"": -3.4, ""2020"": 231.5, ""2021"": -31.3, ""2022"": -24.4, ""2023"": 148.5, ""2024"": 49.7, ""2025"": -23.2, ""2026"": 47.5}"
4 trend+dip,"basis 70% tot 100%, dip dag z<-1,5, uit terug op gemiddelde",3.0,BTC,-0.10325493613798364,-0.9715002052876507,1.0374689588736925,-0.9463728692738643,0.21971709188157829,-0.6235752080154687,1.0679011006583776,3.773716343143394,0.24242424242424243,0.7702305267234268,-0.13392735584120846,81,"{""2018"": -65.2, ""2019"": 23.6, ""2020"": 343.2, ""2021"": -92.1, ""2022"": 0.0, ""2023"": 238.8, ""2024"": 91.9, ""2025"": -40.4, ""2026"": 47.5}"
4 trend+dip,"basis 70% tot 100%, dip dag z<-1,5, uit terug op gemiddelde",3.0,5 munten,0.15815130733139093,-0.9446503555474467,1.8220009027134416,-0.9174113444674461,0.06332178300936997,-0.7616777686670412,0.8516125280644057,22.756653099561678,0.135678391959799,1.6207494814935073,-0.14902849121912293,81,"{""2018"": -81.7, ""2019"": 14.6, ""2020"": 216.3, ""2021"": 285.7, ""2022"": -38.9, ""2023"": 51.3, ""2024"": 144.1, ""2025"": -65.9, ""2026"": 24.6}"
4 trend+dip,"basis 70% tot 100%, dip dag z<-1,5, uit terug op gemiddelde",3.0,10 munten,0.45225422577838503,-0.9509698895050478,1.890287593006368,-0.7643104685746719,-0.23912743830733996,-0.8620839965519207,0.3114164008799369,42.7687852222918,0.10427807486631016,1.890995690641281,-0.16478504537171548,81,"{""2018"": -81.7, ""2019"": 18.1, ""2020"": 233.2, ""2021"": 1179.3, ""2022"": -47.7, ""2023"": 74.7, ""2024"": 23.4, ""2025"": -75.1, ""2026"": 34.9}"
4 trend+dip,"basis 70% tot 150%, dip dag z<-1,5, uit terug op gemiddelde",1.0,BTC+ETH,0.1321768879741454,-0.6871996426374228,1.23512011565673,-0.1892512821545661,0.20914950777793417,-0.29548435052901456,1.2166589535955235,6.975657482780213,0.2786885245901639,0.526844068216724,-0.06532544209038488,82,"{""2018"": -39.8, ""2019"": 9.4, ""2020"": 64.2, ""2021"": 33.8, ""2022"": -12.8, ""2023"": 63.5, ""2024"": 29.1, ""2025"": 9.0, ""2026"": 18.6}"
4 trend+dip,"basis 70% tot 150%, dip dag z<-1,5, uit terug op gemiddelde",1.0,BTC,0.0757965196362611,-0.7302491707203661,0.9464374007992439,-0.3461744903861639,0.18834536148274128,-0.30221602590046226,1.148264597642287,3.773716343143394,0.24242424242424243,0.3811790179926397,-0.05305693314613942,82,"{""2018"": -29.0, ""2019"": 24.0, ""2020"": 92.5, ""2021"": -53.2, ""2022"": 0.0, ""2023"": 93.3, ""2024"": 36.5, ""2025"": -0.7, ""2026"": 17.7}"
4 trend+dip,"basis 70% tot 150%, dip dag z<-1,5, uit terug op gemiddelde",1.0,5 munten,0.1244434247581927,-0.6022145452632071,1.1895513407361493,-0.432933529427714,0.13466897168182168,-0.31718779159911303,0.9012430095362362,22.756653099561678,0.18592964824120603,0.6104106421054655,-0.05542190713930326,82,"{""2018"": -47.2, ""2019"": 9.7, ""2020"": 53.8, ""2021"": 111.0, ""2022"": -17.7, ""2023"": 28.8, ""2024"": 40.6, ""2025"": -15.8, ""2026"": 11.9}"
4 trend+dip,"basis 70% tot 150%, dip dag z<-1,5, uit terug op gemiddelde",1.0,10 munten,0.39744425589420507,-0.5451413738107455,1.8158294184100954,-0.05704202613346676,-0.012578192514129838,-0.4128289505627071,0.24633739484066386,42.7687852222918,0.15508021390374332,1.953497371171645,-0.059279976378529074,82,"{""2018"": -47.2, ""2019"": 10.8, ""2020"": 62.1, ""2021"": 641.7, ""2022"": -23.8, ""2023"": 33.3, ""2024"": 12.6, ""2025"": -29.4, ""2026"": 14.0}"
4 trend+dip,"basis 70% tot 150%, dip dag z<-1,5, uit terug op gemiddelde",1.5,BTC+ETH,0.1224260843141145,-0.8258967294629148,1.2943303771535108,-0.49776192545951714,0.25711046034993323,-0.40747463676658036,1.1716298920548234,6.975657482780213,0.2786885245901639,0.8224660563948353,-0.09512558511048592,82,"{""2018"": -54.4, ""2019"": 2.7, ""2020"": 101.9, ""2021"": 30.1, ""2022"": -18.2, ""2023"": 93.4, ""2024"": 35.3, ""2025"": 6.3, ""2026"": 28.6}"
4 trend+dip,"basis 70% tot 150%, dip dag z<-1,5, uit terug op gemiddelde",1.5,BTC,0.006479299472161415,-0.878422218994881,0.807901975956519,-0.6939764346790098,0.2492431765025982,-0.4165919115898773,1.1627283199501142,3.773716343143394,0.24242424242424243,0.49798167699682605,-0.08007789166609813,82,"{""2018"": -42.8, ""2019"": 17.2, ""2020"": 145.2, ""2021"": -74.7, ""2022"": 0.0, ""2023"": 146.8, ""2024"": 52.1, ""2025"": -5.8, ""2026"": 27.1}"
4 trend+dip,"basis 70% tot 150%, dip dag z<-1,5, uit terug op gemiddelde",1.5,5 munten,0.13905625878708006,-0.7809368884582306,1.3246819109282906,-0.6639773665683554,0.14856382842943838,-0.45826504890479103,0.8711417770353684,22.756653099561678,0.1658291457286432,0.9924678112457601,-0.08555660598652912,82,"{""2018"": -62.2, ""2019"": 7.3, ""2020"": 86.6, ""2021"": 158.8, ""2022"": -25.0, ""2023"": 45.8, ""2024"": 58.7, ""2025"": -29.3, ""2026"": 17.8}"
4 trend+dip,"basis 70% tot 150%, dip dag z<-1,5, uit terug op gemiddelde",1.5,10 munten,0.5322338915255189,-0.7424800471620743,1.759094028084993,-0.32497959497191053,-0.07030845690262744,-0.5895525951122392,0.22793360819941932,42.7687852222918,0.14171122994652408,3.352601339475982,-0.09265610957968565,82,"{""2018"": -62.2, ""2019"": 9.6, ""2020"": 99.0, ""2021"": 1346.9, ""2022"": -32.7, ""2023"": 51.9, ""2024"": 12.2, ""2025"": -45.3, ""2026"": 21.1}"
4 trend+dip,"basis 70% tot 150%, dip dag z<-1,5, uit terug op gemiddelde",2.0,BTC+ETH,0.02941051869254041,-0.8974352316698082,1.2547752301350494,-0.7943509244827004,0.28583156549822064,-0.501540730907827,1.1717194319015207,6.975657482780213,0.2786885245901639,0.7856082254566351,-0.12370226576555444,82,"{""2018"": -66.8, ""2019"": -5.4, ""2020"": 143.7, ""2021"": -13.6, ""2022"": -23.5, ""2023"": 126.7, ""2024"": 36.6, ""2025"": 2.9, ""2026"": 39.4}"
4 trend+dip,"basis 70% tot 150%, dip dag z<-1,5, uit terug op gemiddelde",2.0,BTC,-0.09888265326347967,-0.9509468469811425,0.7304221144121285,-0.886102402164966,0.26147896596625997,-0.5122649281766675,1.1243193971574983,3.773716343143394,0.24242424242424243,0.5531872107151823,-0.1072321792041178,82,"{""2018"": -54.1, ""2019"": 10.1, ""2020"": 202.6, ""2021"": -88.8, ""2022"": 0.0, ""2023"": 206.9, ""2024"": 56.0, ""2025"": -12.8, ""2026"": 37.1}"
4 trend+dip,"basis 70% tot 150%, dip dag z<-1,5, uit terug op gemiddelde",2.0,5 munten,0.0858676902759632,-0.8933001508220226,1.3657653626058845,-0.8458800514885275,0.13566525118075168,-0.5844881640072377,0.8633639611309027,22.756653099561678,0.15577889447236182,1.143519904860437,-0.1204718100562021,82,"{""2018"": -73.9, ""2019"": 1.2, ""2020"": 123.5, ""2021"": 145.4, ""2022"": -31.6, ""2023"": 61.5, ""2024"": 80.2, ""2025"": -44.1, ""2026"": 23.7}"
4 trend+dip,"basis 70% tot 150%, dip dag z<-1,5, uit terug op gemiddelde",2.0,10 munten,0.5128002836137662,-0.871129967010397,1.5709930171672097,-0.6455588530348915,-0.14611484129578356,-0.7266706672057552,0.2265743638395002,42.7687852222918,0.13101604278074866,2.9621567524537684,-0.12857742111276835,82,"{""2018"": -73.9, ""2019"": 2.3, ""2020"": 132.4, ""2021"": 1646.8, ""2022"": -40.0, ""2023"": 70.8, ""2024"": 8.6, ""2025"": -58.9, ""2026"": 28.3}"
4 trend+dip,"basis 70% tot 150%, dip dag z<-1,5, uit terug op gemiddelde",3.0,BTC+ETH,-0.1847300358312527,-0.9703721883310069,1.4251683929872803,-0.9758856029931057,0.21138314089060328,-0.6966559528062651,1.1213753412481013,6.975657482780213,0.19672131147540983,0.8138372745624215,-0.16312253045101846,82,"{""2018"": -81.3, ""2019"": -36.3, ""2020"": 256.7, ""2021"": -65.2, ""2022"": -32.3, ""2023"": 179.0, ""2024"": 15.2, ""2025"": -11.2, ""2026"": 61.2}"
4 trend+dip,"basis 70% tot 150%, dip dag z<-1,5, uit terug op gemiddelde",3.0,BTC,-0.3702109710588737,-0.9933205722199671,0.7032860111267534,-0.9935557642421406,0.2264015058973241,-0.7282283971942954,1.1220111688625296,3.773716343143394,0.18181818181818182,0.7451585963033075,-0.15567001962658994,82,"{""2018"": -69.2, ""2019"": -38.1, ""2020"": 327.6, ""2021"": -98.2, ""2022"": 0.0, ""2023"": 322.1, ""2024"": 65.0, ""2025"": -33.6, ""2026"": 56.3}"
4 trend+dip,"basis 70% tot 150%, dip dag z<-1,5, uit terug op gemiddelde",3.0,5 munten,-0.05025748799714802,-0.974709231197714,1.6426220644377194,-0.9751407246116348,0.1443948897055305,-0.7438611651218602,1.0218388326850483,21.3843926111459,0.11229946524064172,1.0404023882682016,-0.18187402101815,82,"{""2018"": -87.4, ""2019"": -20.8, ""2020"": 203.9, ""2021"": 126.1, ""2022"": -43.5, ""2023"": 83.1, ""2024"": 104.3, ""2025"": -58.2, ""2026"": 38.2}"
4 trend+dip,"basis 70% tot 150%, dip dag z<-1,5, uit terug op gemiddelde",3.0,10 munten,0.265122930822679,-0.9759069364946978,1.4789747916246334,-0.9385982301204477,-0.30418267091293427,-0.8800092471082821,0.2950853722489274,41.39652473387602,0.08839779005524862,1.0809027596137277,-0.20137303707078358,82,"{""2018"": -87.4, ""2019"": -21.5, ""2020"": 208.4, ""2021"": 1178.0, ""2022"": -52.4, ""2023"": 97.3, ""2024"": -9.4, ""2025"": -76.9, ""2026"": 45.7}"
4 trend+dip,"basis 50% tot 100%, dip dag z<-2, uit terug op gemiddelde",1.0,BTC+ETH,0.2271710763156154,-0.4243661877011671,2.02618561276359,0.6874262165339484,0.17574005440361384,-0.17598420607546927,1.4436993978791053,6.975657482780213,0.29508196721311475,0.42565040093638096,-0.03655106330370453,83,"{""2018"": -27.0, ""2019"": 12.6, ""2020"": 79.7, ""2021"": 62.5, ""2022"": -8.4, ""2023"": 53.2, ""2024"": 33.9, ""2025"": 5.2, ""2026"": 10.0}"
4 trend+dip,"basis 50% tot 100%, dip dag z<-2, uit terug op gemiddelde",1.0,BTC,0.1527936397502414,-0.492669933282205,1.626810174116565,0.22692057304510738,0.17363892883362642,-0.15907477552326232,1.4336313159335197,3.773716343143394,0.24242424242424243,0.34031673139428675,-0.030849291361245246,83,"{""2018"": -18.6, ""2019"": 24.0, ""2020"": 70.1, ""2021"": -19.9, ""2022"": 0.0, ""2023"": 69.2, ""2024"": 39.5, ""2025"": 0.3, ""2026"": 10.3}"
4 trend+dip,"basis 50% tot 100%, dip dag z<-2, uit terug op gemiddelde",1.0,5 munten,0.20787830085303916,-0.3506267340838719,1.8546523222624922,0.1764119310295631,0.11810662495989499,-0.23838152737123686,1.045235697456633,22.756653099561678,0.22110552763819097,0.4215694047161673,-0.030836504281901257,83,"{""2018"": -31.0, ""2019"": 16.4, ""2020"": 52.9, ""2021"": 123.8, ""2022"": -11.8, ""2023"": 27.4, ""2024"": 41.5, ""2025"": -13.0, ""2026"": 6.8}"
4 trend+dip,"basis 50% tot 100%, dip dag z<-2, uit terug op gemiddelde",1.0,10 munten,0.38382255000063137,-0.34193776341231363,2.3778362849718895,0.5546927220972315,0.05731749884313597,-0.2615043264756083,0.5913282217764357,42.7687852222918,0.18983957219251338,0.8208877497626337,-0.032605078658184336,83,"{""2018"": -31.0, ""2019"": 19.2, ""2020"": 61.0, ""2021"": 380.9, ""2022"": -16.6, ""2023"": 28.7, ""2024"": 25.4, ""2025"": -18.0, ""2026"": 9.2}"
4 trend+dip,"basis 50% tot 100%, dip dag z<-2, uit terug op gemiddelde",1.5,BTC+ETH,0.1966973084960857,-0.6066158525883827,1.5251234680278882,0.12270444473067155,0.1950786593317666,-0.2540105239804441,1.1868565114172884,6.975657482780213,0.2786885245901639,0.5381954969499653,-0.05679934087268443,83,"{""2018"": -39.2, ""2019"": 11.8, ""2020"": 100.3, ""2021"": 40.2, ""2022"": -12.6, ""2023"": 72.7, ""2024"": 37.1, ""2025"": 3.7, ""2026"": 13.8}"
4 trend+dip,"basis 50% tot 100%, dip dag z<-2, uit terug op gemiddelde",1.5,BTC,0.10907015819358956,-0.6805235502706429,1.12568820154997,-0.26559776522696776,0.1992107880398879,-0.2424184193548734,1.206767814976397,3.773716343143394,0.24242424242424243,0.40814820817819114,-0.050152185111751804,83,"{""2018"": -27.0, ""2019"": 27.0, ""2020"": 93.9, ""2021"": -48.7, ""2022"": 0.0, ""2023"": 99.9, ""2024"": 48.6, ""2025"": -3.8, ""2026"": 14.3}"
4 trend+dip,"basis 50% tot 100%, dip dag z<-2, uit terug op gemiddelde",1.5,5 munten,0.17920249960149937,-0.5593265474751623,1.4323198561141748,-0.28816065636431876,0.08722790142891856,-0.36779019563404447,0.6961265354460675,22.756653099561678,0.17587939698492464,0.6487125854174496,-0.052111513107064696,83,"{""2018"": -44.7, ""2019"": 19.4, ""2020"": 60.8, ""2021"": 131.1, ""2022"": -17.5, ""2023"": 31.6, ""2024"": 49.5, ""2025"": -26.6, ""2026"": 9.0}"
4 trend+dip,"basis 50% tot 100%, dip dag z<-2, uit terug op gemiddelde",1.5,10 munten,0.45832730579974457,-0.5501042846596909,1.933424459157214,0.13345328997603612,0.00023629142342151965,-0.4311615980943426,0.29531221691649157,42.7687852222918,0.15508021390374332,1.7051202770981602,-0.05503940332358797,83,"{""2018"": -44.7, ""2019"": 23.3, ""2020"": 69.5, ""2021"": 665.4, ""2022"": -23.8, ""2023"": 36.8, ""2024"": 22.3, ""2025"": -31.5, ""2026"": 12.9}"
4 trend+dip,"basis 50% tot 100%, dip dag z<-2, uit terug op gemiddelde",2.0,BTC+ETH,0.20655778645679201,-0.7261119162671898,1.5105169456921685,-0.10367460292351793,0.23295043258183368,-0.32491428046251336,1.1657627922410811,6.975657482780213,0.2786885245901639,0.7288238625946054,-0.0766911973253024,83,"{""2018"": -48.7, ""2019"": 9.5, ""2020"": 132.6, ""2021"": 38.5, ""2022"": -16.3, ""2023"": 98.7, ""2024"": 45.3, ""2025"": 2.0, ""2026"": 18.4}"
4 trend+dip,"basis 50% tot 100%, dip dag z<-2, uit terug op gemiddelde",2.0,BTC,0.09466923979117325,-0.7926729232586154,1.079296003943142,-0.47712137344370376,0.24178514375604343,-0.3230384156501711,1.1957829134350115,3.773716343143394,0.24242424242424243,0.5249113731749283,-0.06711027762200925,83,"{""2018"": -35.1, ""2019"": 27.8, ""2020"": 127.0, ""2021"": -62.2, ""2022"": 0.0, ""2023"": 139.0, ""2024"": 63.5, ""2025"": -7.9, ""2026"": 19.1}"
4 trend+dip,"basis 50% tot 100%, dip dag z<-2, uit terug op gemiddelde",2.0,5 munten,0.21071101414136573,-0.6997417150694365,1.515007437640002,-0.46857035080886567,0.09098682203772834,-0.47175703172943917,0.6928830582107778,22.756653099561678,0.1658291457286432,0.9137642247096834,-0.07175815558799471,83,"{""2018"": -54.7, ""2019"": 21.0, ""2020"": 81.7, ""2021"": 177.9, ""2022"": -22.5, ""2023"": 45.2, ""2024"": 65.9, ""2025"": -36.0, ""2026"": 11.9}"
4 trend+dip,"basis 50% tot 100%, dip dag z<-2, uit terug op gemiddelde",2.0,10 munten,0.5764242148294259,-0.6905107715442516,1.8615423611950885,-0.05202134787364099,-0.036064775842407304,-0.5540138901110713,0.2610874584902271,42.7687852222918,0.13903743315508021,2.6810635584063003,-0.07572988772742831,83,"{""2018"": -54.7, ""2019"": 24.7, ""2020"": 94.3, ""2021"": 1152.8, ""2022"": -29.9, ""2023"": 50.8, ""2024"": 23.1, ""2025"": -41.9, ""2026"": 17.2}"
4 trend+dip,"basis 50% tot 100%, dip dag z<-2, uit terug op gemiddelde",3.0,BTC+ETH,0.1332176711603199,-0.8610134189928504,1.4671398542243643,-0.6198558066796362,0.26043828639132216,-0.4429954697284655,1.126682220413888,6.975657482780213,0.26229508196721313,0.9249104479345531,-0.11363513872974568,83,"{""2018"": -65.0, ""2019"": 2.5, ""2020"": 197.5, ""2021"": -4.1, ""2022"": -23.6, ""2023"": 161.1, ""2024"": 48.5, ""2025"": -2.2, ""2026"": 27.7}"
4 trend+dip,"basis 50% tot 100%, dip dag z<-2, uit terug op gemiddelde",3.0,BTC,-0.0024620657916715194,-0.9305869160940003,0.9939613349761529,-0.8141933892892816,0.30193745577875797,-0.4564892002392653,1.2117356392096001,3.773716343143394,0.24242424242424243,0.6820311614549012,-0.10146940236933387,83,"{""2018"": -49.2, ""2019"": 22.2, ""2020"": 197.2, ""2021"": -84.7, ""2022"": 0.0, ""2023"": 242.7, ""2024"": 87.5, ""2025"": -15.8, ""2026"": 28.6}"
4 trend+dip,"basis 50% tot 100%, dip dag z<-2, uit terug op gemiddelde",3.0,5 munten,0.1788496351815465,-0.8719173297538632,1.579379587346271,-0.7713858395207509,0.052147965917881844,-0.6539586080883167,0.6622063715516927,22.756653099561678,0.1407035175879397,1.205968134091718,-0.11230832687572388,83,"{""2018"": -71.2, ""2019"": 21.4, ""2020"": 130.0, ""2021"": 180.5, ""2022"": -31.6, ""2023"": 71.0, ""2024"": 97.6, ""2025"": -55.1, ""2026"": 17.6}"
4 trend+dip,"basis 50% tot 100%, dip dag z<-2, uit terug op gemiddelde",3.0,10 munten,0.6583924624607247,-0.8689090586147146,1.624245148413938,-0.5049068382795601,-0.12798115291032486,-0.7414115050690343,0.24551402963332727,42.7687852222918,0.11764705882352941,3.5350770163540206,-0.1188310489523112,83,"{""2018"": -71.2, ""2019"": 26.8, ""2020"": 145.3, ""2021"": 1908.2, ""2022"": -40.2, ""2023"": 78.6, ""2024"": 23.2, ""2025"": -60.3, ""2026"": 26.0}"
4 trend+dip,"basis 50% tot 150%, dip dag z<-2, uit terug op gemiddelde",1.0,BTC+ETH,0.146388293769115,-0.5044053718837151,1.3589867721334377,0.09119804457040437,0.17861337263838717,-0.21871600073255693,1.3042670395183973,6.975657482780213,0.26229508196721313,0.40325248086730003,-0.04500295467089153,84,"{""2018"": -32.8, ""2019"": 3.2, ""2020"": 70.0, ""2021"": 30.4, ""2022"": -12.2, ""2023"": 65.4, ""2024"": 28.0, ""2025"": 11.4, ""2026"": 9.3}"
4 trend+dip,"basis 50% tot 150%, dip dag z<-2, uit terug op gemiddelde",1.0,BTC,0.058586185175755645,-0.6275028285423001,0.8329342898475168,-0.30555557381093845,0.18321235775816236,-0.20020110739704167,1.3185617194966373,3.773716343143394,0.21212121212121213,0.32220089553083886,-0.037553736447054085,84,"{""2018"": -18.7, ""2019"": 11.9, ""2020"": 53.7, ""2021"": -46.8, ""2022"": 0.0, ""2023"": 87.9, ""2024"": 34.7, ""2025"": 6.9, ""2026"": 9.6}"
4 trend+dip,"basis 50% tot 150%, dip dag z<-2, uit terug op gemiddelde",1.0,5 munten,0.09802489382865942,-0.4612367033489271,1.0698005016141012,-0.2775362361011847,0.07135629687106215,-0.27574036964548754,0.6766819219399169,22.756653099561678,0.15577889447236182,0.46806827879167434,-0.04241434228228697,84,"{""2018"": -36.8, ""2019"": 9.8, ""2020"": 32.7, ""2021"": 66.0, ""2022"": -13.9, ""2023"": 32.1, ""2024"": 30.5, ""2025"": -17.1, ""2026"": 7.0}"
4 trend+dip,"basis 50% tot 150%, dip dag z<-2, uit terug op gemiddelde",1.0,10 munten,0.33381033469542576,-0.4290341508387219,1.6512909468813635,-0.015425866137028565,0.00589691598009745,-0.30086289978248004,0.25794593299194557,42.7687852222918,0.13903743315508021,1.2052283956121057,-0.04164856478721688,84,"{""2018"": -36.8, ""2019"": 11.8, ""2020"": 38.6, ""2021"": 441.8, ""2022"": -20.3, ""2023"": 29.4, ""2024"": 11.0, ""2025"": -20.8, ""2026"": 9.9}"
4 trend+dip,"basis 50% tot 150%, dip dag z<-2, uit terug op gemiddelde",1.5,BTC+ETH,0.1869357177264348,-0.6639229263595792,1.436056457435399,-0.05078368782087972,0.24004484462016284,-0.31238319438141005,1.262593018659983,6.975657482780213,0.26229508196721313,0.6415259240333762,-0.06655555086256208,84,"{""2018"": -45.1, ""2019"": 0.7, ""2020"": 119.4, ""2021"": 33.8, ""2022"": -17.6, ""2023"": 103.4, ""2024"": 38.3, ""2025"": 13.4, ""2026"": 13.8}"
4 trend+dip,"basis 50% tot 150%, dip dag z<-2, uit terug op gemiddelde",1.5,BTC,0.06192779252958891,-0.7779849348563426,0.9149129161079735,-0.4962515634374094,0.25548844203504095,-0.2869631988314123,1.3130011279285436,3.773716343143394,0.21212121212121213,0.48727529975919337,-0.055323204644336516,84,"{""2018"": -27.0, ""2019"": 12.5, ""2020"": 89.7, ""2021"": -63.1, ""2022"": 0.0, ""2023"": 146.8, ""2024"": 52.8, ""2025"": 6.1, ""2026"": 14.3}"
4 trend+dip,"basis 50% tot 150%, dip dag z<-2, uit terug op gemiddelde",1.5,5 munten,0.1297299211734122,-0.6440353817211759,1.2167287563879263,-0.448919014543645,0.06882275501324298,-0.41369266094282287,0.6048561338756806,22.756653099561678,0.15577889447236182,0.6778816404324288,-0.06654510938723858,84,"{""2018"": -50.1, ""2019"": 12.7, ""2020"": 55.3, ""2021"": 93.9, ""2022"": -20.0, ""2023"": 51.6, ""2024"": 44.3, ""2025"": -29.3, ""2026"": 10.3}"
4 trend+dip,"basis 50% tot 150%, dip dag z<-2, uit terug op gemiddelde",1.5,10 munten,0.5095111989526733,-0.616935234016434,1.56721249521028,-0.14714636039467222,-0.031363567760128164,-0.4695011765506193,0.19896459912396616,42.7687852222918,0.13636363636363635,2.6171414345262445,-0.06661468414674386,84,"{""2018"": -50.1, ""2019"": 14.9, ""2020"": 63.4, ""2021"": 1030.3, ""2022"": -27.9, ""2023"": 48.4, ""2024"": 11.8, ""2025"": -33.8, ""2026"": 14.9}"
4 trend+dip,"basis 50% tot 150%, dip dag z<-2, uit terug op gemiddelde",2.0,BTC+ETH,0.13061371862980065,-0.7790678978277286,1.3256712289540735,-0.4788237492757411,0.2899138087972375,-0.39768048306889714,1.2566957912476855,6.975657482780213,0.26229508196721313,0.6921721174805041,-0.09018068200391682,84,"{""2018"": -56.2, ""2019"": -5.6, ""2020"": 151.5, ""2021"": 2.9, ""2022"": -22.9, ""2023"": 144.1, ""2024"": 42.4, ""2025"": 17.5, ""2026"": 18.4}"
4 trend+dip,"basis 50% tot 150%, dip dag z<-2, uit terug op gemiddelde",2.0,BTC,-0.008880703665470446,-0.8905973139170484,0.8048865819388489,-0.7531391179531978,0.31575523386296966,-0.363231979697214,1.3155919560135494,3.773716343143394,0.21212121212121213,0.586280267253837,-0.07474936618531723,84,"{""2018"": -35.1, ""2019"": 4.3, ""2020"": 120.2, ""2021"": -80.1, ""2022"": 0.0, ""2023"": 215.3, ""2024"": 66.5, ""2025"": 6.0, ""2026"": 19.1}"
4 trend+dip,"basis 50% tot 150%, dip dag z<-2, uit terug op gemiddelde",2.0,5 munten,0.12092056523560313,-0.7882479515448659,1.2818219267987316,-0.6626789071261714,0.05453303235748819,-0.5393428977726547,0.5811063335315386,22.756653099561678,0.1457286432160804,0.8535849507684594,-0.09119568037782837,84,"{""2018"": -61.3, ""2019"": 8.7, ""2020"": 76.6, ""2021"": 104.4, ""2022"": -25.7, ""2023"": 73.0, ""2024"": 59.1, ""2025"": -41.2, ""2026"": 13.7}"
4 trend+dip,"basis 50% tot 150%, dip dag z<-2, uit terug op gemiddelde",2.0,10 munten,0.6384512391968935,-0.7656087426994583,1.4143824014455832,-0.42271400005030646,-0.08210683094187843,-0.6020116762984671,0.16971598118616799,42.7687852222918,0.12299465240641712,4.108494664248591,-0.0920718379101259,84,"{""2018"": -61.3, ""2019"": 9.8, ""2020"": 86.4, ""2021"": 1988.2, ""2022"": -34.2, ""2023"": 67.9, ""2024"": 8.9, ""2025"": -45.3, ""2026"": 20.1}"
4 trend+dip,"basis 50% tot 150%, dip dag z<-2, uit terug op gemiddelde",3.0,BTC+ETH,-0.005989109695167749,-0.9223846960024072,1.3632862741167846,-0.8541774646278079,0.2959580782548954,-0.5505569633988932,1.1867148864960735,6.975657482780213,0.2459016393442623,0.6823985347974303,-0.13134162822154297,84,"{""2018"": -70.7, ""2019"": -21.4, ""2020"": 214.5, ""2021"": -46.1, ""2022"": -31.5, ""2023"": 243.1, ""2024"": 32.7, ""2025"": 17.6, ""2026"": 27.7}"
4 trend+dip,"basis 50% tot 150%, dip dag z<-2, uit terug op gemiddelde",3.0,BTC,-0.19021819908817972,-0.9731671143691885,0.7524856331150164,-0.955194359202928,0.3389626137449808,-0.5503427491571641,1.249496976272769,3.773716343143394,0.18181818181818182,0.870150357429746,-0.11434078418200003,84,"{""2018"": -49.2, ""2019"": -30.5, ""2020"": 168.9, ""2021"": -94.1, ""2022"": 0.0, ""2023"": 393.5, ""2024"": 82.2, ""2025"": -6.4, ""2026"": 28.6}"
4 trend+dip,"basis 50% tot 150%, dip dag z<-2, uit terug op gemiddelde",3.0,5 munten,0.05682931446313133,-0.9248769614588961,1.4208391971850276,-0.8806879502905927,0.005371692166053377,-0.7241687695659214,0.5922212217986021,21.3843926111459,0.12299465240641712,0.967987059602039,-0.14724606809459534,84,"{""2018"": -75.9, ""2019"": 3.9, ""2020"": 112.6, ""2021"": 73.9, ""2022"": -35.6, ""2023"": 128.5, ""2024"": 78.1, ""2025"": -59.1, ""2026"": 22.4}"
4 trend+dip,"basis 50% tot 150%, dip dag z<-2, uit terug op gemiddelde",3.0,10 munten,0.6611872995697727,-0.9246551621699014,1.25878728480133,-0.7822624328778747,-0.19492082202089578,-0.7806656603521512,0.15332294941507724,41.39652473387602,0.09668508287292818,4.055122418126108,-0.15062590767657552,84,"{""2018"": -75.9, ""2019"": 4.7, ""2020"": 124.1, ""2021"": 2791.1, ""2022"": -45.1, ""2023"": 115.8, ""2024"": -2.2, ""2025"": -63.3, ""2026"": 32.2}"
4 trend+dip,"basis 70% tot 100%, dip dag z<-2, uit terug op gemiddelde",1.0,BTC+ETH,0.2919504508032018,-0.512021295129382,2.106416268610101,0.8086180759788633,0.20446179671697107,-0.21890296094824124,1.3489796869766058,6.975657482780213,0.29508196721311475,0.6089084842522298,-0.045918036620642005,85,"{""2018"": -32.3, ""2019"": 21.5, ""2020"": 112.1, ""2021"": 79.4, ""2022"": -8.8, ""2023"": 60.6, ""2024"": 45.3, ""2025"": -0.0, ""2026"": 13.9}"
4 trend+dip,"basis 70% tot 100%, dip dag z<-2, uit terug op gemiddelde",1.0,BTC,0.2061305416778927,-0.5559079330734114,1.7561830312616822,0.25755395231286493,0.2015582932106481,-0.22451467564270644,1.3438271967597872,3.773716343143394,0.24242424242424243,0.4770658094669692,-0.03916626961664735,85,"{""2018"": -25.2, ""2019"": 37.4, ""2020"": 109.5, ""2021"": -21.4, ""2022"": 0.0, ""2023"": 79.8, ""2024"": 54.7, ""2025"": -7.1, ""2026"": 14.4}"
4 trend+dip,"basis 70% tot 100%, dip dag z<-2, uit terug op gemiddelde",1.0,5 munten,0.31426012060665265,-0.43323675850982446,2.1539210316076116,0.3006254948563727,0.14896520137722558,-0.31763263764603444,1.044798972991941,22.756653099561678,0.21105527638190955,0.7153494153046009,-0.03989005734755158,85,"{""2018"": -37.8, ""2019"": 25.8, ""2020"": 87.8, ""2021"": 215.4, ""2022"": -14.7, ""2023"": 29.3, ""2024"": 62.7, ""2025"": -20.2, ""2026"": 8.7}"
4 trend+dip,"basis 70% tot 100%, dip dag z<-2, uit terug op gemiddelde",1.0,10 munten,0.5352473654017877,-0.4322803313565001,2.6739572716747473,0.9703210385124845,0.07202279419060131,-0.36460361666982377,0.632987703778155,42.7687852222918,0.18449197860962566,1.392788123514402,-0.043942182061996224,85,"{""2018"": -37.8, ""2019"": 30.1, ""2020"": 99.8, ""2021"": 607.7, ""2022"": -19.3, ""2023"": 36.4, ""2024"": 40.6, ""2025"": -26.2, ""2026"": 11.9}"
4 trend+dip,"basis 70% tot 100%, dip dag z<-2, uit terug op gemiddelde",1.5,BTC+ETH,0.22287012599924205,-0.7052787452106514,1.5731420548744726,-0.040400383217297886,0.20393745962479715,-0.31278531839409396,1.0884501806984894,6.975657482780213,0.2786885245901639,0.7358521225968087,-0.07230429535850669,85,"{""2018"": -46.0, ""2019"": 19.4, ""2020"": 122.9, ""2021"": 45.4, ""2022"": -13.1, ""2023"": 80.7, ""2024"": 46.5, ""2025"": -5.8, ""2026"": 19.4}"
4 trend+dip,"basis 70% tot 100%, dip dag z<-2, uit terug op gemiddelde",1.5,BTC,0.12974753347765544,-0.7565064750819301,1.212593881310884,-0.38807359440252365,0.20242814063150183,-0.3326637943942785,1.0868700587681461,3.773716343143394,0.24242424242424243,0.5443575013209527,-0.06467567754471502,85,"{""2018"": -36.7, ""2019"": 41.2, ""2020"": 136.7, ""2021"": -54.0, ""2022"": 0.0, ""2023"": 110.9, ""2024"": 61.9, ""2025"": -15.6, ""2026"": 20.0}"
4 trend+dip,"basis 70% tot 100%, dip dag z<-2, uit terug op gemiddelde",1.5,5 munten,0.2626494752950601,-0.6655548198911697,1.6852347851444407,-0.36728847757181227,0.10181931584539528,-0.4636793478455341,0.7314956037734804,22.756653099561678,0.17587939698492464,1.0150059037293477,-0.06650659326572378,85,"{""2018"": -52.6, ""2019"": 28.2, ""2020"": 93.0, ""2021"": 231.3, ""2022"": -21.5, ""2023"": 31.6, ""2024"": 73.8, ""2025"": -36.3, ""2026"": 11.4}"
4 trend+dip,"basis 70% tot 100%, dip dag z<-2, uit terug op gemiddelde",1.5,10 munten,0.5721585439033887,-0.6819381570914884,2.164131024541568,0.16586898639058756,-0.017601943570162315,-0.5478667656473251,0.31673429985472307,42.7687852222918,0.15240641711229946,2.259105383600632,-0.07269506448604234,85,"{""2018"": -52.6, ""2019"": 34.4, ""2020"": 106.9, ""2021"": 949.9, ""2022"": -27.9, ""2023"": 43.3, ""2024"": 33.4, ""2025"": -42.4, ""2026"": 16.4}"
4 trend+dip,"basis 70% tot 100%, dip dag z<-2, uit terug op gemiddelde",2.0,BTC+ETH,0.22058901842377998,-0.8087561401858379,1.5888224217346252,-0.3175377371725434,0.2230094154779121,-0.39559729207268957,1.0618011000498344,6.975657482780213,0.26229508196721313,1.014476010759557,-0.0948117322219737,85,"{""2018"": -56.5, ""2019"": 16.2, ""2020"": 169.2, ""2021"": 36.7, ""2022"": -16.9, ""2023"": 108.8, ""2024"": 52.7, ""2025"": -10.8, ""2026"": 25.8}"
4 trend+dip,"basis 70% tot 100%, dip dag z<-2, uit terug op gemiddelde",2.0,BTC,0.10826082411093685,-0.8498552836147559,1.1971160915086287,-0.6061321248845616,0.21741344079960667,-0.4331748751195038,1.0489001412625785,3.773716343143394,0.24242424242424243,0.6945302584861797,-0.08575319016896046,85,"{""2018"": -46.7, ""2019"": 45.1, ""2020"": 192.5, ""2021"": -68.1, ""2022"": 0.0, ""2023"": 152.6, ""2024"": 73.7, ""2025"": -23.2, ""2026"": 26.7}"
4 trend+dip,"basis 70% tot 100%, dip dag z<-2, uit terug op gemiddelde",2.0,5 munten,0.27863194332312946,-0.791968431312005,1.73150987775261,-0.584312134510833,0.10051525246506388,-0.5829835000196648,0.7495074057596148,22.756653099561678,0.16080402010050251,1.37224791790505,-0.09116963254842886,85,"{""2018"": -63.3, ""2019"": 31.7, ""2020"": 129.6, ""2021"": 276.0, ""2022"": -27.5, ""2023"": 42.9, ""2024"": 99.0, ""2025"": -47.4, ""2026"": 14.9}"
4 trend+dip,"basis 70% tot 100%, dip dag z<-2, uit terug op gemiddelde",2.0,10 munten,0.612406717726989,-0.8008431446724611,2.0236322580601125,-0.09701441576502179,-0.07117153871905357,-0.6766953482213403,0.2993942706257789,42.7687852222918,0.13368983957219252,2.5297954579721305,-0.0987631980348633,85,"{""2018"": -63.3, ""2019"": 38.8, ""2020"": 144.1, ""2021"": 1179.9, ""2022"": -35.1, ""2023"": 58.8, ""2024"": 35.2, ""2025"": -54.4, ""2026"": 21.7}"
4 trend+dip,"basis 70% tot 100%, dip dag z<-2, uit terug op gemiddelde",3.0,BTC+ETH,0.07449298405815408,-0.9289690954203983,1.5849790731486144,-0.8464407299717458,0.21669629798732282,-0.6034404230696117,1.0638312350193424,6.975657482780213,0.22950819672131148,1.1943059402298872,-0.13872905326280666,85,"{""2018"": -73.0, ""2019"": 0.6, ""2020"": 262.9, ""2021"": -25.4, ""2022"": -24.4, ""2023"": 167.7, ""2024"": 54.5, ""2025"": -22.7, ""2026"": 40.3}"
4 trend+dip,"basis 70% tot 100%, dip dag z<-2, uit terug op gemiddelde",3.0,BTC,-0.039954179232287945,-0.9606003191385363,1.1536261361391773,-0.9192763657672673,0.23072314050946163,-0.5969230834225616,1.0814651978282064,3.773716343143394,0.24242424242424243,0.8384435375705477,-0.12781868504124203,85,"{""2018"": -61.4, ""2019"": 30.0, ""2020"": 331.0, ""2021"": -90.1, ""2022"": 0.0, ""2023"": 258.0, ""2024"": 103.8, ""2025"": -40.2, ""2026"": 41.8}"
4 trend+dip,"basis 70% tot 100%, dip dag z<-2, uit terug op gemiddelde",3.0,5 munten,0.2064099931569663,-0.934173330076843,1.877243895627088,-0.8933718244191885,0.025219097498335508,-0.7880841305189711,0.7606431197614033,22.756653099561678,0.135678391959799,1.5804983194999738,-0.1448855956760306,85,"{""2018"": -79.8, ""2019"": 24.9, ""2020"": 207.4, ""2021"": 306.1, ""2022"": -38.4, ""2023"": 56.4, ""2024"": 154.3, ""2025"": -69.0, ""2026"": 21.5}"
4 trend+dip,"basis 70% tot 100%, dip dag z<-2, uit terug op gemiddelde",3.0,10 munten,0.5160277496380519,-0.9466158330240927,1.8284143509210857,-0.7128440871603334,-0.22300178191735665,-0.8581726114448247,0.30674234131770906,42.7687852222918,0.10427807486631016,1.9173789632549334,-0.15876558557718004,85,"{""2018"": -79.8, ""2019"": 30.5, ""2020"": 226.6, ""2021"": 1248.0, ""2022"": -47.2, ""2023"": 78.5, ""2024"": 30.4, ""2025"": -74.5, ""2026"": 33.3}"
4 trend+dip,"basis 70% tot 150%, dip dag z<-2, uit terug op gemiddelde",1.0,BTC+ETH,0.19217200401019574,-0.5844351181630065,1.5210183671848563,0.16060252485438964,0.19251573414872092,-0.24519022089920495,1.208905051438094,6.975657482780213,0.2786885245901639,0.5156561398416583,-0.054382848574974746,86,"{""2018"": -38.0, ""2019"": 11.6, ""2020"": 94.5, ""2021"": 40.0, ""2022"": -12.5, ""2023"": 70.9, ""2024"": 35.6, ""2025"": 5.0, ""2026"": 12.9}"
4 trend+dip,"basis 70% tot 150%, dip dag z<-2, uit terug op gemiddelde",1.0,BTC,0.10156217812079293,-0.6673165955667935,1.0897939866645046,-0.262347272498594,0.19799643863139904,-0.23417165870159307,1.2347439021795035,3.773716343143394,0.24242424242424243,0.3841669808150068,-0.04791136338234686,86,"{""2018"": -25.3, ""2019"": 25.7, ""2020"": 84.9, ""2021"": -48.1, ""2022"": 0.0, ""2023"": 96.3, ""2024"": 46.3, ""2025"": -1.7, ""2026"": 13.4}"
4 trend+dip,"basis 70% tot 150%, dip dag z<-2, uit terug op gemiddelde",1.0,5 munten,0.1664297362817777,-0.5345598668233063,1.3871325843616793,-0.2761852074466976,0.08562705031724072,-0.35105142585743765,0.6995386354420885,22.756653099561678,0.1658291457286432,0.645057349935352,-0.049430447245801264,86,"{""2018"": -43.2, ""2019"": 18.2, ""2020"": 55.3, ""2021"": 118.7, ""2022"": -16.8, ""2023"": 31.7, ""2024"": 45.5, ""2025"": -24.4, ""2026"": 8.6}"
4 trend+dip,"basis 70% tot 150%, dip dag z<-2, uit terug op gemiddelde",1.0,10 munten,0.4383553167655174,-0.5181172019461922,1.9037586045221366,0.12421723858661227,0.00021772424006250013,-0.4042341619042129,0.2792861943595306,42.7687852222918,0.1497326203208556,1.6564589725855612,-0.051939576784969556,86,"{""2018"": -43.2, ""2019"": 21.4, ""2020"": 62.8, ""2021"": 630.6, ""2022"": -22.9, ""2023"": 34.8, ""2024"": 19.1, ""2025"": -29.2, ""2026"": 12.3}"
4 trend+dip,"basis 70% tot 150%, dip dag z<-2, uit terug op gemiddelde",1.5,BTC+ETH,0.21015533445314838,-0.7485183086878499,1.5259659344773302,-0.14135783299224014,0.24691157679023346,-0.34442491963129596,1.1794607746051424,6.975657482780213,0.2786885245901639,0.8105687614110454,-0.082661476456992,86,"{""2018"": -51.6, ""2019"": 7.3, ""2020"": 143.5, ""2021"": 38.4, ""2022"": -18.0, ""2023"": 112.8, ""2024"": 47.5, ""2025"": 2.8, ""2026"": 19.4}"
4 trend+dip,"basis 70% tot 150%, dip dag z<-2, uit terug op gemiddelde",1.5,BTC,0.08176877287031137,-0.8247396404168845,1.0526462143399358,-0.5469346383774859,0.2588262009441695,-0.33761513194221704,1.2156371595072688,3.773716343143394,0.24242424242424243,0.549157065902562,-0.07184456360058863,86,"{""2018"": -36.7, ""2019"": 25.1, ""2020"": 131.7, ""2021"": -66.9, ""2022"": 0.0, ""2023"": 160.4, ""2024"": 66.5, ""2025"": -6.9, ""2026"": 20.0}"
4 trend+dip,"basis 70% tot 150%, dip dag z<-2, uit terug op gemiddelde",1.5,5 munten,0.20615494436772464,-0.7300439477762726,1.5080845143094415,-0.5188615008034971,0.08084887482576097,-0.5005726663804475,0.6610675638246482,22.756653099561678,0.16080402010050251,0.9808568782675573,-0.07844318503896452,86,"{""2018"": -57.5, ""2019"": 20.7, ""2020"": 85.8, ""2021"": 177.5, ""2022"": -23.9, ""2023"": 51.2, ""2024"": 67.2, ""2025"": -38.9, ""2026"": 12.7}"
4 trend+dip,"basis 70% tot 150%, dip dag z<-2, uit terug op gemiddelde",1.5,10 munten,0.6167131249970375,-0.7229092306457918,1.7903700124305926,-0.1386146299258736,-0.05062792717808584,-0.5795863729915809,0.2401903795442991,42.7687852222918,0.13636363636363635,3.272429519285519,-0.08202762986532779,86,"{""2018"": -57.5, ""2019"": 24.9, ""2020"": 98.3, ""2021"": 1414.5, ""2022"": -31.7, ""2023"": 55.0, ""2024"": 21.9, ""2025"": -44.6, ""2026"": 18.4}"
4 trend+dip,"basis 70% tot 150%, dip dag z<-2, uit terug op gemiddelde",2.0,BTC+ETH,0.1312192824313796,-0.8459126810355497,1.4280206669179751,-0.5934894750486943,0.27539056053711275,-0.43314189748403886,1.164380189817924,6.975657482780213,0.2786885245901639,0.7987034630688136,-0.11072517620561215,86,"{""2018"": -63.4, ""2019"": -0.1, ""2020"": 190.4, ""2021"": -3.0, ""2022"": -23.5, ""2023"": 156.4, ""2024"": 49.2, ""2025"": 2.1, ""2026"": 25.8}"
4 trend+dip,"basis 70% tot 150%, dip dag z<-2, uit terug op gemiddelde",2.0,BTC,0.0035912009163505676,-0.920680830803179,0.9723615005041474,-0.7932046926890441,0.2898498699831229,-0.43418519699951996,1.193302382541222,3.773716343143394,0.24242424242424243,0.6449874506730087,-0.096288354871235,86,"{""2018"": -46.7, ""2019"": 18.4, ""2020"": 183.7, ""2021"": -83.2, ""2022"": 0.0, ""2023"": 233.3, ""2024"": 76.8, ""2025"": -11.6, ""2026"": 26.7}"
4 trend+dip,"basis 70% tot 150%, dip dag z<-2, uit terug op gemiddelde",2.0,5 munten,0.1771189435540994,-0.8539426894158915,1.5377584865609775,-0.7443473815875958,0.06165520052274154,-0.6249002064503903,0.6640126534659027,22.756653099561678,0.1457286432160804,1.1768010563827422,-0.10810583123495614,86,"{""2018"": -69.1, ""2019"": 17.9, ""2020"": 122.0, ""2021"": 172.2, ""2022"": -30.5, ""2023"": 71.1, ""2024"": 90.3, ""2025"": -51.8, ""2026"": 16.7}"
4 trend+dip,"basis 70% tot 150%, dip dag z<-2, uit terug op gemiddelde",2.0,10 munten,0.6407821935826918,-0.846556332482929,1.5485622123864937,-0.46749102913802865,-0.1180491510177476,-0.712567390016239,0.22526322516770766,42.7687852222918,0.12032085561497326,3.297972527308721,-0.11286665940967008,86,"{""2018"": -69.1, ""2019"": 21.8, ""2020"": 132.7, ""2021"": 1820.7, ""2022"": -39.0, ""2023"": 76.7, ""2024"": 19.5, ""2025"": -57.3, ""2026"": 24.7}"
4 trend+dip,"basis 70% tot 150%, dip dag z<-2, uit terug op gemiddelde",3.0,BTC+ETH,-0.0673089566526418,-0.9554339378939853,1.5120536331025014,-0.938940966757688,0.2500134710582407,-0.6337574204768357,1.1457378382343797,6.975657482780213,0.19672131147540983,0.9317572311621353,-0.1497715448093129,86,"{""2018"": -78.0, ""2019"": -23.8, ""2020"": 280.6, ""2021"": -59.3, ""2022"": -32.3, ""2023"": 255.6, ""2024"": 39.0, ""2025"": -7.8, ""2026"": 40.3}"
4 trend+dip,"basis 70% tot 150%, dip dag z<-2, uit terug op gemiddelde",3.0,BTC,-0.22044139582744027,-0.9847764242653518,0.9580234119943379,-0.9777188388594722,0.2767549430909404,-0.6285495243033905,1.1749981069840183,3.773716343143394,0.18181818181818182,0.9897226201297321,-0.1363068311524442,86,"{""2018"": -61.4, ""2019"": -26.0, ""2020"": 290.3, ""2021"": -96.2, ""2022"": 0.0, ""2023"": 415.6, ""2024"": 102.9, ""2025"": -33.5, ""2026"": 41.8}"
4 trend+dip,"basis 70% tot 150%, dip dag z<-2, uit terug op gemiddelde",3.0,5 munten,0.07195028121791269,-0.9604907148711666,1.7660793485602897,-0.947268971852712,0.03923891613912733,-0.7953221415637034,0.8000961829406145,21.3843926111459,0.0962566844919786,1.4346541347627102,-0.16808158287363575,86,"{""2018"": -83.5, ""2019"": 5.7, ""2020"": 179.9, ""2021"": 153.5, ""2022"": -41.8, ""2023"": 106.7, ""2024"": 130.0, ""2025"": -67.2, ""2026"": 27.9}"
4 trend+dip,"basis 70% tot 150%, dip dag z<-2, uit terug op gemiddelde",3.0,10 munten,0.4542756386536473,-0.9667119298839175,1.402818256933148,-0.8786080877237068,-0.2619837816952585,-0.8704662800068474,0.2720529293186513,41.39652473387602,0.08011049723756906,1.6864851883384167,-0.18455495899819294,86,"{""2018"": -83.5, ""2019"": 7.0, ""2020"": 193.1, ""2021"": 1484.4, ""2022"": -51.3, ""2023"": 112.9, ""2024"": 4.3, ""2025"": -74.8, ""2026"": 40.4}"
4 trend+dip,trendstart: wacht op dip dag-RSI2<10,1.0,BTC+ETH,0.2930173336351163,-0.6050122336106643,1.9643801979640012,0.5199199181815088,0.11375498898707681,-0.28089838922616517,0.811326160243931,2.5158108954289293,0.5454545454545454,1.1044451400536954,-0.17676779606274606,87,"{""2018"": -25.3, ""2019"": 18.3, ""2020"": 152.1, ""2021"": 79.6, ""2022"": -7.6, ""2023"": 24.5, ""2024"": 43.8, ""2025"": -15.5, ""2026"": 9.6}"
4 trend+dip,trendstart: wacht op dip dag-RSI2<10,1.0,BTC,0.24872542298759326,-0.6070964194392433,1.8617227662739149,0.279518332034312,0.18096724918348506,-0.2740165501732953,1.098285074588642,1.2579054477144647,0.6363636363636364,0.626485680668764,-0.12644672500249043,87,"{""2018"": -11.7, ""2019"": 4.7, ""2020"": 202.0, ""2021"": -3.0, ""2022"": 0.0, ""2023"": 37.8, ""2024"": 66.8, ""2025"": -14.2, ""2026"": 9.1}"
4 trend+dip,trendstart: wacht op dip dag-RSI2<10,1.0,5 munten,0.3917615020405414,-0.6157534589718392,2.286015525379963,0.045979139946362046,-0.04100975665153628,-0.45869022239766444,0.0070133398268334484,7.890497808390733,0.34782608695652173,1.7094191005978303,-0.12561837023274908,87,"{""2018"": -30.7, ""2019"": 22.0, ""2020"": 122.0, ""2021"": 271.1, ""2022"": -8.8, ""2023"": 13.4, ""2024"": 19.6, ""2025"": -31.4, ""2026"": 6.2}"
4 trend+dip,trendstart: wacht op dip dag-RSI2<10,1.0,10 munten,0.7033932091373918,-0.5026457119958587,2.982043013528168,1.3038840740805546,-0.041954814197221246,-0.4702451639675398,0.045715419231015346,13.60824984345648,0.31932773109243695,3.0566588278410207,-0.13847126758789288,87,"{""2018"": -30.7, ""2019"": 28.8, ""2020"": 133.2, ""2021"": 947.8, ""2022"": -17.3, ""2023"": 28.3, ""2024"": 19.6, ""2025"": -33.6, ""2026"": 7.9}"
4 trend+dip,trendstart: wacht op dip dag-RSI2<10,1.5,BTC+ETH,0.19720326324187054,-0.7700627715860099,1.4972041532926097,-0.2761991411028226,0.04949475573127793,-0.5029697925530008,0.5686130360299491,2.5158108954289293,0.45454545454545453,1.2623546591020065,-0.23888149031127356,87,"{""2018"": -36.2, ""2019"": 12.4, ""2020"": 200.3, ""2021"": 23.4, ""2022"": -11.4, ""2023"": 22.7, ""2024"": 37.1, ""2025"": -27.6, ""2026"": 13.5}"
4 trend+dip,trendstart: wacht op dip dag-RSI2<10,1.5,BTC,0.16846606485982307,-0.7923006740545848,1.3701271976925624,-0.3987098524478684,0.13709032161080703,-0.42729848000731263,0.8368573890660157,1.2579054477144647,0.45454545454545453,0.8826799189045967,-0.1475180591297646,87,"{""2018"": -17.6, ""2019"": -7.6, ""2020"": 303.2, ""2021"": -42.6, ""2022"": 0.0, ""2023"": 41.7, ""2024"": 67.4, ""2025"": -25.8, ""2026"": 12.7}"
4 trend+dip,trendstart: wacht op dip dag-RSI2<10,1.5,5 munten,0.3188594749126328,-0.8133627126941851,1.8143541661567137,-0.5611468937629958,-0.16426867998385264,-0.6811740521208274,-0.3127515786160628,7.890497808390733,0.2463768115942029,2.1133098138182516,-0.19291867904229038,87,"{""2018"": -43.7, ""2019"": 20.5, ""2020"": 156.6, ""2021"": 214.6, ""2022"": -13.2, ""2023"": 9.6, ""2024"": 7.1, ""2025"": -49.3, ""2026"": 8.7}"
4 trend+dip,trendstart: wacht op dip dag-RSI2<10,1.5,10 munten,0.7204361125284471,-0.7203031198748099,2.413945513891196,0.4363457955356249,-0.16350202922163815,-0.6763991763349306,-0.2146717225839384,13.60824984345648,0.23529411764705882,3.6703034514864035,-0.21582314930525492,87,"{""2018"": -43.7, ""2019"": 28.9, ""2020"": 164.4, ""2021"": 1143.8, ""2022"": -24.9, ""2023"": 34.3, ""2024"": 5.4, ""2025"": -50.6, ""2026"": 11.2}"
4 trend+dip,trendstart: wacht op dip dag-RSI2<10,2.0,BTC+ETH,0.1674153688899369,-0.8761714662362754,1.5470750892188185,-0.5991049867952488,0.018475323675245958,-0.6443789977509331,0.5886644945538405,2.5158108954289293,0.45454545454545453,1.4114904910407373,-0.3201541556818834,87,"{""2018"": -45.6, ""2019"": 8.9, ""2020"": 292.6, ""2021"": -1.6, ""2022"": -14.8, ""2023"": 26.5, ""2024"": 40.9, ""2025"": -37.6, ""2026"": 17.5}"
4 trend+dip,trendstart: wacht op dip dag-RSI2<10,2.0,BTC,0.12721043770993923,-0.8904785543208321,1.3411674943656553,-0.689457134507867,0.1419439458439431,-0.5310213593593144,0.8740052901753288,1.2579054477144647,0.45454545454545453,1.0677900903535664,-0.21060835482726778,87,"{""2018"": -22.9, ""2019"": -19.9, ""2020"": 480.3, ""2021"": -62.8, ""2022"": 0.0, ""2023"": 50.1, ""2024"": 83.9, ""2025"": -34.5, ""2026"": 17.0}"
4 trend+dip,trendstart: wacht op dip dag-RSI2<10,2.0,5 munten,0.37508972249902484,-0.9038160977959624,1.9636722524104442,-0.756274743897285,-0.2605581047609653,-0.8112441887928713,-0.3556652084157946,7.890497808390733,0.2318840579710145,2.810330489888204,-0.2676303516777756,87,"{""2018"": -54.7, ""2019"": 22.4, ""2020"": 238.4, ""2021"": 286.8, ""2022"": -16.9, ""2023"": 10.9, ""2024"": 1.6, ""2025"": -63.1, ""2026"": 11.1}"
4 trend+dip,trendstart: wacht op dip dag-RSI2<10,2.0,10 munten,0.8208869066547135,-0.8405844971556578,2.414834878647835,0.2204929010488521,-0.26986923327679235,-0.8094541060623619,-0.25962003459951294,13.60824984345648,0.20168067226890757,3.360833363155708,-0.28945944588044753,87,"{""2018"": -54.7, ""2019"": 32.8, ""2020"": 249.2, ""2021"": 1441.5, ""2022"": -30.9, ""2023"": 47.5, ""2024"": -4.9, ""2025"": -64.3, ""2026"": 15.3}"
4 trend+dip,trendstart: wacht op dip dag-RSI2<10,3.0,BTC+ETH,-0.05324104197666102,-0.9751425145538234,1.5943673246190224,-0.946107796808255,-0.15103093603672757,-0.8584762559623327,0.5510281453975603,2.5158108954289293,0.3181818181818182,1.1982235203894187,-0.4200410901139347,87,"{""2018"": -61.0, ""2019"": -15.7, ""2020"": 511.5, ""2021"": -60.5, ""2022"": -21.5, ""2023"": 11.2, ""2024"": 25.4, ""2025"": -60.1, ""2026"": 24.2}"
4 trend+dip,trendstart: wacht op dip dag-RSI2<10,3.0,BTC,-0.07651658559857843,-0.9750206370144625,1.2927561328741286,-0.9569640732170893,-0.010335600510068543,-0.7673242517224765,0.7997104167253374,1.2579054477144647,0.36363636363636365,1.2082423078432436,-0.3011324844284257,87,"{""2018"": -36.1, ""2019"": -47.1, ""2020"": 919.5, ""2021"": -87.6, ""2022"": 0.0, ""2023"": 40.0, ""2024"": 85.0, ""2025"": -59.1, ""2026"": 24.3}"
4 trend+dip,trendstart: wacht op dip dag-RSI2<10,3.0,5 munten,0.16972572969711952,-0.9882610510225828,2.043476380558389,-0.9670236823655084,-0.46553790336538614,-0.9454153321855908,-0.39148513869519347,7.890497808390733,0.18840579710144928,1.7134177547764593,-0.40264589781328963,87,"{""2018"": -71.4, ""2019"": 9.8, ""2020"": 387.1, ""2021"": 121.3, ""2022"": -24.5, ""2023"": -1.3, ""2024"": -13.6, ""2025"": -83.0, ""2026"": 14.1}"
4 trend+dip,trendstart: wacht op dip dag-RSI2<10,3.0,10 munten,0.5912340486184686,-0.9776712485909064,2.4866569248006267,-0.799837311992598,-0.4729050903240337,-0.9391162180575148,-0.2197364101347431,13.60824984345648,0.15126050420168066,2.0775984334583337,-0.4531306926516039,87,"{""2018"": -71.4, ""2019"": 17.6, ""2020"": 408.5, ""2021"": 755.9, ""2022"": -41.2, ""2023"": 62.2, ""2024"": -22.5, ""2025"": -83.5, ""2026"": 21.2}"
4 trend+dip,trendstart: wacht op dip dag-RSI2<20,1.0,BTC+ETH,0.31001233790688176,-0.6225212270626682,1.9933660900933505,0.3978774434210177,0.14194677917242426,-0.27421633969449677,0.9224266074465528,2.973231058234189,0.5,1.0505389302293706,-0.14437726827955727,88,"{""2018"": -28.5, ""2019"": 34.4, ""2020"": 140.5, ""2021"": 77.3, ""2022"": -7.6, ""2023"": 31.5, ""2024"": 51.3, ""2025"": -13.3, ""2026"": 8.8}"
4 trend+dip,trendstart: wacht op dip dag-RSI2<20,1.0,BTC,0.3009736573234887,-0.6348043048690934,2.043796686198004,0.4354844318344835,0.2149614302710734,-0.2775763243711299,1.219968633342098,1.4866155291170946,0.5384615384615384,0.6967989269954913,-0.10298117881230802,88,"{""2018"": -18.3, ""2019"": 54.3, ""2020"": 212.8, ""2021"": -9.8, ""2022"": 0.0, ""2023"": 34.3, ""2024"": 67.8, ""2025"": -5.5, ""2026"": 6.5}"
4 trend+dip,trendstart: wacht op dip dag-RSI2<20,1.0,5 munten,0.39797879533259084,-0.620891432062591,2.2493703056726115,0.08827943383853798,-0.03223487942070358,-0.4472013561416054,0.10241886684053918,9.491468378209142,0.3373493975903614,1.498948515268023,-0.12154101614596621,88,"{""2018"": -34.4, ""2019"": 31.2, ""2020"": 113.0, ""2021"": 288.2, ""2022"": -15.0, ""2023"": 22.2, ""2024"": 15.8, ""2025"": -29.3, ""2026"": 6.7}"
4 trend+dip,trendstart: wacht op dip dag-RSI2<20,1.0,10 munten,0.7340821393114254,-0.5364611545103697,2.9969705060330303,1.5920163986787381,-0.01238786036131867,-0.44686261383133463,0.23543044807618452,16.8101909830933,0.3129251700680272,2.6175586804599917,-0.1221304856972229,88,"{""2018"": -34.4, ""2019"": 38.6, ""2020"": 135.1, ""2021"": 935.4, ""2022"": -21.2, ""2023"": 47.9, ""2024"": 26.0, ""2025"": -32.9, ""2026"": 9.0}"
4 trend+dip,trendstart: wacht op dip dag-RSI2<20,1.5,BTC+ETH,0.20084186899250622,-0.7889244678038564,1.5142116225957936,-0.4321361933959471,0.08582361309893516,-0.45304531179855867,0.6858018642859223,2.973231058234189,0.46153846153846156,1.0880882419632805,-0.2128055100032072,88,"{""2018"": -40.7, ""2019"": 33.1, ""2020"": 163.9, ""2021"": 21.5, ""2022"": -11.7, ""2023"": 31.5, ""2024"": 47.9, ""2025"": -25.2, ""2026"": 11.9}"
4 trend+dip,trendstart: wacht op dip dag-RSI2<20,1.5,BTC,0.20820732265605724,-0.8245602996496275,1.5068439912916365,-0.41012383072615,0.19196521755499796,-0.42300293560138846,0.9919781493132223,1.4866155291170946,0.5384615384615384,0.704496858364017,-0.1726851661723233,88,"{""2018"": -27.2, ""2019"": 58.2, ""2020"": 304.5, ""2021"": -52.0, ""2022"": 0.0, ""2023"": 36.6, ""2024"": 72.5, ""2025"": -15.0, ""2026"": 8.7}"
4 trend+dip,trendstart: wacht op dip dag-RSI2<20,1.5,5 munten,0.29570790404357616,-0.8353732679204653,1.7596584312451065,-0.5925608206784105,-0.15830970562792523,-0.6734155438432279,-0.18915121671132318,9.491468378209142,0.27710843373493976,1.6202996381539847,-0.20014428074880225,88,"{""2018"": -49.0, ""2019"": 34.4, ""2020"": 128.1, ""2021"": 226.9, ""2022"": -22.4, ""2023"": 17.9, ""2024"": 0.9, ""2025"": -47.1, ""2026"": 8.8}"
4 trend+dip,trendstart: wacht op dip dag-RSI2<20,1.5,10 munten,0.7203966658916605,-0.7791497091279556,2.41637635431617,0.45567456253524186,-0.14742155688429492,-0.6498543239850427,-0.06468092573974772,16.8101909830933,0.2585034013605442,2.7811379991225174,-0.2008847320498635,88,"{""2018"": -49.0, ""2019"": 43.9, ""2020"": 156.1, ""2021"": 1064.5, ""2022"": -30.5, ""2023"": 58.1, ""2024"": 7.6, ""2025"": -50.5, ""2026"": 12.4}"
4 trend+dip,trendstart: wacht op dip dag-RSI2<20,2.0,BTC+ETH,0.1516560610476878,-0.8814024800993605,1.5400200244428364,-0.7379362130056744,0.028518657799158076,-0.620509455463674,0.6310161502652997,2.973231058234189,0.4230769230769231,1.2718259831418146,-0.2648635122411764,88,"{""2018"": -51.5, ""2019"": 28.2, ""2020"": 244.8, ""2021"": -8.5, ""2022"": -14.8, ""2023"": 36.0, ""2024"": 48.4, ""2025"": -38.0, ""2026"": 15.5}"
4 trend+dip,trendstart: wacht op dip dag-RSI2<20,2.0,BTC,0.17180806595833853,-0.9124769639439209,1.491799864533656,-0.6993788611546733,0.16655380714228385,-0.5505174166101665,0.9338131672313322,1.4866155291170946,0.5384615384615384,0.8212752169651002,-0.222634866865855,88,"{""2018"": -35.7, ""2019"": 55.5, ""2020"": 495.8, ""2021"": -70.2, ""2022"": 0.0, ""2023"": 42.6, ""2024"": 82.5, ""2025"": -26.6, ""2026"": 11.7}"
4 trend+dip,trendstart: wacht op dip dag-RSI2<20,2.0,5 munten,0.3342605560872045,-0.918568467433624,1.9257058087546692,-0.7935170299620598,-0.27497667102930035,-0.8180152241856715,-0.27477771471425616,9.491468378209142,0.25301204819277107,2.1791994018996697,-0.27012337604843095,88,"{""2018"": -60.3, ""2019"": 35.7, ""2020"": 195.8, ""2021"": 299.9, ""2022"": -28.4, ""2023"": 22.1, ""2024"": -9.6, ""2025"": -62.3, ""2026"": 10.6}"
4 trend+dip,trendstart: wacht op dip dag-RSI2<20,2.0,10 munten,0.8011176429680287,-0.8846307276677217,2.4190730476274824,0.15553283901896942,-0.2700164118376157,-0.7985167376784011,-0.13587095052057285,16.8101909830933,0.23129251700680273,2.421973270748384,-0.27255009502366295,88,"{""2018"": -60.3, ""2019"": 47.2, ""2020"": 241.9, ""2021"": 1296.2, ""2022"": -37.6, ""2023"": 77.6, ""2024"": -5.8, ""2025"": -64.9, ""2026"": 15.5}"
4 trend+dip,trendstart: wacht op dip dag-RSI2<20,3.0,BTC+ETH,-0.09822584262036704,-0.9797179293971269,1.5866305548832056,-0.9747440159971733,-0.15373973790023887,-0.8606702875581935,0.578557079764777,2.973231058234189,0.34615384615384615,0.9677057427495157,-0.3800887356661282,88,"{""2018"": -67.4, ""2019"": -0.6, ""2020"": 413.1, ""2021"": -68.7, ""2022"": -21.5, ""2023"": 26.8, ""2024"": 28.6, ""2025"": -60.5, ""2026"": 21.3}"
4 trend+dip,trendstart: wacht op dip dag-RSI2<20,3.0,BTC,-0.03900242395461517,-0.9841944801393104,1.4763423178280772,-0.964546471977982,0.020434311922274073,-0.753098278627615,0.8724546735727174,1.4866155291170946,0.46153846153846156,0.8497085751678878,-0.2865641411461463,88,"{""2018"": -50.9, ""2019"": 36.5, ""2020"": 955.5, ""2021"": -92.2, ""2022"": 0.0, ""2023"": 36.7, ""2024"": 79.5, ""2025"": -51.2, ""2026"": 16.8}"
4 trend+dip,trendstart: wacht op dip dag-RSI2<20,3.0,5 munten,0.08571901513057356,-0.9916098888961988,2.035156853778648,-0.9786286769309575,-0.4918538398027682,-0.9520001022899566,-0.3015229699411446,9.491468378209142,0.21686746987951808,1.2674537004623094,-0.4000501024049091,88,"{""2018"": -76.8, ""2019"": 18.7, ""2020"": 294.8, ""2021"": 114.2, ""2022"": -39.4, ""2023"": 14.4, ""2024"": -30.2, ""2025"": -82.7, ""2026"": 12.7}"
4 trend+dip,trendstart: wacht op dip dag-RSI2<20,3.0,10 munten,0.49385711399818755,-0.9872671846168795,2.4855159120866404,-0.8611649481724205,-0.5026390140472687,-0.9445895044701276,-0.15887443330717718,16.8101909830933,0.16326530612244897,1.5665136323648177,-0.4173260472800025,88,"{""2018"": -76.8, ""2019"": 27.1, ""2020"": 384.7, ""2021"": 549.7, ""2022"": -49.4, ""2023"": 103.5, ""2024"": -33.5, ""2025"": -84.2, ""2026"": 21.5}"
4 trend+dip,trendstart: wacht op dip 2u-RSI14<30,1.0,BTC+ETH,0.2826453290235482,-0.6552127814023891,1.8851117068077683,0.23167705802646976,0.12948196993253314,-0.260127240829244,0.8796207994296636,4.116781465247339,0.4444444444444444,0.8832955347294942,-0.11353962882295851,89,"{""2018"": -31.0, ""2019"": 32.9, ""2020"": 123.5, ""2021"": 72.9, ""2022"": -7.6, ""2023"": 34.0, ""2024"": 44.2, ""2025"": -12.6, ""2026"": 9.9}"
4 trend+dip,trendstart: wacht op dip 2u-RSI14<30,1.0,BTC,0.2582900308844742,-0.6405240102791669,1.858063277630513,0.1752537466053392,0.2479182090533234,-0.2661716945906162,1.3486183881681701,2.4014558547276144,0.42857142857142855,0.5552512088007009,-0.06862918095656563,89,"{""2018"": -20.7, ""2019"": 49.4, ""2020"": 167.9, ""2021"": -11.6, ""2022"": 0.0, ""2023"": 39.3, ""2024"": 72.8, ""2025"": -3.6, ""2026"": 9.1}"
4 trend+dip,trendstart: wacht op dip 2u-RSI14<30,1.0,5 munten,0.38139634883896356,-0.6450198424907199,2.2048976834045244,-0.004468090216231735,-0.04377158527466052,-0.47129570332117143,0.0299552232342508,12.007279273638071,0.3333333333333333,1.2436481915757482,-0.10468435802124063,89,"{""2018"": -36.2, ""2019"": 32.9, ""2020"": 107.9, ""2021"": 264.6, ""2022"": -14.3, ""2023"": 25.2, ""2024"": 11.3, ""2025"": -28.5, ""2026"": 6.1}"
4 trend+dip,trendstart: wacht op dip 2u-RSI14<30,1.0,10 munten,0.7264485465205375,-0.5306638736377207,2.989472843626775,1.4890845645907644,-0.0505964668419685,-0.47336187583128053,0.03161951151622832,20.812617407639323,0.32967032967032966,2.061379732976881,-0.10850365562481883,89,"{""2018"": -36.2, ""2019"": 40.5, ""2020"": 124.2, ""2021"": 935.2, ""2022"": -19.9, ""2023"": 50.8, ""2024"": 12.6, ""2025"": -31.6, ""2026"": 7.3}"
4 trend+dip,trendstart: wacht op dip 2u-RSI14<30,1.5,BTC+ETH,0.1602566880953573,-0.8151800262115115,1.3959096196338217,-0.543069029891307,0.06142594437508442,-0.4853254856138084,0.6066380087509651,4.116781465247339,0.4166666666666667,0.8979689976643744,-0.16522942482598849,89,"{""2018"": -44.0, ""2019"": 29.3, ""2020"": 145.4, ""2021"": 12.3, ""2022"": -11.7, ""2023"": 35.4, ""2024"": 34.1, ""2025"": -23.9, ""2026"": 14.0}"
4 trend+dip,trendstart: wacht op dip 2u-RSI14<30,1.5,BTC,0.15916824477045854,-0.8243307428835452,1.3420361446427214,-0.5399141720755134,0.22723358249670977,-0.42459484971630923,1.0873035319119662,2.4014558547276144,0.42857142857142855,0.5612655420258335,-0.10765022659617501,89,"{""2018"": -30.5, ""2019"": 50.7, ""2020"": 231.1, ""2021"": -52.2, ""2022"": 0.0, ""2023"": 43.7, ""2024"": 75.0, ""2025"": -12.4, ""2026"": 12.7}"
4 trend+dip,trendstart: wacht op dip 2u-RSI14<30,1.5,5 munten,0.27734086654636747,-0.847836500791564,1.7120041120334992,-0.6440026950971349,-0.18018797006669396,-0.7008131825400831,-0.3030863658048505,12.007279273638071,0.29523809523809524,1.2458586053880556,-0.170242316637608,89,"{""2018"": -50.5, ""2019"": 33.2, ""2020"": 127.7, ""2021"": 197.6, ""2022"": -21.6, ""2023"": 22.8, ""2024"": -6.1, ""2025"": -46.7, ""2026"": 8.2}"
4 trend+dip,trendstart: wacht op dip 2u-RSI14<30,1.5,10 munten,0.7149145956108172,-0.7694017405933499,2.4026790669345606,0.40470278503557533,-0.1847497415590622,-0.6902915671924774,-0.23947422734341026,20.812617407639323,0.2967032967032967,2.016578101844876,-0.1769638467473621,89,"{""2018"": -50.5, ""2019"": 42.7, ""2020"": 141.7, ""2021"": 1087.1, ""2022"": -28.7, ""2023"": 63.4, ""2024"": -5.6, ""2025"": -49.0, ""2026"": 10.3}"
4 trend+dip,trendstart: wacht op dip 2u-RSI14<30,2.0,BTC+ETH,0.10393155752052974,-0.9011715382987494,1.4308239270276206,-0.7932972912203613,0.035020568729229984,-0.619978632352816,0.6326928352011272,4.116781465247339,0.3888888888888889,1.0889208037744778,-0.20776106655414764,89,"{""2018"": -54.9, ""2019"": 23.4, ""2020"": 197.7, ""2021"": -13.0, ""2022"": -14.8, ""2023"": 43.9, ""2024"": 43.0, ""2025"": -36.1, ""2026"": 18.3}"
4 trend+dip,trendstart: wacht op dip 2u-RSI14<30,2.0,BTC,0.10350843485058081,-0.9145087703568452,1.308054428227433,-0.7902791216178481,0.2478386358102982,-0.528448324569594,1.0971963099614412,2.4014558547276144,0.42857142857142855,0.6720939776953704,-0.14094981807639861,89,"{""2018"": -39.6, ""2019"": 45.6, ""2020"": 353.6, ""2021"": -71.2, ""2022"": 0.0, ""2023"": 53.2, ""2024"": 101.6, ""2025"": -23.7, ""2026"": 17.0}"
4 trend+dip,trendstart: wacht op dip 2u-RSI14<30,2.0,5 munten,0.3112707003606505,-0.9255618378484781,1.8781299351442444,-0.8188995974317947,-0.27885583367179834,-0.8239241409957817,-0.3149095145304905,12.007279273638071,0.26666666666666666,1.7569393856104025,-0.22573157985518216,89,"{""2018"": -62.4, ""2019"": 36.6, ""2020"": 182.8, ""2021"": 263.2, ""2022"": -27.1, ""2023"": 30.5, ""2024"": -14.0, ""2025"": -60.8, ""2026"": 10.2}"
4 trend+dip,trendstart: wacht op dip 2u-RSI14<30,2.0,10 munten,0.7917502671001919,-0.874853306255539,2.4060666354982385,0.09929690449712836,-0.30035288651038516,-0.8199025830029993,-0.27766930767969006,20.812617407639323,0.26373626373626374,1.7936493168576426,-0.23328798793276434,89,"{""2018"": -62.4, ""2019"": 48.4, ""2020"": 204.1, ""2021"": 1358.6, ""2022"": -35.7, ""2023"": 88.2, ""2024"": -18.7, ""2025"": -63.1, ""2026"": 13.3}"
4 trend+dip,trendstart: wacht op dip 2u-RSI14<30,3.0,BTC+ETH,-0.16890703402867158,-0.9811883405932681,1.446620438569731,-0.9845181734456628,-0.13364729721172897,-0.8491714878665385,0.5881377896243805,4.116781465247339,0.3333333333333333,0.7867156758932805,-0.301961175604239,89,"{""2018"": -71.6, ""2019"": -4.9, ""2020"": 286.0, ""2021"": -70.3, ""2022"": -21.5, ""2023"": 30.6, ""2024"": 21.7, ""2025"": -57.5, ""2026"": 27.2}"
4 trend+dip,trendstart: wacht op dip 2u-RSI14<30,3.0,BTC,-0.11634871427829807,-0.9835127539028027,1.2938895931061025,-0.9785631561655272,0.13263605006959422,-0.7310487803739266,1.040399999279234,2.4014558547276144,0.38095238095238093,0.6762650876933272,-0.18955790803464204,89,"{""2018"": -55.5, ""2019"": 23.5, ""2020"": 613.3, ""2021"": -91.9, ""2022"": 0.0, ""2023"": 44.6, ""2024"": 97.6, ""2025"": -44.5, ""2026"": 24.3}"
4 trend+dip,trendstart: wacht op dip 2u-RSI14<30,3.0,5 munten,0.047583046793005845,-0.9924612726936592,1.966142549438243,-0.983069499540303,-0.4951351128007916,-0.9538136895929102,-0.3536444577256026,12.007279273638071,0.23809523809523808,1.013879413424808,-0.3392286234922676,89,"{""2018"": -78.7, ""2019"": 21.4, ""2020"": 256.4, ""2021"": 88.1, ""2022"": -38.5, ""2023"": 21.9, ""2024"": -37.3, ""2025"": -80.9, ""2026"": 12.0}"
4 trend+dip,trendstart: wacht op dip 2u-RSI14<30,3.0,10 munten,0.4829284094812041,-0.9849842631557512,2.4712357208990507,-0.8727059875569898,-0.5062278135158831,-0.9451681473128909,-0.20950158653186776,20.812617407639323,0.21978021978021978,0.993403431845745,-0.3634717204370664,89,"{""2018"": -78.7, ""2019"": 30.3, ""2020"": 293.7, ""2021"": 639.0, ""2022"": -47.5, ""2023"": 115.7, ""2024"": -40.0, ""2025"": -82.3, ""2026"": 18.1}"
4 trend+dip,trendstart: wacht op dip 2u-RSI14<25,1.0,BTC+ETH,0.29223299701733607,-0.6164455805107429,1.9582941066549313,0.5144142847136792,0.02036175804096585,-0.37535125178341844,0.36596739458735944,3.430651221039449,0.43333333333333335,1.0251071854474225,-0.11501220999296698,90,"{""2018"": -15.1, ""2019"": 16.2, ""2020"": 146.3, ""2021"": 62.2, ""2022"": -7.7, ""2023"": 26.0, ""2024"": 22.0, ""2025"": -14.1, ""2026"": 0.0}"
4 trend+dip,trendstart: wacht op dip 2u-RSI14<25,1.0,BTC,0.2519669780242997,-0.6522598484151072,1.8763748293181004,0.33489415047139093,0.04448197913055463,-0.35332486295812804,0.4878996282470476,1.9440356919223545,0.47058823529411764,0.5137036858250729,-0.06776423966114441,90,"{""2018"": 4.7, ""2019"": 1.4, ""2020"": 199.9, ""2021"": -14.4, ""2022"": 0.0, ""2023"": 39.3, ""2024"": 24.6, ""2025"": -10.6, ""2026"": 0.0}"
4 trend+dip,trendstart: wacht op dip 2u-RSI14<25,1.0,5 munten,0.362643567710456,-0.6331179371553847,2.2009293659565827,0.0004071649120744869,-0.05860861775073001,-0.46364774657825436,-0.12809317473195375,9.262758296806512,0.30864197530864196,1.392873874188578,-0.10340217612487593,90,"{""2018"": -21.0, ""2019"": 11.2, ""2020"": 100.0, ""2021"": 244.6, ""2022"": -8.2, ""2023"": 14.2, ""2024"": 17.2, ""2025"": -32.0, ""2026"": 1.5}"
4 trend+dip,trendstart: wacht op dip 2u-RSI14<25,1.0,10 munten,0.6689147196855076,-0.5026475985137675,2.9100619921678494,1.0597270005713622,-0.10840753416743909,-0.5375992371161528,-0.3813561539423722,15.552285535378836,0.3088235294117647,2.509610224497501,-0.12110170181062643,90,"{""2018"": -21.0, ""2019"": 17.5, ""2020"": 114.7, ""2021"": 820.4, ""2022"": -14.1, ""2023"": 30.2, ""2024"": 6.3, ""2025"": -35.1, ""2026"": 0.7}"
4 trend+dip,trendstart: wacht op dip 2u-RSI14<25,1.5,BTC+ETH,0.19917769337624636,-0.800348914225079,1.5042192036674384,-0.28052730440932216,-0.06905909187174275,-0.5840563751013679,0.1344311213059498,3.430651221039449,0.4,1.0534764513767803,-0.17276956462085194,90,"{""2018"": -21.4, ""2019"": 9.6, ""2020"": 177.6, ""2021"": 10.7, ""2022"": -11.7, ""2023"": 24.6, ""2024"": 8.8, ""2025"": -25.4, ""2026"": 0.0}"
4 trend+dip,trendstart: wacht op dip 2u-RSI14<25,1.5,BTC,0.17532898288419463,-0.8270375105244882,1.3941576095092407,-0.35160662002737664,-0.02943620296130789,-0.5399997046381368,0.25552457367101694,1.9440356919223545,0.4117647058823529,0.5785745709716844,-0.10472841598568079,90,"{""2018"": 7.0, ""2019"": -11.6, ""2020"": 304.6, ""2021"": -53.0, ""2022"": 0.0, ""2023"": 43.7, ""2024"": 14.7, ""2025"": -20.9, ""2026"": 0.0}"
4 trend+dip,trendstart: wacht op dip 2u-RSI14<25,1.5,5 munten,0.30612451255804807,-0.8258361397550791,1.7814329501343091,-0.5384833050406524,-0.1751585937193172,-0.674812743732858,-0.42000059679015145,9.262758296806512,0.25925925925925924,1.5086918346270433,-0.17245472413465632,90,"{""2018"": -29.8, ""2019"": 4.3, ""2020"": 136.6, ""2021"": 192.8, ""2022"": -12.5, ""2023"": 10.8, ""2024"": 5.4, ""2025"": -48.8, ""2026"": 2.0}"
4 trend+dip,trendstart: wacht op dip 2u-RSI14<25,1.5,10 munten,0.6987936068381768,-0.723062938551102,2.396361244084193,0.326296530149603,-0.2454141916525956,-0.7360710835316862,-0.6652589815810025,15.552285535378836,0.25,2.73806942130235,-0.19695904492547608,90,"{""2018"": -29.8, ""2019"": 10.2, ""2020"": 145.5, ""2021"": 981.0, ""2022"": -20.7, ""2023"": 37.1, ""2024"": -11.7, ""2025"": -51.9, ""2026"": 1.0}"
4 trend+dip,trendstart: wacht op dip 2u-RSI14<25,2.0,BTC+ETH,0.16880040182133493,-0.8986201360103299,1.5542442465242876,-0.5966014370259738,-0.13163295334038405,-0.714892060324902,0.14616089025150397,3.430651221039449,0.36666666666666664,1.3200876114501006,-0.2189449659809181,90,"{""2018"": -26.5, ""2019"": 3.9, ""2020"": 272.7, ""2021"": -20.9, ""2022"": -14.8, ""2023"": 29.7, ""2024"": 6.2, ""2025"": -37.2, ""2026"": 0.0}"
4 trend+dip,trendstart: wacht op dip 2u-RSI14<25,2.0,BTC,0.13468011807934266,-0.9157175388357858,1.361556842789866,-0.6450406062179281,-0.07662609375081719,-0.6610185028868019,0.2681833105972933,1.9440356919223545,0.35294117647058826,0.8363467677731283,-0.13672187932985905,90,"{""2018"": 9.4, ""2019"": -26.1, ""2020"": 491.4, ""2021"": -71.6, ""2022"": 0.0, ""2023"": 53.2, ""2024"": 16.8, ""2025"": -32.7, ""2026"": 0.0}"
4 trend+dip,trendstart: wacht op dip 2u-RSI14<25,2.0,5 munten,0.3538896605712145,-0.9119980641621225,1.9146045236377724,-0.752670500821412,-0.27158432348883754,-0.8053484950715297,-0.4682532095233826,9.262758296806512,0.24691358024691357,1.8740458354234626,-0.23951909811385577,90,"{""2018"": -37.3, ""2019"": -3.6, ""2020"": 216.4, ""2021"": 237.2, ""2022"": -16.1, ""2023"": 12.4, ""2024"": 0.8, ""2025"": -63.1, ""2026"": 2.7}"
4 trend+dip,trendstart: wacht op dip 2u-RSI14<25,2.0,10 munten,0.7953529653722005,-0.8386197127628514,2.3779527323676573,0.1309044830221997,-0.36549243506647344,-0.8535012869544636,-0.7501975529376883,15.552285535378836,0.22794117647058823,2.1809219035486183,-0.2682499098148238,90,"{""2018"": -37.3, ""2019"": 3.4, ""2020"": 224.8, ""2021"": 1188.4, ""2022"": -25.7, ""2023"": 50.1, ""2024"": -25.8, ""2025"": -65.4, ""2026"": 1.3}"
4 trend+dip,trendstart: wacht op dip 2u-RSI14<25,3.0,BTC+ETH,-0.04112410063813898,-0.9818294047513532,1.6271543194100266,-0.9418377582232274,-0.3201430779665019,-0.8980188467913023,0.10612750454629753,3.430651221039449,0.26666666666666666,1.1167998008500297,-0.2990865965227403,90,"{""2018"": -34.8, ""2019"": -21.9, ""2020"": 478.4, ""2021"": -71.8, ""2022"": -21.5, ""2023"": 15.1, ""2024"": -20.0, ""2025"": -57.7, ""2026"": 0.0}"
4 trend+dip,trendstart: wacht op dip 2u-RSI14<25,3.0,BTC,-0.06044821771669062,-0.983141056915091,1.3288168122280963,-0.9472408515523904,-0.24509129026334353,-0.8562964276109004,0.22197101925508128,1.9440356919223545,0.29411764705882354,0.9204770712492104,-0.20026284222083116,90,"{""2018"": 11.5, ""2019"": -53.0, ""2020"": 957.8, ""2021"": -91.7, ""2022"": 0.0, ""2023"": 44.6, ""2024"": -5.1, ""2025"": -52.8, ""2026"": 0.0}"
4 trend+dip,trendstart: wacht op dip 2u-RSI14<25,3.0,5 munten,0.17712622148424262,-0.9898573430170259,2.0232528653498347,-0.9615373000743719,-0.45713343863562794,-0.9377662449813517,-0.46095057096025677,9.262758296806512,0.20987654320987653,1.1238544943966275,-0.35454523677059635,90,"{""2018"": -50.0, ""2019"": -25.5, ""2020"": 399.4, ""2021"": 81.2, ""2022"": -24.3, ""2023"": 2.6, ""2024"": -14.9, ""2025"": -81.5, ""2026"": 4.1}"
4 trend+dip,trendstart: wacht op dip 2u-RSI14<25,3.0,10 munten,0.6205854525916614,-0.97568964940022,2.489629230652665,-0.7531913051516745,-0.5696719483121512,-0.9597635441477909,-0.7764881380567785,15.552285535378836,0.17647058823529413,1.359323422186314,-0.4117888963587571,90,"{""2018"": -50.0, ""2019"": -20.1, ""2020"": 419.1, ""2021"": 591.2, ""2022"": -35.1, ""2023"": 67.4, ""2024"": -49.5, ""2025"": -83.3, ""2026"": 2.0}"
4 trend+dip,"trendstart: wacht op dip dag z<-1,5",1.0,BTC+ETH,0.2695507194440223,-0.5451942492356758,1.9197329514536734,0.361789397424513,-0.006388462127949079,-0.41543746919528723,0.1669274821894756,2.7445209768315593,0.4166666666666667,1.1481026644258856,-0.14478437692406637,91,"{""2018"": -16.4, ""2019"": 2.5, ""2020"": 139.5, ""2021"": 88.5, ""2022"": -7.6, ""2023"": 15.4, ""2024"": 17.9, ""2025"": -24.9, ""2026"": 10.5}"
4 trend+dip,"trendstart: wacht op dip dag z<-1,5",1.0,BTC,0.16381443857036881,-0.6105363027901627,1.4873171975192516,-0.1321504674960834,0.1115965316424754,-0.3698866191443958,0.8536592531441531,1.4866155291170946,0.38461538461538464,0.7610585292265173,-0.10091910993416327,91,"{""2018"": -5.6, ""2019"": -20.9, ""2020"": 194.0, ""2021"": -8.6, ""2022"": 0.0, ""2023"": 22.0, ""2024"": 41.9, ""2025"": -13.6, ""2026"": 9.1}"
4 trend+dip,"trendstart: wacht op dip dag z<-1,5",1.0,5 munten,0.29712419595728723,-0.5925763459589278,1.97587300815972,-0.25546579466224895,-0.05615132021892777,-0.4409813374387669,-0.1927880733348709,7.090012523481528,0.27419354838709675,1.8458347292220258,-0.13683734695048064,91,"{""2018"": -20.8, ""2019"": -3.0, ""2020"": 66.9, ""2021"": 284.3, ""2022"": -8.0, ""2023"": 4.2, ""2024"": 11.2, ""2025"": -31.1, ""2026"": 6.5}"
4 trend+dip,"trendstart: wacht op dip dag z<-1,5",1.0,10 munten,0.49670895661483394,-0.5068259495105356,2.661782591376521,0.3216756531728029,-0.07418309345674412,-0.5280082944102593,-0.23259373773892675,11.892924232936757,0.2403846153846154,2.7321295358912168,-0.13347526531693177,91,"{""2018"": -20.8, ""2019"": 2.4, ""2020"": 81.4, ""2021"": 772.5, ""2022"": -13.5, ""2023"": -1.0, ""2024"": 9.6, ""2025"": -32.7, ""2026"": 5.4}"
4 trend+dip,"trendstart: wacht op dip dag z<-1,5",1.5,BTC+ETH,0.18777605070553216,-0.7363560253162658,1.4569911201451473,-0.316038988016317,-0.06498709460675656,-0.5815547708472555,0.016718249904513028,2.7445209768315593,0.375,1.187571333183954,-0.20588607886179233,91,"{""2018"": -24.0, ""2019"": -5.2, ""2020"": 175.4, ""2021"": 39.2, ""2022"": -11.7, ""2023"": 13.0, ""2024"": 15.8, ""2025"": -37.8, ""2026"": 14.9}"
4 trend+dip,"trendstart: wacht op dip dag z<-1,5",1.5,BTC,0.07026473620230189,-0.79666372747887,0.9569385927425681,-0.5957723056982303,0.08266175610738347,-0.5359327180838009,0.6577819447650856,1.4866155291170946,0.38461538461538464,0.7278775571771394,-0.15725901879711757,91,"{""2018"": -8.4, ""2019"": -34.0, ""2020"": 288.7, ""2021"": -48.8, ""2022"": 0.0, ""2023"": 22.8, ""2024"": 45.6, ""2025"": -24.2, ""2026"": 12.7}"
4 trend+dip,"trendstart: wacht op dip dag z<-1,5",1.5,5 munten,0.23088254920926676,-0.7892934934489833,1.5702339061998147,-0.6788515241608992,-0.1532315426417752,-0.6408188050979768,-0.4586104280268704,7.090012523481528,0.22580645161290322,1.9342135537701968,-0.21570063402634942,91,"{""2018"": -30.1, ""2019"": -12.1, ""2020"": 85.5, ""2021"": 250.4, ""2022"": -12.1, ""2023"": -1.7, ""2024"": 3.5, ""2025"": -47.5, ""2026"": 9.3}"
4 trend+dip,"trendstart: wacht op dip dag z<-1,5",1.5,10 munten,0.49704669231758936,-0.7059186344017041,2.178394086658405,-0.23307838683336513,-0.19281148185854646,-0.7174933784432094,-0.5219900830916436,11.892924232936757,0.20192307692307693,2.7304517752809767,-0.22058422189553178,91,"{""2018"": -30.1, ""2019"": -7.2, ""2020"": 101.6, ""2021"": 998.6, ""2022"": -19.5, ""2023"": -5.5, ""2024"": -4.0, ""2025"": -49.4, ""2026"": 7.8}"
4 trend+dip,"trendstart: wacht op dip dag z<-1,5",2.0,BTC+ETH,0.1720624823522794,-0.8500733975956007,1.5157362284161606,-0.5871808051291575,-0.1326139454026981,-0.7163361731507378,-0.049542594571864135,2.7445209768315593,0.3333333333333333,1.4775858652436293,-0.2558047869222057,91,"{""2018"": -30.4, ""2019"": -11.4, ""2020"": 279.8, ""2021"": 12.9, ""2022"": -14.8, ""2023"": 12.2, ""2024"": 11.2, ""2025"": -49.5, ""2026"": 19.7}"
4 trend+dip,"trendstart: wacht op dip dag z<-1,5",2.0,BTC,0.023223184606500746,-0.8941368805615182,0.9397525303587732,-0.7999195340686553,0.042376997439812714,-0.680906548544428,0.5834147223484014,1.4866155291170946,0.3076923076923077,1.145002207365483,-0.18763895396833094,91,"{""2018"": -11.9, ""2019"": -46.5, ""2020"": 492.9, ""2021"": -66.8, ""2022"": 0.0, ""2023"": 20.8, ""2024"": 50.3, ""2025"": -36.3, ""2026"": 17.0}"
4 trend+dip,"trendstart: wacht op dip dag z<-1,5",2.0,5 munten,0.26880539332267483,-0.8846636565245145,1.7298654348491243,-0.8332096936626568,-0.24639744053332957,-0.7802441055898508,-0.5493919222109932,7.090012523481528,0.1935483870967742,2.674801728175303,-0.28905179539159054,91,"{""2018"": -37.5, ""2019"": -21.7, ""2020"": 135.0, ""2021"": 338.9, ""2022"": -15.5, ""2023"": -3.3, ""2024"": -2.8, ""2025"": -61.4, ""2026"": 12.0}"
4 trend+dip,"trendstart: wacht op dip dag z<-1,5",2.0,10 munten,0.5650860351794387,-0.827708390670293,2.2032195056771635,-0.42942249607546057,-0.3012728948021083,-0.8375072731012984,-0.6116479318216564,11.892924232936757,0.17307692307692307,2.5683951738866706,-0.295320506753506,91,"{""2018"": -37.5, ""2019"": -16.0, ""2020"": 153.5, ""2021"": 1420.3, ""2022"": -24.1, ""2023"": -7.9, ""2024"": -15.8, ""2025"": -62.9, ""2026"": 10.4}"
4 trend+dip,"trendstart: wacht op dip dag z<-1,5",3.0,BTC+ETH,-0.012569822787719453,-0.9672515163358483,1.5645504360402969,-0.9304446490940053,-0.2703862586717949,-0.8845882302906497,-0.05723344988203435,2.7445209768315593,0.25,1.3325643415836195,-0.3690563509776374,91,"{""2018"": -44.0, ""2019"": -34.3, ""2020"": 564.2, ""2021"": -53.8, ""2022"": -21.5, ""2023"": 0.8, ""2024"": 2.6, ""2025"": -68.7, ""2026"": 29.8}"
4 trend+dip,"trendstart: wacht op dip dag z<-1,5",3.0,BTC,-0.16449130531437206,-0.9765336292191406,0.8863955445847901,-0.9727216460315787,-0.04428950287702149,-0.8609668736398126,0.6017114363780663,1.4866155291170946,0.3076923076923077,1.1438656501499789,-0.28338887458406486,91,"{""2018"": -20.7, ""2019"": -67.5, ""2020"": 1036.5, ""2021"": -90.1, ""2022"": 0.0, ""2023"": 13.4, ""2024"": 55.9, ""2025"": -54.5, ""2026"": 24.3}"
4 trend+dip,"trendstart: wacht op dip dag z<-1,5",3.0,5 munten,0.08277221850822314,-0.9840524712955729,1.830500307222435,-0.9766560705373,-0.40524688913323315,-0.9207049925724898,-0.5271342171759457,7.090012523481528,0.16129032258064516,1.5458820141921266,-0.43218672020594984,91,"{""2018"": -52.0, ""2019"": -43.0, ""2020"": 236.6, ""2021"": 163.0, ""2022"": -22.8, ""2023"": -15.2, ""2024"": -10.8, ""2025"": -79.7, ""2026"": 16.3}"
4 trend+dip,"trendstart: wacht op dip dag z<-1,5",3.0,10 munten,0.3814533296698881,-0.9702231983288515,2.250842404842835,-0.9048638842323345,-0.4940562262252117,-0.9516207192777285,-0.6490058234259366,11.892924232936757,0.11538461538461539,1.386258445764564,-0.45186949791373826,91,"{""2018"": -52.0, ""2019"": -38.9, ""2020"": 257.8, ""2021"": 1007.8, ""2022"": -31.8, ""2023"": -17.0, ""2024"": -35.9, ""2025"": -81.4, ""2026"": 15.4}"
4 trend+dip,trendstart: wacht op dip dag z<-2,1.0,BTC+ETH,0.30248733478024437,-0.518357458478075,2.1583959186213413,0.6551623489942144,-0.11336648010723316,-0.3877547833053383,-0.7568100810798232,2.0583907326236695,0.3888888888888889,1.0966937131118912,-0.12189657997128323,92,"{""2018"": -13.6, ""2019"": 7.1, ""2020"": 144.4, ""2021"": 97.5, ""2022"": -7.6, ""2023"": 16.6, ""2024"": -8.4, ""2025"": -21.9, ""2026"": 0.0}"
4 trend+dip,trendstart: wacht op dip dag z<-2,1.0,BTC,0.19223240432818134,-0.5635574179957277,1.7039267401734293,0.0028796950819804934,-0.09612948062217141,-0.355999061331739,-0.6255352489377772,1.0291953663118347,0.3333333333333333,0.9618690090772128,-0.1152095509742253,92,"{""2018"": 0.0, ""2019"": -14.7, ""2020"": 165.6, ""2021"": 2.4, ""2022"": 0.0, ""2023"": 22.0, ""2024"": -12.2, ""2025"": -13.7, ""2026"": 0.0}"
4 trend+dip,trendstart: wacht op dip dag z<-2,1.0,5 munten,0.2187509446618774,-0.4858902559879271,1.7744979287593055,-0.13525102414009604,-0.1335602503590736,-0.40472817552768314,-1.1322012379249182,5.260331872260489,0.2391304347826087,1.8079932454284902,-0.14507755445743775,92,"{""2018"": -13.6, ""2019"": 3.0, ""2020"": 66.9, ""2021"": 121.3, ""2022"": -6.1, ""2023"": 4.7, ""2024"": -7.8, ""2025"": -30.5, ""2026"": 3.2}"
4 trend+dip,trendstart: wacht op dip dag z<-2,1.0,10 munten,0.38757596610745715,-0.4296872585614694,2.35956416940882,0.28974553150583593,-0.07059984801074859,-0.46693313681936,-0.3607852224102847,8.462273011897308,0.28378378378378377,2.2591048490154058,-0.1490444998199176,92,"{""2018"": -13.6, ""2019"": 8.8, ""2020"": 49.0, ""2021"": 457.4, ""2022"": -11.9, ""2023"": 1.1, ""2024"": 7.3, ""2025"": -28.5, ""2026"": 3.8}"
4 trend+dip,trendstart: wacht op dip dag z<-2,1.5,BTC+ETH,0.26884395662172045,-0.7128983299188385,1.7305472472169694,0.025154626835602434,-0.19416706828925878,-0.5527830264411622,-0.847512516182724,2.0583907326236695,0.3333333333333333,1.2085018836348835,-0.18121104118717812,92,"{""2018"": -19.8, ""2019"": 2.4, ""2020"": 224.8, ""2021"": 51.6, ""2022"": -11.7, ""2023"": 14.6, ""2024"": -16.6, ""2025"": -34.1, ""2026"": 0.0}"
4 trend+dip,trendstart: wacht op dip dag z<-2,1.5,BTC,0.1396883455553748,-0.7513339415127814,1.251174999050724,-0.42628149207766763,-0.17056210773366487,-0.5095193807344374,-0.7363362020759557,1.0291953663118347,0.3333333333333333,0.9898422383753532,-0.18547382960182954,92,"{""2018"": 0.0, ""2019"": -25.1, ""2020"": 270.4, ""2021"": -36.9, ""2022"": 0.0, ""2023"": 22.8, ""2024"": -21.0, ""2025"": -24.3, ""2026"": 0.0}"
4 trend+dip,trendstart: wacht op dip dag z<-2,1.5,5 munten,0.2083302108005629,-0.664452756040441,1.4685364061061563,-0.4898121605628606,-0.23052960268139744,-0.5777962383717644,-1.3486703837374205,5.260331872260489,0.1956521739130435,2.0321461413085524,-0.2316578581231755,92,"{""2018"": -19.8, ""2019"": -2.7, ""2020"": 101.0, ""2021"": 111.9, ""2022"": -9.4, ""2023"": 1.3, ""2024"": -16.5, ""2025"": -45.9, ""2026"": 4.7}"
4 trend+dip,trendstart: wacht op dip dag z<-2,1.5,10 munten,0.4346667901209553,-0.6092038446902489,1.9768616770545826,-0.01600072105176653,-0.16543548367361582,-0.6452953068013313,-0.631036032357189,8.462273011897308,0.1891891891891892,2.8365190706953363,-0.22882571871921986,92,"{""2018"": -19.8, ""2019"": 5.4, ""2020"": 63.9, ""2021"": 641.8, ""2022"": -17.3, ""2023"": -1.1, ""2024"": -2.8, ""2025"": -43.1, ""2026"": 5.5}"
4 trend+dip,trendstart: wacht op dip dag z<-2,2.0,BTC+ETH,0.26928110245902914,-0.8349682135866522,1.7210296692520966,-0.27202327833112505,-0.27976207282804233,-0.681154187876263,-0.9205884243531184,2.0583907326236695,0.2777777777777778,1.4733003243808116,-0.23161986235124774,92,"{""2018"": -24.5, ""2019"": -0.5, ""2020"": 356.4, ""2021"": 23.3, ""2022"": -14.8, ""2023"": 13.1, ""2024"": -26.3, ""2025"": -45.3, ""2026"": 0.0}"
4 trend+dip,trendstart: wacht op dip dag z<-2,2.0,BTC,0.1113966441888723,-0.8652320948067665,1.198306075614008,-0.6828722184023697,-0.2507553889121338,-0.6233180998115893,-0.7917360500281891,1.0291953663118347,0.2222222222222222,1.8264333980214267,-0.21663197718962815,92,"{""2018"": 0.0, ""2019"": -36.5, ""2020"": 466.8, ""2021"": -57.7, ""2022"": 0.0, ""2023"": 20.8, ""2024"": -29.0, ""2025"": -36.3, ""2026"": 0.0}"
4 trend+dip,trendstart: wacht op dip dag z<-2,2.0,5 munten,0.26752366929123106,-0.7913244481183657,1.581381480723592,-0.6576690120863791,-0.3304427155835685,-0.7215359345583661,-1.4781338326175801,5.260331872260489,0.15217391304347827,2.962766940917028,-0.3069454332740443,92,"{""2018"": -24.5, ""2019"": -8.3, ""2020"": 157.2, ""2021"": 158.3, ""2022"": -12.1, ""2023"": -0.3, ""2024"": -26.4, ""2025"": -59.2, ""2026"": 6.2}"
4 trend+dip,trendstart: wacht op dip dag z<-2,2.0,10 munten,0.49519027528623827,-0.7508847800164946,1.9368672388310908,-0.23569990037708943,-0.2598661475770372,-0.7728662581819742,-0.750832463503385,8.462273011897308,0.14864864864864866,2.58284633608661,-0.31664610014461786,92,"{""2018"": -24.5, ""2019"": -0.5, ""2020"": 92.8, ""2021"": 856.8, ""2022"": -21.5, ""2023"": -2.4, ""2024"": -12.9, ""2025"": -55.8, ""2026"": 7.6}"
4 trend+dip,trendstart: wacht op dip dag z<-2,3.0,BTC+ETH,0.11503788351255317,-0.9607868706723107,1.7008538970548301,-0.8254532255656103,-0.44297439087199764,-0.8474827132474547,-0.9918584881732521,2.0583907326236695,0.16666666666666666,1.534980637908385,-0.3543216098141053,92,"{""2018"": -33.6, ""2019"": -19.3, ""2020"": 689.6, ""2021"": -46.8, ""2022"": -21.5, ""2023"": 4.7, ""2024"": -43.9, ""2025"": -64.6, ""2026"": 0.0}"
4 trend+dip,trendstart: wacht op dip dag z<-2,3.0,BTC,-0.03244026177692394,-0.965602586592594,1.1401877963447862,-0.9342467329067746,-0.3936223605890846,-0.7986884813829462,-0.7970468325706805,1.0291953663118347,0.2222222222222222,1.836998507062583,-0.3326011617674835,92,"{""2018"": 0.0, ""2019"": -57.5, ""2020"": 1031.8, ""2021"": -85.5, ""2022"": 0.0, ""2023"": 13.4, ""2024"": -45.6, ""2025"": -53.4, ""2026"": 0.0}"
4 trend+dip,trendstart: wacht op dip dag z<-2,3.0,5 munten,0.25476244063798315,-0.9544000963999864,1.7020288435262374,-0.8734139017702497,-0.4946567057122503,-0.8819626700212735,-1.539826187638458,5.260331872260489,0.10869565217391304,2.2587614947981476,-0.4549602218501703,92,"{""2018"": -33.6, ""2019"": -26.2, ""2020"": 294.8, ""2021"": 164.2, ""2022"": -17.2, ""2023"": -11.3, ""2024"": -38.7, ""2025"": -78.4, ""2026"": 9.3}"
4 trend+dip,trendstart: wacht op dip dag z<-2,3.0,10 munten,0.4258845152494568,-0.9361658814699135,1.9763840748280026,-0.7809342927740084,-0.42358249225896694,-0.9106723504747528,-0.7996890183128423,8.462273011897308,0.08108108108108109,2.003361237505874,-0.48491202323911364,92,"{""2018"": -33.6, ""2019"": -21.0, ""2020"": 146.5, ""2021"": 823.9, ""2022"": -28.2, ""2023"": -8.7, ""2024"": -28.5, ""2025"": -74.5, ""2026"": 11.9}"
5 trend+winst nemen,naar 50% bij 50% boven SMA200,1.0,BTC+ETH,0.23859009955814736,-0.5211670001124298,1.857620551243139,0.331326520326513,0.23330200482258134,-0.2813676939143074,1.3812105734427973,6.975657482780213,0.2786885245901639,0.5558673831410876,-0.05648398506651319,93,"{""2018"": -35.9, ""2019"": 21.3, ""2020"": 89.7, ""2021"": 54.6, ""2022"": -9.2, ""2023"": 72.0, ""2024"": 62.2, ""2025"": -9.1, ""2026"": 19.9}"
5 trend+winst nemen,naar 50% bij 50% boven SMA200,1.0,BTC,0.1434272604715623,-0.5796423369387083,1.3608850534898678,-0.07026374765379118,0.21589456693858744,-0.2882129115665454,1.28986323735171,3.773716343143394,0.24242424242424243,0.4774658686033773,-0.05170186001422295,93,"{""2018"": -34.9, ""2019"": 34.2, ""2020"": 104.4, ""2021"": -36.2, ""2022"": 0.0, ""2023"": 94.5, ""2024"": 74.4, ""2025"": -19.0, ""2026"": 20.5}"
5 trend+winst nemen,naar 50% bij 50% boven SMA200,1.0,5 munten,0.3078383278037411,-0.4212245400299508,2.2166860970524023,0.5243534647802353,0.122151071059305,-0.3366946334398394,0.8906327431996962,22.756653099561678,0.21608040201005024,0.7081961073166272,-0.05231611795433368,93,"{""2018"": -40.7, ""2019"": 27.5, ""2020"": 114.5, ""2021"": 183.7, ""2022"": -18.8, ""2023"": 32.7, ""2024"": 60.9, ""2025"": -25.3, ""2026"": 11.4}"
5 trend+winst nemen,naar 50% bij 50% boven SMA200,1.0,10 munten,0.41673435372933043,-0.48915690292898373,2.7037761705407246,1.302824457167588,0.06493197053287014,-0.38725913792413724,0.5957264071143447,42.7687852222918,0.19786096256684493,0.9448689360119902,-0.05828452195116577,93,"{""2018"": -40.7, ""2019"": 34.4, ""2020"": 147.2, ""2021"": 288.4, ""2022"": -21.2, ""2023"": 29.8, ""2024"": 46.0, ""2025"": -31.8, ""2026"": 15.6}"
5 trend+winst nemen,naar 50% bij 50% boven SMA200,1.5,BTC+ETH,0.1776694069229352,-0.7141777802813529,1.415827789532954,-0.3272906393811379,0.21795654524477137,-0.4109620106758395,1.0891014681960665,6.975657482780213,0.2786885245901639,0.6828441322718583,-0.09282409767068049,93,"{""2018"": -50.4, ""2019"": 21.8, ""2020"": 98.6, ""2021"": 32.2, ""2022"": -14.0, ""2023"": 91.6, ""2024"": 65.6, ""2025"": -19.5, ""2026"": 27.7}"
5 trend+winst nemen,naar 50% bij 50% boven SMA200,1.5,BTC,0.03830555018431636,-0.7873002065200079,0.8314319965877651,-0.6336378386425143,0.20090867463209583,-0.41810122402737226,1.0364209973605292,3.773716343143394,0.24242424242424243,0.5687179200937683,-0.0864008249379478,93,"{""2018"": -49.2, ""2019"": 38.1, ""2020"": 123.0, ""2021"": -65.5, ""2022"": 0.0, ""2023"": 129.7, ""2024"": 89.1, ""2025"": -32.6, ""2026"": 28.6}"
5 trend+winst nemen,naar 50% bij 50% boven SMA200,1.5,5 munten,0.2699117337271193,-0.6019664790497197,1.7288878565733021,-0.21796644839209633,0.053890428870445595,-0.5119889548851224,0.5662128798940765,22.756653099561678,0.20100502512562815,1.0091727476327894,-0.08566837810909637,93,"{""2018"": -56.9, ""2019"": 34.2, ""2020"": 135.1, ""2021"": 212.3, ""2022"": -27.4, ""2023"": 34.0, ""2024"": 69.9, ""2025"": -43.0, ""2026"": 15.1}"
5 trend+winst nemen,naar 50% bij 50% boven SMA200,1.5,10 munten,0.4390363942690607,-0.667922560477024,2.2340382307829425,0.5578840633951734,-0.0264071007762402,-0.5830042523699849,0.30365314139103294,42.7687852222918,0.17379679144385027,1.616461894367929,-0.09296463075388178,93,"{""2018"": -56.9, ""2019"": 44.8, ""2020"": 184.2, ""2021"": 423.4, ""2022"": -31.2, ""2023"": 32.4, ""2024"": 44.8, ""2025"": -49.7, ""2026"": 21.6}"
5 trend+winst nemen,naar 50% bij 50% boven SMA200,2.0,BTC+ETH,0.17182202238415112,-0.819685837663597,1.4614299425334356,-0.5789241751421479,0.25684480061151804,-0.5135024107981115,1.1172367938517167,6.975657482780213,0.26229508196721313,0.9680182719656856,-0.1210616064019589,93,"{""2018"": -61.6, ""2019"": 22.1, ""2020"": 134.6, ""2021"": 28.2, ""2022"": -18.1, ""2023"": 118.5, ""2024"": 85.5, ""2025"": -26.8, ""2026"": 36.3}"
5 trend+winst nemen,naar 50% bij 50% boven SMA200,2.0,BTC,-0.011451026849004897,-0.8835435177481501,0.8435891709222141,-0.8171576604570294,0.20857945640428088,-0.5292392043980043,1.0133498640921355,3.773716343143394,0.24242424242424243,0.7405921718758248,-0.11428476582369886,93,"{""2018"": -60.0, ""2019"": 45.6, ""2020"": 160.3, ""2021"": -78.0, ""2022"": 0.0, ""2023"": 176.8, ""2024"": 116.6, ""2025"": -44.9, ""2026"": 39.5}"
5 trend+winst nemen,naar 50% bij 50% boven SMA200,2.0,5 munten,0.32242507160742107,-0.7172920121770803,1.8281727985093563,-0.4560610668211924,0.04572182578974737,-0.6372019755132811,0.6211026868609877,22.756653099561678,0.19095477386934673,1.5647324446540214,-0.11588226716165091,93,"{""2018"": -68.1, ""2019"": 41.5, ""2020"": 205.8, ""2021"": 315.3, ""2022"": -34.9, ""2023"": 40.9, ""2024"": 101.0, ""2025"": -55.0, ""2026"": 19.0}"
5 trend+winst nemen,naar 50% bij 50% boven SMA200,2.0,10 munten,0.5483709221658479,-0.7872083346912331,2.297026865808209,0.43012406277469495,-0.07531942637046318,-0.7130393850632679,0.3297921110133047,42.7687852222918,0.15508021390374332,2.652125593809936,-0.12625310521483454,93,"{""2018"": -68.1, ""2019"": 55.5, ""2020"": 284.9, ""2021"": 708.7, ""2022"": -39.0, ""2023"": 37.2, ""2024"": 57.6, ""2025"": -62.9, ""2026"": 29.1}"
5 trend+winst nemen,naar 50% bij 50% boven SMA200,3.0,BTC+ETH,0.061170527828158905,-0.9230283652076703,1.528571286332199,-0.8974818146623527,0.24916465435896984,-0.682223250272473,1.1410331185129907,6.975657482780213,0.22950819672131148,1.4408862837247385,-0.17639585428593085,93,"{""2018"": -78.9, ""2019"": 12.5, ""2020"": 195.4, ""2021"": 3.0, ""2022"": -25.6, ""2023"": 156.4, ""2024"": 101.4, ""2025"": -42.2, ""2026"": 55.5}"
5 trend+winst nemen,naar 50% bij 50% boven SMA200,3.0,BTC,-0.19737961383920322,-0.9715126826162196,0.8194094997710167,-0.9753113133856803,0.17576182210016444,-0.6979076168660651,1.0470651864628067,3.773716343143394,0.24242424242424243,0.9453030475953574,-0.17033418782308854,93,"{""2018"": -76.1, ""2019"": 49.9, ""2020"": 190.3, ""2021"": -92.9, ""2022"": 0.0, ""2023"": 254.0, ""2024"": 166.6, ""2025"": -63.7, ""2026"": 58.5}"
5 trend+winst nemen,naar 50% bij 50% boven SMA200,3.0,5 munten,0.27510355842373047,-0.88099330162744,1.9138333786554167,-0.8403730344196872,-0.05824086211983759,-0.8205262193455969,0.6310784768894402,22.756653099561678,0.1658291457286432,2.512500033875125,-0.17919076738570136,93,"{""2018"": -84.0, ""2019"": 48.6, ""2020"": 367.2, ""2021"": 384.8, ""2022"": -47.5, ""2023"": 47.8, ""2024"": 139.6, ""2025"": -73.2, ""2026"": 22.7}"
5 trend+winst nemen,naar 50% bij 50% boven SMA200,3.0,10 munten,0.5873658121644396,-0.9269492486686566,2.354592480814819,-0.3044781703825019,-0.2188053220310019,-0.8742063975198339,0.364647688241028,42.7687852222918,0.13368983957219252,3.939172754231555,-0.19801396850368105,93,"{""2018"": -84.0, ""2019"": 71.7, ""2020"": 543.7, ""2021"": 1117.5, ""2022"": -52.6, ""2023"": 42.6, ""2024"": 67.4, ""2025"": -80.4, ""2026"": 40.9}"
5 trend+winst nemen,naar 0% bij 50% boven SMA200,1.0,BTC+ETH,0.08245821818630916,-0.44054205752539466,1.0087155784221113,-0.32170629762395275,0.22093588129288544,-0.2687362056080066,1.4241135803614178,8.233562930494678,0.2777777777777778,0.3890475176065662,-0.07508940496968518,94,"{""2018"": -32.2, ""2019"": 7.1, ""2020"": 34.6, ""2021"": 4.1, ""2022"": -9.2, ""2023"": 72.0, ""2024"": 61.5, ""2025"": -10.9, ""2026"": 19.9}"
5 trend+winst nemen,naar 0% bij 50% boven SMA200,1.0,BTC,0.00028936421290337577,-0.5102729475733379,0.39216533852463414,-0.5372386817723176,0.19950985803284915,-0.26163902212084844,1.2608583842548775,4.231136505948654,0.21621621621621623,0.42781045736868517,-0.0673113900839133,94,"{""2018"": -34.9, ""2019"": 9.3, ""2020"": 47.7, ""2021"": -51.0, ""2022"": 0.0, ""2023"": 94.5, ""2024"": 71.7, ""2025"": -20.4, ""2026"": 20.5}"
5 trend+winst nemen,naar 0% bij 50% boven SMA200,1.0,5 munten,0.1642008068918137,-0.3988522654808472,1.6647356713552446,0.13434388639664396,0.036892578490917094,-0.2932579020958782,0.4505753161877139,26.987789605510333,0.2330508474576271,0.39781558609614576,-0.0669773534278101,94,"{""2018"": -35.7, ""2019"": 15.7, ""2020"": 89.3, ""2021"": 61.6, ""2022"": -18.8, ""2023"": 33.0, ""2024"": 28.8, ""2025"": -23.3, ""2026"": 11.4}"
5 trend+winst nemen,naar 0% bij 50% boven SMA200,1.0,10 munten,0.15552361065067255,-0.4522988002435565,1.6987846088903469,0.11135945733100727,0.035562421884003825,-0.3157405013639527,0.4429090532791513,50.4305729492799,0.21541950113378686,0.40687683115188505,-0.072709443584008,94,"{""2018"": -35.7, ""2019"": 22.3, ""2020"": 137.3, ""2021"": 35.7, ""2022"": -18.5, ""2023"": 13.7, ""2024"": 29.9, ""2025"": -27.8, ""2026"": 15.5}"
5 trend+winst nemen,naar 0% bij 50% boven SMA200,1.5,BTC+ETH,0.025945321739421212,-0.6454613373155255,0.7120216603386639,-0.6455032076390017,0.2322717044218252,-0.393716928928074,1.1837548008213437,8.233562930494678,0.2638888888888889,0.5807282664547628,-0.11630810554105334,94,"{""2018"": -45.7, ""2019"": 4.3, ""2020"": 31.8, ""2021"": -6.9, ""2022"": -14.0, ""2023"": 91.6, ""2024"": 74.6, ""2025"": -20.8, ""2026"": 27.7}"
5 trend+winst nemen,naar 0% bij 50% boven SMA200,1.5,BTC,-0.10958622984800659,-0.7849892810917147,-0.018165857658362764,-0.8260879275867451,0.20567389506002987,-0.3776848212840238,1.0723465443891793,4.231136505948654,0.21621621621621623,0.6054659761500396,-0.10942233492968556,94,"{""2018"": -49.2, ""2019"": 6.5, ""2020"": 41.4, ""2021"": -71.6, ""2022"": 0.0, ""2023"": 129.7, ""2024"": 96.5, ""2025"": -33.9, ""2026"": 28.6}"
5 trend+winst nemen,naar 0% bij 50% boven SMA200,1.5,5 munten,0.13718222052123608,-0.5548692912797748,1.2595907395885886,-0.2887881873117968,-0.03328336538687382,-0.43723135237509114,0.12123858532704158,26.987789605510333,0.22033898305084745,0.6016035093339958,-0.10689299441093618,94,"{""2018"": -50.3, ""2019"": 19.6, ""2020"": 107.7, ""2021"": 74.7, ""2022"": -27.4, ""2023"": 35.7, ""2024"": 28.7, ""2025"": -38.7, ""2026"": 15.1}"
5 trend+winst nemen,naar 0% bij 50% boven SMA200,1.5,10 munten,0.14441908479924304,-0.6345706971472984,1.3324687642174242,-0.25053153410472284,-0.0261195836393584,-0.4798210209016407,0.1833689973576685,50.4305729492799,0.19954648526077098,0.6366676584449616,-0.11402092005112956,94,"{""2018"": -50.3, ""2019"": 29.5, ""2020"": 196.4, ""2021"": 45.4, ""2022"": -27.7, ""2023"": 9.9, ""2024"": 32.6, ""2025"": -43.6, ""2026"": 21.4}"
5 trend+winst nemen,naar 0% bij 50% boven SMA200,2.0,BTC+ETH,0.005698073238890933,-0.7579311197952501,0.7921904885181188,-0.785155085269148,0.27595538129375585,-0.49858981830034477,1.181613145705193,8.233562930494678,0.25,0.8758240425980425,-0.15243358580259572,94,"{""2018"": -56.5, ""2019"": 2.5, ""2020"": 41.8, ""2021"": -10.9, ""2022"": -18.1, ""2023"": 118.5, ""2024"": 99.4, ""2025"": -28.6, ""2026"": 36.3}"
5 trend+winst nemen,naar 0% bij 50% boven SMA200,2.0,BTC,-0.18295102083888748,-0.8963000788692499,-0.0008698361409817591,-0.9264283310158661,0.2152166970493401,-0.48529497678155464,1.0297603554948958,4.231136505948654,0.21621621621621623,0.84964440779426,-0.1449814858410381,94,"{""2018"": -60.0, ""2019"": 5.1, ""2020"": 44.2, ""2021"": -82.3, ""2022"": 0.0, ""2023"": 176.8, ""2024"": 128.2, ""2025"": -46.4, ""2026"": 39.5}"
5 trend+winst nemen,naar 0% bij 50% boven SMA200,2.0,5 munten,0.17092955583758984,-0.6701776736589518,1.363069497211586,-0.429567125629705,-0.06998029845687015,-0.5606101456872061,0.12065192550289064,26.987789605510333,0.211864406779661,0.8890772387528869,-0.14384885417408425,94,"{""2018"": -61.0, ""2019"": 23.7, ""2020"": 169.7, ""2021"": 106.1, ""2022"": -34.9, ""2023"": 44.3, ""2024"": 37.5, ""2025"": -50.2, ""2026"": 19.0}"
5 trend+winst nemen,naar 0% bij 50% boven SMA200,2.0,10 munten,0.2004928249019322,-0.745587657090015,1.491102920922488,-0.33852442871278576,-0.06678905963851811,-0.6082045868359875,0.17200540854069307,50.4305729492799,0.19501133786848074,0.9192496062387056,-0.15498084358094416,94,"{""2018"": -61.0, ""2019"": 36.3, ""2020"": 344.5, ""2021"": 75.5, ""2022"": -35.2, ""2023"": 8.3, ""2024"": 42.7, ""2025"": -56.4, ""2026"": 28.9}"
5 trend+winst nemen,naar 0% bij 50% boven SMA200,3.0,BTC+ETH,-0.09882225109034626,-0.8950772115780429,0.862740844409513,-0.9454761806126821,0.2742376041993799,-0.6688451163189815,1.145209521253628,8.233562930494678,0.2361111111111111,1.4928208015361757,-0.22315822243903952,94,"{""2018"": -74.1, ""2019"": -7.2, ""2020"": 59.5, ""2021"": -29.3, ""2022"": -25.6, ""2023"": 156.4, ""2024"": 126.0, ""2025"": -45.2, ""2026"": 55.5}"
5 trend+winst nemen,naar 0% bij 50% boven SMA200,3.0,BTC,-0.3729070458784608,-0.9848489697758274,-0.011300539054622031,-0.992176993378449,0.1829884666839403,-0.6569569265375377,1.0315098426528222,4.231136505948654,0.21621621621621623,1.3633662496642565,-0.21420824625654405,94,"{""2018"": -76.1, ""2019"": -0.9, ""2020"": 27.4, ""2021"": -94.3, ""2022"": 0.0, ""2023"": 254.0, ""2024"": 188.7, ""2025"": -65.3, ""2026"": 58.5}"
5 trend+winst nemen,naar 0% bij 50% boven SMA200,3.0,5 munten,0.17892219340390048,-0.8315730317239903,1.4877537361748918,-0.7254623878161959,-0.19570996242149208,-0.7536085783320874,0.05299773651685624,26.987789605510333,0.2033898305084746,1.4857124851229715,-0.21864739578977094,94,"{""2018"": -77.7, ""2019"": 29.0, ""2020"": 317.6, ""2021"": 163.3, ""2022"": -47.5, ""2023"": 56.2, ""2024"": 41.0, ""2025"": -68.5, ""2026"": 22.7}"
5 trend+winst nemen,naar 0% bij 50% boven SMA200,3.0,10 munten,0.27438817161713613,-0.8830251134746065,1.6908484338633663,-0.5828146113608406,-0.17186760449722804,-0.7873730001868421,0.18081083600026965,50.4305729492799,0.18820861678004536,1.5143837518778729,-0.23533528294069028,94,"{""2018"": -77.7, ""2019"": 47.7, ""2020"": 851.1, ""2021"": 149.3, ""2022"": -49.3, ""2023"": 3.9, ""2024"": 59.6, ""2025"": -74.6, ""2026"": 40.4}"
5 trend+winst nemen,naar 50% bij 80% boven SMA200,1.0,BTC+ETH,0.27882651769906786,-0.5435036962451267,1.9705386274712873,0.2926566410145146,0.2866325940020409,-0.29488559928013425,1.5032616303525714,6.975657482780213,0.2786885245901639,0.7293245646731705,-0.05970543977719553,95,"{""2018"": -39.5, ""2019"": 33.2, ""2020"": 141.5, ""2021"": 41.9, ""2022"": -9.2, ""2023"": 72.0, ""2024"": 71.5, ""2025"": -3.6, ""2026"": 19.9}"
5 trend+winst nemen,naar 50% bij 80% boven SMA200,1.0,BTC,0.19056817457821684,-0.5892627565096684,1.6074893308462148,-0.03251912579867133,0.2403142649759895,-0.31615624471255166,1.3253877707567352,3.773716343143394,0.24242424242424243,0.5590818394932408,-0.05170186001422284,95,"{""2018"": -34.9, ""2019"": 47.6, ""2020"": 144.8, ""2021"": -38.2, ""2022"": 0.0, ""2023"": 94.5, ""2024"": 80.0, ""2025"": -17.6, ""2026"": 20.5}"
5 trend+winst nemen,naar 50% bij 80% boven SMA200,1.0,5 munten,0.3071665874331482,-0.46368715831725993,2.0828372518494924,0.379923195207877,0.1741961602056381,-0.3602512424691928,1.0828828714840983,22.756653099561678,0.20603015075376885,0.8565096334046438,-0.0539759137077632,95,"{""2018"": -46.2, ""2019"": 31.3, ""2020"": 127.0, ""2021"": 182.1, ""2022"": -18.8, ""2023"": 34.7, ""2024"": 85.5, ""2025"": -26.7, ""2026"": 11.4}"
5 trend+winst nemen,naar 50% bij 80% boven SMA200,1.0,10 munten,0.44259143710019333,-0.5026739747632525,2.6470657610295842,1.1881007472353025,0.08899911234944224,-0.4266024680783004,0.6986188781662499,42.7687852222918,0.18983957219251338,1.0600591444278742,-0.058818089348264005,95,"{""2018"": -46.2, ""2019"": 38.2, ""2020"": 161.0, ""2021"": 307.3, ""2022"": -21.3, ""2023"": 37.9, ""2024"": 62.7, ""2025"": -35.0, ""2026"": 15.7}"
5 trend+winst nemen,naar 50% bij 80% boven SMA200,1.5,BTC+ETH,0.192574496501559,-0.7486097847016795,1.4678914191497563,-0.45615782799344207,0.282484230525502,-0.42804659673545464,1.230177020021268,6.975657482780213,0.2786885245901639,0.9055493651380742,-0.09671963510444423,95,"{""2018"": -54.9, ""2019"": 34.1, ""2020"": 154.3, ""2021"": 11.1, ""2022"": -14.0, ""2023"": 91.6, ""2024"": 75.6, ""2025"": -12.8, ""2026"": 27.7}"
5 trend+winst nemen,naar 50% bij 80% boven SMA200,1.5,BTC,0.0847531237402197,-0.7979025667488897,1.0413917410203035,-0.6295302963146779,0.225500338212147,-0.45263532821499963,1.0833550583157863,3.773716343143394,0.24242424242424243,0.667509751598071,-0.08640082493794793,95,"{""2018"": -49.2, ""2019"": 51.8, ""2020"": 177.7, ""2021"": -67.2, ""2022"": 0.0, ""2023"": 129.7, ""2024"": 94.2, ""2025"": -31.1, ""2026"": 28.6}"
5 trend+winst nemen,naar 50% bij 80% boven SMA200,1.5,5 munten,0.22634419517406945,-0.6769795127404126,1.5653736162262426,-0.4275656074536892,0.11742607149948792,-0.5315469969920098,0.7838008353737862,22.756653099561678,0.18592964824120603,1.1895306583062866,-0.0891973256838873,95,"{""2018"": -62.9, ""2019"": 37.2, ""2020"": 132.6, ""2021"": 187.4, ""2022"": -27.3, ""2023"": 35.9, ""2024"": 106.8, ""2025"": -45.0, ""2026"": 15.1}"
5 trend+winst nemen,naar 50% bij 80% boven SMA200,1.5,10 munten,0.42858322607338084,-0.6882665590921775,2.138263188768937,0.2761556173771236,-0.012263500765922308,-0.6243133637444575,0.39729241320057407,42.7687852222918,0.1657754010695187,1.6510754465419015,-0.09491934153185164,95,"{""2018"": -62.9, ""2019"": 47.8, ""2020"": 179.1, ""2021"": 426.4, ""2022"": -31.2, ""2023"": 42.8, ""2024"": 63.3, ""2025"": -53.6, ""2026"": 21.6}"
5 trend+winst nemen,naar 50% bij 80% boven SMA200,2.0,BTC+ETH,0.1894427872976967,-0.8483708828937149,1.544846749119943,-0.689900220312532,0.3169701269078331,-0.5408947461694507,1.2270242691055608,6.975657482780213,0.26229508196721313,1.3690506439131342,-0.12483044186414403,95,"{""2018"": -66.2, ""2019"": 40.0, ""2020"": 216.2, ""2021"": 2.8, ""2022"": -17.7, ""2023"": 118.5, ""2024"": 95.4, ""2025"": -21.4, ""2026"": 36.3}"
5 trend+winst nemen,naar 50% bij 80% boven SMA200,2.0,BTC,0.04655139712379497,-0.8894054166742217,1.0675373915223254,-0.8094826156883216,0.22439675121322367,-0.5823425774432969,1.0486228147481134,3.773716343143394,0.24242424242424243,0.8933089604079836,-0.11428476582369894,95,"{""2018"": -60.0, ""2019"": 62.8, ""2020"": 238.3, ""2021"": -78.7, ""2022"": 0.0, ""2023"": 176.8, ""2024"": 121.5, ""2025"": -44.7, ""2026"": 39.5}"
5 trend+winst nemen,naar 50% bij 80% boven SMA200,2.0,5 munten,0.2507009457072087,-0.8004814269673727,1.6837397178273852,-0.6505194516430473,0.10967600624362173,-0.6658560229661763,0.8123000686087187,22.756653099561678,0.1658291457286432,1.868441349324044,-0.12172291998854654,95,"{""2018"": -74.3, ""2019"": 42.7, ""2020"": 192.8, ""2021"": 270.2, ""2022"": -34.7, ""2023"": 45.7, ""2024"": 153.0, ""2025"": -58.0, ""2026"": 19.0}"
5 trend+winst nemen,naar 50% bij 80% boven SMA200,2.0,10 munten,0.5074885358678964,-0.8178551421489432,2.1925012793729115,-0.010392638510053898,-0.07365899489245087,-0.7567616235673965,0.4090208975720639,42.7687852222918,0.14171122994652408,2.5771793721077962,-0.1303336951500158,95,"{""2018"": -74.3, ""2019"": 53.8, ""2020"": 266.1, ""2021"": 695.0, ""2022"": -39.5, ""2023"": 53.1, ""2024"": 78.7, ""2025"": -67.2, ""2026"": 29.4}"
5 trend+winst nemen,naar 50% bij 80% boven SMA200,3.0,BTC+ETH,0.021797593490036293,-0.9454266520211728,1.5786259564043112,-0.9515023115531654,0.2774065724812387,-0.720295313632379,1.2260505349389728,6.975657482780213,0.2459016393442623,1.7727296046151297,-0.17873437578525853,95,"{""2018"": -82.5, ""2019"": 34.1, ""2020"": 320.0, ""2021"": -41.8, ""2022"": -25.6, ""2023"": 156.4, ""2024"": 99.5, ""2025"": -38.5, ""2026"": 55.5}"
5 trend+winst nemen,naar 50% bij 80% boven SMA200,3.0,BTC,-0.13424351603603146,-0.9742164545313614,1.061885972813201,-0.9744557137246619,0.13930342948167462,-0.7641755142401914,1.0398180403107895,3.773716343143394,0.24242424242424243,1.1568602393109364,-0.17033418782308857,95,"{""2018"": -76.1, ""2019"": 73.7, ""2020"": 335.6, ""2021"": -93.5, ""2022"": 0.0, ""2023"": 254.0, ""2024"": 154.3, ""2025"": -65.6, ""2026"": 58.5}"
5 trend+winst nemen,naar 50% bij 80% boven SMA200,3.0,5 munten,0.1259482023751315,-0.9390993053793167,1.7941573152674892,-0.9374056775754034,0.013706381583755034,-0.8524342798654322,0.8559194952947623,22.756653099561678,0.1507537688442211,2.3515919159574747,-0.19354310336573383,95,"{""2018"": -88.7, ""2019"": 43.4, ""2020"": 277.1, ""2021"": 293.1, ""2022"": -47.5, ""2023"": 58.9, ""2024"": 251.4, ""2025"": -77.7, ""2026"": 22.7}"
5 trend+winst nemen,naar 50% bij 80% boven SMA200,3.0,10 munten,0.44388463267381595,-0.9496787558472745,2.2259691886930897,-0.6974538917707495,-0.2525974547573656,-0.9138466094286862,0.4347913306677557,42.7687852222918,0.12299465240641712,3.1184449247728874,-0.2093819341074257,95,"{""2018"": -88.7, ""2019"": 52.1, ""2020"": 420.6, ""2021"": 1021.2, ""2022"": -54.2, ""2023"": 70.6, ""2024"": 102.8, ""2025"": -85.7, ""2026"": 40.9}"
5 trend+winst nemen,naar 0% bij 80% boven SMA200,1.0,BTC+ETH,0.15675286162253332,-0.48359045719500116,1.4184261489316645,-0.2742583553761857,0.3391766607395541,-0.2948855992801357,1.746076937587571,7.890497808390733,0.2608695652173913,0.5571936657882587,-0.07243517387661548,96,"{""2018"": -39.5, ""2019"": 27.1, ""2020"": 120.6, ""2021"": -10.7, ""2022"": -9.2, ""2023"": 72.0, ""2024"": 83.6, ""2025"": 0.4, ""2026"": 19.9}"
5 trend+winst nemen,naar 0% bij 80% boven SMA200,1.0,BTC,0.08205771521617344,-0.5401834535272714,0.9859376177302137,-0.4280744076581853,0.2545550656510174,-0.31615624471255377,1.3979362346962707,4.116781465247339,0.2222222222222222,0.5744789028442866,-0.06660135654695537,96,"{""2018"": -34.9, ""2019"": 27.0, ""2020"": 116.0, ""2021"": -53.8, ""2022"": 0.0, ""2023"": 94.5, ""2024"": 85.8, ""2025"": -17.6, ""2026"": 20.5}"
5 trend+winst nemen,naar 0% bij 80% boven SMA200,1.0,5 munten,0.15633884408640486,-0.4762132114092752,1.437234295966924,-0.13703882666432454,0.14228311917979464,-0.33500185633201895,1.0022783009823542,25.27246399499061,0.20361990950226244,0.5736160623436404,-0.06591198654245119,96,"{""2018"": -46.2, ""2019"": 21.6, ""2020"": 114.2, ""2021"": 52.8, ""2022"": -18.8, ""2023"": 36.6, ""2024"": 71.6, ""2025"": -25.0, ""2026"": 11.4}"
5 trend+winst nemen,naar 0% bij 80% boven SMA200,1.0,10 munten,0.18913102614526034,-0.48955274321743436,1.697973145381873,0.04667635549117133,0.0879977163654031,-0.3832885778710161,0.7185049114236505,47.457341891045715,0.18795180722891566,0.5901173646864483,-0.07074844127298345,96,"{""2018"": -46.2, ""2019"": 28.0, ""2020"": 164.6, ""2021"": 41.0, ""2022"": -18.5, ""2023"": 29.0, ""2024"": 61.6, ""2025"": -33.7, ""2026"": 15.7}"
5 trend+winst nemen,naar 0% bij 80% boven SMA200,1.5,BTC+ETH,0.08542325869584055,-0.7057579678085502,1.0490054669838909,-0.6841839715004177,0.3760832878268261,-0.4280465967354494,1.490353134228298,7.890497808390733,0.2608695652173913,0.8020336806099483,-0.11787352475463914,96,"{""2018"": -54.9, ""2019"": 31.2, ""2020"": 135.8, ""2021"": -30.3, ""2022"": -14.0, ""2023"": 91.6, ""2024"": 99.3, ""2025"": -6.8, ""2026"": 27.7}"
5 trend+winst nemen,naar 0% bij 80% boven SMA200,1.5,BTC,-0.016957177286092473,-0.7464036473263793,0.5384169025403043,-0.782102117207512,0.25871128684807254,-0.45263532821499564,1.1801973954584442,4.116781465247339,0.2222222222222222,0.8411627666063445,-0.10893723884472213,96,"{""2018"": -49.2, ""2019"": 29.2, ""2020"": 133.2, ""2021"": -74.3, ""2022"": 0.0, ""2023"": 129.7, ""2024"": 109.0, ""2025"": -31.1, ""2026"": 28.6}"
5 trend+winst nemen,naar 0% bij 80% boven SMA200,1.5,5 munten,0.06398951791575413,-0.7019540880565949,0.9295583552442535,-0.6439172174768912,0.09425887291874346,-0.4718789153928219,0.7046725605399544,25.27246399499061,0.18552036199095023,0.8814158748572631,-0.10792576623939021,96,"{""2018"": -62.9, ""2019"": 26.6, ""2020"": 115.9, ""2021"": 38.6, ""2022"": -27.3, ""2023"": 40.5, ""2024"": 88.6, ""2025"": -41.4, ""2026"": 15.1}"
5 trend+winst nemen,naar 0% bij 80% boven SMA200,1.5,10 munten,0.1252077575327064,-0.6812446388741524,1.188855339328601,-0.479367289268516,0.015322063763289595,-0.5596626182542646,0.43393990023208057,47.457341891045715,0.1686746987951807,0.934425832249014,-0.11373494370338463,96,"{""2018"": -62.9, ""2019"": 33.1, ""2020"": 196.7, ""2021"": 35.5, ""2022"": -27.6, ""2023"": 32.1, ""2024"": 72.0, ""2025"": -51.4, ""2026"": 21.6}"
5 trend+winst nemen,naar 0% bij 80% boven SMA200,2.0,BTC+ETH,0.06457196241081209,-0.8187056759335328,1.1255798500027274,-0.8360171888369883,0.4530479944616954,-0.5408947461694515,1.4851420598874783,7.890497808390733,0.2463768115942029,1.2504416513700718,-0.1550284322562739,96,"{""2018"": -66.2, ""2019"": 37.9, ""2020"": 187.4, ""2021"": -40.9, ""2022"": -17.7, ""2023"": 118.5, ""2024"": 133.4, ""2025"": -13.7, ""2026"": 36.3}"
5 trend+winst nemen,naar 0% bij 80% boven SMA200,2.0,BTC,-0.07585926945664412,-0.8519064644520935,0.5521469493111251,-0.9049894476241296,0.2694223690780795,-0.5823425774432972,1.1374135517403345,4.116781465247339,0.2222222222222222,1.2353180214525135,-0.14355970486600894,96,"{""2018"": -60.0, ""2019"": 35.3, ""2020"": 169.6, ""2021"": -84.6, ""2022"": 0.0, ""2023"": 176.8, ""2024"": 144.5, ""2025"": -44.7, ""2026"": 39.5}"
5 trend+winst nemen,naar 0% bij 80% boven SMA200,2.0,5 munten,0.03990789222061064,-0.8177688268731644,0.9960307571888763,-0.8041712353852939,0.07911951205320245,-0.6054407381660409,0.6983107583535021,25.27246399499061,0.17647058823529413,1.3395498786411575,-0.14689788362103004,96,"{""2018"": -74.3, ""2019"": 30.4, ""2020"": 163.6, ""2021"": 41.4, ""2022"": -34.7, ""2023"": 53.5, ""2024"": 123.5, ""2025"": -54.1, ""2026"": 19.0}"
5 trend+winst nemen,naar 0% bij 80% boven SMA200,2.0,10 munten,0.1280091230582161,-0.7951355953151809,1.2508629933510378,-0.661764629287754,-0.034982116035562894,-0.6922664486718408,0.41112393699138133,47.457341891045715,0.15903614457831325,1.417329523163235,-0.15591494067092743,96,"{""2018"": -74.3, ""2019"": 40.4, ""2020"": 304.7, ""2021"": 41.9, ""2022"": -35.4, ""2023"": 40.6, ""2024"": 92.5, ""2025"": -64.8, ""2026"": 29.4}"
5 trend+winst nemen,naar 0% bij 80% boven SMA200,3.0,BTC+ETH,-0.09800839196754141,-0.9433752634984872,1.1503212495091828,-0.976400195756872,0.49749789982221926,-0.7202953136323793,1.476381600021949,7.890497808390733,0.2318840579710145,2.292508093283716,-0.22695760665303696,96,"{""2018"": -82.5, ""2019"": 34.8, ""2020"": 275.2, ""2021"": -69.3, ""2022"": -25.6, ""2023"": 156.4, ""2024"": 165.5, ""2025"": -28.5, ""2026"": 55.5}"
5 trend+winst nemen,naar 0% bij 80% boven SMA200,3.0,BTC,-0.2556775711213223,-0.959422899804379,0.56203041848204,-0.9887407063552845,0.20574765902902103,-0.7641755142401905,1.1191102470121566,4.116781465247339,0.2222222222222222,2.231916762837584,-0.21160884607301664,96,"{""2018"": -76.1, ""2019"": 36.5, ""2020"": 215.1, ""2021"": -95.3, ""2022"": 0.0, ""2023"": 254.0, ""2024"": 197.1, ""2025"": -65.6, ""2026"": 58.5}"
5 trend+winst nemen,naar 0% bij 80% boven SMA200,3.0,5 munten,-0.11508597947123789,-0.9455004346296569,1.0259313406497694,-0.9665300309372918,-0.015589788317080466,-0.8022357748264666,0.6962194094816752,25.27246399499061,0.1583710407239819,2.478494918676451,-0.22554231609293815,96,"{""2018"": -88.7, ""2019"": 28.3, ""2020"": 202.1, ""2021"": 17.1, ""2022"": -47.5, ""2023"": 75.5, ""2024"": 191.7, ""2025"": -73.7, ""2026"": 22.7}"
5 trend+winst nemen,naar 0% bij 80% boven SMA200,3.0,10 munten,0.01882634587899168,-0.9207301157355671,1.2644442863173573,-0.9199352393944267,-0.184069833781198,-0.8713716831269118,0.40296164119451783,47.457341891045715,0.14457831325301204,2.5399360153311847,-0.24033653251869,96,"{""2018"": -88.7, ""2019"": 36.1, ""2020"": 503.6, ""2021"": 33.8, ""2022"": -50.7, ""2023"": 59.2, ""2024"": 138.7, ""2025"": -83.8, ""2026"": 40.9}"
5 trend+winst nemen,naar 50% bij 100% boven SMA200,1.0,BTC+ETH,0.31518575460055565,-0.5571917272897176,2.0632401478849283,0.5089902785441827,0.2344562249242994,-0.29488559928013425,1.2529826350847264,6.975657482780213,0.2786885245901639,0.7653733563674523,-0.059705439777195425,97,"{""2018"": -39.5, ""2019"": 44.3, ""2020"": 150.2, ""2021"": 50.0, ""2022"": -9.2, ""2023"": 72.0, ""2024"": 59.9, ""2025"": -7.8, ""2026"": 19.9}"
5 trend+winst nemen,naar 50% bij 100% boven SMA200,1.0,BTC,0.22888166112965136,-0.6106179633342889,1.7617300555373367,0.06505803203826943,0.22575280282620613,-0.31615624471255455,1.2293117962724507,3.773716343143394,0.24242424242424243,0.6018459048838196,-0.05170186001422273,97,"{""2018"": -34.9, ""2019"": 66.7, ""2020"": 162.7, ""2021"": -38.4, ""2022"": 0.0, ""2023"": 94.5, ""2024"": 74.3, ""2025"": -17.6, ""2026"": 20.5}"
5 trend+winst nemen,naar 50% bij 100% boven SMA200,1.0,5 munten,0.3331450022237177,-0.46368715831725993,2.141402754987361,0.4322871872731515,0.15864720816457667,-0.37155717752238804,0.984831152410313,22.756653099561678,0.20603015075376885,0.848567554792103,-0.05397591370776318,97,"{""2018"": -46.2, ""2019"": 38.5, ""2020"": 141.7, ""2021"": 183.7, ""2022"": -18.8, ""2023"": 34.3, ""2024"": 85.8, ""2025"": -29.4, ""2026"": 11.4}"
5 trend+winst nemen,naar 50% bij 100% boven SMA200,1.0,10 munten,0.48692958162025435,-0.530394006547708,2.703915984562356,1.187760520903546,0.06605827635195194,-0.4541212818454555,0.5971210607249049,42.7687852222918,0.17647058823529413,1.259091594189116,-0.05901847730860803,97,"{""2018"": -46.2, ""2019"": 45.8, ""2020"": 159.3, ""2021"": 373.9, ""2022"": -23.1, ""2023"": 38.9, ""2024"": 56.8, ""2025"": -36.7, ""2026"": 15.7}"
5 trend+winst nemen,naar 50% bij 100% boven SMA200,1.5,BTC+ETH,0.22870539051574168,-0.7576618597821799,1.5844386252285807,-0.3604393605633238,0.19286942339501945,-0.4280465967354543,0.9841479410852242,6.975657482780213,0.2786885245901639,0.9068423987229725,-0.09671963510444405,97,"{""2018"": -54.9, ""2019"": 48.4, ""2020"": 159.8, ""2021"": 18.1, ""2022"": -14.0, ""2023"": 91.6, ""2024"": 54.3, ""2025"": -18.7, ""2026"": 27.7}"
5 trend+winst nemen,naar 50% bij 100% boven SMA200,1.5,BTC,0.12573289165370105,-0.8048038257482321,1.2162615601735343,-0.5866213425135859,0.1955511628181268,-0.4526353282150003,0.9934767549795843,3.773716343143394,0.24242424242424243,0.7087751581937002,-0.08640082493794793,97,"{""2018"": -49.2, ""2019"": 78.7, ""2020"": 203.3, ""2021"": -68.1, ""2022"": 0.0, ""2023"": 129.7, ""2024"": 81.5, ""2025"": -31.1, ""2026"": 28.6}"
5 trend+winst nemen,naar 50% bij 100% boven SMA200,1.5,5 munten,0.2566654432491706,-0.6661326581332121,1.6571846412662334,-0.4079824759728349,0.084997824491851,-0.5593079105079193,0.6963805861592127,22.756653099561678,0.17587939698492464,1.1757072258967256,-0.0891847190820526,97,"{""2018"": -62.9, ""2019"": 47.1, ""2020"": 151.2, ""2021"": 189.3, ""2022"": -27.3, ""2023"": 35.3, ""2024"": 103.2, ""2025"": -48.4, ""2026"": 15.1}"
5 trend+winst nemen,naar 50% bij 100% boven SMA200,1.5,10 munten,0.4869027582500425,-0.7160432496782272,2.225667663507252,0.23623997065622815,-0.04685811097232828,-0.6502422757899187,0.3162770039624605,42.7687852222918,0.14705882352941177,2.1582741954914737,-0.09776234155641968,97,"{""2018"": -62.9, ""2019"": 56.5, ""2020"": 172.7, ""2021"": 563.1, ""2022"": -33.4, ""2023"": 44.0, ""2024"": 52.5, ""2025"": -55.3, ""2026"": 21.6}"
5 trend+winst nemen,naar 50% bij 100% boven SMA200,2.0,BTC+ETH,0.21297226999420915,-0.8563442233130364,1.6351365047351563,-0.6421209549091833,0.16673710084400306,-0.5883872613627525,0.9474424120719036,6.975657482780213,0.26229508196721313,1.250265596215602,-0.12483044186414381,97,"{""2018"": -66.2, ""2019"": 53.5, ""2020"": 209.2, ""2021"": 8.5, ""2022"": -17.7, ""2023"": 118.5, ""2024"": 59.2, ""2025"": -30.8, ""2026"": 36.3}"
5 trend+winst nemen,naar 50% bij 100% boven SMA200,2.0,BTC,0.08242463300889824,-0.8990091507260255,1.2185540433696187,-0.7963602842341821,0.1596817899653602,-0.5823425774432952,0.9294604034620241,3.773716343143394,0.24242424242424243,0.9017660032282071,-0.11428476582369872,97,"{""2018"": -60.0, ""2019"": 91.4, ""2020"": 284.9, ""2021"": -80.5, ""2022"": 0.0, ""2023"": 176.8, ""2024"": 90.8, ""2025"": -44.7, ""2026"": 39.5}"
5 trend+winst nemen,naar 50% bij 100% boven SMA200,2.0,5 munten,0.2901697895377604,-0.8066158980874498,1.7921182575080663,-0.6614882238308013,0.056161612178234455,-0.6967081829532026,0.7210147730028661,22.756653099561678,0.1658291457286432,1.6367160189991494,-0.12438513748185491,97,"{""2018"": -74.3, ""2019"": 55.3, ""2020"": 227.3, ""2021"": 274.3, ""2022"": -34.7, ""2023"": 43.0, ""2024"": 143.4, ""2025"": -61.9, ""2026"": 19.0}"
5 trend+winst nemen,naar 50% bij 100% boven SMA200,2.0,10 munten,0.589786355666873,-0.8408789270695829,2.2942356754866413,-0.0622323132242939,-0.11897755318611847,-0.7832638997471204,0.33955849581010916,42.7687852222918,0.13368983957219252,3.185665658208332,-0.1366311767855913,97,"{""2018"": -74.3, ""2019"": 67.3, ""2020"": 259.6, ""2021"": 969.0, ""2022"": -41.5, ""2023"": 51.7, ""2024"": 65.1, ""2025"": -69.3, ""2026"": 29.4}"
5 trend+winst nemen,naar 50% bij 100% boven SMA200,3.0,BTC+ETH,0.024893937945253963,-0.9520259956633311,1.6921630200804945,-0.9455908350426119,0.05543265348738813,-0.8006626763568425,0.9771223715540481,6.975657482780213,0.22950819672131148,1.5115510049665934,-0.17893014099088694,97,"{""2018"": -82.5, ""2019"": 35.2, ""2020"": 278.4, ""2021"": -34.1, ""2022"": -25.6, ""2023"": 156.4, ""2024"": 44.9, ""2025"": -49.9, ""2026"": 55.5}"
5 trend+winst nemen,naar 50% bij 100% boven SMA200,3.0,BTC,-0.11773788965103416,-0.9787500086641208,1.2129276973716678,-0.9762310568492351,0.03442092680418951,-0.7851992469744977,0.9314723539269036,3.773716343143394,0.24242424242424243,1.059036428516968,-0.17033418782308835,97,"{""2018"": -76.1, ""2019"": 99.0, ""2020"": 416.3, ""2021"": -94.7, ""2022"": 0.0, ""2023"": 254.0, ""2024"": 95.0, ""2025"": -65.6, ""2026"": 58.5}"
5 trend+winst nemen,naar 50% bij 100% boven SMA200,3.0,5 munten,0.17709314977615764,-0.9486672787473198,1.9536701097044267,-0.9457125500523951,-0.0756651158850733,-0.8747421772764334,0.780233443600538,22.756653099561678,0.1457286432160804,1.907289906555109,-0.1954929164955054,97,"{""2018"": -88.7, ""2019"": 53.2, ""2020"": 327.2, ""2021"": 359.8, ""2022"": -47.5, ""2023"": 47.1, ""2024"": 221.3, ""2025"": -81.1, ""2026"": 22.7}"
5 trend+winst nemen,naar 50% bij 100% boven SMA200,3.0,10 munten,0.5647480766184823,-0.9574514758107675,2.321982212670488,-0.7252518127538532,-0.32315466467763454,-0.9279903203968216,0.36264075400123785,42.7687852222918,0.11497326203208556,4.031865873398132,-0.21778963760310227,97,"{""2018"": -88.7, ""2019"": 62.3, ""2020"": 380.6, ""2021"": 1904.9, ""2022"": -55.7, ""2023"": 62.3, ""2024"": 70.1, ""2025"": -87.2, ""2026"": 40.9}"
5 trend+winst nemen,naar 0% bij 100% boven SMA200,1.0,BTC+ETH,0.23473540833962092,-0.5212428336925323,1.7545265561913415,0.03352231946487594,0.23445622492430274,-0.29488559928013414,1.2529826350847388,7.433077645585473,0.26153846153846155,0.7281984652960937,-0.07457831555460723,98,"{""2018"": -39.5, ""2019"": 53.1, ""2020"": 144.2, ""2021"": -0.5, ""2022"": -9.2, ""2023"": 72.0, ""2024"": 59.9, ""2025"": -7.8, ""2026"": 19.9}"
5 trend+winst nemen,naar 0% bij 100% boven SMA200,1.0,BTC,0.15654980869274593,-0.6107026277774663,1.410198321013334,-0.22542366782724443,0.2257528028262099,-0.31615624471255277,1.2293117962724636,4.002426424546024,0.22857142857142856,0.6292191624279452,-0.06401346543035283,98,"{""2018"": -34.9, ""2019"": 67.9, ""2020"": 151.1, ""2021"": -55.2, ""2022"": 0.0, ""2023"": 94.5, ""2024"": 74.3, ""2025"": -17.6, ""2026"": 20.5}"
5 trend+winst nemen,naar 0% bij 100% boven SMA200,1.0,5 munten,0.20063670261894018,-0.46368715831725993,1.6279885015974707,-0.06737424397782243,0.11565356099156943,-0.3515458943337041,0.8227761352093822,24.35762366938009,0.19248826291079812,0.7355324732572014,-0.0669336504863319,98,"{""2018"": -46.2, ""2019"": 37.0, ""2020"": 143.5, ""2021"": 49.9, ""2022"": -18.8, ""2023"": 36.4, ""2024"": 70.7, ""2025"": -29.4, ""2026"": 11.4}"
5 trend+winst nemen,naar 0% bij 100% boven SMA200,1.0,10 munten,0.24775497359266052,-0.5492548223057268,1.926275015226117,0.13875505750988748,0.04471177004672389,-0.4249488772000922,0.4975084688653493,45.97072636192862,0.17164179104477612,0.7289024997634764,-0.06968386962725617,98,"{""2018"": -46.2, ""2019"": 44.2, ""2020"": 162.5, ""2021"": 73.8, ""2022"": -22.3, ""2023"": 31.3, ""2024"": 49.8, ""2025"": -36.6, ""2026"": 15.7}"
5 trend+winst nemen,naar 0% bij 100% boven SMA200,1.5,BTC+ETH,0.16835249867660806,-0.7161593676009619,1.3813620121438237,-0.5271446275352796,0.19286942339501878,-0.42804659673545176,0.9841479410852223,7.433077645585473,0.26153846153846155,1.0610214433240823,-0.11965008267832433,98,"{""2018"": -54.9, ""2019"": 67.2, ""2020"": 150.9, ""2021"": -19.4, ""2022"": -14.0, ""2023"": 91.6, ""2024"": 54.3, ""2025"": -18.7, ""2026"": 27.7}"
5 trend+winst nemen,naar 0% bij 100% boven SMA200,1.5,BTC,0.06928065669509009,-0.8048534007533693,0.9783495824869174,-0.6767529414779261,0.19555116281811924,-0.45263532821499897,0.9934767549795609,4.002426424546024,0.22857142857142856,0.9046223916798589,-0.10535252504827797,98,"{""2018"": -49.2, ""2019"": 89.3, ""2020"": 184.9, ""2021"": -76.2, ""2022"": 0.0, ""2023"": 129.7, ""2024"": 81.5, ""2025"": -31.1, ""2026"": 28.6}"
5 trend+winst nemen,naar 0% bij 100% boven SMA200,1.5,5 munten,0.11591393602829991,-0.6488399042981747,1.1719591045077251,-0.6229564081434462,0.035025255248752885,-0.5264191033537394,0.5261558686840484,24.35762366938009,0.16901408450704225,1.2053244096525428,-0.11004872696622309,98,"{""2018"": -62.9, ""2019"": 49.2, ""2020"": 156.9, ""2021"": 33.0, ""2022"": -27.3, ""2023"": 39.5, ""2024"": 80.5, ""2025"": -47.5, ""2026"": 15.1}"
5 trend+winst nemen,naar 0% bij 100% boven SMA200,1.5,10 munten,0.19480987110538273,-0.7397178473962019,1.4649578021993037,-0.44199997008354286,-0.05733942535395142,-0.6128591256778457,0.21816490552295373,45.97072636192862,0.14925373134328357,1.2222557088425647,-0.1144016252162457,98,"{""2018"": -62.9, ""2019"": 58.7, ""2020"": 183.6, ""2021"": 81.2, ""2022"": -32.5, ""2023"": 33.5, ""2024"": 48.5, ""2025"": -54.7, ""2026"": 21.6}"
5 trend+winst nemen,naar 0% bij 100% boven SMA200,2.0,BTC+ETH,0.1492705887036394,-0.820171455482688,1.4360513793487475,-0.7410231124704569,0.1667371008440064,-0.58838726136275,0.9474424120719124,7.433077645585473,0.24615384615384617,1.6873560392086844,-0.15486736239571558,98,"{""2018"": -66.2, ""2019"": 81.4, ""2020"": 194.8, ""2021"": -29.9, ""2022"": -17.7, ""2023"": 118.5, ""2024"": 59.2, ""2025"": -30.8, ""2026"": 36.3}"
5 trend+winst nemen,naar 0% bij 100% boven SMA200,2.0,BTC,0.015445847887164854,-0.8962636318697489,0.9707006329094833,-0.8492028449089543,0.15968178996535265,-0.5823425774432971,0.9294604034620096,4.002426424546024,0.22857142857142856,1.2956700553470495,-0.13936440166597996,98,"{""2018"": -60.0, ""2019"": 107.0, ""2020"": 254.4, ""2021"": -86.5, ""2022"": 0.0, ""2023"": 176.8, ""2024"": 90.8, ""2025"": -44.7, ""2026"": 39.5}"
5 trend+winst nemen,naar 0% bij 100% boven SMA200,2.0,5 munten,0.10411699971383914,-0.7759741070894873,1.2633650950621764,-0.7975780921395548,-0.008438606786289049,-0.6641919154510811,0.5306500897162707,24.35762366938009,0.1596244131455399,1.930458675339944,-0.150391186872197,98,"{""2018"": -74.3, ""2019"": 60.3, ""2020"": 234.3, ""2021"": 33.6, ""2022"": -34.7, ""2023"": 49.9, ""2024"": 108.1, ""2025"": -60.9, ""2026"": 19.0}"
5 trend+winst nemen,naar 0% bij 100% boven SMA200,2.0,10 munten,0.21158138532620296,-0.8440960935838716,1.533415102512164,-0.6565205732351094,-0.1261826181347433,-0.7464885535063557,0.22366718058158913,45.97072636192862,0.13432835820895522,2.0275189965636473,-0.15748002262871308,98,"{""2018"": -74.3, ""2019"": 72.6, ""2020"": 281.5, ""2021"": 107.5, ""2022"": -40.5, ""2023"": 38.6, ""2024"": 61.6, ""2025"": -68.6, ""2026"": 29.4}"
5 trend+winst nemen,naar 0% bij 100% boven SMA200,3.0,BTC+ETH,-0.021668671509858295,-0.9308780930037185,1.4970139465393681,-0.9588284509110278,0.05543265348739035,-0.8006626763568419,0.9771223715540496,7.433077645585473,0.23076923076923078,3.162919891709059,-0.2205943324287355,98,"{""2018"": -82.5, ""2019"": 80.3, ""2020"": 250.6, ""2021"": -59.3, ""2022"": -25.6, ""2023"": 156.4, ""2024"": 44.9, ""2025"": -49.9, ""2026"": 55.5}"
5 trend+winst nemen,naar 0% bij 100% boven SMA200,3.0,BTC,-0.1735866619726263,-0.9772120114802381,0.9845060156589526,-0.9818654684225688,0.03442092680419506,-0.7851992469744954,0.9314723539269123,4.002426424546024,0.22857142857142856,2.2689754060686687,-0.20606390942162664,98,"{""2018"": -76.1, ""2019"": 136.2, ""2020"": 357.2, ""2021"": -96.5, ""2022"": 0.0, ""2023"": 254.0, ""2024"": 95.0, ""2025"": -65.6, ""2026"": 58.5}"
5 trend+winst nemen,naar 0% bij 100% boven SMA200,3.0,5 munten,-0.019573604615968798,-0.9282745894308813,1.4048090193198417,-0.9640559711384433,-0.14502834692391853,-0.847812258429422,0.5777946126328171,24.35762366938009,0.14084507042253522,3.8992485420927165,-0.22955401176554213,98,"{""2018"": -88.7, ""2019"": 68.9, ""2020"": 337.8, ""2021"": 24.2, ""2022"": -47.5, ""2023"": 61.7, ""2024"": 157.4, ""2025"": -79.7, ""2026"": 22.7}"
5 trend+winst nemen,naar 0% bij 100% boven SMA200,3.0,10 munten,0.13294380617177937,-0.9491387347278205,1.6260618036926293,-0.9216795469867557,-0.3131511085998857,-0.9040701144149447,0.2283746131704789,45.97072636192862,0.12189054726368159,3.9456941505777845,-0.24585986712685726,98,"{""2018"": -88.7, ""2019"": 79.0, ""2020"": 435.5, ""2021"": 158.7, ""2022"": -55.0, ""2023"": 46.5, ""2024"": 74.0, ""2025"": -86.5, ""2026"": 40.9}"
5 trend+winst nemen,naar 50% bij dag-RSI14>80,1.0,BTC+ETH,0.33022921209720546,-0.6073708270714027,2.0840103653244837,0.7736775920379917,0.16323615348954212,-0.2949128457319342,1.0072416666033968,6.975657482780213,0.2786885245901639,0.8684811742178916,-0.06027342150708031,99,"{""2018"": -39.5, ""2019"": 23.4, ""2020"": 136.9, ""2021"": 102.6, ""2022"": -9.2, ""2023"": 68.4, ""2024"": 42.4, ""2025"": -8.7, ""2026"": 15.5}"
5 trend+winst nemen,naar 50% bij dag-RSI14>80,1.0,BTC,0.21820077168058472,-0.6581748429082486,1.6766944826212933,0.07322834743324824,0.14265645524681325,-0.3161241128485921,0.9320684408881817,3.773716343143394,0.24242424242424243,0.605676040870148,-0.051701860014223,99,"{""2018"": -34.9, ""2019"": 37.7, ""2020"": 152.3, ""2021"": -20.5, ""2022"": 0.0, ""2023"": 80.3, ""2024"": 48.9, ""2025"": -17.6, ""2026"": 16.4}"
5 trend+winst nemen,naar 50% bij dag-RSI14>80,1.0,5 munten,0.3804913412650943,-0.5427618191525623,2.241365916567379,0.43842532123739697,0.07968723327276628,-0.4141542848301074,0.6547194833176788,22.756653099561678,0.22110552763819097,0.9235053661555863,-0.0530460731256038,99,"{""2018"": -46.2, ""2019"": 39.5, ""2020"": 134.8, ""2021"": 251.8, ""2022"": -16.7, ""2023"": 33.0, ""2024"": 52.3, ""2025"": -29.6, ""2026"": 9.9}"
5 trend+winst nemen,naar 50% bij dag-RSI14>80,1.0,10 munten,0.6360766658908705,-0.6038905050077241,2.713255264711893,1.2022964534634828,0.021849089214788897,-0.4610627674417652,0.4134345153641589,42.7687852222918,0.18716577540106952,1.9306787144146031,-0.05926544169792636,99,"{""2018"": -46.2, ""2019"": 49.8, ""2020"": 161.6, ""2021"": 731.7, ""2022"": -23.6, ""2023"": 36.0, ""2024"": 36.9, ""2025"": -35.9, ""2026"": 15.3}"
5 trend+winst nemen,naar 50% bij dag-RSI14>80,1.5,BTC+ETH,0.21684198709678504,-0.7940745389223131,1.5626100855480756,-0.30678598200834983,0.12220840200215588,-0.42917045271476695,0.7942104073540169,6.975657482780213,0.2786885245901639,0.9368350835854485,-0.0968184424111015,99,"{""2018"": -54.9, ""2019"": 15.9, ""2020"": 156.0, ""2021"": 48.2, ""2022"": -14.0, ""2023"": 87.3, ""2024"": 38.9, ""2025"": -20.1, ""2026"": 22.1}"
5 trend+winst nemen,naar 50% bij dag-RSI14>80,1.5,BTC,0.08342665057572773,-0.8528471657884877,1.075696698464487,-0.6147698048582969,0.1025175472708284,-0.45488688593751525,0.7342351507822765,3.773716343143394,0.24242424242424243,0.6631951991751907,-0.086400824937948,99,"{""2018"": -49.2, ""2019"": 31.5, ""2020"": 194.1, ""2021"": -60.6, ""2022"": 0.0, ""2023"": 107.1, ""2024"": 51.3, ""2025"": -31.1, ""2026"": 23.4}"
5 trend+winst nemen,naar 50% bij dag-RSI14>80,1.5,5 munten,0.28743641893543326,-0.783232751735444,1.7563386389996907,-0.44859724690811453,-0.014212117005914515,-0.5961143591814377,0.395117188635284,22.756653099561678,0.18592964824120603,1.177281162727484,-0.08945561717502133,99,"{""2018"": -62.9, ""2019"": 43.7, ""2020"": 157.6, ""2021"": 221.7, ""2022"": -24.7, ""2023"": 35.5, ""2024"": 53.6, ""2025"": -48.5, ""2026"": 13.4}"
5 trend+winst nemen,naar 50% bij dag-RSI14>80,1.5,10 munten,0.6633120251185798,-0.8285890229268618,2.2257550748053987,0.09061408697662432,-0.11037164606817518,-0.6615611732141082,0.13783842899838775,42.7687852222918,0.1497326203208556,3.4411280274429954,-0.0978670656544555,99,"{""2018"": -62.9, ""2019"": 59.7, ""2020"": 201.0, ""2021"": 1079.7, ""2022"": -33.7, ""2023"": 41.1, ""2024"": 23.3, ""2025"": -55.1, ""2026"": 21.7}"
5 trend+winst nemen,naar 50% bij dag-RSI14>80,2.0,BTC+ETH,0.20439484539279662,-0.8826332986158923,1.6547182692342979,-0.6005733536799495,0.09684319388688589,-0.5330240334893765,0.7874379873211858,6.975657482780213,0.2459016393442623,1.3917829912282216,-0.1233964480816235,99,"{""2018"": -66.2, ""2019"": 12.5, ""2020"": 230.9, ""2021"": 31.7, ""2022"": -17.7, ""2023"": 119.9, ""2024"": 37.9, ""2025"": -29.1, ""2026"": 29.5}"
5 trend+winst nemen,naar 50% bij dag-RSI14>80,2.0,BTC,0.021363656156879518,-0.9320663706826157,1.0743807685470512,-0.826612339127258,0.07196831306027018,-0.5658815405138569,0.7200368822715447,3.773716343143394,0.24242424242424243,0.8138630938366164,-0.11428476582369897,99,"{""2018"": -60.0, ""2019"": 34.1, ""2020"": 290.0, ""2021"": -78.3, ""2022"": 0.0, ""2023"": 147.0, ""2024"": 57.7, ""2025"": -43.1, ""2026"": 32.0}"
5 trend+winst nemen,naar 50% bij dag-RSI14>80,2.0,5 munten,0.32905445674611644,-0.8890059146162322,1.9230114188283696,-0.6898679326146421,-0.08252280357532182,-0.7262675177532064,0.3884361509071789,22.756653099561678,0.15577889447236182,1.8441114224170672,-0.12157392782547054,99,"{""2018"": -74.3, ""2019"": 52.4, ""2020"": 237.5, ""2021"": 314.6, ""2022"": -31.5, ""2023"": 45.4, ""2024"": 61.2, ""2025"": -61.9, ""2026"": 17.3}"
5 trend+winst nemen,naar 50% bij dag-RSI14>80,2.0,10 munten,0.8048554346614611,-0.9235384005072186,2.1901770446214477,-0.26959502786218414,-0.2168509881161763,-0.7935153849807886,0.11153357528233838,42.7687852222918,0.12299465240641712,5.2277155801342055,-0.13483063582818713,99,"{""2018"": -74.3, ""2019"": 72.6, ""2020"": 316.5, ""2021"": 1842.9, ""2022"": -42.2, ""2023"": 51.0, ""2024"": 14.3, ""2025"": -68.7, ""2026"": 29.6}"
5 trend+winst nemen,naar 50% bij dag-RSI14>80,3.0,BTC+ETH,-0.003995378138907935,-0.9643151075184117,1.7418311138814366,-0.9483716128020461,-0.043328514214226566,-0.7610118439011757,0.7786565013514539,6.975657482780213,0.22950819672131148,1.2312013843542478,-0.1826152559662797,99,"{""2018"": -82.5, ""2019"": -8.0, ""2020"": 355.8, ""2021"": -32.2, ""2022"": -25.6, ""2023"": 156.2, ""2024"": 20.9, ""2025"": -50.4, ""2026"": 43.8}"
5 trend+winst nemen,naar 50% bij dag-RSI14>80,3.0,BTC,-0.2062194885073364,-0.9890846065325918,1.066422333184782,-0.9824953255720321,-0.0838297397210288,-0.7641756006704329,0.6777473075469778,3.773716343143394,0.24242424242424243,0.857758970127322,-0.17033418782308882,99,"{""2018"": -76.1, ""2019"": 14.6, ""2020"": 451.4, ""2021"": -94.6, ""2022"": 0.0, ""2023"": 201.0, ""2024"": 48.4, ""2025"": -65.6, ""2026"": 49.3}"
5 trend+winst nemen,naar 50% bij dag-RSI14>80,3.0,5 munten,0.16520483481882398,-0.9832581522605839,2.07504869788688,-0.9591843879653088,-0.2731037256309504,-0.8898884227000662,0.40144555461610526,22.756653099561678,0.1457286432160804,1.4004508073034023,-0.19673509975369466,99,"{""2018"": -88.7, ""2019"": 53.8, ""2020"": 394.2, ""2021"": 223.0, ""2022"": -44.1, ""2023"": 59.1, ""2024"": 64.3, ""2025"": -81.7, ""2026"": 21.0}"
5 trend+winst nemen,naar 50% bij dag-RSI14>80,3.0,10 munten,0.7258871271728935,-0.9905747426416647,1.8953550520060947,-0.8665241990584477,-0.4507761576456111,-0.9377684128006675,0.10762971776565607,42.7687852222918,0.0962566844919786,3.6519213985023935,-0.2203652489295348,99,"{""2018"": -88.7, ""2019"": 82.4, ""2020"": 584.4, ""2021"": 2155.9, ""2022"": -56.1, ""2023"": 62.6, ""2024"": -8.6, ""2025"": -87.3, ""2026"": 44.1}"
5 trend+winst nemen,naar 0% bij dag-RSI14>80,1.0,BTC+ETH,0.2759489895316103,-0.6124311945284333,1.899059456212925,0.5520101321526658,0.09151339018075944,-0.2950008168083629,0.70713489208627,9.605823418910457,0.38095238095238093,0.3356039878652741,-0.08707062608085879,100,"{""2018"": -39.5, ""2019"": 13.8, ""2020"": 115.8, ""2021"": 92.9, ""2022"": -9.2, ""2023"": 64.5, ""2024"": 25.4, ""2025"": -9.6, ""2026"": 11.2}"
5 trend+winst nemen,naar 0% bij dag-RSI14>80,1.0,BTC,0.14655427192372095,-0.6809626052793967,1.3283719459207093,-0.28727334370621405,0.05979680900939388,-0.316207083150594,0.5632735224393915,5.145976831559174,0.35555555555555557,0.244533731884748,-0.07237182212171868,100,"{""2018"": -34.9, ""2019"": 16.7, ""2020"": 128.3, ""2021"": -21.1, ""2022"": 0.0, ""2023"": 65.8, ""2024"": 25.6, ""2025"": -17.7, ""2026"": 12.2}"
5 trend+winst nemen,naar 0% bij dag-RSI14>80,1.0,5 munten,0.300702864919159,-0.5417995158255133,1.9886611720153895,0.4357789730033528,-0.018814939778286077,-0.41421975726509663,0.18462915025912854,29.046180338134,0.2952755905511811,0.43325002961717757,-0.0852494262453116,100,"{""2018"": -46.2, ""2019"": 41.2, ""2020"": 124.9, ""2021"": 147.1, ""2022"": -14.4, ""2023"": 33.3, ""2024"": 18.4, ""2025"": -29.4, ""2026"": 8.4}"
5 trend+winst nemen,naar 0% bij dag-RSI14>80,1.0,10 munten,0.49387626131079143,-0.6322647802871528,2.327151280896192,0.6103006725309743,-0.029472341035333582,-0.45266232821920793,0.16620135462630398,52.7176737633062,0.2668112798264642,0.4695010009367611,-0.08617678599999894,100,"{""2018"": -46.2, ""2019"": 54.5, ""2020"": 155.7, ""2021"": 417.4, ""2022"": -23.2, ""2023"": 25.1, ""2024"": 17.2, ""2025"": -34.9, ""2026"": 14.9}"
5 trend+winst nemen,naar 0% bij dag-RSI14>80,1.5,BTC+ETH,0.17950685354854512,-0.7883686669879403,1.4401958044733587,-0.3524494346152922,0.03350999998250015,-0.42927345028125763,0.5223031765174302,9.605823418910457,0.36904761904761907,0.4666265693532649,-0.13860548668419753,100,"{""2018"": -54.9, ""2019"": 4.9, ""2020"": 139.0, ""2021"": 49.1, ""2022"": -14.0, ""2023"": 83.5, ""2024"": 18.1, ""2025"": -21.1, ""2026"": 15.9}"
5 trend+winst nemen,naar 0% bij dag-RSI14>80,1.5,BTC,0.007238607122503016,-0.8662931394490387,0.7597534366888872,-0.7683130113426643,-0.002645593230808596,-0.45501164588146303,0.3897387576446156,5.145976831559174,0.35555555555555557,0.3327825011193254,-0.12339823498533217,100,"{""2018"": -49.2, ""2019"": 5.8, ""2020"": 160.6, ""2021"": -59.9, ""2022"": 0.0, ""2023"": 85.9, ""2024"": 20.7, ""2025"": -31.1, ""2026"": 17.5}"
5 trend+winst nemen,naar 0% bij dag-RSI14>80,1.5,5 munten,0.20372471984881257,-0.7798640466456273,1.5154765803439336,-0.41976957294758355,-0.14078799019135524,-0.5989022740248628,-0.08821438194977717,29.046180338134,0.2755905511811024,0.6530367029882914,-0.136688198532441,100,"{""2018"": -62.9, ""2019"": 48.7, ""2020"": 149.7, ""2021"": 101.8, ""2022"": -21.6, ""2023"": 38.5, ""2024"": 6.0, ""2025"": -47.9, ""2026"": 11.4}"
5 trend+winst nemen,naar 0% bij dag-RSI14>80,1.5,10 munten,0.5086098165570727,-0.8435308151488805,1.8732190103242639,-0.28811322789160654,-0.17033973486260023,-0.6667336632505882,-0.12010832364814644,52.7176737633062,0.24511930585683298,0.7263832881047739,-0.13874627525854272,100,"{""2018"": -62.9, ""2019"": 71.2, ""2020"": 203.0, ""2021"": 575.4, ""2022"": -33.3, ""2023"": 26.6, ""2024"": -0.8, ""2025"": -53.8, ""2026"": 21.4}"
5 trend+winst nemen,naar 0% bij dag-RSI14>80,2.0,BTC+ETH,0.1709417127278603,-0.8770430236388115,1.54604501397001,-0.6197103626195783,-0.013238832214691132,-0.5331444287302343,0.5183647970578217,9.605823418910457,0.34523809523809523,0.7057593859684108,-0.176877814812457,100,"{""2018"": -66.2, ""2019"": -0.8, ""2020"": 211.8, ""2021"": 37.8, ""2022"": -17.7, ""2023"": 114.9, ""2024"": 12.3, ""2025"": -30.3, ""2026"": 21.0}"
5 trend+winst nemen,naar 0% bij dag-RSI14>80,2.0,BTC,-0.06405204753654092,-0.9400840680854768,0.7725091813624533,-0.9080179298342994,-0.05521507482047916,-0.565998122721993,0.3884574028625088,5.145976831559174,0.35555555555555557,0.4507285071204231,-0.16310735164124962,100,"{""2018"": -60.0, ""2019"": 1.1, ""2020"": 239.5, ""2021"": -77.2, ""2022"": 0.0, ""2023"": 114.5, ""2024"": 19.0, ""2025"": -43.1, ""2026"": 23.6}"
5 trend+winst nemen,naar 0% bij dag-RSI14>80,2.0,5 munten,0.22256694115239162,-0.8860276675821191,1.6713292230378656,-0.6444330972498364,-0.23557815697801676,-0.734408111376229,-0.10845826652109851,29.046180338134,0.2677165354330709,0.9569769259629005,-0.1802156364721513,100,"{""2018"": -74.3, ""2019"": 60.8, ""2020"": 229.2, ""2021"": 123.5, ""2022"": -27.7, ""2023"": 50.7, ""2024"": -1.7, ""2025"": -61.2, ""2026"": 14.6}"
5 trend+winst nemen,naar 0% bij dag-RSI14>80,2.0,10 munten,0.6366483991065672,-0.9307609297751651,1.8297550772234956,-0.5503306630534209,-0.2860481556495915,-0.8056982857837185,-0.16311550529828403,52.7176737633062,0.23210412147505424,1.0995779456595414,-0.18650769714557608,100,"{""2018"": -74.3, ""2019"": 92.2, ""2020"": 332.2, ""2021"": 960.9, ""2022"": -41.7, ""2023"": 32.2, ""2024"": -14.4, ""2025"": -67.4, ""2026"": 29.0}"
5 trend+winst nemen,naar 0% bij dag-RSI14>80,3.0,BTC+ETH,-0.019589333531468966,-0.962226285288041,1.635359293341894,-0.9464143237090666,-0.17763053025397058,-0.7580114907181266,0.5127630528097681,9.605823418910457,0.32142857142857145,1.1821903365206732,-0.2534355836931524,100,"{""2018"": -82.5, ""2019"": -22.0, ""2020"": 339.3, ""2021"": -22.2, ""2022"": -25.6, ""2023"": 150.7, ""2024"": -9.3, ""2025"": -51.7, ""2026"": 30.1}"
5 trend+winst nemen,naar 0% bij dag-RSI14>80,3.0,BTC,-0.28715886549220104,-0.990908591297682,0.781602968086133,-0.9924877261680985,-0.2325979147763605,-0.7848904489218771,0.3546838363295919,5.145976831559174,0.3333333333333333,0.7487981595186324,-0.2317895946183258,100,"{""2018"": -76.1, ""2019"": -21.8, ""2020"": 363.5, ""2021"": -93.8, ""2022"": 0.0, ""2023"": 146.0, ""2024"": 0.5, ""2025"": -65.6, ""2026"": 35.5}"
5 trend+winst nemen,naar 0% bij dag-RSI14>80,3.0,5 munten,0.0587697974787742,-0.9825160259228187,1.8005294163776502,-0.9413662384701466,-0.4415508445366292,-0.9101065173712763,-0.1064633058715932,29.046180338134,0.2559055118110236,1.6709480546624706,-0.26320170353517536,100,"{""2018"": -88.7, ""2019"": 71.4, ""2020"": 382.3, ""2021"": 43.0, ""2022"": -39.2, ""2023"": 71.9, ""2024"": -20.1, ""2025"": -81.1, ""2026"": 16.7}"
5 trend+winst nemen,naar 0% bij dag-RSI14>80,3.0,10 munten,0.6625208364511372,-0.9915907330182129,1.5507410130237813,-0.9205444786629919,-0.5202424226989939,-0.9484420514843713,-0.19565369032680982,52.7176737633062,0.22125813449023862,1.9840590427340372,-0.27676949345996316,100,"{""2018"": -88.7, ""2019"": 126.5, ""2020"": 655.9, ""2021"": 1431.6, ""2022"": -55.9, ""2023"": 39.0, ""2024"": -40.1, ""2025"": -86.5, ""2026"": 42.8}"
5 trend+winst nemen,naar 50% bij dag-RSI14>85,1.0,BTC+ETH,0.3578322104918015,-0.5909742464881679,2.160802870577821,0.8394009023143121,0.23889650226629122,-0.2948855992801359,1.2874231273639634,6.975657482780213,0.2786885245901639,0.9538880058608631,-0.05920082891861152,101,"{""2018"": -39.5, ""2019"": 32.1, ""2020"": 156.5, ""2021"": 104.4, ""2022"": -9.2, ""2023"": 62.3, ""2024"": 59.1, ""2025"": -7.1, ""2026"": 20.7}"
5 trend+winst nemen,naar 50% bij dag-RSI14>85,1.0,BTC,0.2539818521253352,-0.6581514150857961,1.8187549974119888,0.2527863483888795,0.2152234087213416,-0.31615624471255455,1.2074847841764007,3.773716343143394,0.24242424242424243,0.6934897532202522,-0.051701860014223,101,"{""2018"": -34.9, ""2019"": 57.1, ""2020"": 179.0, ""2021"": -23.0, ""2022"": 0.0, ""2023"": 74.4, ""2024"": 70.3, ""2025"": -17.6, ""2026"": 20.5}"
5 trend+winst nemen,naar 50% bij dag-RSI14>85,1.0,5 munten,0.3888063278172271,-0.5642464698057719,2.2502886477648802,0.4306460416996669,0.1278991442154247,-0.41415953682673523,0.8549926153365898,22.756653099561678,0.21105527638190955,1.0242258301499088,-0.05379479378290244,101,"{""2018"": -46.2, ""2019"": 37.9, ""2020"": 134.3, ""2021"": 280.0, ""2022"": -18.8, ""2023"": 32.6, ""2024"": 65.9, ""2025"": -28.6, ""2026"": 12.2}"
5 trend+winst nemen,naar 50% bij dag-RSI14>85,1.0,10 munten,0.67374157711545,-0.6115455406439421,2.7915783563028196,1.318806779210958,0.033080733125441464,-0.47396312272428964,0.4651222776712867,42.7687852222918,0.17914438502673796,1.973659928620369,-0.060234273343470125,101,"{""2018"": -46.2, ""2019"": 45.1, ""2020"": 178.3, ""2021"": 775.7, ""2022"": -22.8, ""2023"": 42.0, ""2024"": 40.8, ""2025"": -36.5, ""2026"": 16.4}"
5 trend+winst nemen,naar 50% bij dag-RSI14>85,1.5,BTC+ETH,0.22539403563555904,-0.7855955826882808,1.591945496984208,-0.3221728065772188,0.2114407201094337,-0.4280465967354552,1.0346882601476608,6.975657482780213,0.2786885245901639,0.9861668274475345,-0.0959811116224123,101,"{""2018"": -54.9, ""2019"": 26.8, ""2020"": 175.1, ""2021"": 38.1, ""2022"": -14.0, ""2023"": 77.3, ""2024"": 56.9, ""2025"": -18.0, ""2026"": 29.9}"
5 trend+winst nemen,naar 50% bij dag-RSI14>85,1.5,BTC,0.10180431190418293,-0.8572031843753438,1.1549275249547382,-0.6162743172252627,0.18883153240797634,-0.4526353282150022,0.9791426925649704,3.773716343143394,0.24242424242424243,0.7140536193762453,-0.08640082493794779,101,"{""2018"": -49.2, ""2019"": 55.9, ""2020"": 224.8, ""2021"": -65.5, ""2022"": 0.0, ""2023"": 97.9, ""2024"": 77.5, ""2025"": -31.1, ""2026"": 29.5}"
5 trend+winst nemen,naar 50% bij dag-RSI14>85,1.5,5 munten,0.2837164455382506,-0.7986298245424482,1.7469521653404652,-0.4781682502057094,0.04257373062129344,-0.5807518690684303,0.5764023241517486,22.756653099561678,0.18090452261306533,1.2121817261309529,-0.09017567879373327,101,"{""2018"": -62.9, ""2019"": 42.7, ""2020"": 145.8, ""2021"": 248.0, ""2022"": -27.3, ""2023"": 34.4, ""2024"": 70.9, ""2025"": -47.6, ""2026"": 16.8}"
5 trend+winst nemen,naar 50% bij dag-RSI14>85,1.5,10 munten,0.6893778990222963,-0.8402350446799507,2.273384770863206,0.09205277847857807,-0.10121123069563376,-0.6755389671871772,0.1828628097718246,42.7687852222918,0.14705882352941177,2.9678981519905663,-0.09959157924904412,101,"{""2018"": -62.9, ""2019"": 53.8, ""2020"": 214.4, ""2021"": 1105.4, ""2022"": -33.1, ""2023"": 49.0, ""2024"": 26.2, ""2025"": -55.4, ""2026"": 23.3}"
5 trend+winst nemen,naar 50% bij dag-RSI14>85,2.0,BTC+ETH,0.20570631028166608,-0.8793849225985549,1.679324818522679,-0.6250364317857098,0.22290813008664756,-0.5408947461694502,1.0507984272672113,6.975657482780213,0.2459016393442623,1.4262191499076837,-0.12264444278472168,101,"{""2018"": -66.2, ""2019"": 26.3, ""2020"": 254.2, ""2021"": 18.8, ""2022"": -17.7, ""2023"": 103.1, ""2024"": 67.9, ""2025"": -27.3, ""2026"": 40.0}"
5 trend+winst nemen,naar 50% bij dag-RSI14>85,2.0,BTC,0.05034238638625177,-0.9334934461663039,1.1890689716782905,-0.8201442951484313,0.17595742478610288,-0.5823425774432971,0.955550159028613,3.773716343143394,0.24242424242424243,0.9134953382005604,-0.11428476582369904,101,"{""2018"": -60.0, ""2019"": 66.4, ""2020"": 332.8, ""2021"": -80.4, ""2022"": 0.0, ""2023"": 131.7, ""2024"": 97.6, ""2025"": -44.7, ""2026"": 39.9}"
5 trend+winst nemen,naar 50% bij dag-RSI14>85,2.0,5 munten,0.324489624702166,-0.8998314760206256,1.923399162644692,-0.7170694476481143,-0.0026597221108549673,-0.7163242150719467,0.598517407132928,22.756653099561678,0.16080402010050251,1.778169191859687,-0.12504970999849224,101,"{""2018"": -74.3, ""2019"": 46.9, ""2020"": 218.9, ""2021"": 373.1, ""2022"": -34.7, ""2023"": 43.5, ""2024"": 93.5, ""2025"": -61.5, ""2026"": 21.7}"
5 trend+winst nemen,naar 50% bij dag-RSI14>85,2.0,10 munten,0.8505774705581339,-0.9295084019621607,2.258631626279235,-0.30926781349096777,-0.20498889636678153,-0.8070118868413946,0.17102123733666116,42.7687852222918,0.12566844919786097,3.9048840996577794,-0.13867693191497535,101,"{""2018"": -74.3, ""2019"": 58.2, ""2020"": 332.2, ""2021"": 2060.5, ""2022"": -41.0, ""2023"": 62.3, ""2024"": 19.6, ""2025"": -69.3, ""2026"": 31.9}"
5 trend+winst nemen,naar 50% bij dag-RSI14>85,3.0,BTC+ETH,-0.03660160929214573,-0.9740977920691718,1.7450577876452107,-0.961007073436773,0.12722727618601581,-0.7552574844855945,1.0570149755354474,6.975657482780213,0.22950819672131148,1.1912759286738281,-0.18226896474849671,101,"{""2018"": -82.5, ""2019"": 10.8, ""2020"": 401.7, ""2021"": -53.3, ""2022"": -25.6, ""2023"": 127.6, ""2024"": 59.6, ""2025"": -47.6, ""2026"": 61.9}"
5 trend+winst nemen,naar 50% bij dag-RSI14>85,3.0,BTC,-0.16928724094438974,-0.9896710308496666,1.225945917736364,-0.9823985148224672,0.06829061486416044,-0.76417551424019,0.9566195631572116,3.773716343143394,0.24242424242424243,1.0317787025769696,-0.17033418782308843,101,"{""2018"": -76.1, ""2019"": 61.7, ""2020"": 533.2, ""2021"": -95.3, ""2022"": 0.0, ""2023"": 175.4, ""2024"": 106.5, ""2025"": -65.6, ""2026"": 63.6}"
5 trend+winst nemen,naar 50% bij dag-RSI14>85,3.0,5 munten,0.14397333539253165,-0.9858902134870415,2.079046396781839,-0.9669605884714595,-0.17582990484901517,-0.8815883946889571,0.6254236758239134,22.756653099561678,0.135678391959799,1.3764922021159387,-0.19881178355387902,101,"{""2018"": -88.7, ""2019"": 40.0, ""2020"": 350.6, ""2021"": 276.5, ""2022"": -47.5, ""2023"": 56.4, ""2024"": 114.0, ""2025"": -81.2, ""2026"": 28.0}"
5 trend+winst nemen,naar 50% bij dag-RSI14>85,3.0,10 munten,0.7625635170638185,-0.9918940531227768,1.9662821211365453,-0.8893682133396936,-0.44407376881465166,-0.9423430299241394,0.16648183721395332,42.7687852222918,0.09358288770053476,2.6893428877116867,-0.224474486010868,101,"{""2018"": -88.7, ""2019"": 48.4, ""2020"": 616.6, ""2021"": 2499.4, ""2022"": -54.5, ""2023"": 81.1, ""2024"": -5.4, ""2025"": -87.5, ""2026"": 47.1}"
5 trend+winst nemen,naar 0% bij dag-RSI14>85,1.0,BTC+ETH,0.3342343389000999,-0.5750752936326446,2.09439866667024,0.833253121240803,0.24351146771817578,-0.2948855992801348,1.312434446994634,8.690983093299938,0.35526315789473684,0.4264885278809426,-0.07350373897606476,102,"{""2018"": -39.5, ""2019"": 31.2, ""2020"": 155.3, ""2021"": 97.6, ""2022"": -9.2, ""2023"": 52.8, ""2024"": 58.3, ""2025"": -6.3, ""2026"": 21.6}"
5 trend+winst nemen,naar 0% bij dag-RSI14>85,1.0,BTC,0.2202666408394045,-0.6809188023577573,1.6745758713504453,-0.023339685166560264,0.20462043028749943,-0.3161562447125539,1.1725188846005405,4.574201628052599,0.325,0.3727595587037032,-0.06213243850262206,102,"{""2018"": -34.9, ""2019"": 53.5, ""2020"": 183.8, ""2021"": -26.2, ""2022"": 0.0, ""2023"": 55.5, ""2024"": 66.4, ""2025"": -17.6, ""2026"": 20.4}"
5 trend+winst nemen,naar 0% bij dag-RSI14>85,1.0,5 munten,0.3142471275710048,-0.5813134428706339,2.015364550244475,0.39514996058447904,0.06911898520871906,-0.41421144788784714,0.6088899629779672,26.64472448340639,0.2575107296137339,0.5435498287996039,-0.07442628190561253,102,"{""2018"": -46.2, ""2019"": 38.2, ""2020"": 124.9, ""2021"": 184.0, ""2022"": -18.8, ""2023"": 32.5, ""2024"": 39.6, ""2025"": -27.3, ""2026"": 13.0}"
5 trend+winst nemen,naar 0% bij dag-RSI14>85,1.0,10 munten,0.5642992250297711,-0.6441123322455744,2.5080211624144773,0.8129061956020192,-0.008631866992999448,-0.45993141492547174,0.2755560099223742,48.60089229805886,0.2188235294117647,0.6766777986523742,-0.07524912913042447,102,"{""2018"": -46.2, ""2019"": 45.4, ""2020"": 195.6, ""2021"": 460.6, ""2022"": -21.8, ""2023"": 37.1, ""2024"": 23.7, ""2025"": -35.8, ""2026"": 17.2}"
5 trend+winst nemen,naar 0% bij dag-RSI14>85,1.5,BTC+ETH,0.22095108639170014,-0.7647708461481912,1.5745963224236244,-0.283019800279499,0.2282857608910407,-0.4280465967354542,1.0801147127607331,8.690983093299938,0.34210526315789475,0.5953145643072605,-0.12243685883000989,102,"{""2018"": -54.9, ""2019"": 27.8, ""2020"": 184.7, ""2021"": 40.3, ""2022"": -14.0, ""2023"": 63.7, ""2024"": 58.2, ""2025"": -16.8, ""2026"": 31.9}"
5 trend+winst nemen,naar 0% bij dag-RSI14>85,1.5,BTC,0.07377510474589455,-0.8702273558665224,1.0459403491838943,-0.7082204237628215,0.18318596832819178,-0.4526353282150014,0.9651236599318725,4.574201628052599,0.3,0.5782160001914062,-0.11133801318207578,102,"{""2018"": -49.2, ""2019"": 53.9, ""2020"": 235.8, ""2021"": -66.1, ""2022"": 0.0, ""2023"": 69.0, ""2024"": 74.6, ""2025"": -31.1, ""2026"": 30.0}"
5 trend+winst nemen,naar 0% bij dag-RSI14>85,1.5,5 munten,0.20327715282555014,-0.8095850719062299,1.518228028119828,-0.463858285658055,-0.033541847888572396,-0.5674110408416575,0.31580877718844763,26.64472448340639,0.23605150214592274,0.8115237739573063,-0.12334075663968169,102,"{""2018"": -62.9, ""2019"": 44.9, ""2020"": 133.7, ""2021"": 141.0, ""2022"": -27.3, ""2023"": 36.4, ""2024"": 32.5, ""2025"": -45.9, ""2026"": 18.3}"
5 trend+winst nemen,naar 0% bij dag-RSI14>85,1.5,10 munten,0.5828178593074744,-0.8596637236339727,2.017062378603248,-0.24259142325795824,-0.15196656427107746,-0.6775410302632485,-0.022934747910203217,48.60089229805886,0.19294117647058823,1.114252083466437,-0.12614202135328287,102,"{""2018"": -62.9, ""2019"": 56.1, ""2020"": 256.6, ""2021"": 622.3, ""2022"": -31.7, ""2023"": 43.2, ""2024"": 4.4, ""2025"": -54.6, ""2026"": 24.8}"
5 trend+winst nemen,naar 0% bij dag-RSI14>85,2.0,BTC+ETH,0.20386696275904614,-0.861407208119643,1.6567841448593865,-0.5795517456854788,0.2458425451102937,-0.5408947461694491,1.0936101191744703,8.690983093299938,0.3026315789473684,0.9717995297995996,-0.15682638579741337,102,"{""2018"": -66.2, ""2019"": 29.0, ""2020"": 272.3, ""2021"": 21.8, ""2022"": -17.7, ""2023"": 82.8, ""2024"": 69.7, ""2025"": -25.8, ""2026"": 42.9}"
5 trend+winst nemen,naar 0% bij dag-RSI14>85,2.0,BTC,0.016367071136384137,-0.9413427165395147,1.0755671185111666,-0.8722452853553264,0.16852551795092063,-0.5823425774432938,0.9383036260244316,4.574201628052599,0.3,0.864327412392004,-0.14979973813157985,102,"{""2018"": -60.0, ""2019"": 64.9, ""2020"": 352.0, ""2021"": -80.8, ""2022"": 0.0, ""2023"": 88.1, ""2024"": 93.3, ""2025"": -44.7, ""2026"": 40.6}"
5 trend+winst nemen,naar 0% bij dag-RSI14>85,2.0,5 munten,0.21469391861146025,-0.9078411901512702,1.6702126589399122,-0.6858775891974297,-0.09854076492880526,-0.7029003846232575,0.32615623697147245,26.64472448340639,0.21888412017167383,1.2617317717340122,-0.16363933448243106,102,"{""2018"": -74.3, ""2019"": 51.4, ""2020"": 199.0, ""2021"": 183.2, ""2022"": -34.7, ""2023"": 47.5, ""2024"": 37.5, ""2025"": -59.7, ""2026"": 23.9}"
5 trend+winst nemen,naar 0% bij dag-RSI14>85,2.0,10 munten,0.7341026824618566,-0.9410966388776565,1.9681042749723052,-0.528563870748066,-0.26466454058424815,-0.8157314600587751,-0.049728903905337574,48.60089229805886,0.17411764705882352,1.892388660547124,-0.172513026783967,102,"{""2018"": -74.3, ""2019"": 63.1, ""2020"": 430.6, ""2021"": 1074.7, ""2022"": -39.6, ""2023"": 55.9, ""2024"": -7.5, ""2025"": -68.5, ""2026"": 34.2}"
5 trend+winst nemen,naar 0% bij dag-RSI14>85,3.0,BTC+ETH,-0.023584269776435907,-0.9762599717030777,1.7208445619878208,-0.9497050337670927,0.1606388284489375,-0.7361861294393406,1.096176299520432,8.690983093299938,0.27631578947368424,1.8373141652962373,-0.2369477278777802,102,"{""2018"": -82.5, ""2019"": 17.6, ""2020"": 446.7, ""2021"": -49.0, ""2022"": -25.6, ""2023"": 95.3, ""2024"": 62.4, ""2025"": -45.9, ""2026"": 66.9}"
5 trend+winst nemen,naar 0% bij dag-RSI14>85,3.0,BTC,-0.20549881305356066,-0.9913970229016754,1.104191724793632,-0.9888276481658934,0.05827191216496019,-0.7641755142401899,0.9337791020652705,4.574201628052599,0.275,1.776925801866103,-0.2170529121144996,102,"{""2018"": -76.1, ""2019"": 62.5, ""2020"": 576.7, ""2021"": -95.5, ""2022"": 0.0, ""2023"": 103.1, ""2024"": 99.8, ""2025"": -65.6, ""2026"": 64.8}"
5 trend+winst nemen,naar 0% bij dag-RSI14>85,3.0,5 munten,0.03323303941561129,-0.9877592914285388,1.8026878551307983,-0.9550355048684858,-0.27920437825917677,-0.8826753986220367,0.35389946520243026,26.64472448340639,0.2017167381974249,2.299258076871482,-0.24467637492689787,102,"{""2018"": -88.7, ""2019"": 51.0, ""2020"": 305.3, ""2021"": 97.2, ""2022"": -47.5, ""2023"": 67.1, ""2024"": 33.6, ""2025"": -79.7, ""2026"": 31.3}"
5 trend+winst nemen,naar 0% bij dag-RSI14>85,3.0,10 munten,0.7850716360072494,-0.99392063738692,1.667269995508356,-0.9198581501525206,-0.5020169290721017,-0.953053815484146,-0.07483640832958117,48.60089229805886,0.16,4.068102123649476,-0.26232845867270466,102,"{""2018"": -88.7, ""2019"": 60.1, ""2020"": 981.8, ""2021"": 1614.5, ""2022"": -53.5, ""2023"": 78.0, ""2024"": -35.1, ""2025"": -87.0, ""2026"": 51.3}"
6 alleen dips,"2u-RSI14<30, uit RSI>60 of na 12 candles",1.0,BTC+ETH,-0.08264426612972253,-0.4715519505111607,-0.9330588297083305,-0.5418986664611289,-0.06480977258083442,-0.23865607765677077,-0.8011560085804844,37.62280839073262,0.5045592705167173,0.026925433047202397,-0.03335511431819225,103,"{""2018"": -11.2, ""2019"": -3.4, ""2020"": -16.4, ""2021"": -19.1, ""2022"": -2.5, ""2023"": 5.3, ""2024"": -11.2, ""2025"": -9.2, ""2026"": 3.1}"
6 alleen dips,"2u-RSI14<30, uit RSI>60 of na 12 candles",1.0,BTC,-0.08453089046033502,-0.4960227482665771,-1.2159877591593735,-0.5424960755209974,-0.0007988855303239228,-0.14201871764935958,0.09593661270736724,18.982936756418283,0.5120481927710844,0.023283668515283483,-0.028172719048766573,103,"{""2018"": -7.3, ""2019"": -13.9, ""2020"": -8.4, ""2021"": -22.1, ""2022"": 0.0, ""2023"": 3.6, ""2024"": 5.0, ""2025"": -9.5, ""2026"": 5.0}"
6 alleen dips,"2u-RSI14<30, uit RSI>60 of na 12 candles",1.0,5 munten,0.00510703404100088,-0.2772291524891679,0.28225069999192826,-0.24142907137274205,-0.03346529029321654,-0.2203986750241249,-0.34398453666709955,85.76628052598623,0.5333333333333333,0.03423311006912813,-0.03644608909726741,103,"{""2018"": -14.8, ""2019"": 6.2, ""2020"": -9.8, ""2021"": 22.3, ""2022"": -0.9, ""2023"": 4.3, ""2024"": 3.7, ""2025"": -15.1, ""2026"": 3.4}"
6 alleen dips,"2u-RSI14<30, uit RSI>60 of na 12 candles",1.0,10 munten,0.06207928022538356,-0.27728505000107906,1.0556249037381833,-0.1182964592875888,-0.05223528754619755,-0.29191846557393597,-0.5619141434690413,138.82701941139638,0.5411861614497528,0.041005331057910335,-0.041412455416306324,103,"{""2018"": -14.8, ""2019"": 9.3, ""2020"": -6.7, ""2021"": 68.1, ""2022"": -7.6, ""2023"": 6.4, ""2024"": 3.0, ""2025"": -18.4, ""2026"": 2.6}"
6 alleen dips,"2u-RSI14<30, uit RSI>60 of na 12 candles",1.5,BTC+ETH,-0.14207669897590602,-0.6643232324046284,-1.0425976096954295,-0.7286060750266437,-0.10765128165669124,-0.3567460881361125,-0.8680848733685468,37.62280839073262,0.49544072948328266,0.04054805894961143,-0.04993535711334663,103,"{""2018"": -16.7, ""2019"": -6.5, ""2020"": -26.3, ""2021"": -31.8, ""2022"": -3.8, ""2023"": 5.9, ""2024"": -18.1, ""2025"": -14.6, ""2026"": 4.5}"
6 alleen dips,"2u-RSI14<30, uit RSI>60 of na 12 candles",1.5,BTC,-0.1427612792073677,-0.6834613268192776,-1.339196165114125,-0.7248750152478811,-0.018570275637910583,-0.2106383903748723,-0.0020863081295436027,18.982936756418283,0.5060240963855421,0.03484660359674117,-0.04248054789833425,103,"{""2018"": -11.1, ""2019"": -21.7, ""2020"": -15.3, ""2021"": -34.7, ""2022"": 0.0, ""2023"": 3.1, ""2024"": 4.5, ""2025"": -15.4, ""2026"": 7.4}"
6 alleen dips,"2u-RSI14<30, uit RSI>60 of na 12 candles",1.5,5 munten,-0.011117971196706544,-0.40238042629306325,0.20024888197258814,-0.3993126861411803,-0.07007200789246815,-0.34561903334373834,-0.48010652884263244,85.76628052598623,0.5266666666666666,0.051143590835509865,-0.054859248287845865,103,"{""2018"": -22.0, ""2019"": 8.2, ""2020"": -16.1, ""2021"": 27.5, ""2022"": -1.5, ""2023"": 5.1, ""2024"": 3.0, ""2025"": -24.3, ""2026"": 5.1}"
6 alleen dips,"2u-RSI14<30, uit RSI>60 of na 12 candles",1.5,10 munten,0.07374873196285425,-0.4032698655956205,0.9869434073633452,-0.23871497430096011,-0.09852141430246986,-0.43362180343994483,-0.7021984923905883,138.82701941139638,0.5362438220757826,0.061091918027173064,-0.062402386743426026,103,"{""2018"": -22.0, ""2019"": 12.8, ""2020"": -12.1, ""2021"": 105.6, ""2022"": -11.3, ""2023"": 8.6, ""2024"": 1.1, ""2025"": -28.4, ""2026"": 3.9}"
6 alleen dips,"2u-RSI14<30, uit RSI>60 of na 12 candles",2.0,BTC+ETH,-0.2024496025090784,-0.7950984380890807,-1.0977631953554159,-0.8456611405678086,-0.15107939929263048,-0.46126341663528714,-0.8977622965146067,37.62280839073262,0.49544072948328266,0.05373292915548051,-0.06717584072452927,103,"{""2018"": -22.0, ""2019"": -10.6, ""2020"": -33.6, ""2021"": -45.1, ""2022"": -5.0, ""2023"": 6.7, ""2024"": -24.6, ""2025"": -20.2, ""2026"": 6.1}"
6 alleen dips,"2u-RSI14<30, uit RSI>60 of na 12 candles",2.0,BTC,-0.2043517120680154,-0.81160809871928,-1.3927208332750634,-0.8433307777810379,-0.03598718513354349,-0.2745773164774953,-0.02441000001001906,18.982936756418283,0.5060240963855421,0.04648075276766169,-0.05738641394509641,103,"{""2018"": -14.7, ""2019"": -30.0, ""2020"": -20.8, ""2021"": -47.7, ""2022"": 0.0, ""2023"": 2.7, ""2024"": 4.4, ""2025"": -21.2, ""2026"": 9.9}"
6 alleen dips,"2u-RSI14<30, uit RSI>60 of na 12 candles",2.0,5 munten,-0.025433926042383925,-0.5015417703461815,0.22112037222141537,-0.5069780351829338,-0.1087044178273684,-0.46033803320261646,-0.5472138051460966,85.76628052598623,0.5266666666666666,0.06758024876894805,-0.07333942106396192,103,"{""2018"": -28.7, ""2019"": 10.3, ""2020"": -19.9, ""2021"": 30.8, ""2022"": -2.1, ""2023"": 6.3, ""2024"": 1.4, ""2025"": -32.7, ""2026"": 6.8}"
6 alleen dips,"2u-RSI14<30, uit RSI>60 of na 12 candles",2.0,10 munten,0.08765845535652628,-0.5017409130839474,1.0213274012716131,-0.314659865081081,-0.14660129438365366,-0.5560344337359173,-0.779272745565595,138.82701941139638,0.5362438220757826,0.08075222582827722,-0.08334892801118886,103,"{""2018"": -28.7, ""2019"": 16.2, ""2020"": -15.0, ""2021"": 147.6, ""2022"": -14.7, ""2023"": 11.3, ""2024"": -1.8, ""2025"": -37.4, ""2026"": 5.2}"
6 alleen dips,"2u-RSI14<30, uit RSI>60 of na 12 candles",3.0,BTC+ETH,-0.3311052594452921,-0.9360733289350535,-1.1936947394773951,-0.9581940446630354,-0.24416714397574213,-0.6368638797726316,-0.9509625498534646,37.62280839073262,0.49544072948328266,0.07990015862024871,-0.10241355825652362,103,"{""2018"": -34.8, ""2019"": -21.5, ""2020"": -44.8, ""2021"": -67.3, ""2022"": -8.2, ""2023"": 5.6, ""2024"": -37.2, ""2025"": -32.3, ""2026"": 9.1}"
6 alleen dips,"2u-RSI14<30, uit RSI>60 of na 12 candles",3.0,BTC,-0.33981189718458693,-0.9464387875296371,-1.518836400965168,-0.9572524027759759,-0.08469686260111176,-0.40120557640935406,-0.06438901176048245,18.982936756418283,0.5060240963855421,0.06882558777647682,-0.08733088039527905,103,"{""2018"": -24.5, ""2019"": -48.9, ""2020"": -32.4, ""2021"": -67.9, ""2022"": 0.0, ""2023"": -1.0, ""2024"": 1.8, ""2025"": -33.0, ""2026"": 15.0}"
6 alleen dips,"2u-RSI14<30, uit RSI>60 of na 12 candles",3.0,5 munten,-0.0826188689787909,-0.6807823194096365,0.19391700475991241,-0.7292102182058797,-0.19994539930032829,-0.6577201898533933,-0.6408393229911278,85.76628052598623,0.5186666666666667,0.10167744413000636,-0.11009409573582046,103,"{""2018"": -44.0, ""2019"": 10.3, ""2020"": -25.9, ""2021"": 25.3, ""2022"": -3.3, ""2023"": 7.6, ""2024"": -1.1, ""2025"": -50.3, ""2026"": 10.3}"
6 alleen dips,"2u-RSI14<30, uit RSI>60 of na 12 candles",3.0,10 munten,0.08359261628456038,-0.6771431601324891,1.0241329397225598,-0.5041654525347514,-0.2440507673414456,-0.7397927335797093,-0.8461902201751796,138.82701941139638,0.5280065897858319,0.121710441117275,-0.12423323095185378,103,"{""2018"": -44.0, ""2019"": 19.6, ""2020"": -19.7, ""2021"": 227.3, ""2022"": -21.1, ""2023"": 16.4, ""2024"": -5.6, ""2025"": -54.5, ""2026"": 8.0}"
6 alleen dips,"2u-RSI14<30, uit RSI>60 of na 36 candles",1.0,BTC+ETH,-0.10953396338913146,-0.6267317249307169,-0.9896357848760753,-0.6438029577392441,-0.007714709410224785,-0.14419410452232406,0.05415804645587241,28.931825297432688,0.5691699604743083,0.03328174171433172,-0.052194322863016396,104,"{""2018"": -19.8, ""2019"": -10.8, ""2020"": -24.8, ""2021"": -22.2, ""2022"": -5.1, ""2023"": 25.6, ""2024"": -2.6, ""2025"": -5.3, ""2026"": 6.1}"
6 alleen dips,"2u-RSI14<30, uit RSI>60 of na 36 candles",1.0,BTC,-0.09363531805292968,-0.5934578409106948,-0.9597751533064058,-0.5919403121529858,0.07541170435747468,-0.12317379003387663,0.8539212071705324,14.408735128365686,0.5873015873015873,0.029840387699922286,-0.04498295012289569,104,"{""2018"": -19.4, ""2019"": -22.9, ""2020"": -8.4, ""2021"": -17.8, ""2022"": 0.0, ""2023"": 18.5, ""2024"": 10.1, ""2025"": 2.9, ""2026"": 7.8}"
6 alleen dips,"2u-RSI14<30, uit RSI>60 of na 36 candles",1.0,5 munten,-0.025077311353653986,-0.351005418158608,-0.02234132438062131,-0.3887810573777567,-0.04856620449105653,-0.2815527212761295,-0.41049426555113605,66.32592360676269,0.5672413793103448,0.04595053727878764,-0.058600993931064514,104,"{""2018"": -21.0, ""2019"": 6.4, ""2020"": -18.3, ""2021"": 19.0, ""2022"": -7.7, ""2023"": 13.4, ""2024"": 1.5, ""2025"": -19.2, ""2026"": 5.5}"
6 alleen dips,"2u-RSI14<30, uit RSI>60 of na 36 candles",1.0,10 munten,-0.003800757559139001,-0.38319061236628593,0.2344024028992847,-0.41058088547386906,-0.0906455399042514,-0.36355196315372007,-0.8148389028874273,106.69325297432687,0.5337620578778135,0.055208614836296695,-0.06235083646227078,104,"{""2018"": -21.0, ""2019"": 6.5, ""2020"": -17.3, ""2021"": 53.1, ""2022"": -13.6, ""2023"": 6.0, ""2024"": -4.1, ""2025"": -23.2, ""2026"": 4.2}"
6 alleen dips,"2u-RSI14<30, uit RSI>60 of na 36 candles",1.5,BTC+ETH,-0.19315740086158217,-0.8182268007964114,-1.1406349757061993,-0.8312166169864701,-0.0318032751948405,-0.2321987331505373,-0.016369186412395494,28.931825297432688,0.5612648221343873,0.049400491338946806,-0.07824347352237625,104,"{""2018"": -29.6, ""2019"": -18.4, ""2020"": -37.9, ""2021"": -39.0, ""2022"": -7.6, ""2023"": 37.3, ""2024"": -7.8, ""2025"": -9.0, ""2026"": 9.1}"
6 alleen dips,"2u-RSI14<30, uit RSI>60 of na 36 candles",1.5,BTC,-0.17181218953017363,-0.7937156989832391,-1.140749208184818,-0.7941860273862944,0.09125048869137742,-0.1858263181368206,0.7787299190752291,14.408735128365686,0.5793650793650794,0.044133762037541165,-0.06773138984781918,104,"{""2018"": -28.7, ""2019"": -35.4, ""2020"": -16.9, ""2021"": -32.6, ""2022"": 0.0, ""2023"": 25.3, ""2024"": 11.2, ""2025"": 2.4, ""2026"": 11.5}"
6 alleen dips,"2u-RSI14<30, uit RSI>60 of na 36 candles",1.5,5 munten,-0.0760752442908974,-0.508228023537115,-0.19379733948466626,-0.62182833474143,-0.10596287350186617,-0.44329783855618177,-0.6197414767678925,66.32592360676269,0.5568965517241379,0.06856677038297052,-0.08800350206842501,104,"{""2018"": -31.3, ""2019"": 7.0, ""2020"": -29.1, ""2021"": 13.8, ""2022"": -11.9, ""2023"": 18.3, ""2024"": -3.3, ""2025"": -30.5, ""2026"": 8.2}"
6 alleen dips,"2u-RSI14<30, uit RSI>60 of na 36 candles",1.5,10 munten,-0.04676496869628877,-0.5477595434824936,0.06949489009721968,-0.6418681279276457,-0.16603379723514877,-0.5365740320175704,-1.0164822700333216,106.69325297432687,0.5262593783494105,0.0819742846792029,-0.09453408234757472,104,"{""2018"": -31.3, ""2019"": 7.1, ""2020"": -28.7, ""2021"": 65.9, ""2022"": -19.8, ""2023"": 7.2, ""2024"": -11.8, ""2025"": -35.6, ""2026"": 6.3}"
6 alleen dips,"2u-RSI14<30, uit RSI>60 of na 36 candles",2.0,BTC+ETH,-0.26780604375716854,-0.9102632613740622,-1.1679555670717838,-0.9193865426476423,-0.05638035322841184,-0.30658862255809693,-0.02288655754317969,28.931825297432688,0.5573122529644269,0.06568266681184863,-0.10307673175886331,104,"{""2018"": -38.9, ""2019"": -24.3, ""2020"": -46.8, ""2021"": -53.5, ""2022"": -10.1, ""2023"": 49.9, ""2024"": -12.5, ""2025"": -13.2, ""2026"": 12.2}"
6 alleen dips,"2u-RSI14<30, uit RSI>60 of na 36 candles",2.0,BTC,-0.24563069210119304,-0.8972413833795807,-1.1766076523070592,-0.8980128415038401,0.11173603754679129,-0.24398921152258568,0.796121361146816,14.408735128365686,0.5793650793650794,0.0584191272636884,-0.09042463474643313,104,"{""2018"": -37.6, ""2019"": -45.9, ""2020"": -23.5, ""2021"": -46.0, ""2022"": 0.0, ""2023"": 32.5, ""2024"": 13.4, ""2025"": 2.1, ""2026"": 15.6}"
6 alleen dips,"2u-RSI14<30, uit RSI>60 of na 36 candles",2.0,5 munten,-0.11940343106551232,-0.656142936287952,-0.18597518321565226,-0.7592196474670079,-0.15548939355322577,-0.5659526391111565,-0.6641402184449662,66.32592360676269,0.5551724137931034,0.0912755761090033,-0.11674316112391246,104,"{""2018"": -41.4, ""2019"": 8.3, ""2020"": -37.0, ""2021"": 10.8, ""2022"": -15.7, ""2023"": 23.8, ""2024"": -7.7, ""2025"": -39.6, ""2026"": 11.1}"
6 alleen dips,"2u-RSI14<30, uit RSI>60 of na 36 candles",2.0,10 munten,-0.08800446639714021,-0.6707078296254616,0.05353403996273153,-0.781803781097292,-0.233548974238857,-0.6619850397205972,-1.0702949526138175,106.69325297432687,0.5241157556270096,0.10851130021050977,-0.12568121975347302,104,"{""2018"": -41.4, ""2019"": 8.0, ""2020"": -36.4, ""2021"": 75.7, ""2022"": -25.5, ""2023"": 8.6, ""2024"": -19.3, ""2025"": -45.4, ""2026"": 8.5}"
6 alleen dips,"2u-RSI14<30, uit RSI>60 of na 36 candles",3.0,BTC+ETH,-0.42001502708520866,-0.9826616463802343,-1.2427903721627291,-0.9852891264221458,-0.13872050324952667,-0.5093464607907979,-0.10663351632420297,28.931825297432688,0.5533596837944664,0.09605666245381406,-0.15197984481548896,104,"{""2018"": -54.3, ""2019"": -39.1, ""2020"": -59.8, ""2021"": -77.2, ""2022"": -14.9, ""2023"": 75.7, ""2024"": -25.9, ""2025"": -24.5, ""2026"": 18.7}"
6 alleen dips,"2u-RSI14<30, uit RSI>60 of na 36 candles",3.0,BTC,-0.3989509935082891,-0.9795507408056167,-1.2621584212210608,-0.9801508548768484,0.09449448816746298,-0.3506475789974063,0.7145617578811255,14.408735128365686,0.5714285714285714,0.08607485747417837,-0.13247047112305257,104,"{""2018"": -52.2, ""2019"": -65.9, ""2020"": -35.7, ""2021"": -68.8, ""2022"": 0.0, ""2023"": 44.5, ""2024"": 8.7, ""2025"": -4.8, ""2026"": 23.9}"
6 alleen dips,"2u-RSI14<30, uit RSI>60 of na 36 candles",3.0,5 munten,-0.23578175896345877,-0.8731627771736442,-0.21341426714173162,-0.9258320120496873,-0.26837223810044497,-0.7586921015316577,-0.7682352979348835,66.32592360676269,0.5448275862068965,0.13683261277171815,-0.1707246268095727,104,"{""2018"": -58.3, ""2019"": 3.9, ""2020"": -49.1, ""2021"": -15.9, ""2022"": -22.8, ""2023"": 36.9, ""2024"": -17.5, ""2025"": -57.0, ""2026"": 16.7}"
6 alleen dips,"2u-RSI14<30, uit RSI>60 of na 36 candles",3.0,10 munten,-0.20683714544092913,-0.8377193548711408,0.005814354734400802,-0.9384375546601862,-0.37122128605570437,-0.8345394358922562,-1.181398622566953,106.69325297432687,0.5133976420150054,0.16183884013662822,-0.18531521723259783,104,"{""2018"": -58.3, ""2019"": 3.5, ""2020"": -49.1, ""2021"": 53.0, ""2022"": -34.6, ""2023"": 12.4, ""2024"": -33.7, ""2025"": -63.0, ""2026"": 12.8}"
6 alleen dips,"2u-RSI14<25, uit RSI>60 of na 12 candles",1.0,BTC+ETH,-0.04868469349509397,-0.3904914935419286,-0.7682769925694984,-0.4046823260867135,-0.0358513632032772,-0.1695423868983178,-0.5478410088394708,18.982936756418283,0.4759036144578313,0.03268626508369018,-0.036024898399762965,105,"{""2018"": 2.9, ""2019"": -12.8, ""2020"": -15.7, ""2021"": 1.9, ""2022"": -2.6, ""2023"": -1.1, ""2024"": -12.3, ""2025"": 3.1, ""2026"": 0.0}"
6 alleen dips,"2u-RSI14<25, uit RSI>60 of na 12 candles",1.0,BTC,-0.0096209685869042,-0.24145458811962817,-0.039632162125571316,-0.3008325372243904,0.00448767002931838,-0.15306171967715,0.15615296477515303,8.919693174702568,0.5256410256410257,0.028120882998607828,-0.029114603632035205,105,"{""2018"": 11.7, ""2019"": -15.4, ""2020"": -8.5, ""2021"": 7.4, ""2022"": 0.0, ""2023"": 1.6, ""2024"": -12.6, ""2025"": 15.8, ""2026"": 0.0}"
6 alleen dips,"2u-RSI14<25, uit RSI>60 of na 12 candles",1.0,5 munten,0.043962127411658836,-0.21246826636144445,1.0896227445785713,-0.013397979221060896,0.07118992886617126,-0.11546167585650413,0.9587554705361979,40.824749530369445,0.5238095238095238,0.048037283347177245,-0.03757839507942733,105,"{""2018"": 3.8, ""2019"": -1.9, ""2020"": 3.0, ""2021"": 23.0, ""2022"": -1.0, ""2023"": 1.3, ""2024"": 7.1, ""2025"": 12.1, ""2026"": 0.5}"
6 alleen dips,"2u-RSI14<25, uit RSI>60 of na 12 candles",1.0,10 munten,0.05797276204157975,-0.21417502908955188,1.2810683577179087,0.021165174643561935,0.04254719202072765,-0.08907021808367233,0.7370682107795338,66.66898872886662,0.5283018867924528,0.0526125072051305,-0.04198310004433691,105,"{""2018"": 3.8, ""2019"": -1.7, ""2020"": 0.7, ""2021"": 41.2, ""2022"": -6.0, ""2023"": 2.8, ""2024"": 4.4, ""2025"": 7.1, ""2026"": 0.3}"
6 alleen dips,"2u-RSI14<25, uit RSI>60 of na 12 candles",1.5,BTC+ETH,-0.08030515532477789,-0.5276133183420892,-0.8168899926490205,-0.560474579186161,-0.05958546357824346,-0.24795180493709723,-0.5848151178953717,18.982936756418283,0.4759036144578313,0.048509549610001694,-0.054283412217693915,105,"{""2018"": 4.1, ""2019"": -19.2, ""2020"": -23.5, ""2021"": 0.5, ""2022"": -4.0, ""2023"": -2.6, ""2024"": -18.6, ""2025"": 3.8, ""2026"": 0.0}"
6 alleen dips,"2u-RSI14<25, uit RSI>60 of na 12 candles",1.5,BTC,-0.025731622945198596,-0.36467792127803156,-0.11594658573960362,-0.44815748267514155,-0.00010041052318188193,-0.22618423944634347,0.12158915915930509,8.919693174702568,0.5256410256410257,0.041642666894252445,-0.044248440065184066,105,"{""2018"": 17.6, ""2019"": -23.1, ""2020"": -13.7, ""2021"": 8.5, ""2022"": 0.0, ""2023"": 1.0, ""2024"": -18.9, ""2025"": 23.3, ""2026"": 0.0}"
6 alleen dips,"2u-RSI14<25, uit RSI>60 of na 12 candles",1.5,5 munten,0.060294856181710266,-0.3011911371566587,1.071561930373767,-0.04646375088239629,0.09855200892202354,-0.17091030430659093,0.9344566348912463,40.824749530369445,0.5266106442577031,0.07105105708325281,-0.05703100316013574,105,"{""2018"": 5.2, ""2019"": -3.2, ""2020"": 4.3, ""2021"": 33.9, ""2022"": -1.6, ""2023"": 1.5, ""2024"": 10.0, ""2025"": 16.7, ""2026"": 0.8}"
6 alleen dips,"2u-RSI14<25, uit RSI>60 of na 12 candles",1.5,10 munten,0.0800632159736967,-0.3042348685985984,1.2614279456749422,0.004157467713117535,0.05295817043893147,-0.1377794622594739,0.6705966196715274,66.66898872886662,0.5300171526586621,0.07781081237594521,-0.0638184187157969,105,"{""2018"": 5.2, ""2019"": -2.8, ""2020"": 0.3, ""2021"": 63.4, ""2022"": -8.7, ""2023"": 3.8, ""2024"": 5.2, ""2025"": 9.1, ""2026"": 0.4}"
6 alleen dips,"2u-RSI14<25, uit RSI>60 of na 12 candles",2.0,BTC+ETH,-0.11157941115652348,-0.6322528462774745,-0.8172899189524573,-0.6769569422182011,-0.08395110744784284,-0.31796217137029514,-0.5954083011618728,18.982936756418283,0.4759036144578313,0.0645065766299005,-0.07231638244796548,105,"{""2018"": 5.4, ""2019"": -25.4, ""2020"": -29.6, ""2021"": -1.6, ""2022"": -5.2, ""2023"": -4.6, ""2024"": -24.4, ""2025"": 4.0, ""2026"": 0.0}"
6 alleen dips,"2u-RSI14<25, uit RSI>60 of na 12 candles",2.0,BTC,-0.045587188291834946,-0.48780016930045345,-0.1477390465324465,-0.5743504129137117,-0.0052415261355397424,-0.29202369886633184,0.11924973387134916,8.919693174702568,0.5256410256410257,0.05516287039501031,-0.059262879500779984,105,"{""2018"": 23.6, ""2019"": -30.4, ""2020"": -18.3, ""2021"": 7.3, ""2022"": 0.0, ""2023"": 0.2, ""2024"": -24.6, ""2025"": 30.8, ""2026"": 0.0}"
6 alleen dips,"2u-RSI14<25, uit RSI>60 of na 12 candles",2.0,5 munten,0.0780394638411086,-0.37648382831568394,1.1060010984143522,-0.07139819974101735,0.1245985690446818,-0.2236164594195469,0.9233947343198053,40.824749530369445,0.5266106442577031,0.09500201384119315,-0.07652522088854273,105,"{""2018"": 6.5, ""2019"": -4.4, ""2020"": 6.9, ""2021"": 45.1, ""2022"": -2.2, ""2023"": 1.6, ""2024"": 12.4, ""2025"": 21.5, ""2026"": 1.1}"
6 alleen dips,"2u-RSI14<25, uit RSI>60 of na 12 candles",2.0,10 munten,0.10374856045663972,-0.38152774242177545,1.2954745146942825,0.004850008283133089,0.059248605350388894,-0.18441227600694132,0.6284388897071667,66.66898872886662,0.5300171526586621,0.1033686457544454,-0.08556044868183468,105,"{""2018"": 6.5, ""2019"": -3.9, ""2020"": 0.9, ""2021"": 87.7, ""2022"": -11.1, ""2023"": 4.8, ""2024"": 4.8, ""2025"": 11.1, ""2026"": 0.5}"
6 alleen dips,"2u-RSI14<25, uit RSI>60 of na 12 candles",3.0,BTC+ETH,-0.18366575024130694,-0.7697674747041234,-0.8560307324204605,-0.8345497814330953,-0.14215199708577553,-0.45858721497748456,-0.6308355490687134,18.982936756418283,0.4759036144578313,0.0944053894476658,-0.10822206950150343,105,"{""2018"": 7.1, ""2019"": -36.9, ""2020"": -40.2, ""2021"": -11.6, ""2022"": -8.4, ""2023"": -9.5, ""2024"": -36.9, ""2025"": 4.0, ""2026"": 0.0}"
6 alleen dips,"2u-RSI14<25, uit RSI>60 of na 12 candles",3.0,BTC,-0.10538706065628856,-0.7095926746845345,-0.23261809127172509,-0.778445750079446,-0.02373801684238419,-0.41321692565998325,0.11360085674209063,8.919693174702568,0.5256410256410257,0.0814920833030107,-0.09011171344543643,105,"{""2018"": 36.4, ""2019"": -45.1, ""2020"": -28.3, ""2021"": -1.6, ""2022"": 0.0, ""2023"": -3.0, ""2024"": -35.5, ""2025"": 45.2, ""2026"": 0.0}"
6 alleen dips,"2u-RSI14<25, uit RSI>60 of na 12 candles",3.0,5 munten,0.11315249367559632,-0.4919487297094932,1.1849995409289342,-0.11877535585956234,0.17451078982738566,-0.32388488091034373,0.9306860256267463,40.824749530369445,0.5238095238095238,0.1446728664086817,-0.11461491057444315,105,"{""2018"": 7.3, ""2019"": -5.8, ""2020"": 16.1, ""2021"": 65.5, ""2022"": -3.6, ""2023"": 1.6, ""2024"": 19.8, ""2025"": 27.8, ""2026"": 1.6}"
6 alleen dips,"2u-RSI14<25, uit RSI>60 of na 12 candles",3.0,10 munten,0.14645251517796942,-0.5011332204527509,1.3508383255139222,-0.0006193439755723951,0.07148555846573679,-0.26761639712611196,0.6168773342449421,66.66898872886662,0.5231560891938251,0.15637611351942743,-0.12703993106943065,105,"{""2018"": 7.3, ""2019"": -6.2, ""2020"": 4.9, ""2021"": 137.6, ""2022"": -15.3, ""2023"": 6.7, ""2024"": 6.0, ""2025"": 13.1, ""2026"": 0.8}"
6 alleen dips,"2u-RSI14<25, uit RSI>60 of na 36 candles",1.0,BTC+ETH,-0.09595419433839869,-0.5184277917379287,-1.372801444756186,-0.5705518435144209,0.012491502968407397,-0.130173540871097,0.2703787934278107,16.238415779586724,0.5352112676056338,0.03395419797120992,-0.05272342202755763,106,"{""2018"": -6.1, ""2019"": -15.9, ""2020"": -24.3, ""2021"": -13.5, ""2022"": -4.9, ""2023"": 11.0, ""2024"": -1.5, ""2025"": 5.0, ""2026"": 0.0}"
6 alleen dips,"2u-RSI14<25, uit RSI>60 of na 36 candles",1.0,BTC,-0.015117157594686237,-0.3071131894891196,-0.06973170975284819,-0.35511561843326245,0.07013943419532254,-0.09700810726230868,1.0229230451460416,8.233562930494678,0.5833333333333334,0.03203051108636557,-0.0371007289346234,106,"{""2018"": 4.7, ""2019"": -18.8, ""2020"": -4.6, ""2021"": -4.9, ""2022"": 0.0, ""2023"": 18.2, ""2024"": -1.6, ""2025"": 22.4, ""2026"": 0.0}"
6 alleen dips,"2u-RSI14<25, uit RSI>60 of na 36 candles",1.0,5 munten,-0.001019080341712053,-0.23981325798780317,0.15942888084326667,-0.20032430044283633,0.030990425377657616,-0.16610546769439327,0.4934751758940614,35.45006261740764,0.5419354838709678,0.05251745638022841,-0.05562349529293731,106,"{""2018"": -3.5, ""2019"": -2.1, ""2020"": -9.2, ""2021"": 15.1, ""2022"": -3.0, ""2023"": 3.1, ""2024"": 11.6, ""2025"": -3.1, ""2026"": 0.5}"
6 alleen dips,"2u-RSI14<25, uit RSI>60 of na 36 candles",1.0,10 munten,0.0020525576688115166,-0.25184453691129294,0.21558031135224007,-0.23276826320854538,-0.008341433649973862,-0.13182945313799965,-0.018698377993183263,56.83445522855354,0.5171026156941649,0.06151025480806146,-0.06092803411627479,106,"{""2018"": -3.5, ""2019"": -4.0, ""2020"": -11.4, ""2021"": 33.3, ""2022"": -8.6, ""2023"": 0.9, ""2024"": 0.7, ""2025"": -3.2, ""2026"": 0.3}"
6 alleen dips,"2u-RSI14<25, uit RSI>60 of na 36 candles",1.5,BTC+ETH,-0.15328062674831933,-0.692039568811067,-1.4496978102231772,-0.738813350623655,0.008199123941945441,-0.19596355493293494,0.2238804820985026,16.238415779586724,0.528169014084507,0.050523999549627455,-0.07889315383778521,106,"{""2018"": -9.0, ""2019"": -23.9, ""2020"": -35.7, ""2021"": -22.6, ""2022"": -7.4, ""2023"": 15.5, ""2024"": -3.9, ""2025"": 6.4, ""2026"": 0.0}"
6 alleen dips,"2u-RSI14<25, uit RSI>60 of na 36 candles",1.5,BTC,-0.04107676394226545,-0.4726522105448261,-0.1879089183951729,-0.528767602917717,0.09472043629829852,-0.14566039947819764,0.9690570585803057,8.233562930494678,0.5694444444444444,0.04812351866363818,-0.05512100246800573,106,"{""2018"": 7.0, ""2019"": -28.5, ""2020"": -9.0, ""2021"": -11.8, ""2022"": 0.0, ""2023"": 26.5, ""2024"": -3.7, ""2025"": 33.2, ""2026"": 0.0}"
6 alleen dips,"2u-RSI14<25, uit RSI>60 of na 36 candles",1.5,5 munten,-0.009120012135616196,-0.3381381285928534,0.1595880094073536,-0.31254010018234823,0.02857369448997038,-0.24844823346795974,0.40024115293704726,35.45006261740764,0.5290322580645161,0.07944544878670678,-0.08224763337383771,106,"{""2018"": -5.5, ""2019"": -3.6, ""2020"": -14.0, ""2021"": 21.1, ""2022"": -4.6, ""2023"": 3.7, ""2024"": 15.7, ""2025"": -7.3, ""2026"": 0.8}"
6 alleen dips,"2u-RSI14<25, uit RSI>60 of na 36 candles",1.5,10 munten,-0.008950751627965103,-0.36149945061314925,0.16942140486661264,-0.3648187408253065,-0.03038147584850237,-0.20880402118692576,-0.1460777534337001,56.83445522855354,0.5070422535211268,0.0923742512480134,-0.09123202862186797,106,"{""2018"": -5.5, ""2019"": -6.5, ""2020"": -17.5, ""2021"": 47.1, ""2022"": -12.6, ""2023"": 0.6, ""2024"": -1.7, ""2025"": -6.9, ""2026"": 0.4}"
6 alleen dips,"2u-RSI14<25, uit RSI>60 of na 36 candles",2.0,BTC+ETH,-0.20690168266022058,-0.8019889347392073,-1.4584428267849034,-0.842184042384077,-0.0060200292582359705,-0.25858837528941225,0.15736059394272114,16.238415779586724,0.5211267605633803,0.06828618052198708,-0.10491935743206679,106,"{""2018"": -11.6, ""2019"": -30.2, ""2020"": -44.2, ""2021"": -33.2, ""2022"": -9.7, ""2023"": 19.8, ""2024"": -7.5, ""2025"": 6.3, ""2026"": 0.0}"
6 alleen dips,"2u-RSI14<25, uit RSI>60 of na 36 candles",2.0,BTC,-0.0645374204543615,-0.5951056886501207,-0.17401404026397954,-0.653699067973378,0.12019783187106992,-0.19061414976005853,0.9675384187657472,8.233562930494678,0.5694444444444444,0.06441545197927188,-0.0738192851125877,106,"{""2018"": 9.4, ""2019"": -36.6, ""2020"": -12.9, ""2021"": -17.9, ""2022"": 0.0, ""2023"": 35.3, ""2024"": -5.3, ""2025"": 44.2, ""2026"": 0.0}"
6 alleen dips,"2u-RSI14<25, uit RSI>60 of na 36 candles",2.0,5 munten,-0.015670477489237333,-0.4176195964264684,0.21638476707030604,-0.40850519869827795,0.02393901253443942,-0.32965793486208783,0.3649992679413342,35.45006261740764,0.5258064516129032,0.10616967635042968,-0.109714015563586,106,"{""2018"": -7.2, ""2019"": -4.8, ""2020"": -17.7, ""2021"": 26.2, ""2022"": -6.3, ""2023"": 4.5, ""2024"": 19.0, ""2025"": -11.3, ""2026"": 1.1}"
6 alleen dips,"2u-RSI14<25, uit RSI>60 of na 36 candles",2.0,10 munten,-0.017021805495161524,-0.44790779874753117,0.21446204605189542,-0.46688205787366954,-0.059918614084775945,-0.3044568250713616,-0.25373624964987246,56.83445522855354,0.5030181086519114,0.12319974474470416,-0.12211199513004999,106,"{""2018"": -7.2, ""2019"": -8.6, ""2020"": -22.0, ""2021"": 60.9, ""2022"": -16.1, ""2023"": 0.5, ""2024"": -5.0, ""2025"": -11.6, ""2026"": 0.5}"
6 alleen dips,"2u-RSI14<25, uit RSI>60 of na 36 candles",3.0,BTC+ETH,-0.3160051293925673,-0.9247210811794829,-1.4990481682219967,-0.9464140515741837,-0.02622535002821369,-0.3814759103449963,0.17520608521749903,16.238415779586724,0.5211267605633803,0.10035756889588579,-0.1569304732211027,106,"{""2018"": -15.6, ""2019"": -41.8, ""2020"": -56.4, ""2021"": -55.6, ""2022"": -14.4, ""2023"": 25.9, ""2024"": -14.1, ""2025"": 8.2, ""2026"": 0.0}"
6 alleen dips,"2u-RSI14<25, uit RSI>60 of na 36 candles",3.0,BTC,-0.14340363784773247,-0.8057013295004289,-0.26291149270777825,-0.8436071441546173,0.16633712912984233,-0.27770837148967376,0.9911027438974744,8.233562930494678,0.5694444444444444,0.0944998631799386,-0.11215880718839762,106,"{""2018"": 11.5, ""2019"": -52.7, ""2020"": -20.1, ""2021"": -37.8, ""2022"": 0.0, ""2023"": 50.8, ""2024"": -9.2, ""2025"": 68.1, ""2026"": 0.0}"
6 alleen dips,"2u-RSI14<25, uit RSI>60 of na 36 candles",3.0,5 munten,-0.031213551469814527,-0.5318381610484147,0.3521277427836413,-0.5556067869802414,0.014392689030149786,-0.4852814659889255,0.3862496534855655,35.45006261740764,0.5193548387096775,0.16000183402254173,-0.16251632592904955,106,"{""2018"": -11.4, ""2019"": -6.2, ""2020"": -22.0, ""2021"": 30.0, ""2022"": -9.4, ""2023"": 6.4, ""2024"": 29.1, ""2025"": -20.7, ""2026"": 1.6}"
6 alleen dips,"2u-RSI14<25, uit RSI>60 of na 36 candles",3.0,10 munten,-0.04171950946715419,-0.573379405401514,0.3030810569769486,-0.6273719835288645,-0.11371171099502486,-0.45886169935939847,-0.30501669812350585,56.83445522855354,0.4949698189134809,0.18405805462824737,-0.18180762238114753,106,"{""2018"": -11.4, ""2019"": -13.2, ""2020"": -28.1, ""2021"": 77.6, ""2022"": -22.1, ""2023"": 0.4, ""2024"": -9.3, ""2025"": -21.4, ""2026"": 0.8}"
6 alleen dips,"2u-RSI2<5, uit RSI>60 of na 12 candles",1.0,BTC+ETH,-0.08773246399776591,-0.4452270113222344,-0.93607167651082,-0.5737561373395721,-0.0036879941697274266,-0.27253424433081275,0.054268831942752255,119.15795241077019,0.6487523992322457,0.0118007311557956,-0.021808159060119143,107,"{""2018"": -17.6, ""2019"": -0.0, ""2020"": -26.1, ""2021"": 14.4, ""2022"": -3.8, ""2023"": -14.4, ""2024"": 25.2, ""2025"": -19.5, ""2026"": -1.8}"
6 alleen dips,"2u-RSI2<5, uit RSI>60 of na 12 candles",1.0,BTC,-0.06075791810413744,-0.4248088763339126,-0.6413359049032441,-0.4827642536875806,0.00354697384020497,-0.23820413054532397,0.15044456081430874,59.464621164683784,0.6576923076923077,0.010186830262485921,-0.018627533876344516,107,"{""2018"": -6.5, ""2019"": -2.5, ""2020"": -4.6, ""2021"": -7.0, ""2022"": 0.0, ""2023"": -15.2, ""2024"": 29.3, ""2025"": -19.8, ""2026"": -2.6}"
6 alleen dips,"2u-RSI2<5, uit RSI>60 of na 12 candles",1.0,5 munten,-0.06427733329747154,-0.3941218113471818,-0.7173887203874988,-0.4765230353246669,0.017096756459523244,-0.23803401520000045,0.3289818770783841,277.3109737006888,0.6465979381443299,0.01405222053088732,-0.02424813553800589,107,"{""2018"": -19.4, ""2019"": 2.7, ""2020"": -23.9, ""2021"": 16.4, ""2022"": -4.1, ""2023"": -5.3, ""2024"": 34.5, ""2025"": -19.8, ""2026"": -2.9}"
6 alleen dips,"2u-RSI2<5, uit RSI>60 of na 12 candles",1.0,10 munten,-0.040459250968770344,-0.31621992704771107,-0.40414578735339696,-0.4392472773173379,0.015770888599302202,-0.28459854919214067,0.3049371403512452,457.07709768315596,0.6382286715036277,0.01633407333115677,-0.026429833159891218,107,"{""2018"": -19.4, ""2019"": 8.9, ""2020"": -19.7, ""2021"": 16.7, ""2022"": -4.4, ""2023"": -1.4, ""2024"": 44.5, ""2025"": -24.8, ""2026"": -4.4}"
6 alleen dips,"2u-RSI2<5, uit RSI>60 of na 12 candles",1.5,BTC+ETH,-0.1567581517996578,-0.6482067036418522,-1.0885140189039233,-0.769465064913119,-0.023356448212317527,-0.3949580522125119,-0.05371296437299115,119.15795241077019,0.6477927063339731,0.017528534792581218,-0.0329986207123404,107,"{""2018"": -25.7, ""2019"": -2.2, ""2020"": -39.3, ""2021"": 10.5, ""2022"": -5.8, ""2023"": -22.4, ""2024"": 35.6, ""2025"": -28.9, ""2026"": -2.9}"
6 alleen dips,"2u-RSI2<5, uit RSI>60 of na 12 candles",1.5,BTC,-0.11721543579953997,-0.6330466232134897,-0.7972118666160152,-0.6858514774904807,-0.0122568142797439,-0.35135191945898214,0.0461274111459789,59.464621164683784,0.6576923076923077,0.015092735707077597,-0.028351063160093587,107,"{""2018"": -10.0, ""2019"": -6.8, ""2020"": -10.5, ""2021"": -17.5, ""2022"": 0.0, ""2023"": -23.5, ""2024"": 42.6, ""2025"": -29.3, ""2026"": -4.1}"
6 alleen dips,"2u-RSI2<5, uit RSI>60 of na 12 candles",1.5,5 munten,-0.12153078393424654,-0.5615210781786681,-0.8758960406847938,-0.6753689288012844,0.004313670834039884,-0.35322939143424237,0.19651787235193813,277.3109737006888,0.6445360824742268,0.020917208725976674,-0.03665762392466843,107,"{""2018"": -28.3, ""2019"": 2.7, ""2020"": -36.7, ""2021"": 15.0, ""2022"": -6.3, ""2023"": -9.4, ""2024"": 51.6, ""2025"": -30.0, ""2026"": -4.6}"
6 alleen dips,"2u-RSI2<5, uit RSI>60 of na 12 candles",1.5,10 munten,-0.08970067790862069,-0.49534007649378187,-0.6001405806631304,-0.6462498166505867,0.0018447690386769189,-0.41020754849173424,0.18726452621368048,457.07709768315596,0.6352264198148612,0.0243799338492652,-0.03993206613472705,107,"{""2018"": -28.3, ""2019"": 12.1, ""2020"": -32.1, ""2021"": 15.0, ""2022"": -7.0, ""2023"": -3.4, ""2024"": 68.0, ""2025"": -36.3, ""2026"": -6.7}"
6 alleen dips,"2u-RSI2<5, uit RSI>60 of na 12 candles",2.0,BTC+ETH,-0.22246497769171936,-0.7825387249449747,-1.112634274794285,-0.8775191154607747,-0.04372407212683105,-0.5019144868892,-0.08751528508392434,119.15795241077019,0.6477927063339731,0.023380743256984672,-0.044201710208220196,107,"{""2018"": -33.0, ""2019"": -5.3, ""2020"": -49.4, ""2021"": 5.1, ""2022"": -8.0, ""2023"": -29.7, ""2024"": 47.2, ""2025"": -37.5, ""2026"": -3.8}"
6 alleen dips,"2u-RSI2<5, uit RSI>60 of na 12 candles",2.0,BTC,-0.17531251331489484,-0.7732205938983782,-0.8425628731419263,-0.8170548251588197,-0.025175649596137162,-0.44742390026783485,0.03894527473129778,59.464621164683784,0.6576923076923077,0.02013170996825468,-0.03809343357465571,107,"{""2018"": -13.9, ""2019"": -13.0, ""2020"": -15.1, ""2021"": -28.4, ""2022"": 0.0, ""2023"": -31.0, ""2024"": 58.6, ""2025"": -37.8, ""2026"": -5.4}"
6 alleen dips,"2u-RSI2<5, uit RSI>60 of na 12 candles",2.0,5 munten,-0.18039187377356614,-0.7151977963490752,-0.9412767177313871,-0.8051886503895528,-0.010913392299380265,-0.4579840106967824,0.1454999282899753,277.3109737006888,0.6441237113402062,0.027879265075446392,-0.04931122639429094,107,"{""2018"": -36.5, ""2019"": 2.8, ""2020"": -46.1, ""2021"": 7.1, ""2022"": -9.0, ""2023"": -13.0, ""2024"": 71.8, ""2025"": -39.8, ""2026"": -6.2}"
6 alleen dips,"2u-RSI2<5, uit RSI>60 of na 12 candles",2.0,10 munten,-0.14034462750628707,-0.6564438170580651,-0.6827501676440395,-0.7810740658807106,-0.014612739352790394,-0.5176771052258411,0.14404596025015973,457.07709768315596,0.6347260445334001,0.032469988145794625,-0.053624941797868794,107,"{""2018"": -36.5, ""2019"": 15.1, ""2020"": -41.9, ""2021"": 9.0, ""2022"": -9.5, ""2023"": -4.8, ""2024"": 95.4, ""2025"": -46.5, ""2026"": -8.8}"
6 alleen dips,"2u-RSI2<5, uit RSI>60 of na 12 candles",3.0,BTC+ETH,-0.36348133444899944,-0.9348670893137088,-1.2067565753005107,-0.9723548344875695,-0.09273713194433542,-0.6621290497974316,-0.11430742972848962,119.15795241077019,0.6468330134357005,0.0350942491487106,-0.06668681988419654,107,"{""2018"": -47.5, ""2019"": -14.1, ""2020"": -65.9, ""2021"": -15.5, ""2022"": -11.3, ""2023"": -43.2, ""2024"": 70.0, ""2025"": -52.2, ""2026"": -5.8}"
6 alleen dips,"2u-RSI2<5, uit RSI>60 of na 12 candles",3.0,BTC,-0.29843306237571254,-0.9243271544589363,-0.8869476771190244,-0.9464300158524658,-0.058128574597197,-0.602807160294905,0.04788570790671203,59.464621164683784,0.6576923076923077,0.030221781123153765,-0.05747164807794986,107,"{""2018"": -22.1, ""2019"": -27.2, ""2020"": -25.6, ""2021"": -48.6, ""2022"": 0.0, ""2023"": -45.0, ""2024"": 93.2, ""2025"": -52.2, ""2026"": -8.2}"
6 alleen dips,"2u-RSI2<5, uit RSI>60 of na 12 candles",3.0,5 munten,-0.30195943439061124,-0.8941722271709089,-1.021376525978427,-0.9382957318390533,-0.06871358163917485,-0.6374841987825256,0.041927577427493506,277.3109737006888,0.6424742268041237,0.041826599141282325,-0.07448141990959398,107,"{""2018"": -51.8, ""2019"": -0.6, ""2020"": -62.5, ""2021"": -8.4, ""2022"": -12.8, ""2023"": -21.1, ""2024"": 112.9, ""2025"": -57.4, ""2026"": -9.3}"
6 alleen dips,"2u-RSI2<5, uit RSI>60 of na 12 candles",3.0,10 munten,-0.262567386342512,-0.8735444056886793,-0.8479724908763476,-0.9300219520059586,-0.06694165780591355,-0.6887371908034685,0.07878808425929483,457.07709768315596,0.6327245434075557,0.04857997153760994,-0.08095133844087408,107,"{""2018"": -51.8, ""2019"": 18.4, ""2020"": -60.4, ""2021"": -11.2, ""2022"": -13.8, ""2023"": -8.6, ""2024"": 158.2, ""2025"": -63.6, ""2026"": -13.2}"
6 alleen dips,"2u-RSI2<5, uit RSI>60 of na 36 candles",1.0,BTC+ETH,-0.08424407171841741,-0.43389623258619936,-0.8886341000431702,-0.5638896007561716,-0.011024328955252072,-0.2871496638556895,-0.04137610970420931,118.70053224796494,0.6473988439306358,0.011811734960571982,-0.021700192144927424,108,"{""2018"": -17.6, ""2019"": 1.5, ""2020"": -25.7, ""2021"": 14.7, ""2022"": -3.8, ""2023"": -14.5, ""2024"": 22.9, ""2025"": -19.6, ""2026"": -1.8}"
6 alleen dips,"2u-RSI2<5, uit RSI>60 of na 36 candles",1.0,BTC,-0.056615462996391086,-0.41673395848076566,-0.580004639489269,-0.4689346720931624,0.004320120738378286,-0.23659138557256776,0.16072208616431793,59.12155604257984,0.655705996131528,0.010191721819521877,-0.018341894664844677,108,"{""2018"": -6.5, ""2019"": -1.2, ""2020"": -3.5, ""2021"": -6.8, ""2022"": 0.0, ""2023"": -15.2, ""2024"": 26.2, ""2025"": -17.7, ""2026"": -2.6}"
6 alleen dips,"2u-RSI2<5, uit RSI>60 of na 36 candles",1.0,5 munten,-0.06288040388995475,-0.3905517357229098,-0.6954492368987452,-0.4718197803097226,0.02330332877537611,-0.21640163984424454,0.4103535312302228,276.05306825297436,0.6454018227009114,0.014043321844604866,-0.023937486672713667,108,"{""2018"": -20.8, ""2019"": 3.4, ""2020"": -22.6, ""2021"": 16.6, ""2022"": -4.1, ""2023"": -5.2, ""2024"": 33.0, ""2025"": -17.6, ""2026"": -2.8}"
6 alleen dips,"2u-RSI2<5, uit RSI>60 of na 36 candles",1.0,10 munten,-0.03829351050477103,-0.31563260853890673,-0.3687210897007189,-0.4316156477292806,0.014361614740334927,-0.2869934482754075,0.28745795909815164,454.33257670632435,0.6370500880946388,0.016293957842091537,-0.02612255879022081,108,"{""2018"": -20.8, ""2019"": 9.7, ""2020"": -18.8, ""2021"": 18.2, ""2022"": -4.9, ""2023"": -0.9, ""2024"": 44.5, ""2025"": -25.1, ""2026"": -4.3}"
6 alleen dips,"2u-RSI2<5, uit RSI>60 of na 36 candles",1.5,BTC+ETH,-0.1518263665050229,-0.6356885203106425,-1.040769955530456,-0.7612617290009762,-0.03423714508062059,-0.41328895516512254,-0.14793516466628157,118.70053224796494,0.6464354527938343,0.01754445212075152,-0.03284104288651201,108,"{""2018"": -25.7, ""2019"": -0.0, ""2020"": -38.7, ""2021"": 11.0, ""2022"": -5.8, ""2023"": -22.4, ""2024"": 32.0, ""2025"": -29.1, ""2026"": -2.9}"
6 alleen dips,"2u-RSI2<5, uit RSI>60 of na 36 candles",1.5,BTC,-0.11102046115383335,-0.6173333428592911,-0.7325064458199493,-0.672399349456458,-0.010936839996734782,-0.34896878893749483,0.05794394180700423,59.12155604257984,0.655705996131528,0.015098810204582386,-0.027927541281827326,108,"{""2018"": -10.0, ""2019"": -4.8, ""2020"": -8.9, ""2021"": -17.3, ""2022"": 0.0, ""2023"": -23.5, ""2024"": 37.5, ""2025"": -26.4, ""2026"": -4.1}"
6 alleen dips,"2u-RSI2<5, uit RSI>60 of na 36 candles",1.5,5 munten,-0.11986782113670502,-0.5569944314456736,-0.8558096844807777,-0.6716667795934033,0.012655133008855568,-0.32698055924377856,0.2687386987025715,276.05306825297436,0.6433305716652858,0.02090349771337676,-0.03623101939266521,108,"{""2018"": -30.3, ""2019"": 3.7, ""2020"": -35.1, ""2021"": 15.3, ""2022"": -6.3, ""2023"": -9.2, ""2024"": 49.0, ""2025"": -27.3, ""2026"": -4.3}"
6 alleen dips,"2u-RSI2<5, uit RSI>60 of na 36 candles",1.5,10 munten,-0.08715125410263513,-0.491840551244325,-0.5689149856305514,-0.6402678037669948,-0.0021063182193415964,-0.416261707724946,0.1572376157770082,454.33257670632435,0.634029700478228,0.02431926379914345,-0.03953461424643912,108,"{""2018"": -30.3, ""2019"": 13.3, ""2020"": -30.9, ""2021"": 17.1, ""2022"": -7.8, ""2023"": -2.7, ""2024"": 67.9, ""2025"": -37.1, ""2026"": -6.5}"
6 alleen dips,"2u-RSI2<5, uit RSI>60 of na 36 candles",2.0,BTC+ETH,-0.21664930375132285,-0.772602187618875,-1.0674865715619706,-0.8719225517477651,-0.05829541036522656,-0.5224798742266916,-0.1827054022460418,118.70053224796494,0.6464354527938343,0.02340197486405798,-0.04401266537604599,108,"{""2018"": -33.0, ""2019"": -2.7, ""2020"": -48.8, ""2021"": 5.8, ""2022"": -8.0, ""2023"": -29.7, ""2024"": 42.0, ""2025"": -37.9, ""2026"": -3.8}"
6 alleen dips,"2u-RSI2<5, uit RSI>60 of na 36 candles",2.0,BTC,-0.1680223489482876,-0.7609319998686925,-0.7817075164436182,-0.8071414956287748,-0.023013427928329833,-0.4440516695021297,0.05341909377235786,59.12155604257984,0.655705996131528,0.020139812543184952,-0.03756087999032252,108,"{""2018"": -13.9, ""2019"": -10.7, ""2020"": -13.0, ""2021"": -28.1, ""2022"": 0.0, ""2023"": -31.0, ""2024"": 51.0, ""2025"": -34.3, ""2026"": -5.4}"
6 alleen dips,"2u-RSI2<5, uit RSI>60 of na 36 candles",2.0,5 munten,-0.17743257760113607,-0.708976261504088,-0.9142359644125001,-0.8009329754535331,-0.0021799669545290445,-0.4316550778789935,0.2020174967105034,276.05306825297436,0.6429163214581607,0.02786082595550509,-0.04877385616196142,108,"{""2018"": -38.4, ""2019"": 4.1, ""2020"": -44.3, ""2021"": 7.6, ""2022"": -9.0, ""2023"": -12.8, ""2024"": 67.8, ""2025"": -37.1, ""2026"": -5.8}"
6 alleen dips,"2u-RSI2<5, uit RSI>60 of na 36 candles",2.0,10 munten,-0.13635404262620932,-0.6511998813382756,-0.644837769469062,-0.7749095196316991,-0.019462355370663653,-0.5236184130058548,0.11792433016970892,454.33257670632435,0.6335263025421596,0.032388603803483296,-0.05310363728697735,108,"{""2018"": -38.4, ""2019"": 16.6, ""2020"": -40.6, ""2021"": 11.5, ""2022"": -10.3, ""2023"": -3.9, ""2024"": 95.2, ""2025"": -47.3, ""2026"": -8.7}"
6 alleen dips,"2u-RSI2<5, uit RSI>60 of na 36 candles",3.0,BTC+ETH,-0.3571059964907445,-0.9308563821705285,-1.1668015027826253,-0.9706525205325072,-0.11160949246764362,-0.681080255227499,-0.19899547418229657,118.70053224796494,0.6454720616570327,0.035126139878305866,-0.06642919898305615,108,"{""2018"": -47.5, ""2019"": -11.0, ""2020"": -65.3, ""2021"": -14.8, ""2022"": -11.3, ""2023"": -43.3, ""2024"": 61.5, ""2025"": -52.5, ""2026"": -5.8}"
6 alleen dips,"2u-RSI2<5, uit RSI>60 of na 36 candles",3.0,BTC,-0.2893774694537429,-0.9182784973588816,-0.8274611541754837,-0.9421480774286229,-0.055084003311448915,-0.5992714920992837,0.06200702765171145,59.12155604257984,0.655705996131528,0.030233944732030657,-0.05675559630397436,108,"{""2018"": -22.1, ""2019"": -24.4, ""2020"": -23.0, ""2021"": -48.3, ""2022"": 0.0, ""2023"": -45.0, ""2024"": 79.7, ""2025"": -48.1, ""2026"": -8.2}"
6 alleen dips,"2u-RSI2<5, uit RSI>60 of na 36 candles",3.0,5 munten,-0.29888724739172634,-0.891348668445786,-0.9984557229010328,-0.9366494189659237,-0.05879829351241994,-0.6145281227374138,0.08629427197469727,276.05306825297436,0.6412593206296603,0.04179867986763161,-0.07378946232186762,108,"{""2018"": -54.1, ""2019"": 1.0, ""2020"": -60.6, ""2021"": -7.7, ""2022"": -12.8, ""2023"": -20.8, ""2024"": 106.0, ""2025"": -54.9, ""2026"": -8.8}"
6 alleen dips,"2u-RSI2<5, uit RSI>60 of na 36 candles",3.0,10 munten,-0.25905862437090377,-0.8722112803624041,-0.8189340989408205,-0.9280016743322855,-0.07669791514515578,-0.697289601598551,0.04425649481944766,454.33257670632435,0.6315127107978857,0.04845609973324848,-0.08030147351046542,108,"{""2018"": -54.1, ""2019"": 20.7, ""2020"": -59.0, ""2021"": -8.9, ""2022"": -15.0, ""2023"": -7.5, ""2024"": 158.0, ""2025"": -64.7, ""2026"": -12.9}"
6 alleen dips,"2u-RSI2<10, uit RSI>60 of na 12 candles",1.0,BTC+ETH,-0.06983367980920563,-0.46329638778379423,-0.4302216454341988,-0.6516512241281591,-0.05883822370351144,-0.32472032374835247,-0.522132175615621,207.32568879148403,0.661334804191947,0.011144813106490549,-0.020593430544233158,109,"{""2018"": -21.6, ""2019"": 3.2, ""2020"": -26.8, ""2021"": 36.0, ""2022"": -4.0, ""2023"": -17.0, ""2024"": 11.3, ""2025"": -24.3, ""2026"": -0.1}"
6 alleen dips,"2u-RSI2<10, uit RSI>60 of na 12 candles",1.0,BTC,0.0057904428605108915,-0.39881982161119156,0.34780294515659194,-0.46936839985766987,-0.01684730627469777,-0.2633266205273632,-0.04938077407145882,106.2358328115216,0.673842841765339,0.009653166868825495,-0.016836544940597477,109,"{""2018"": -11.6, ""2019"": 3.0, ""2020"": -0.5, ""2021"": 30.3, ""2022"": 0.0, ""2023"": -12.3, ""2024"": 25.0, ""2025"": -23.2, ""2026"": -1.3}"
6 alleen dips,"2u-RSI2<10, uit RSI>60 of na 12 candles",1.0,5 munten,-0.015635623734672977,-0.37526290946464547,0.1069094080398172,-0.4821993002636821,-0.015321449161309841,-0.24607285821464941,-0.03579136886641614,494.58555103318724,0.6617341040462428,0.013209320290004892,-0.0229611304033978,109,"{""2018"": -22.0, ""2019"": 8.3, ""2020"": -17.5, ""2021"": 41.3, ""2022"": -1.4, ""2023"": -7.3, ""2024"": 23.3, ""2025"": -21.9, ""2026"": -0.6}"
6 alleen dips,"2u-RSI2<10, uit RSI>60 of na 12 candles",1.0,10 munten,0.049237658728553235,-0.33570500398739545,0.8096295550492667,-0.28947538175262033,-0.03799138380535261,-0.3400980724470839,-0.203378155823192,815.2370851596744,0.6535278440173937,0.01549839925383914,-0.025672736197088188,109,"{""2018"": -22.0, ""2019"": 16.8, ""2020"": -12.5, ""2021"": 72.1, ""2022"": -4.3, ""2023"": 0.7, ""2024"": 33.5, ""2025"": -31.0, ""2026"": -2.7}"
6 alleen dips,"2u-RSI2<10, uit RSI>60 of na 12 candles",1.5,BTC+ETH,-0.1529422846904197,-0.6496582428387112,-0.6509414037218332,-0.8478691937000766,-0.11223603415020722,-0.46642457142886085,-0.6568751773281246,207.32568879148403,0.6563706563706564,0.016660586271995827,-0.03086205298505339,109,"{""2018"": -31.3, ""2019"": 1.5, ""2020"": -42.7, ""2021"": 32.8, ""2022"": -6.0, ""2023"": -26.9, ""2024"": 11.8, ""2025"": -35.7, ""2026"": -0.6}"
6 alleen dips,"2u-RSI2<10, uit RSI>60 of na 12 candles",1.5,BTC,-0.04384480827462134,-0.5837488894113821,0.12160171591382334,-0.706438395380414,-0.05161511965879906,-0.38375039797052013,-0.1766921038414267,106.2358328115216,0.6663078579117331,0.014475523295287649,-0.025095100037847547,109,"{""2018"": -17.5, ""2019"": 0.1, ""2020"": -7.4, ""2021"": 25.8, ""2022"": 0.0, ""2023"": -20.7, ""2024"": 33.4, ""2025"": -34.4, ""2026"": -2.3}"
6 alleen dips,"2u-RSI2<10, uit RSI>60 of na 12 candles",1.5,5 munten,-0.07417186320698299,-0.5595498787451632,-0.13027835603771984,-0.7142901226754969,-0.0522507804723068,-0.37077973649501594,-0.18262107554244547,494.58555103318724,0.6580346820809249,0.019707216157644005,-0.03458707256898243,109,"{""2018"": -32.3, ""2019"": 10.3, ""2020"": -30.8, ""2021"": 41.8, ""2022"": -2.4, ""2023"": -13.3, ""2024"": 31.3, ""2025"": -33.7, ""2026"": -1.2}"
6 alleen dips,"2u-RSI2<10, uit RSI>60 of na 12 candles",1.5,10 munten,0.02251302436853586,-0.4983405871991351,0.5960127993967006,-0.5380455607703369,-0.0870924208022883,-0.4869846434950682,-0.3205587831570997,815.2370851596744,0.649039135923692,0.02317324528832546,-0.03862260765708165,109,"{""2018"": -32.3, ""2019"": 23.3, ""2020"": -24.9, ""2021"": 97.3, ""2022"": -7.0, ""2023"": -1.9, ""2024"": 47.3, ""2025"": -45.1, ""2026"": -4.3}"
6 alleen dips,"2u-RSI2<10, uit RSI>60 of na 12 candles",2.0,BTC+ETH,-0.23111738517397518,-0.7991403053874575,-0.6994468470303888,-0.9352021449134525,-0.15939857566423954,-0.5787981382935212,-0.6706066161482147,207.32568879148403,0.6563706563706564,0.022223014915156828,-0.0412995505561006,109,"{""2018"": -40.3, ""2019"": -1.4, ""2020"": -54.0, ""2021"": 26.7, ""2022"": -8.3, ""2023"": -35.4, ""2024"": 13.9, ""2025"": -45.6, ""2026"": -0.8}"
6 alleen dips,"2u-RSI2<10, uit RSI>60 of na 12 candles",2.0,BTC,-0.09149491973950741,-0.709614021047482,0.08815891970820951,-0.8385789341495471,-0.07954323582927092,-0.4844109120434531,-0.1742511820646766,106.2358328115216,0.6663078579117331,0.019308430378383142,-0.033559834428201325,109,"{""2018"": -24.1, ""2019"": -4.6, ""2020"": -11.7, ""2021"": 22.0, ""2022"": 0.0, ""2023"": -27.8, ""2024"": 44.6, ""2025"": -43.9, ""2026"": -3.1}"
6 alleen dips,"2u-RSI2<10, uit RSI>60 of na 12 candles",2.0,5 munten,-0.13416022844022946,-0.703494620264653,-0.20103290660421075,-0.8459701216973797,-0.08997322625545123,-0.48287889035240283,-0.22671942049851584,494.58555103318724,0.6575722543352601,0.02628029172171947,-0.046426380626732426,109,"{""2018"": -41.8, ""2019"": 12.4, ""2020"": -40.2, ""2021"": 34.0, ""2022"": -4.0, ""2023"": -17.9, ""2024"": 40.4, ""2025"": -44.3, ""2026"": -1.7}"
6 alleen dips,"2u-RSI2<10, uit RSI>60 of na 12 candles",2.0,10 munten,-0.004458375483959109,-0.6248659736593336,0.564391462611561,-0.7015893176214969,-0.1377786545353814,-0.607515514757485,-0.35103002475997697,815.2370851596744,0.6484780474119792,0.030883442489626527,-0.05183123939304007,109,"{""2018"": -41.8, ""2019"": 29.8, ""2020"": -34.1, ""2021"": 121.1, ""2022"": -9.8, ""2023"": -3.5, ""2024"": 63.0, ""2025"": -57.0, ""2026"": -5.8}"
6 alleen dips,"2u-RSI2<10, uit RSI>60 of na 12 candles",3.0,BTC+ETH,-0.38801564610682526,-0.9495133682966297,-0.7157433691975359,-0.9900841420808102,-0.26237613100556245,-0.7502863016258261,-0.6939294989747704,207.32568879148403,0.6563706563706564,0.033361254146891416,-0.06197719078711791,109,"{""2018"": -56.3, ""2019"": -9.5, ""2020"": -71.9, ""2021"": 6.0, ""2022"": -11.8, ""2023"": -50.7, ""2024"": 13.4, ""2025"": -61.8, ""2026"": -1.6}"
6 alleen dips,"2u-RSI2<10, uit RSI>60 of na 12 candles",3.0,BTC,-0.20854139734258414,-0.8699084673297295,0.0881935575311043,-0.9595609593224881,-0.14543744440118922,-0.640383102252238,-0.15649071967841016,106.2358328115216,0.6663078579117331,0.028985871426089233,-0.050263049468739086,109,"{""2018"": -35.6, ""2019"": -17.0, ""2020"": -24.3, ""2021"": 5.0, ""2022"": 0.0, ""2023"": -42.1, ""2024"": 64.0, ""2025"": -59.2, ""2026"": -4.8}"
6 alleen dips,"2u-RSI2<10, uit RSI>60 of na 12 candles",3.0,5 munten,-0.26784694248606256,-0.8732696617871722,-0.25045407306415146,-0.9631398106304402,-0.20185375273519712,-0.6780737141443028,-0.36377624585323454,494.58555103318724,0.6566473988439306,0.039355864195858486,-0.07000295897890281,109,"{""2018"": -58.3, ""2019"": 10.7, ""2020"": -58.0, ""2021"": 14.5, ""2022"": -5.6, ""2023"": -28.6, ""2024"": 51.1, ""2025"": -63.7, ""2026"": -2.6}"
6 alleen dips,"2u-RSI2<10, uit RSI>60 of na 12 candles",3.0,10 munten,-0.07814050663304817,-0.7846388286868509,0.6086327903826065,-0.891392049605133,-0.2546644535165268,-0.7872462169843526,-0.3847297932379779,815.2370851596744,0.6466545097489129,0.04628088583617232,-0.07797128564274772,109,"{""2018"": -58.3, ""2019"": 37.5, ""2020"": -51.9, ""2021"": 182.9, ""2022"": -15.4, ""2023"": -9.1, ""2024"": 95.9, ""2025"": -75.3, ""2026"": -8.9}"
6 alleen dips,"2u-RSI2<10, uit RSI>60 of na 36 candles",1.0,BTC+ETH,-0.05283789010559958,-0.45176118451324954,-0.2655784975186836,-0.6117028260083475,-0.05909050760533008,-0.3289389651909862,-0.5219472961397806,206.2964934251722,0.6601995565410199,0.01118006817722895,-0.020226970189206234,110,"{""2018"": -21.6, ""2019"": 4.7, ""2020"": -24.2, ""2021"": 42.3, ""2022"": -4.0, ""2023"": -15.8, ""2024"": 12.2, ""2025"": -25.0, ""2026"": -0.0}"
6 alleen dips,"2u-RSI2<10, uit RSI>60 of na 36 candles",1.0,BTC,0.024243311848151095,-0.3416786670093305,0.5401408121931633,-0.40825516361478775,-0.019916760160637592,-0.2547506116241284,-0.0816575213400026,105.54970256731372,0.6717226435536294,0.00969337617074197,-0.016459156894720276,110,"{""2018"": -11.6, ""2019"": 4.4, ""2020"": 0.0, ""2021"": 39.7, ""2022"": 0.0, ""2023"": -10.4, ""2024"": 22.5, ""2025"": -22.3, ""2026"": -1.3}"
6 alleen dips,"2u-RSI2<10, uit RSI>60 of na 36 candles",1.0,5 munten,-0.008483851139697851,-0.34498541942715155,0.18357023923239288,-0.45922931175488657,-0.008625305923604776,-0.23516702736609363,0.03621663287690533,491.38360989355044,0.660460786595299,0.013215727821198413,-0.022612288513643133,110,"{""2018"": -23.4, ""2019"": 7.6, ""2020"": -16.2, ""2021"": 47.6, ""2022"": -1.4, ""2023"": -6.5, ""2024"": 23.6, ""2025"": -20.5, ""2026"": -0.9}"
6 alleen dips,"2u-RSI2<10, uit RSI>60 of na 36 candles",1.0,10 munten,0.059329147143696304,-0.3046647868195843,0.9155561638064058,-0.24802010511201633,-0.03789988879089934,-0.34866679340899487,-0.19648431118972232,808.9475579211021,0.652954481198756,0.015497327856371158,-0.025367783546761533,110,"{""2018"": -23.4, ""2019"": 16.2, ""2020"": -9.6, ""2021"": 81.6, ""2022"": -4.5, ""2023"": 0.5, ""2024"": 35.3, ""2025"": -31.9, ""2026"": -2.7}"
6 alleen dips,"2u-RSI2<10, uit RSI>60 of na 36 candles",1.5,BTC+ETH,-0.12961142555114002,-0.6335382062270235,-0.5003928905298836,-0.820951874023029,-0.11302226748042743,-0.4722530179801161,-0.6584110976382413,206.2964934251722,0.6557649667405765,0.016700405471369948,-0.030391965220517177,110,"{""2018"": -31.3, ""2019"": 3.9, ""2020"": -39.6, ""2021"": 41.8, ""2022"": -6.0, ""2023"": -25.3, ""2024"": 13.0, ""2025"": -36.6, ""2026"": -0.4}"
6 alleen dips,"2u-RSI2<10, uit RSI>60 of na 36 candles",1.5,BTC,-0.016750986622821595,-0.5229834948204427,0.3027423451061063,-0.6528955293252049,-0.05609426773467985,-0.37241826070743245,-0.20863462161382976,105.54970256731372,0.6652221018418202,0.014514778288850564,-0.024652405516966923,110,"{""2018"": -17.5, ""2019"": 2.4, ""2020"": -6.5, ""2021"": 39.5, ""2022"": 0.0, ""2023"": -18.0, ""2024"": 29.3, ""2025"": -33.2, ""2026"": -2.3}"
6 alleen dips,"2u-RSI2<10, uit RSI>60 of na 36 candles",1.5,5 munten,-0.06532212973036577,-0.5295938178901731,-0.06788494741303001,-0.6975192107697663,-0.04377177401027388,-0.3587949422366612,-0.120470440643709,491.38360989355044,0.6569699790551548,0.019710474048405483,-0.034142736576676366,110,"{""2018"": -34.3, ""2019"": 9.2, ""2020"": -29.2, ""2021"": 50.5, ""2022"": -2.4, ""2023"": -12.1, ""2024"": 31.7, ""2025"": -32.0, ""2026"": -1.6}"
6 alleen dips,"2u-RSI2<10, uit RSI>60 of na 36 candles",1.5,10 munten,0.03598600895918769,-0.4660934417633833,0.6885023838340807,-0.5008167476895053,-0.08780390252854264,-0.4980122218841979,-0.3158322790831094,808.9475579211021,0.6485722363584959,0.023166982817453465,-0.03823590060810225,110,"{""2018"": -34.3, ""2019"": 22.4, ""2020"": -21.1, ""2021"": 112.4, ""2022"": -7.4, ""2023"": -2.1, ""2024"": 50.2, ""2025"": -46.2, ""2026"": -4.3}"
6 alleen dips,"2u-RSI2<10, uit RSI>60 of na 36 candles",2.0,BTC+ETH,-0.20423136363815642,-0.7589903033834764,-0.5650991528311845,-0.9203730663363461,-0.16156634213880172,-0.5866834831997989,-0.6779329801372687,206.2964934251722,0.6557649667405765,0.022276128451928823,-0.04073842077846024,110,"{""2018"": -40.3, ""2019"": 1.5, ""2020"": -50.8, ""2021"": 37.4, ""2022"": -8.3, ""2023"": -33.5, ""2024"": 15.3, ""2025"": -46.8, ""2026"": -0.6}"
6 alleen dips,"2u-RSI2<10, uit RSI>60 of na 36 candles",2.0,BTC,-0.05939172353332789,-0.6539609826162593,0.24765896543255028,-0.8012134995100941,-0.08525228730846757,-0.47090252885621353,-0.205448072529958,105.54970256731372,0.6652221018418202,0.01936079133934822,-0.03305405979951293,110,"{""2018"": -24.1, ""2019"": -2.2, ""2020"": -11.1, ""2021"": 39.4, ""2022"": 0.0, ""2023"": -24.7, ""2024"": 38.5, ""2025"": -42.5, ""2026"": -3.1}"
6 alleen dips,"2u-RSI2<10, uit RSI>60 of na 36 candles",2.0,5 munten,-0.12383561121389586,-0.6788285694300589,-0.14663857119587284,-0.8346240962846814,-0.0813753873848081,-0.4719215842168246,-0.17771689494211398,491.38360989355044,0.6565045380498021,0.02628458720745998,-0.04590134489120129,110,"{""2018"": -43.8, ""2019"": 10.9, ""2020"": -38.4, ""2021"": 43.8, ""2022"": -4.0, ""2023"": -16.4, ""2024"": 40.8, ""2025"": -42.7, ""2026"": -2.2}"
6 alleen dips,"2u-RSI2<10, uit RSI>60 of na 36 candles",2.0,10 munten,0.012016563940412173,-0.5960363126649787,0.6486719374152999,-0.6711415719067506,-0.14062107021302594,-0.6206027652354593,-0.3540440705148678,808.9475579211021,0.6480067854113656,0.030874855612649764,-0.05139404368372071,110,"{""2018"": -43.8, ""2019"": 28.4, ""2020"": -29.5, ""2021"": 140.6, ""2022"": -10.2, ""2023"": -4.0, ""2024"": 67.1, ""2025"": -58.4, ""2026"": -5.7}"
6 alleen dips,"2u-RSI2<10, uit RSI>60 of na 36 candles",3.0,BTC+ETH,-0.358172867273265,-0.9328326831933534,-0.6063300487028515,-0.9868079618743222,-0.2644050385861315,-0.7563092912660218,-0.6965038616005297,206.2964934251722,0.6557649667405765,0.0334409883416285,-0.06124924185406037,110,"{""2018"": -56.3, ""2019"": -5.9, ""2020"": -69.1, ""2021"": 18.5, ""2022"": -11.8, ""2023"": -48.6, ""2024"": 15.5, ""2025"": -62.9, ""2026"": -1.3}"
6 alleen dips,"2u-RSI2<10, uit RSI>60 of na 36 candles",3.0,BTC,-0.1674549368529814,-0.8323981557200919,0.23007457894685265,-0.9452243102876922,-0.15315279270017557,-0.626921039517339,-0.18634707861505379,105.54970256731372,0.6652221018418202,0.029064475851852314,-0.04965061715123357,110,"{""2018"": -35.6, ""2019"": -13.8, ""2020"": -23.4, ""2021"": 27.1, ""2022"": 0.0, ""2023"": -38.4, ""2024"": 54.2, ""2025"": -57.7, ""2026"": -4.8}"
6 alleen dips,"2u-RSI2<10, uit RSI>60 of na 36 candles",3.0,5 munten,-0.25790990591048957,-0.8626005248205514,-0.2176269501516137,-0.9600366356958087,-0.19598033889560407,-0.6731980190024096,-0.33719621687544815,491.38360989355044,0.655573656039097,0.03936153641986674,-0.06938673642850586,110,"{""2018"": -60.6, ""2019"": 9.0, ""2020"": -56.2, ""2021"": 24.5, ""2022"": -5.6, ""2023"": -26.7, ""2024"": 51.7, ""2025"": -62.7, ""2026"": -3.6}"
6 alleen dips,"2u-RSI2<10, uit RSI>60 of na 36 candles",3.0,10 munten,-0.05982314042148784,-0.7647363296978436,0.6710828740819749,-0.8777931701636945,-0.2594647790985236,-0.7982522365434797,-0.3896471536685086,808.9475579211021,0.646169069833192,0.04626726378963206,-0.07744311508037471,110,"{""2018"": -60.6, ""2019"": 36.1, ""2020"": -46.9, ""2021"": 211.9, ""2022"": -15.9, ""2023"": -9.8, ""2024"": 102.9, ""2025"": -76.5, ""2026"": -8.9}"
