fam,p,tf,gate,sl,is_cagr,is_dd,oos_cagr,oos_dd,full_cagr,full_dd,up_is,up_oos,dn_all,up_all,trades,win
RSI mean reversion,"{""n"": 7, ""lo"": 20, ""exit"": 60, ""tf"": 0}",1h,0,0.0,-0.05603393333348772,-0.31998128936125614,-0.13441463487186045,-0.5292717607323809,-0.10303040795849205,-0.5292717607323809,0.018892892038864167,0.02681277971677592,-0.05345391287524316,0.023842821837559012,3346,0.6249252839210998
RSI mean reversion,"{""n"": 7, ""lo"": 20, ""exit"": 60, ""tf"": 0}",1h,0,2.5,-0.13214432280331023,-0.3851402423373732,-0.2097551927267951,-0.5986725168838312,-0.17876099238153143,-0.6587009512222639,0.016508528204579338,0.008650893555291146,-0.058506317603358705,0.01159750654877422,5309,0.524957619137314
RSI mean reversion,"{""n"": 7, ""lo"": 20, ""exit"": 60, ""tf"": 0}",1h,1,0.0,0.016566290133710693,-0.14930332906053267,-0.042195782931785164,-0.30831156297502116,-0.0182509906431646,-0.30831156297502116,0.023246626332168317,0.02174571275009872,-0.03108249173806346,0.02230855534337482,1665,0.6228228228228229
RSI mean reversion,"{""n"": 7, ""lo"": 20, ""exit"": 60, ""tf"": 0}",1h,1,2.5,0.003992951762261665,-0.14727409798658064,-0.06709298538467534,-0.3250215740604202,-0.038423815601373645,-0.3250215740604202,0.020012993117529417,0.006497557754621849,-0.023013464303575017,0.011565846015712186,2505,0.5397205588822356
RSI mean reversion,"{""n"": 7, ""lo"": 20, ""exit"": 60, ""tf"": 0}",4h,0,0.0,-0.15563119816747417,-0.3988325762993352,0.02876799448164613,-0.3002275608515754,-0.04944887147002075,-0.4396080461985252,0.025467650078415734,0.022031383643396036,-0.06488108281251498,0.023319983556528423,904,0.6139380530973452
RSI mean reversion,"{""n"": 7, ""lo"": 20, ""exit"": 60, ""tf"": 0}",4h,0,2.5,-0.22246377992840394,-0.484460779555544,-0.04423322883538072,-0.3286363197505048,-0.11998570280575283,-0.5428092779869288,0.01798356873782234,0.016701473808680707,-0.07322879910644498,0.01718225940710882,1479,0.5152129817444219
RSI mean reversion,"{""n"": 7, ""lo"": 20, ""exit"": 60, ""tf"": 0}",4h,1,0.0,-0.05018274609873419,-0.18492625600189594,0.06283177254605499,-0.1247291692176582,0.016031712477636573,-0.18492625600189594,0.008774391969131927,0.010730627554732553,-0.019822597111667437,0.009997039210132319,441,0.6077097505668935
RSI mean reversion,"{""n"": 7, ""lo"": 20, ""exit"": 60, ""tf"": 0}",4h,1,2.5,-0.03428019643063618,-0.15946388702374226,0.04337768113236318,-0.13750893263609798,0.011547631683793025,-0.176443620374919,0.009282149887565396,0.006690889779133102,-0.018833865351737207,0.007662612319795213,632,0.5427215189873418
RSI mean reversion,"{""n"": 7, ""lo"": 20, ""exit"": 60, ""tf"": 200}",1h,0,0.0,0.025945891732898962,-0.09709987176234725,-0.005850392427913187,-0.12290378922187362,0.006759228501175718,-0.12290378922187362,0.0028555486192316146,0.006225493387320354,-0.003803114948056713,0.004961764099287076,682,0.6217008797653959
RSI mean reversion,"{""n"": 7, ""lo"": 20, ""exit"": 60, ""tf"": 200}",1h,0,2.5,-0.0031764122836117625,-0.0753902447631114,-0.020798856591533688,-0.11397176952854093,-0.013770989418778634,-0.11397176952854093,0.0013120295389060172,0.0009298628266386499,-0.004513894250622985,0.0010731753437389125,733,0.5620736698499318
RSI mean reversion,"{""n"": 7, ""lo"": 20, ""exit"": 60, ""tf"": 200}",1h,1,0.0,0.06154015056530926,-0.030836486338786773,0.031597020158827815,-0.07291219753869072,0.04345930485352256,-0.07291219753869072,0.00894304692780744,0.007080114436055806,-0.002194379867729461,0.007778714120462669,433,0.6674364896073903
RSI mean reversion,"{""n"": 7, ""lo"": 20, ""exit"": 60, ""tf"": 200}",1h,1,2.5,0.01813992624625471,-0.04271811926381541,0.008641163219952341,-0.07008252711998497,0.012427051483446583,-0.07008252711998497,0.004672119977913786,0.0024413294836892474,-0.0030912957196382457,0.0032778759190234493,466,0.6051502145922747
RSI mean reversion,"{""n"": 7, ""lo"": 20, ""exit"": 60, ""tf"": 200}",4h,0,0.0,0.018845325733900964,-0.08679417768866826,0.0015247066466845816,-0.09372439585049064,0.008420550312539854,-0.09372439585049064,0.01572956242983281,0.004748918103334835,-0.012001655322999287,0.008866659725771575,185,0.5513513513513514
RSI mean reversion,"{""n"": 7, ""lo"": 20, ""exit"": 60, ""tf"": 200}",4h,0,2.5,0.017245366685712193,-0.07665879195004721,-0.013754848492259275,-0.08532381374296405,-0.0014541252969061391,-0.08532381374296405,0.016093556074526498,0.002359384476152323,-0.011082363260180028,0.007509698825542639,199,0.5326633165829145
RSI mean reversion,"{""n"": 7, ""lo"": 20, ""exit"": 60, ""tf"": 200}",4h,1,0.0,0.028356756042863474,-0.06012514954413295,0.022236558201776946,-0.045822702124969195,0.02466825368925063,-0.06012514954413295,0.011342914172216199,0.005633947332887601,-0.006002874598777151,0.007774809897635825,147,0.6122448979591837
RSI mean reversion,"{""n"": 7, ""lo"": 20, ""exit"": 60, ""tf"": 200}",4h,1,2.5,0.02821055204585532,-0.04713790807156448,0.0026337172799444364,-0.06412625295441254,0.012791709013759256,-0.06412625295441254,0.012676618187178579,0.003817859833644466,-0.005767551425666997,0.007139894216219758,158,0.5886075949367089
RSI mean reversion,"{""n"": 7, ""lo"": 20, ""exit"": 50, ""tf"": 0}",1h,0,0.0,-0.07846355973621466,-0.31267586810736825,-0.09259094979239435,-0.4222043582119529,-0.08658877402144671,-0.43658581585832845,0.01702350025636455,0.01568700349770397,-0.04531967206964936,0.016188189782201687,3747,0.610088070456365
RSI mean reversion,"{""n"": 7, ""lo"": 20, ""exit"": 50, ""tf"": 0}",1h,0,2.5,-0.16617544007802898,-0.39398468302933154,-0.17158229054350593,-0.5152890712349412,-0.16903702454400438,-0.6214675115938009,0.013942996463556987,0.0033382764981695714,-0.05353590366655841,0.007315046485189852,5385,0.5736304549675023
RSI mean reversion,"{""n"": 7, ""lo"": 20, ""exit"": 50, ""tf"": 0}",1h,1,0.0,0.007045688604970124,-0.14248846315726105,-0.002707498852828394,-0.23367881488445807,0.0015383429244724134,-0.23367881488445807,0.01570770436433217,0.015109751547983523,-0.027541969764725872,0.015333983854114266,1843,0.6212696690179056
RSI mean reversion,"{""n"": 7, ""lo"": 20, ""exit"": 50, ""tf"": 0}",1h,1,2.5,-0.01339550299046166,-0.1410320098729836,-0.034025701747433024,-0.22365044150631208,-0.02545831935310494,-0.22365044150631208,0.01148509433546511,0.0040989474181038306,-0.020702492910551373,0.006868752512114311,2546,0.5868028279654359
RSI mean reversion,"{""n"": 7, ""lo"": 20, ""exit"": 50, ""tf"": 0}",4h,0,0.0,-0.07473268007864198,-0.3880854267107603,0.09055663312199269,-0.19182370375566427,0.021071788563241656,-0.3880854267107603,0.016128044744985068,0.016574831967790873,-0.02741819170801501,0.016407286759238696,1026,0.6335282651072125
RSI mean reversion,"{""n"": 7, ""lo"": 20, ""exit"": 50, ""tf"": 0}",4h,0,2.5,-0.178756242796409,-0.4952851423326903,0.031139609500358656,-0.22495257655292444,-0.058657341366972315,-0.4952851423326903,0.008984450926057399,0.01358479090824288,-0.041970739217932235,0.011859663414923324,1505,0.574750830564784
RSI mean reversion,"{""n"": 7, ""lo"": 20, ""exit"": 50, ""tf"": 0}",4h,1,0.0,0.008277430086829796,-0.1097518732376539,0.08985744888936487,-0.09285171352768229,0.05638795041281952,-0.1097518732376539,0.010220885065339826,0.00963865086068035,-0.006535972218430303,0.009856988687427654,484,0.6301652892561983
RSI mean reversion,"{""n"": 7, ""lo"": 20, ""exit"": 50, ""tf"": 0}",4h,1,2.5,0.013296329061755596,-0.09525662759847953,0.08246678262115137,-0.12426651293017321,0.05418279446165375,-0.12426651293017321,0.009861159580432346,0.00650269041013846,-0.005759500885525064,0.007762116348998667,636,0.5990566037735849
RSI mean reversion,"{""n"": 7, ""lo"": 20, ""exit"": 50, ""tf"": 200}",1h,0,0.0,0.018202851404852893,-0.045120684715749704,0.006681242304693136,-0.07403958197927385,0.011272885018986267,-0.07403958197927385,0.003434982439980688,0.0021474835607990426,-0.0016601512638967364,0.0026302956404921593,688,0.6090116279069767
RSI mean reversion,"{""n"": 7, ""lo"": 20, ""exit"": 50, ""tf"": 200}",1h,0,2.5,-0.0186363008456224,-0.08751637711849747,-0.006113757927494579,-0.07915779326580163,-0.011141210261350176,-0.09747534181075257,3.45178154213224e-05,-0.0001073363082290113,-0.0031690626793679927,-5.4141011860136166e-05,735,0.5986394557823129
RSI mean reversion,"{""n"": 7, ""lo"": 20, ""exit"": 50, ""tf"": 200}",1h,1,0.0,0.020023485525030305,-0.03323929671195913,0.02382615913073982,-0.04411756665162958,0.02228810271944126,-0.04411756665162958,0.0045531029402092376,0.0036568863110651106,-0.0021762849731246925,0.003992967546994158,435,0.632183908045977
RSI mean reversion,"{""n"": 7, ""lo"": 20, ""exit"": 50, ""tf"": 200}",1h,1,2.5,-0.007510623597683619,-0.07093346986603255,0.005983352464589364,-0.04483541656980883,0.0005570904379590402,-0.07093346986603255,0.0015153145143428483,0.0011348412920623829,-0.0028063305194686167,0.0012775187504175574,467,0.6188436830835118
RSI mean reversion,"{""n"": 7, ""lo"": 20, ""exit"": 50, ""tf"": 200}",4h,0,0.0,0.02287000874348255,-0.08575302083337022,0.0030544723197669654,-0.07572797969922318,0.010937084160232313,-0.08575302083337022,0.010535462985267455,0.0033464628837040155,-0.0063433519715272516,0.006042337921790306,188,0.5638297872340425
RSI mean reversion,"{""n"": 7, ""lo"": 20, ""exit"": 50, ""tf"": 200}",4h,0,2.5,0.014017050740512627,-0.05742975087875235,-0.00453601221697042,-0.06354817103352339,0.0028512749200653165,-0.06354817103352339,0.010333467727908984,0.0023506243435694814,-0.00590503957540453,0.005344190612696795,201,0.5621890547263682
RSI mean reversion,"{""n"": 7, ""lo"": 20, ""exit"": 50, ""tf"": 200}",4h,1,0.0,0.044100257683756805,-0.04012759709263902,0.020102290842759274,-0.04294352907308874,0.029628047446556893,-0.04294352907308874,0.00940734764990108,0.004746448742078761,-0.00139523365558486,0.006494285832512131,150,0.6133333333333333
RSI mean reversion,"{""n"": 7, ""lo"": 20, ""exit"": 50, ""tf"": 200}",4h,1,2.5,0.03558533874325831,-0.03922980179993507,0.0068812711798533766,-0.04755055814119136,0.018268836860291238,-0.04755055814119136,0.009373561311901405,0.003726262869387531,-0.002028639375516332,0.005843999785330234,160,0.61875
RSI mean reversion,"{""n"": 7, ""lo"": 20, ""exit"": 70, ""tf"": 0}",1h,0,0.0,-0.09191067703959022,-0.454846843032115,-0.06306634084266982,-0.4649593270708897,-0.07350073411654023,-0.48455127484865124,0.028676749631400038,0.052269132410305015,-0.06973597688592734,0.043421988868215654,2825,0.6339823008849558
RSI mean reversion,"{""n"": 7, ""lo"": 20, ""exit"": 70, ""tf"": 0}",1h,0,2.5,-0.10242341061177618,-0.39485103950495337,-0.1671607000847699,-0.5455247658547694,-0.14063977753472323,-0.5955487243181381,0.020350660434163212,0.02366513518700789,-0.060918644196290506,0.022422207154691134,5135,0.45141187925998055
RSI mean reversion,"{""n"": 7, ""lo"": 20, ""exit"": 70, ""tf"": 0}",1h,1,0.0,0.06220649738308559,-0.16705682706208824,0.015760766302234552,-0.2673051110753649,0.035413245741486854,-0.2673051110753649,0.028458817075749106,0.03543926183936274,-0.031095291586669987,0.03282159505300763,1469,0.6283185840707964
RSI mean reversion,"{""n"": 7, ""lo"": 20, ""exit"": 70, ""tf"": 0}",1h,1,2.5,0.020169730039114153,-0.16467505782271885,-0.051001670062934434,-0.3181056611473462,-0.02185324265468158,-0.3181056611473462,0.02077557400264644,0.01316962259372482,-0.023480287731371043,0.01602185437207043,2427,0.4672435105067985
RSI mean reversion,"{""n"": 7, ""lo"": 20, ""exit"": 70, ""tf"": 0}",4h,0,0.0,-0.16974909665122095,-0.44512060925886954,0.02724760149345906,-0.3578485945037818,-0.056099753445110645,-0.44512060925886954,0.036804590749749205,0.03265155369859636,-0.08094049942800978,0.03420894259277867,758,0.6134564643799473
RSI mean reversion,"{""n"": 7, ""lo"": 20, ""exit"": 70, ""tf"": 0}",4h,0,2.5,-0.2081818893412486,-0.4961519530851083,-0.0777257306176855,-0.42296107695172924,-0.13176410456455812,-0.5745098568567397,0.03090156738016698,0.02302098064423487,-0.08719947048893073,0.02597620067020941,1423,0.4511595221363317
RSI mean reversion,"{""n"": 7, ""lo"": 20, ""exit"": 70, ""tf"": 0}",4h,1,0.0,-0.08967785766670144,-0.2689326901793858,0.04360522403846967,-0.18598851689940932,-0.011353846598056494,-0.2689326901793858,0.008117727843363324,0.01628605700799158,-0.027606393934343124,0.013222933571255984,380,0.5868421052631579
RSI mean reversion,"{""n"": 7, ""lo"": 20, ""exit"": 70, ""tf"": 0}",4h,1,2.5,-0.054363285550956375,-0.2158383981030091,0.019894420126097323,-0.2054993299626503,-0.009906411224661182,-0.2265020678546953,0.010438935503884935,0.010709369498907757,-0.025920269466577307,0.0106079567507742,616,0.4724025974025974
RSI mean reversion,"{""n"": 7, ""lo"": 20, ""exit"": 70, ""tf"": 200}",1h,0,0.0,-0.010093409797004682,-0.18737088616676134,0.00494461927714851,-0.1292336161431027,-0.001104355482222652,-0.18737088616676134,0.008638686572688391,0.01875730104338625,-0.012452781847999243,0.014962820616874553,672,0.6324404761904762
RSI mean reversion,"{""n"": 7, ""lo"": 20, ""exit"": 70, ""tf"": 200}",1h,0,2.5,-0.01008319549501202,-0.07291186702541264,-0.012098101071678191,-0.10292102491912203,-0.011284961038253827,-0.12459192357926463,0.0007123940510042922,0.0076917523280236825,-0.0070107171611784105,0.005074492974141411,725,0.4689655172413793
RSI mean reversion,"{""n"": 7, ""lo"": 20, ""exit"": 70, ""tf"": 200}",1h,1,0.0,0.06663043583271566,-0.051508229101706715,0.05618814725263954,-0.08355915179593065,0.060320604924890775,-0.08355915179593065,0.014018937670646202,0.015193095709401734,-0.0041159658096366555,0.01475278644486841,426,0.676056338028169
RSI mean reversion,"{""n"": 7, ""lo"": 20, ""exit"": 70, ""tf"": 200}",1h,1,2.5,0.0066496385011420855,-0.05297945469349108,0.021912822711283253,-0.06656936511179701,0.015763167147769375,-0.06656936511179701,0.0035445200658905415,0.007475581586667331,-0.004419006774604099,0.006001433516376035,461,0.5054229934924078
RSI mean reversion,"{""n"": 7, ""lo"": 20, ""exit"": 70, ""tf"": 200}",4h,0,0.0,-0.0037151306800971007,-0.14158630771808667,0.0012641400041537576,-0.09870847793175497,-0.00011947311808802041,-0.14158630771808667,0.0196611629788807,0.009056103185447665,-0.020440627587212906,0.013033000607985054,175,0.5657142857142857
RSI mean reversion,"{""n"": 7, ""lo"": 20, ""exit"": 70, ""tf"": 200}",4h,0,2.5,0.00917115153297865,-0.10094780112862933,-0.03074235749103993,-0.11029202352473877,-0.014337794736042464,-0.11029202352473877,0.02001220443676335,0.003250897366673655,-0.015867629716370332,0.00953638751795729,195,0.4666666666666667
RSI mean reversion,"{""n"": 7, ""lo"": 20, ""exit"": 70, ""tf"": 200}",4h,1,0.0,-0.006699222154303075,-0.13762136325259533,0.031065077897984628,-0.08101108463861795,0.016385573425092614,-0.13762136325259533,0.014036031138282482,0.008983356048531859,-0.01191965283037262,0.010878109207188342,138,0.6086956521739131
RSI mean reversion,"{""n"": 7, ""lo"": 20, ""exit"": 70, ""tf"": 200}",4h,1,2.5,0.0165600043879075,-0.08083803501088027,-0.0128632936152695,-0.09356871205616701,-0.0005700971765399965,-0.09356871205616701,0.015370226096958742,0.004165626870306934,-0.009153176904383872,0.008367351580301363,155,0.5096774193548387
RSI mean reversion,"{""n"": 7, ""lo"": 25, ""exit"": 50, ""tf"": 0}",1h,0,0.0,-0.12415327208178495,-0.4359686817119359,-0.10293460029116364,-0.5053531638404696,-0.11014688619156099,-0.5245452791752305,0.033569489538536446,0.024421237319449524,-0.05582547930975444,0.02785183190160712,6290,0.6233704292527822
RSI mean reversion,"{""n"": 7, ""lo"": 25, ""exit"": 50, ""tf"": 0}",1h,0,2.5,-0.2710578584769813,-0.5383965719851727,-0.2651894029707633,-0.6482059517764482,-0.2663507136212624,-0.7931228257377239,0.023863560145135503,0.003053209738564096,-0.07150111203734477,0.010857091141028374,9159,0.5847799978163555
RSI mean reversion,"{""n"": 7, ""lo"": 25, ""exit"": 50, ""tf"": 0}",1h,1,0.0,0.02899648125952603,-0.18858742026324338,0.02162838413954571,-0.2922772211259653,0.026037985408079223,-0.2922772211259653,0.02474578236349449,0.025242287643617762,-0.029665106906220526,0.025056098163571534,3178,0.6375078665827565
RSI mean reversion,"{""n"": 7, ""lo"": 25, ""exit"": 50, ""tf"": 0}",1h,1,2.5,-0.0324743501721636,-0.1982756975811365,-0.07682768193193368,-0.3027861104440218,-0.05792129616890995,-0.3027861104440218,0.016823462912168727,0.007664266148415414,-0.027442981913942337,0.011098964934822908,4463,0.5998207483755321
RSI mean reversion,"{""n"": 7, ""lo"": 25, ""exit"": 50, ""tf"": 0}",4h,0,0.0,-0.24350066030850837,-0.5389410149789453,-0.04621742927067929,-0.3890043036014089,-0.13067678225562862,-0.5816502471324622,0.009948863973120385,0.02321790503390749,-0.05973628235957425,0.018242014636112327,1573,0.6109345200254291
RSI mean reversion,"{""n"": 7, ""lo"": 25, ""exit"": 50, ""tf"": 0}",4h,0,2.5,-0.3459226698336184,-0.6460400306078959,-0.12832495786627507,-0.4571051318445497,-0.2229119452072067,-0.7370767564256704,0.006303279509177405,0.017589945999903638,-0.07751342917567983,0.0133574460658813,2378,0.5777964676198486
RSI mean reversion,"{""n"": 7, ""lo"": 25, ""exit"": 50, ""tf"": 0}",4h,1,0.0,-0.006406946012356696,-0.13274347550304344,0.025408581633911576,-0.18391584712065567,0.012539109695163031,-0.18391584712065567,0.014747855576675264,0.012605518945742356,-0.014615152258956099,0.013408895182342196,815,0.6171779141104294
RSI mean reversion,"{""n"": 7, ""lo"": 25, ""exit"": 50, ""tf"": 0}",4h,1,2.5,-0.004060898116350686,-0.12273141864502313,-0.01819601753729716,-0.21508622650669218,-0.012551999683215409,-0.21508622650669218,0.014937452773554578,0.008303517250853402,-0.015549765665759566,0.010791243071866343,1090,0.5908256880733945
RSI mean reversion,"{""n"": 7, ""lo"": 25, ""exit"": 50, ""tf"": 200}",1h,0,0.0,0.07224574073279277,-0.07182272152874669,0.036217670287229,-0.10990971003469852,0.05069818141702043,-0.10990971003469852,0.015259343635581481,0.011743375228774503,-0.002605072255430836,0.01306186338132712,1598,0.6245306633291614
RSI mean reversion,"{""n"": 7, ""lo"": 25, ""exit"": 50, ""tf"": 200}",1h,0,2.5,0.0040237339558995,-0.09529579818151579,-0.002112970381756729,-0.1239607356254473,0.0005595437764005506,-0.1239607356254473,0.008695347293569035,0.0027809957867911627,-0.004575971732197565,0.0049988776018328645,1773,0.6097010716300056
RSI mean reversion,"{""n"": 7, ""lo"": 25, ""exit"": 50, ""tf"": 200}",1h,1,0.0,0.054293282640199614,-0.07430101584177029,0.06604979413165935,-0.055729083329971285,0.0615211740005821,-0.07430101584177029,0.01258237166671979,0.013829208550286376,-0.0055865015447201655,0.013361644718948906,998,0.6452905811623246
RSI mean reversion,"{""n"": 7, ""lo"": 25, ""exit"": 50, ""tf"": 200}",1h,1,2.5,0.012227359439368257,-0.08879474590069625,0.02533004432461894,-0.0719722263383461,0.02027430612417147,-0.08879474590069625,0.007529951968070813,0.006082095023180941,-0.005812042644541743,0.006625041377514643,1109,0.6266907123534716
RSI mean reversion,"{""n"": 7, ""lo"": 25, ""exit"": 50, ""tf"": 200}",4h,0,0.0,-0.023862286217837814,-0.2378754158601586,-0.005497042946215669,-0.14956153371325032,-0.012885389596845154,-0.2378754158601586,0.014640972949691503,0.006306779336683177,-0.015734569036450208,0.0094321019415613,403,0.6203473945409429
RSI mean reversion,"{""n"": 7, ""lo"": 25, ""exit"": 50, ""tf"": 200}",4h,0,2.5,-0.013939421233540417,-0.14053487902344397,-0.04863354521896934,-0.2159813154860949,-0.034867832884972416,-0.2159813154860949,0.013510396338039446,0.004286465478673418,-0.014747285858044863,0.007745439550935679,452,0.6061946902654868
RSI mean reversion,"{""n"": 7, ""lo"": 25, ""exit"": 50, ""tf"": 200}",4h,1,0.0,0.04262366010967056,-0.06718097809515722,0.02340442093462891,-0.07628829792418201,0.03103956809143127,-0.07628829792418201,0.014436570168077213,0.008221569363333344,-0.005433737161240078,0.010552194665112294,326,0.6380368098159509
RSI mean reversion,"{""n"": 7, ""lo"": 25, ""exit"": 50, ""tf"": 200}",4h,1,2.5,0.03275800690638042,-0.06513408611937643,-0.013174539120362039,-0.13346615164730435,0.004966992358392597,-0.13346615164730435,0.014063551259636061,0.006923485930662143,-0.007913488715897268,0.009601010429027362,364,0.6318681318681318
RSI mean reversion,"{""n"": 7, ""lo"": 25, ""exit"": 60, ""tf"": 0}",1h,0,0.0,-0.07522954805322091,-0.4053053290620884,-0.14433275280823243,-0.558691333566001,-0.11538699149034026,-0.5641717902999096,0.041360575120199985,0.03927821023448453,-0.0668307468807251,0.04005909706662782,5290,0.6310018903591682
RSI mean reversion,"{""n"": 7, ""lo"": 25, ""exit"": 60, ""tf"": 0}",1h,0,2.5,-0.23184745532390005,-0.508142102978003,-0.33690235339627095,-0.7431170934010407,-0.29505436238438243,-0.8292826585656138,0.03054877451581624,0.007842260963833003,-0.08251444755916983,0.016357203545826718,8745,0.5332189822755861
RSI mean reversion,"{""n"": 7, ""lo"": 25, ""exit"": 60, ""tf"": 0}",1h,1,0.0,0.038560574018713156,-0.19229027334823112,-0.016584228659410116,-0.28599892876095223,0.0072408579991003474,-0.28599892876095223,0.035956380255750715,0.033509209828716226,-0.03399120984434232,0.03442689873885416,2715,0.6287292817679558
RSI mean reversion,"{""n"": 7, ""lo"": 25, ""exit"": 60, ""tf"": 0}",1h,1,2.5,-0.022702622351266744,-0.21256289951780827,-0.14067237604545024,-0.4376973046936883,-0.09329306360458711,-0.4376973046936883,0.02853457760198757,0.006692829223256728,-0.03153486354908447,0.014883484865280794,4273,0.5469225368593494
RSI mean reversion,"{""n"": 7, ""lo"": 25, ""exit"": 60, ""tf"": 0}",4h,0,0.0,-0.26060529063315974,-0.5465169168384096,-0.1541084307186178,-0.5344819681687076,-0.19767704436118616,-0.7244354184790952,0.024716774579011273,0.028712278687864665,-0.0992162718045923,0.027213964647044644,1296,0.591820987654321
RSI mean reversion,"{""n"": 7, ""lo"": 25, ""exit"": 60, ""tf"": 0}",4h,0,2.5,-0.3712280695075635,-0.6507468715443723,-0.2413553798424678,-0.6217975254640972,-0.29554562164028453,-0.8339179491314194,0.017803669837696372,0.021833861662338732,-0.11554112098016517,0.020322539728097846,2245,0.5086859688195992
RSI mean reversion,"{""n"": 7, ""lo"": 25, ""exit"": 60, ""tf"": 0}",4h,1,0.0,-0.04409777483562838,-0.22802214968521006,-0.03930013432633328,-0.2713718768633542,-0.04036005429474776,-0.28092510587314423,0.016665366372134893,0.013885076443871618,-0.03358044008718024,0.014927685166970345,700,0.5857142857142857
RSI mean reversion,"{""n"": 7, ""lo"": 25, ""exit"": 60, ""tf"": 0}",4h,1,2.5,-0.04404380332250424,-0.22349613101186194,-0.08979873594365295,-0.3533951239041536,-0.07088907674631517,-0.37583802379293796,0.01735860104234875,0.007861867298955171,-0.033848708743729555,0.011423142452727764,1044,0.5268199233716475
RSI mean reversion,"{""n"": 7, ""lo"": 25, ""exit"": 60, ""tf"": 200}",1h,0,0.0,0.10238299965400754,-0.0777234041264191,0.024166085618635424,-0.1662417306964028,0.054882392098787314,-0.1662417306964028,0.020031227302374374,0.02222144081918646,-0.00413090912113076,0.021400110750381927,1525,0.6288524590163934
RSI mean reversion,"{""n"": 7, ""lo"": 25, ""exit"": 60, ""tf"": 200}",1h,0,2.5,0.015416745774215368,-0.11476216047576837,-0.016052076203642796,-0.1622885698224471,-0.003457498350713961,-0.1622885698224471,0.013425400162837208,0.006873492504154707,-0.006115558406903851,0.009330457876160644,1722,0.5691056910569106
RSI mean reversion,"{""n"": 7, ""lo"": 25, ""exit"": 60, ""tf"": 200}",1h,1,0.0,0.10432585532409488,-0.06576373628995302,0.0947441432732119,-0.08952617779508698,0.0986295047744401,-0.08952617779508698,0.02261799509328323,0.023416306676770467,-0.006614587561239518,0.023116939832962754,956,0.6516736401673641
RSI mean reversion,"{""n"": 7, ""lo"": 25, ""exit"": 60, ""tf"": 200}",1h,1,2.5,0.03590489065143654,-0.07415566887601399,0.03136112831340543,-0.10282602790665718,0.03327094510754214,-0.10282602790665718,0.014528755192302024,0.009842873540797277,-0.006219686906953174,0.011600079160111557,1081,0.5957446808510638
RSI mean reversion,"{""n"": 7, ""lo"": 25, ""exit"": 60, ""tf"": 200}",4h,0,0.0,-0.042423113587440886,-0.2626350549812738,-0.037528898672162136,-0.21408951612210025,-0.03862708149882221,-0.2626350549812738,0.021780616834445085,0.005484947250283419,-0.02789443972247012,0.011595823344344044,379,0.5804749340369393
RSI mean reversion,"{""n"": 7, ""lo"": 25, ""exit"": 60, ""tf"": 200}",4h,0,2.5,-0.014231456450147895,-0.18217869505023754,-0.08748832744668467,-0.290212367143747,-0.05796895873458485,-0.3035178699898291,0.02024312424113037,0.0006486637153240678,-0.022892743369993744,0.00799658641250143,439,0.530751708428246
RSI mean reversion,"{""n"": 7, ""lo"": 25, ""exit"": 60, ""tf"": 200}",4h,1,0.0,0.035384697695464595,-0.1169461503402135,0.011589955956512688,-0.10458139183122384,0.021934906206162896,-0.1169461503402135,0.01763730456303904,0.006712588227025607,-0.010980255168246529,0.010809356853030644,307,0.6091205211726385
RSI mean reversion,"{""n"": 7, ""lo"": 25, ""exit"": 60, ""tf"": 200}",4h,1,2.5,0.029424677050442938,-0.10226200470389313,-0.040969919785560194,-0.18722076955029887,-0.012503012647978151,-0.18722076955029887,0.019202704678378233,0.0033621885749214988,-0.013262871289260632,0.009302382113717774,354,0.5677966101694916
RSI mean reversion,"{""n"": 7, ""lo"": 25, ""exit"": 70, ""tf"": 0}",1h,0,0.0,-0.05479839386519447,-0.5008934575223832,-0.07974977970666419,-0.5129944064472542,-0.06675567086996048,-0.5129944064472542,0.052965796044825666,0.06987719572387406,-0.0848444741164111,0.06353542084423092,4140,0.6292270531400966
RSI mean reversion,"{""n"": 7, ""lo"": 25, ""exit"": 70, ""tf"": 0}",1h,0,2.5,-0.16767658047629974,-0.5282980046132533,-0.32253176089418456,-0.752824682413234,-0.2617724002321863,-0.8057043011564868,0.042252592351560855,0.02738883341486612,-0.09362413958666863,0.032962743016126644,8122,0.4573996552573258
RSI mean reversion,"{""n"": 7, ""lo"": 25, ""exit"": 70, ""tf"": 0}",1h,1,0.0,0.09204133710040252,-0.24169373189081345,0.01619869408525698,-0.31643394956089577,0.04930995928782922,-0.31643394956089577,0.04008604904772138,0.04815626332270204,-0.035255135384597305,0.04512993296958429,2201,0.615174920490686
RSI mean reversion,"{""n"": 7, ""lo"": 25, ""exit"": 70, ""tf"": 0}",1h,1,2.5,0.021267131728100575,-0.22726646503960557,-0.14207777412931533,-0.5058777695217023,-0.07700357378051137,-0.5058777695217023,0.0330857565545616,0.015642048449046833,-0.034501051592948966,0.02218343898861487,3993,0.4698221888304533
RSI mean reversion,"{""n"": 7, ""lo"": 25, ""exit"": 70, ""tf"": 0}",4h,0,0.0,-0.21678416869176886,-0.531404318663687,-0.14386062724546844,-0.5433949198097161,-0.17119207891319,-0.6834976459190376,0.041666276514929455,0.04457888370119979,-0.11183347348123657,0.04348665600634841,1039,0.5871029836381135
RSI mean reversion,"{""n"": 7, ""lo"": 25, ""exit"": 70, ""tf"": 0}",4h,0,2.5,-0.3313751865461948,-0.6310199387927005,-0.2542037370639172,-0.6624425333486934,-0.28376869168460306,-0.8233778545875609,0.03172058820581948,0.03021872842492741,-0.1264793149894548,0.030781925842761935,2076,0.44942196531791906
RSI mean reversion,"{""n"": 7, ""lo"": 25, ""exit"": 70, ""tf"": 0}",4h,1,0.0,-0.04887522914666831,-0.2665715005541994,-0.048336062506881716,-0.3117879038298347,-0.045575609297386244,-0.3117879038298347,0.021398418092735832,0.02071947574037773,-0.03780422681142226,0.020974079122512018,590,0.5559322033898305
RSI mean reversion,"{""n"": 7, ""lo"": 25, ""exit"": 70, ""tf"": 0}",4h,1,2.5,-0.0457612086046818,-0.2549382307734077,-0.09967741932155105,-0.3989199006970453,-0.0755606679073062,-0.3989199006970453,0.022005758133562512,0.010950797086352056,-0.03746793316069883,0.015096407479055976,981,0.4658511722731906
RSI mean reversion,"{""n"": 7, ""lo"": 25, ""exit"": 70, ""tf"": 200}",1h,0,0.0,0.07001100800555582,-0.20109436571014727,0.030207005709230073,-0.1879115178209546,0.04605616030925774,-0.20109436571014727,0.027612852548595468,0.03708779910275424,-0.017491124428871276,0.0335346941449447,1427,0.6271899088997898
RSI mean reversion,"{""n"": 7, ""lo"": 25, ""exit"": 70, ""tf"": 200}",1h,0,2.5,0.019637821452954007,-0.08595738801703157,-0.0536971492581364,-0.22340786162207493,-0.02485922011573627,-0.22340786162207493,0.013572347176398979,0.00830752886281665,-0.011212298560526739,0.010281835730410022,1646,0.48541919805589306
RSI mean reversion,"{""n"": 7, ""lo"": 25, ""exit"": 70, ""tf"": 200}",1h,1,0.0,0.1358102028293513,-0.07210866113173575,0.1345769263829104,-0.10616499702057147,0.13511227888384547,-0.10616499702057147,0.030763622265878945,0.03296923432964817,-0.008201093342633727,0.032142129805734714,897,0.6566332218506131
RSI mean reversion,"{""n"": 7, ""lo"": 25, ""exit"": 70, ""tf"": 200}",1h,1,2.5,0.031759270217710744,-0.08046043770849354,0.02535615396233859,-0.14531807345190617,0.028014256698891904,-0.14531807345190617,0.014781975394948263,0.010754856247364157,-0.007162604275669657,0.012265025927708196,1040,0.5125
RSI mean reversion,"{""n"": 7, ""lo"": 25, ""exit"": 70, ""tf"": 200}",4h,0,0.0,-0.060486830690056226,-0.3109840554110286,-0.04257451028006065,-0.2456986998506231,-0.046815353880798716,-0.3109840554110286,0.02887671963903123,0.01315480840218548,-0.039610542779571566,0.019050525116002637,351,0.5754985754985755
RSI mean reversion,"{""n"": 7, ""lo"": 25, ""exit"": 70, ""tf"": 200}",4h,0,2.5,-0.01620521518679563,-0.20242130305374162,-0.08744236932577398,-0.3079608584328757,-0.05660634201268222,-0.31180784589562394,0.027392304157898926,0.0032549529769493176,-0.026031289673642412,0.01230645966980542,417,0.46522781774580335
RSI mean reversion,"{""n"": 7, ""lo"": 25, ""exit"": 70, ""tf"": 200}",4h,1,0.0,0.0010678768029666053,-0.20224336915633767,0.015100138446339617,-0.13568487706654797,0.012579148964580344,-0.20224336915633767,0.02052654884938048,0.012362667490198735,-0.017762757972655044,0.01542412299989189,281,0.5907473309608541
RSI mean reversion,"{""n"": 7, ""lo"": 25, ""exit"": 70, ""tf"": 200}",4h,1,2.5,0.01793372772637447,-0.1502137530800305,-0.04192109455881032,-0.20915800211440394,-0.015332977047908591,-0.20915800211440394,0.02478421817171534,0.005249593976474909,-0.015343013334246626,0.01257507804969007,334,0.49700598802395207
RSI mean reversion,"{""n"": 7, ""lo"": 30, ""exit"": 50, ""tf"": 0}",1h,0,0.0,-0.22762063505080266,-0.5308424349709737,-0.20861745168686063,-0.5857403641046798,-0.21440576862072502,-0.7252236899849337,0.0389865078685898,0.022894348953911063,-0.07926394750075139,0.02892890854691559,9250,0.6287567567567568
RSI mean reversion,"{""n"": 7, ""lo"": 30, ""exit"": 50, ""tf"": 0}",1h,0,2.5,-0.3604672303087586,-0.6370112343974735,-0.3974451595069679,-0.7828056156266491,-0.3813334677642446,-0.9015030281777447,0.025152772357563732,-0.0038063981359040136,-0.09918045410364384,0.007053290799146392,13397,0.5967753974770471
RSI mean reversion,"{""n"": 7, ""lo"": 30, ""exit"": 50, ""tf"": 0}",1h,1,0.0,-0.017248790671009595,-0.23985896430419085,-0.030484795616452898,-0.30635394284757766,-0.022997648431619222,-0.30635394284757766,0.026341755594164986,0.024855594882890138,-0.03484193377487572,0.025412905149618206,4736,0.6385135135135135
RSI mean reversion,"{""n"": 7, ""lo"": 30, ""exit"": 50, ""tf"": 0}",1h,1,2.5,-0.07726252687365742,-0.28270089638816664,-0.17452312870762443,-0.4573837309325449,-0.1348498743417218,-0.5138697396770469,0.016522080144936144,0.0027738317111012083,-0.03607827643302505,0.00792942487378931,6636,0.6063893911995177
RSI mean reversion,"{""n"": 7, ""lo"": 30, ""exit"": 50, ""tf"": 0}",4h,0,0.0,-0.2809489841226168,-0.5822259832929125,-0.10625607950478355,-0.4741691685882454,-0.1802331316571073,-0.6839845828121687,0.01812991510574096,0.03651841139978117,-0.07560003579678037,0.02962272528951609,2325,0.6305376344086021
RSI mean reversion,"{""n"": 7, ""lo"": 30, ""exit"": 50, ""tf"": 0}",4h,0,2.5,-0.37487096103569484,-0.6601652863019485,-0.1947779904235688,-0.564613299242402,-0.27185272412383454,-0.8071230866601554,0.012928323551515483,0.02855167162952156,-0.09230953714345608,0.022692916100269283,3435,0.5912663755458515
RSI mean reversion,"{""n"": 7, ""lo"": 30, ""exit"": 50, ""tf"": 0}",4h,1,0.0,0.007837715994178485,-0.1608869838053938,-0.032682483816619756,-0.2633168361371899,-0.016073633799849385,-0.2633168361371899,0.023099437271639003,0.020783970239508214,-0.020171937793588952,0.02165227037655726,1228,0.6302931596091205
RSI mean reversion,"{""n"": 7, ""lo"": 30, ""exit"": 50, ""tf"": 0}",4h,1,2.5,-0.0153172274579646,-0.16546459995653107,-0.07788517333199652,-0.3258858761361876,-0.05273948762742953,-0.3258858761361876,0.02131881078558415,0.01362387849067231,-0.021967860983593865,0.01650947810126425,1653,0.5983061101028433
RSI mean reversion,"{""n"": 7, ""lo"": 30, ""exit"": 50, ""tf"": 200}",1h,0,0.0,0.07133099470627813,-0.13120942996230045,-0.004277090817787266,-0.16928157733177795,0.02573754133003847,-0.16928157733177795,0.025422581680212757,0.013093931897593484,-0.012243449488813243,0.017717175566075712,2952,0.6256775067750677
RSI mean reversion,"{""n"": 7, ""lo"": 30, ""exit"": 50, ""tf"": 200}",1h,0,2.5,0.00480345396289672,-0.11822097312593383,-0.06257036702693186,-0.19553555952992385,-0.03573903776693288,-0.19553555952992385,0.014053151923907437,0.00024810681994042274,-0.01021707427429188,0.005424998733928053,3330,0.6126126126126126
RSI mean reversion,"{""n"": 7, ""lo"": 30, ""exit"": 50, ""tf"": 200}",1h,1,0.0,0.05126948437959955,-0.10160703655245085,0.049495620721167644,-0.10565525367551565,0.050598121483433456,-0.10565525367551565,0.01738275092779847,0.0150645862816526,-0.012099747722116007,0.0159338980239573,1853,0.6449001618996222
RSI mean reversion,"{""n"": 7, ""lo"": 30, ""exit"": 50, ""tf"": 200}",1h,1,2.5,0.0035597637787554426,-0.127742396714157,-0.011510628485628116,-0.1440550189009827,-0.0050986106279835575,-0.1440550189009827,0.009280538282957693,0.004094662262963807,-0.009867926522979048,0.0060393657704615146,2104,0.6245247148288974
RSI mean reversion,"{""n"": 7, ""lo"": 30, ""exit"": 50, ""tf"": 200}",4h,0,0.0,-0.017999389082269057,-0.2566815439104825,-0.021691145617634522,-0.18469287936220768,-0.02020239405755453,-0.2566815439104825,0.020636420942177228,0.013240128777681192,-0.019543878051433337,0.016013738339367204,734,0.6471389645776566
RSI mean reversion,"{""n"": 7, ""lo"": 30, ""exit"": 50, ""tf"": 200}",4h,0,2.5,-0.01115502519069933,-0.16907727215397528,-0.09630544018245268,-0.31500077653545455,-0.06308562808164975,-0.3274750665611338,0.018267203254457926,0.007073457339892871,-0.017204878061777736,0.011271112057854768,839,0.6162097735399285
RSI mean reversion,"{""n"": 7, ""lo"": 30, ""exit"": 50, ""tf"": 200}",4h,1,0.0,0.06145830529901586,-0.07615557770449333,0.012249276107172857,-0.09916533275134087,0.03165723485562788,-0.09916533275134087,0.022150635536785684,0.013030211581735696,-0.007997463742573999,0.01645037056487944,579,0.6632124352331606
RSI mean reversion,"{""n"": 7, ""lo"": 30, ""exit"": 50, ""tf"": 200}",4h,1,2.5,0.05191567944121145,-0.07309409506812736,-0.052930926141557255,-0.2197579920002548,-0.012251521616356231,-0.2197579920002548,0.020881120826845862,0.00826009949617006,-0.009399014421857893,0.012992982495173486,661,0.6354009077155824
RSI mean reversion,"{""n"": 7, ""lo"": 30, ""exit"": 60, ""tf"": 0}",1h,0,0.0,-0.20939119665549777,-0.5454881448413236,-0.2645678362169672,-0.6551085596753154,-0.2408073504520396,-0.7658758671595266,0.0555815530496747,0.0391671595124476,-0.10522833282541691,0.045322557088907756,7233,0.6272639292133279
RSI mean reversion,"{""n"": 7, ""lo"": 30, ""exit"": 60, ""tf"": 0}",1h,0,2.5,-0.34305109335678585,-0.634846291570059,-0.47034339763544397,-0.8391889310319195,-0.42090338359965007,-0.9246780035830999,0.04191053059310853,0.004412002550922926,-0.12432299396322163,0.018473950566742527,12146,0.5410834842746584
RSI mean reversion,"{""n"": 7, ""lo"": 30, ""exit"": 60, ""tf"": 0}",1h,1,0.0,0.01621299465246917,-0.2438363408241705,-0.05923073730586226,-0.3253822004180421,-0.027113564546317526,-0.3253822004180421,0.03754251053045411,0.03349057924889106,-0.040312677003760615,0.0350100534794772,3785,0.6319682959048877
RSI mean reversion,"{""n"": 7, ""lo"": 30, ""exit"": 60, ""tf"": 0}",1h,1,2.5,-0.05446618947861548,-0.2818228271145232,-0.2340652722691745,-0.5559391272608519,-0.16433646882582797,-0.591593235555095,0.027446319911366604,0.003656223660216192,-0.042228624477250815,0.012577509754397595,6049,0.5531492808728715
RSI mean reversion,"{""n"": 7, ""lo"": 30, ""exit"": 60, ""tf"": 0}",4h,0,0.0,-0.26713080371031406,-0.5733761439915381,-0.2141962936264764,-0.6467416479283252,-0.23378486209638127,-0.7838095720772434,0.03511068972583353,0.04388650193138615,-0.11376919702312727,0.04059557235430392,1797,0.6188091263216472
RSI mean reversion,"{""n"": 7, ""lo"": 30, ""exit"": 60, ""tf"": 0}",4h,0,2.5,-0.3737351547097352,-0.6713853024236491,-0.2816957545036255,-0.6899175371149251,-0.3187939664697941,-0.8611427884201351,0.027442672406187276,0.03473917784615947,-0.12593170665872702,0.0320029883061699,3060,0.534640522875817
RSI mean reversion,"{""n"": 7, ""lo"": 30, ""exit"": 60, ""tf"": 0}",4h,1,0.0,-0.002172871269275345,-0.226886551670076,-0.09968564108933486,-0.4167419293644973,-0.059426059402551745,-0.4167419293644973,0.02813347776848006,0.023351150974011754,-0.04014949020906593,0.02514452352193737,996,0.607429718875502
RSI mean reversion,"{""n"": 7, ""lo"": 30, ""exit"": 60, ""tf"": 0}",4h,1,2.5,-0.018062246143945693,-0.23990066544279243,-0.1383834645602744,-0.4539193287810581,-0.09052071934118255,-0.4539193287810581,0.027608143669128758,0.015581607257191429,-0.04005384355913783,0.020091558411667928,1492,0.5428954423592494
RSI mean reversion,"{""n"": 7, ""lo"": 30, ""exit"": 60, ""tf"": 200}",1h,0,0.0,0.08525810121582555,-0.13263707371816358,-0.08002946296641167,-0.30809834788749135,-0.01697690471645452,-0.30809834788749135,0.032172092142591376,0.021618461940013673,-0.01824774551608739,0.025576073265980312,2636,0.6176024279210925
RSI mean reversion,"{""n"": 7, ""lo"": 30, ""exit"": 60, ""tf"": 200}",1h,0,2.5,0.009747297653476483,-0.1083106526601465,-0.12320737768734036,-0.3107666466498581,-0.07206119269647582,-0.3221069747863964,0.01898302457937657,0.0011459669298697016,-0.015571283986523778,0.007834863548434776,3093,0.5632072421597155
RSI mean reversion,"{""n"": 7, ""lo"": 30, ""exit"": 60, ""tf"": 200}",1h,1,0.0,0.1082911765499679,-0.08773302507299785,0.035252118931408116,-0.15233218799033088,0.06398298286222581,-0.15233218799033088,0.02879028562700424,0.02291802952179591,-0.01547043581968345,0.025120125561249037,1661,0.633955448524985
RSI mean reversion,"{""n"": 7, ""lo"": 30, ""exit"": 60, ""tf"": 200}",1h,1,2.5,0.020949745261087616,-0.10787958370542894,-0.03227415263723121,-0.16578816221105874,-0.011186059654897051,-0.16821414825313374,0.014164208611893813,0.004701422049916792,-0.011317533673269445,0.008249967010658174,1959,0.5763144461459928
RSI mean reversion,"{""n"": 7, ""lo"": 30, ""exit"": 60, ""tf"": 200}",4h,0,0.0,0.010433503803718436,-0.26515085263267724,-0.054882628432962655,-0.2852193209735189,-0.0275157181916319,-0.2852193209735189,0.038534414085947676,0.01427248896109381,-0.03304663579483388,0.02337071088291401,657,0.639269406392694
RSI mean reversion,"{""n"": 7, ""lo"": 30, ""exit"": 60, ""tf"": 200}",4h,0,2.5,0.03841000329106148,-0.19107586211458982,-0.12021095612405841,-0.377883663872303,-0.05895051992872791,-0.377883663872303,0.03398641581978638,0.005785970950402001,-0.024216305368894797,0.016361137776421144,785,0.5770700636942675
RSI mean reversion,"{""n"": 7, ""lo"": 30, ""exit"": 60, ""tf"": 200}",4h,1,0.0,0.07693345751527247,-0.1410924609002394,0.0032469057793085287,-0.1484565350975564,0.03393497940755652,-0.1484565350975564,0.031908827687969626,0.012448350487143982,-0.014461726488574377,0.0197460294374536,515,0.6407766990291263
RSI mean reversion,"{""n"": 7, ""lo"": 30, ""exit"": 60, ""tf"": 200}",4h,1,2.5,0.08057271758340745,-0.12366960711955144,-0.07228234100511155,-0.2702231932314936,-0.012962299148847722,-0.2702231932314936,0.032238638552664574,0.005960067447164523,-0.014035348471610101,0.01581453161172704,615,0.583739837398374
RSI mean reversion,"{""n"": 7, ""lo"": 30, ""exit"": 70, ""tf"": 0}",1h,0,0.0,-0.11329347393814038,-0.5461644548131507,-0.18673777579620543,-0.611844201827791,-0.15444133105451752,-0.6445454598007747,0.0771166644703302,0.07232394527384459,-0.1167313337076018,0.07412121497252669,5247,0.628168477225081
RSI mean reversion,"{""n"": 7, ""lo"": 30, ""exit"": 70, ""tf"": 0}",1h,0,2.5,-0.2592252279563879,-0.6200089688725786,-0.445592555738752,-0.841411106923771,-0.3745598238570327,-0.9006711621421976,0.06566002326987382,0.027417811051844716,-0.13581616791337656,0.041758640633605626,10655,0.4643829188174566
RSI mean reversion,"{""n"": 7, ""lo"": 30, ""exit"": 70, ""tf"": 0}",1h,1,0.0,0.07737240545520008,-0.26157931010129154,-0.024837754909162624,-0.36833924321528655,0.01915481766012017,-0.36833924321528655,0.04613662587027978,0.04839346769793067,-0.04069984958506444,0.04754715201256158,2843,0.6201195919803025
RSI mean reversion,"{""n"": 7, ""lo"": 30, ""exit"": 70, ""tf"": 0}",1h,1,2.5,0.01227109364021084,-0.2583129283336624,-0.2295174194056896,-0.5996231461491881,-0.136816431577664,-0.5996231461491881,0.04070566044736338,0.011098501680607184,-0.04381833144853824,0.022201186218140757,5349,0.4763507197607029
RSI mean reversion,"{""n"": 7, ""lo"": 30, ""exit"": 70, ""tf"": 0}",4h,0,0.0,-0.21220817608059994,-0.5666413967533879,-0.22925237100569784,-0.657752849501582,-0.21836294920691557,-0.7567797624867031,0.05693952691992637,0.05636127940643277,-0.12483150860589629,0.05657812222399287,1326,0.5972850678733032
RSI mean reversion,"{""n"": 7, ""lo"": 30, ""exit"": 70, ""tf"": 0}",4h,0,2.5,-0.32444928951175545,-0.6617958170372592,-0.29648054353933295,-0.7199421452300935,-0.30541776528722087,-0.8532817109330382,0.04601048999839717,0.0442717753381114,-0.1348099225940747,0.04492379333571856,2673,0.46464646464646464
RSI mean reversion,"{""n"": 7, ""lo"": 30, ""exit"": 70, ""tf"": 0}",4h,1,0.0,-1.7212244256659126e-05,-0.2850700556552288,-0.13294751971191732,-0.48043596361283747,-0.07721726799499251,-0.48043596361283747,0.0381547349587915,0.029841728490404562,-0.046224462222978935,0.03295910591604966,783,0.5555555555555556
RSI mean reversion,"{""n"": 7, ""lo"": 30, ""exit"": 70, ""tf"": 0}",4h,1,2.5,-0.020732192972654384,-0.3001185974722551,-0.1625423281754178,-0.5113354412204054,-0.10544229167352015,-0.5113354412204054,0.03697874793551562,0.019753874813817237,-0.0456596557336987,0.02621320223445413,1333,0.46661665416354087
RSI mean reversion,"{""n"": 7, ""lo"": 30, ""exit"": 70, ""tf"": 200}",1h,0,0.0,0.033209089968733174,-0.2802844113776489,-0.08290680211426593,-0.39288390860635247,-0.03792929513723953,-0.39288390860635247,0.04469242134009041,0.03925936564067702,-0.037314405948857876,0.04129676152795705,2290,0.6122270742358079
RSI mean reversion,"{""n"": 7, ""lo"": 30, ""exit"": 70, ""tf"": 200}",1h,0,2.5,0.03977393276913843,-0.10625971675506252,-0.1548960106505386,-0.39743054549552936,-0.08159207044025685,-0.4043847174467806,0.026721883717170943,0.004361535089793615,-0.024032710116365298,0.012746665825060113,2804,0.48038516405135523
RSI mean reversion,"{""n"": 7, ""lo"": 30, ""exit"": 70, ""tf"": 200}",1h,1,0.0,0.15869695154403418,-0.12058705141135495,0.07702508669740293,-0.18995427289639855,0.10907410894385583,-0.18995427289639855,0.04333750636410294,0.0332135007445451,-0.01684725924476009,0.03701000285187929,1450,0.6337931034482759
RSI mean reversion,"{""n"": 7, ""lo"": 30, ""exit"": 70, ""tf"": 200}",1h,1,2.5,0.03083240548046895,-0.11503522920583831,-0.028102630955510577,-0.19227611004611278,-0.004801384878676651,-0.19227611004611278,0.0193233038150612,0.006412255853275665,-0.013349821576904383,0.01125389883894524,1779,0.49971894322653176
RSI mean reversion,"{""n"": 7, ""lo"": 30, ""exit"": 70, ""tf"": 200}",4h,0,0.0,-0.026368660625816998,-0.3708109070300104,-0.11243396055396049,-0.407699364141732,-0.07465697232086188,-0.407699364141732,0.047240198942076046,0.01932402129585679,-0.05176465121400242,0.02979258791318901,559,0.5885509838998211
RSI mean reversion,"{""n"": 7, ""lo"": 30, ""exit"": 70, ""tf"": 200}",4h,0,2.5,0.037022535965141934,-0.25164990444544355,-0.14778585265331146,-0.4335408272298944,-0.07557286905888816,-0.4335408272298944,0.04034568719926904,0.005642761829642014,-0.029134820438071952,0.018656358843252147,698,0.4871060171919771
RSI mean reversion,"{""n"": 7, ""lo"": 30, ""exit"": 70, ""tf"": 200}",4h,1,0.0,0.059182342607503546,-0.19570328273381865,-0.035509954747304895,-0.24580663716709195,0.005935249695720124,-0.24580663716709195,0.03877019635465383,0.015948926900384283,-0.023697894017463667,0.024506902945735362,438,0.589041095890411
RSI mean reversion,"{""n"": 7, ""lo"": 30, ""exit"": 70, ""tf"": 200}",4h,1,2.5,0.0950869997371806,-0.16335033090329842,-0.09802685269647449,-0.3381421724713328,-0.022517887882549936,-0.3381421724713328,0.04292550981574345,0.005630184960992561,-0.017917884793372092,0.019615931781524144,547,0.4936014625228519
RSI mean reversion,"{""n"": 7, ""lo"": 35, ""exit"": 50, ""tf"": 0}",1h,0,0.0,-0.3099764346797055,-0.6291714631592638,-0.33661540291870473,-0.73434034336686,-0.32391699867950563,-0.860150600791647,0.03959930702276456,0.020321626668509406,-0.10433195713463715,0.02755075680135509,12918,0.6389533983588791
RSI mean reversion,"{""n"": 7, ""lo"": 35, ""exit"": 50, ""tf"": 0}",1h,0,2.5,-0.45943136184363875,-0.7280602008102837,-0.5237509439701667,-0.8820207286581923,-0.49727433510565955,-0.9610063212249191,0.019745978225663374,-0.011952893446631242,-0.12771467495197267,-6.58165695207602e-05,18298,0.6068969286260794
RSI mean reversion,"{""n"": 7, ""lo"": 35, ""exit"": 50, ""tf"": 0}",1h,1,0.0,-0.029315988872012033,-0.29412038658759265,-0.13552493338583338,-0.426018213658646,-0.091725544013462,-0.426018213658646,0.03311832645664156,0.02010431279900365,-0.04527767602537382,0.02498456792061787,6697,0.6447663132746005
RSI mean reversion,"{""n"": 7, ""lo"": 35, ""exit"": 50, ""tf"": 0}",1h,1,2.5,-0.12692587753938323,-0.3563291474215883,-0.28646863628449026,-0.6333966772380519,-0.22400050607947308,-0.7131961783936702,0.018397528173419428,-0.006385056300167339,-0.047374520759938726,0.002908412877427699,9268,0.6151273198100993
RSI mean reversion,"{""n"": 7, ""lo"": 35, ""exit"": 50, ""tf"": 0}",4h,0,0.0,-0.30900240852378336,-0.5998792220381554,-0.1388439409895612,-0.5228252478672435,-0.20957361178491118,-0.7372141326439208,0.026720033762058202,0.04811727272591348,-0.08997955462844129,0.04009330811446775,3197,0.6380982170785111
RSI mean reversion,"{""n"": 7, ""lo"": 35, ""exit"": 50, ""tf"": 0}",4h,0,2.5,-0.403904444976098,-0.6841625900097208,-0.21811980613202708,-0.597830843562962,-0.296843612375307,-0.8366185485156012,0.021388973827767006,0.037498220549124245,-0.1051734189785419,0.03145725302861528,4576,0.6053321678321678
RSI mean reversion,"{""n"": 7, ""lo"": 35, ""exit"": 50, ""tf"": 0}",4h,1,0.0,-0.017907051460593792,-0.20771035733519772,-0.053806831461301274,-0.34707818456259043,-0.037340058456920566,-0.34707818456259043,0.026922702879555966,0.029020566582792513,-0.028353393824985876,0.028233867694078808,1692,0.6264775413711584
RSI mean reversion,"{""n"": 7, ""lo"": 35, ""exit"": 50, ""tf"": 0}",4h,1,2.5,-0.04244762269867841,-0.2297273639019698,-0.08338514631609328,-0.36842447967791836,-0.06500338758172253,-0.37542244359727495,0.025234687694173696,0.019389689976419426,-0.02807722054244058,0.02158156412057728,2249,0.6029346376167185
RSI mean reversion,"{""n"": 7, ""lo"": 35, ""exit"": 50, ""tf"": 200}",1h,0,0.0,0.08066749839490162,-0.1403290682082644,-0.072842389776687,-0.3109427679656903,-0.013893977379212608,-0.3109427679656903,0.036629905973139164,0.01655940417367606,-0.02111254114987994,0.02408584234847472,4842,0.6425030978934325
RSI mean reversion,"{""n"": 7, ""lo"": 35, ""exit"": 50, ""tf"": 200}",1h,0,2.5,-0.04660666285983672,-0.18771264365418294,-0.1433983083993876,-0.3709569227804751,-0.10556956259130479,-0.42369425206759825,0.01630487423485769,-0.0029884716459152322,-0.018170753760969514,0.004246533059374613,5532,0.6279826464208242
RSI mean reversion,"{""n"": 7, ""lo"": 35, ""exit"": 50, ""tf"": 200}",1h,1,0.0,0.06839544560661315,-0.1250802174095903,0.01175433397807013,-0.1953906623940801,0.03433111715259973,-0.1953906623940801,0.02707278323193147,0.016109799269209614,-0.01659554584555556,0.02022091825523031,3024,0.6567460317460317
RSI mean reversion,"{""n"": 7, ""lo"": 35, ""exit"": 50, ""tf"": 200}",1h,1,2.5,-0.03178548167985629,-0.18360137016196576,-0.07428103303106659,-0.23246940696916862,-0.057199252279664936,-0.2844482521498902,0.01173912109386335,-0.0014623929146111436,-0.013242634563635017,0.0034881748385667912,3494,0.6359473382942187
RSI mean reversion,"{""n"": 7, ""lo"": 35, ""exit"": 50, ""tf"": 200}",4h,0,0.0,-0.028834443817733035,-0.2851125708483132,0.009906220625125695,-0.19728985583550906,-0.004458574580117114,-0.2851125708483132,0.02712413999262611,0.02421163677730338,-0.02296325399428279,0.025303825483049405,1128,0.6480496453900709
RSI mean reversion,"{""n"": 7, ""lo"": 35, ""exit"": 50, ""tf"": 200}",4h,0,2.5,-0.035617529905218714,-0.21551583051953327,-0.07070472788243198,-0.31338187009938856,-0.05551547723495065,-0.3262185159350187,0.023936789798565963,0.015768245358484274,-0.01946523591363966,0.01883144952351491,1283,0.6266562743569758
RSI mean reversion,"{""n"": 7, ""lo"": 35, ""exit"": 50, ""tf"": 200}",4h,1,0.0,0.06633885889487368,-0.10610188659118791,0.06007140230203856,-0.12087092067149685,0.06395842689118925,-0.12087092067149685,0.028624400908626627,0.024687852186354674,-0.010637530496520109,0.026164057957206655,890,0.6584269662921348
RSI mean reversion,"{""n"": 7, ""lo"": 35, ""exit"": 50, ""tf"": 200}",4h,1,2.5,0.040105207059352166,-0.1049475330193056,-0.018911860197181607,-0.21016072542876862,0.005649761301862455,-0.21016072542876862,0.026121506115787316,0.017903299855235415,-0.011736648324545705,0.020985127202942377,1011,0.6429277942631059
RSI mean reversion,"{""n"": 7, ""lo"": 35, ""exit"": 60, ""tf"": 0}",1h,0,0.0,-0.25659176407786666,-0.6068032953550251,-0.34463963826236665,-0.7392568437786791,-0.3086124981455657,-0.8435511421144459,0.062168004412836174,0.03727654351036904,-0.12457232009266428,0.04661084134879421,9351,0.6339428938081488
RSI mean reversion,"{""n"": 7, ""lo"": 35, ""exit"": 60, ""tf"": 0}",1h,0,2.5,-0.41040265424862166,-0.7023787236354413,-0.5526373318242898,-0.8965988247217866,-0.49872604850327107,-0.9622140966805071,0.04548567673742913,-0.002192096592747372,-0.1468920994922529,0.015687068406068816,15578,0.5540505841571447
RSI mean reversion,"{""n"": 7, ""lo"": 35, ""exit"": 60, ""tf"": 0}",1h,1,0.0,-0.01021294980528864,-0.31421141792119545,-0.13296835335278812,-0.4239426601435985,-0.08312908165085597,-0.4239426601435985,0.042521386260019126,0.02790861900809726,-0.05038629825268942,0.03338840672756796,4912,0.6280537459283387
RSI mean reversion,"{""n"": 7, ""lo"": 35, ""exit"": 60, ""tf"": 0}",1h,1,2.5,-0.09845682030466252,-0.3589628763596485,-0.32034772383690113,-0.673949402090891,-0.23666366594248678,-0.7436494635491935,0.029773578528691322,-0.004579344991833101,-0.05314662865606516,0.008303001328363558,7891,0.558864529210493
RSI mean reversion,"{""n"": 7, ""lo"": 35, ""exit"": 60, ""tf"": 0}",4h,0,0.0,-0.3164641165166726,-0.615635113182777,-0.24925048816171935,-0.6960291786006372,-0.27337771961728674,-0.8233918313010523,0.0354571133054388,0.05707057459381822,-0.13062453314645583,0.048965526610675936,2286,0.6277340332458443
RSI mean reversion,"{""n"": 7, ""lo"": 35, ""exit"": 60, ""tf"": 0}",4h,0,2.5,-0.41506530336046776,-0.7022236962996837,-0.3000238511485577,-0.7262843432545558,-0.34535012439647395,-0.8838454861888391,0.028706695400982325,0.04752367867311935,-0.1434490394419376,0.04046730994606797,3815,0.5525557011795544
RSI mean reversion,"{""n"": 7, ""lo"": 35, ""exit"": 60, ""tf"": 0}",4h,1,0.0,-0.03112224387775564,-0.272201716424581,-0.10285756932686041,-0.4577794548494787,-0.07038509159142126,-0.4577794548494787,0.030534209723762862,0.03538399700894454,-0.04687358322702864,0.03356532677700141,1278,0.6001564945226917
RSI mean reversion,"{""n"": 7, ""lo"": 35, ""exit"": 60, ""tf"": 0}",4h,1,2.5,-0.050527269015746556,-0.28478283474580723,-0.12093415522763096,-0.4684411833243144,-0.08906044956939785,-0.4684411833243144,0.029038646788356992,0.027444437053348054,-0.046194439861745915,0.028042265703976405,1905,0.552755905511811
RSI mean reversion,"{""n"": 7, ""lo"": 35, ""exit"": 60, ""tf"": 200}",1h,0,0.0,0.10351681536118051,-0.1742500008158111,-0.1204381050056822,-0.40741611116160314,-0.036668797811030496,-0.40741611116160314,0.04438550997609636,0.02515263390290389,-0.028012565799730646,0.032364962430351064,3972,0.6362034239677744
RSI mean reversion,"{""n"": 7, ""lo"": 35, ""exit"": 60, ""tf"": 200}",1h,0,2.5,-0.011342185552031814,-0.14338305802755946,-0.18523194417481048,-0.45034619481035687,-0.11943913419376595,-0.4676957148798344,0.025662408021784495,-0.002503200832123394,-0.02301713602914434,0.008058902488092065,4803,0.5840099937539038
RSI mean reversion,"{""n"": 7, ""lo"": 35, ""exit"": 60, ""tf"": 200}",1h,1,0.0,0.12629523769102202,-0.10816260153331114,0.003205503763065387,-0.2424917434617706,0.05088063907168361,-0.2424917434617706,0.039034623772582204,0.022929993266893815,-0.022784884218569695,0.02896922970652696,2487,0.6413349416968235
RSI mean reversion,"{""n"": 7, ""lo"": 35, ""exit"": 60, ""tf"": 200}",1h,1,2.5,0.0041011023459796014,-0.14254452726615396,-0.08763753282050457,-0.25008375017190965,-0.05181621457275021,-0.2816828152444073,0.019469594628101987,-0.0017309875306158388,-0.015822823138878707,0.006219230778903346,3035,0.5894563426688633
RSI mean reversion,"{""n"": 7, ""lo"": 35, ""exit"": 60, ""tf"": 200}",4h,0,0.0,-0.05364028304374102,-0.3243617003101612,0.008654176120371337,-0.24461444974511515,-0.013630587789490778,-0.3243617003101612,0.03950525040110372,0.0303522280649451,-0.037852020903362815,0.03378461144100458,928,0.6497844827586207
RSI mean reversion,"{""n"": 7, ""lo"": 35, ""exit"": 60, ""tf"": 200}",4h,0,2.5,-0.03584130153368115,-0.2661516574872793,-0.07203660073400242,-0.36149914096419533,-0.05467393536708498,-0.36149914096419533,0.031178314545107295,0.019440616264473767,-0.028007352802981937,0.023842253119711342,1119,0.5951742627345844
RSI mean reversion,"{""n"": 7, ""lo"": 35, ""exit"": 60, ""tf"": 200}",4h,1,0.0,0.041262571422282956,-0.1772117827225148,0.06847219184723907,-0.16436356788707995,0.060822572932704766,-0.1772117827225148,0.03257877399098964,0.028501961174947136,-0.018749615704234716,0.030030765980963076,726,0.6460055096418733
RSI mean reversion,"{""n"": 7, ""lo"": 35, ""exit"": 60, ""tf"": 200}",4h,1,2.5,0.03476098193126198,-0.1596796327942801,-0.023269035488238332,-0.2654381248964355,0.0027517683560722705,-0.2654381248964355,0.031317782038120266,0.020170707855978142,-0.01889037340897358,0.024350860674281438,877,0.5997719498289624
RSI mean reversion,"{""n"": 7, ""lo"": 35, ""exit"": 70, ""tf"": 0}",1h,0,0.0,-0.20373894141872584,-0.6118320695294721,-0.28329491680671415,-0.7134048056293896,-0.2488502192875065,-0.7844140606433901,0.0862893143453142,0.0719778641614051,-0.13802289421837896,0.077344657980371,6247,0.6284616615975668
RSI mean reversion,"{""n"": 7, ""lo"": 35, ""exit"": 70, ""tf"": 0}",1h,0,2.5,-0.3386342810938546,-0.6806731697011676,-0.5225381136423233,-0.891352315882904,-0.4532761839005116,-0.9464067968433212,0.07389151119258758,0.02540153791903502,-0.15860438356810452,0.04358527789661723,12794,0.4710801938408629
RSI mean reversion,"{""n"": 7, ""lo"": 35, ""exit"": 70, ""tf"": 0}",1h,1,0.0,0.047418678244287804,-0.3382714504549864,-0.09606265774625122,-0.44042828686530155,-0.036669442381775164,-0.44042828686530155,0.05674092945166753,0.04672104477840587,-0.052109895488471066,0.050478501530878996,3404,0.6145710928319624
RSI mean reversion,"{""n"": 7, ""lo"": 35, ""exit"": 70, ""tf"": 0}",1h,1,2.5,-0.02118834639170475,-0.3547171978617857,-0.3069609342439694,-0.6977363819166403,-0.20040931239624848,-0.6987970476405014,0.048462537264210966,0.007925304819300916,-0.056312279386147426,0.023126766986142185,6566,0.4770027413950655
RSI mean reversion,"{""n"": 7, ""lo"": 35, ""exit"": 70, ""tf"": 0}",4h,0,0.0,-0.2583042886899938,-0.6278377196539096,-0.21593606813602462,-0.6761410003859387,-0.22641462304051274,-0.7695237628448737,0.06590077718337684,0.0773947277559185,-0.13989330889721274,0.07308449629121538,1584,0.6117424242424242
RSI mean reversion,"{""n"": 7, ""lo"": 35, ""exit"": 70, ""tf"": 0}",4h,0,2.5,-0.37696064547896635,-0.7159851328882156,-0.27525302722531575,-0.7221818392193242,-0.3117678666962017,-0.8604471119859537,0.05889437621970723,0.06581174652138208,-0.15370038090155633,0.06321773265825402,3162,0.48007590132827327
RSI mean reversion,"{""n"": 7, ""lo"": 35, ""exit"": 70, ""tf"": 0}",4h,1,0.0,0.020419673143814432,-0.2959808160877908,-0.0913280003833874,-0.47518572187448405,-0.03984264840098173,-0.47518572187448405,0.0490488299190756,0.04786216400656402,-0.050769627816592326,0.048307163723755854,958,0.5741127348643006
RSI mean reversion,"{""n"": 7, ""lo"": 35, ""exit"": 70, ""tf"": 0}",4h,1,2.5,-0.00506472051068152,-0.31003811665982206,-0.11279513513183104,-0.4898721187154712,-0.06303298566922733,-0.4898721187154712,0.047138646148366097,0.038266972936092575,-0.04968456335586209,0.041593850390695145,1621,0.4848858729179519
RSI mean reversion,"{""n"": 7, ""lo"": 35, ""exit"": 70, ""tf"": 200}",1h,0,0.0,0.00337004231463367,-0.35505786436213205,-0.12258622150372456,-0.48624014014683026,-0.07349993336289129,-0.48624014014683026,0.06069363231229338,0.04764655678839611,-0.05373605057507151,0.05253921010985759,3140,0.6210191082802548
RSI mean reversion,"{""n"": 7, ""lo"": 35, ""exit"": 70, ""tf"": 200}",1h,0,2.5,-0.02475590310699116,-0.1944784705597581,-0.20859232797979343,-0.5173869176524344,-0.13936967691926005,-0.5173869176524344,0.0332878269066498,0.003454177330641735,-0.035881021914619775,0.01464179592164476,4061,0.4929820241319872
RSI mean reversion,"{""n"": 7, ""lo"": 35, ""exit"": 70, ""tf"": 200}",1h,1,0.0,0.17045523739871782,-0.15854995365799296,0.04605794506150951,-0.2457745861714261,0.09487825876167544,-0.2457745861714261,0.059895431990214645,0.03809686031534214,-0.0268430160485459,0.046271324693419325,1981,0.6304896516910651
RSI mean reversion,"{""n"": 7, ""lo"": 35, ""exit"": 70, ""tf"": 200}",1h,1,2.5,0.014768177897293011,-0.18793645000956716,-0.06814939054050317,-0.2993705394163835,-0.03565938297974314,-0.2993705394163835,0.02869782956836622,0.0036289680102619794,-0.01883471701957734,0.013029791094551069,2574,0.5027195027195027
RSI mean reversion,"{""n"": 7, ""lo"": 35, ""exit"": 70, ""tf"": 200}",4h,0,0.0,-0.049874873858656854,-0.4146950494159424,-0.09291894710742055,-0.46999539049293015,-0.06907324646719548,-0.46999539049293015,0.05337638170872527,0.040515669431327075,-0.05701087686346457,0.04533843653535139,755,0.6158940397350994
RSI mean reversion,"{""n"": 7, ""lo"": 35, ""exit"": 70, ""tf"": 200}",4h,0,2.5,-0.01069417707496867,-0.3356911935599617,-0.11901004010880822,-0.43834307730802946,-0.07029644524527334,-0.43834307730802946,0.0425406676149889,0.02242867607887151,-0.031766399159901794,0.02997067290491553,957,0.5036572622779519
RSI mean reversion,"{""n"": 7, ""lo"": 35, ""exit"": 70, ""tf"": 200}",4h,1,0.0,0.06739224934227561,-0.22808265772454583,-0.015653178601929274,-0.33853842243288523,0.024274646681726075,-0.33853842243288523,0.04460972982954538,0.03554937606997469,-0.027572113796039188,0.0389470087298137,594,0.6127946127946128
RSI mean reversion,"{""n"": 7, ""lo"": 35, ""exit"": 70, ""tf"": 200}",4h,1,2.5,0.09928915929036974,-0.1833926228308097,-0.0696802654191172,-0.3477013218725291,0.0019474843164979383,-0.3477013218725291,0.04877202898843031,0.021846254217419408,-0.02136668101361141,0.0319434197565485,752,0.511968085106383
RSI mean reversion,"{""n"": 14, ""lo"": 20, ""exit"": 50, ""tf"": 0}",1h,0,0.0,0.09285166441278281,-0.0722274055933434,0.0005721346735139132,-0.16817939003307592,0.03653157443309207,-0.16817939003307592,0.013070904595198107,0.0009098422479602981,-0.0007008424602409705,0.005470240628174476,596,0.6124161073825504
RSI mean reversion,"{""n"": 14, ""lo"": 20, ""exit"": 50, ""tf"": 0}",1h,0,2.5,0.04702009577806643,-0.06209081712844611,0.02902978843684889,-0.17334125042742876,0.036175094950215314,-0.17334125042742876,0.011438182016661753,-0.0004627666132580292,-0.001567201776705135,0.004000089122961889,891,0.49270482603815935
RSI mean reversion,"{""n"": 14, ""lo"": 20, ""exit"": 50, ""tf"": 0}",1h,1,0.0,0.0001001548115553419,-0.06502151997388217,0.008049011397814665,-0.1317853069496332,0.004855202258824631,-0.1317853069496332,0.006397317628845285,0.0006125642183150075,-0.0045380692667175565,0.0027818467472638616,236,0.5677966101694916
RSI mean reversion,"{""n"": 14, ""lo"": 20, ""exit"": 50, ""tf"": 0}",1h,1,2.5,0.019282558534792438,-0.027069021898395662,0.0452441942937003,-0.06406208650354417,0.034747546474860336,-0.06406208650354417,0.005536395905436975,-0.0018340909758388128,0.004944553440393955,0.0009298416046396076,339,0.49557522123893805
RSI mean reversion,"{""n"": 14, ""lo"": 20, ""exit"": 50, ""tf"": 0}",4h,0,0.0,-0.0248024614366934,-0.22795435025566269,0.1718390122826272,-0.18970980225944423,0.08867339044187639,-0.22795435025566269,0.005889786617326161,0.009857516352881813,-0.00714237847704767,0.008369617702048443,187,0.6470588235294118
RSI mean reversion,"{""n"": 14, ""lo"": 20, ""exit"": 50, ""tf"": 0}",4h,0,2.5,0.018207731176420383,-0.13409052199379168,0.16866030347472427,-0.13666754629407762,0.10584127297256019,-0.13666754629407762,0.006314408245891097,0.009279636403905174,-0.0041130606023334765,0.008167675844649896,276,0.5760869565217391
RSI mean reversion,"{""n"": 14, ""lo"": 20, ""exit"": 50, ""tf"": 0}",4h,1,0.0,-0.01845658691780916,-0.04283115563069784,0.06837939939649185,-0.0986187319536761,0.0326975612932201,-0.0986187319536761,0.0005609074546117673,0.00020780854269836596,-0.0001824183064566276,0.0003402206346658915,62,0.6129032258064516
RSI mean reversion,"{""n"": 14, ""lo"": 20, ""exit"": 50, ""tf"": 0}",4h,1,2.5,-0.012209161490634335,-0.031169766076121652,0.05640262471598234,-0.09855357840473988,0.02835360918909946,-0.09855357840473988,0.00032446306857600613,0.00020780854269834373,-0.0014043844050418974,0.00025155398990246713,78,0.5384615384615384
RSI mean reversion,"{""n"": 14, ""lo"": 20, ""exit"": 50, ""tf"": 200}",1h,0,0.0,0.001541757966830648,0.0,-0.004309878577376636,-0.016572639851729076,-0.001969365359150599,-0.016572639851729076,0.0,-0.0009262238995891847,0.00030928590165465314,-0.0005788899372432404,8,0.5
RSI mean reversion,"{""n"": 14, ""lo"": 20, ""exit"": 50, ""tf"": 200}",1h,0,2.5,0.001541757966830648,0.0,-0.0016221857090363834,-0.006553053097586581,-0.00035608415637533586,-0.006553053097586581,0.0,-0.0004370137025034785,0.00030928590165467396,-0.0002731335640646741,8,0.5
RSI mean reversion,"{""n"": 14, ""lo"": 20, ""exit"": 50, ""tf"": 200}",1h,1,0.0,0.0,0.0,-0.004698007750933542,-0.01554370696815588,-0.002817531833832043,-0.01554370696815588,0.0,-0.0008565453104460552,0.0,-0.0005353408190287845,2,0.0
RSI mean reversion,"{""n"": 14, ""lo"": 20, ""exit"": 50, ""tf"": 200}",1h,1,2.5,0.0,0.0,-0.002265354793948293,-0.006208513880368027,-0.0013579352144388324,-0.006208513880368027,0.0,-0.0004139009253578685,0.0,-0.0002586880783486678,2,0.0
RSI mean reversion,"{""n"": 14, ""lo"": 20, ""exit"": 50, ""tf"": 200}",4h,0,0.0,0.0,0.0,0.0,0.0,0.0,0.0,0.0,0.0,0.0,0.0,0,0.0
RSI mean reversion,"{""n"": 14, ""lo"": 20, ""exit"": 50, ""tf"": 200}",4h,0,2.5,0.0,0.0,0.0,0.0,0.0,0.0,0.0,0.0,0.0,0.0,0,0.0
RSI mean reversion,"{""n"": 14, ""lo"": 20, ""exit"": 50, ""tf"": 200}",4h,1,0.0,0.0,0.0,0.0,0.0,0.0,0.0,0.0,0.0,0.0,0.0,0,0.0
RSI mean reversion,"{""n"": 14, ""lo"": 20, ""exit"": 50, ""tf"": 200}",4h,1,2.5,0.0,0.0,0.0,0.0,0.0,0.0,0.0,0.0,0.0,0.0,0,0.0
RSI mean reversion,"{""n"": 14, ""lo"": 20, ""exit"": 60, ""tf"": 0}",1h,0,0.0,0.015360419021492877,-0.12611487553804313,0.11131177707849416,-0.12384478340984151,0.07179787171642249,-0.12611487553804313,0.012729312597295657,0.008637227609325318,0.0008383891127976204,0.010171759479814196,560,0.6535714285714286
RSI mean reversion,"{""n"": 14, ""lo"": 20, ""exit"": 60, ""tf"": 0}",1h,0,2.5,0.025067511262220066,-0.0771016667644735,0.10941923063325887,-0.12933634885640533,0.07478910719990761,-0.12933634885640533,0.01141236301934249,0.005573366632195957,0.0066558310716614555,0.007762990277375907,890,0.4191011235955056
RSI mean reversion,"{""n"": 14, ""lo"": 20, ""exit"": 60, ""tf"": 0}",1h,1,0.0,-0.01881784300105327,-0.08516366666612862,0.04214732868879123,-0.12384478340984184,0.01727966364971123,-0.12384478340984184,0.0053289222041442465,0.003246438680232244,-0.0018662807128197317,0.004027370001699245,229,0.5676855895196506
RSI mean reversion,"{""n"": 14, ""lo"": 20, ""exit"": 60, ""tf"": 0}",1h,1,2.5,0.0049215666646844625,-0.04635766192563906,0.07175178789856562,-0.06757807459718579,0.0444429861402722,-0.06757807459718579,0.004905833398197612,2.2487805306292686e-05,0.008184719509346808,0.0018537424026405375,338,0.4467455621301775
RSI mean reversion,"{""n"": 14, ""lo"": 20, ""exit"": 60, ""tf"": 0}",4h,0,0.0,-0.024263965111004926,-0.22909544626865785,0.22199879429706204,-0.23522631768557023,0.1166062028178001,-0.23522631768557023,0.009975497037674122,0.01161327614930355,-0.005908241636479815,0.010999108982442515,181,0.6629834254143646
RSI mean reversion,"{""n"": 14, ""lo"": 20, ""exit"": 60, ""tf"": 0}",4h,0,2.5,-0.016552885103143233,-0.2103348405789931,0.19706262415805553,-0.18448825899353227,0.10637782841807142,-0.2103348405789931,0.010221872567776612,0.011544493294346576,-0.006321062167451534,0.01104851052188284,276,0.5036231884057971
RSI mean reversion,"{""n"": 14, ""lo"": 20, ""exit"": 60, ""tf"": 0}",4h,1,0.0,-0.015718636971163158,-0.04279819742757862,0.08545278922669697,-0.10323293799637867,0.0437172033054023,-0.10323293799637867,0.0005609074546117673,0.0018112080668424588,0.0024575781108064354,0.0013423453372559495,62,0.6774193548387096
RSI mean reversion,"{""n"": 14, ""lo"": 20, ""exit"": 60, ""tf"": 0}",4h,1,2.5,-0.009453784767050055,-0.03113640633627468,0.06163038720032188,-0.10313533090927429,0.03255024472516532,-0.10313533090927429,0.0003244630685759938,0.0018111700518112321,-1.5820454436106524e-05,0.0012536549330980178,78,0.5256410256410257
RSI mean reversion,"{""n"": 14, ""lo"": 20, ""exit"": 60, ""tf"": 200}",1h,0,0.0,0.0023826534278554856,0.0,-0.00011918329198146171,-0.015543706968155768,0.0008814701296109284,-0.015543706968155768,0.0,-0.0003042327591033252,0.0005427694650776693,-0.00019014547443957827,8,0.625
RSI mean reversion,"{""n"": 14, ""lo"": 20, ""exit"": 60, ""tf"": 200}",1h,0,2.5,0.0023826534278554856,0.0,5.396263311774341e-05,-0.006208513880368027,0.000985313098369467,-0.006208513880368027,0.0,-0.0002753583123601929,0.0005427694650776693,-0.00017209894522512056,8,0.5
RSI mean reversion,"{""n"": 14, ""lo"": 20, ""exit"": 60, ""tf"": 200}",1h,1,0.0,0.0,0.0,-0.003625135662654877,-0.01554370696815588,-0.002173630388054071,-0.01554370696815588,0.0,-0.0006615585635683245,0.0,-0.0004134741022302028,2,0.0
RSI mean reversion,"{""n"": 14, ""lo"": 20, ""exit"": 60, ""tf"": 200}",1h,1,2.5,0.0,0.0,-0.002265354793948293,-0.006208513880368027,-0.0013579352144388324,-0.006208513880368027,0.0,-0.0004139009253578685,0.0,-0.0002586880783486678,2,0.0
RSI mean reversion,"{""n"": 14, ""lo"": 20, ""exit"": 60, ""tf"": 200}",4h,0,0.0,0.0,0.0,0.0,0.0,0.0,0.0,0.0,0.0,0.0,0.0,0,0.0
RSI mean reversion,"{""n"": 14, ""lo"": 20, ""exit"": 60, ""tf"": 200}",4h,0,2.5,0.0,0.0,0.0,0.0,0.0,0.0,0.0,0.0,0.0,0.0,0,0.0
RSI mean reversion,"{""n"": 14, ""lo"": 20, ""exit"": 60, ""tf"": 200}",4h,1,0.0,0.0,0.0,0.0,0.0,0.0,0.0,0.0,0.0,0.0,0.0,0,0.0
RSI mean reversion,"{""n"": 14, ""lo"": 20, ""exit"": 60, ""tf"": 200}",4h,1,2.5,0.0,0.0,0.0,0.0,0.0,0.0,0.0,0.0,0.0,0.0,0,0.0
RSI mean reversion,"{""n"": 14, ""lo"": 20, ""exit"": 70, ""tf"": 0}",1h,0,0.0,-0.08948879741489812,-0.24306196948606817,0.06528951375099501,-0.35216191805054753,0.00037310718327510095,-0.35216191805054753,0.005566610086245778,0.017554690682871046,-0.033368126065173524,0.013059160459136571,475,0.6063157894736843
RSI mean reversion,"{""n"": 14, ""lo"": 20, ""exit"": 70, ""tf"": 0}",1h,0,2.5,-0.012436986853697762,-0.11048889584292632,0.054176801694742815,-0.29143099061459543,0.02696002232481498,-0.29143099061459543,0.010914002597535721,0.010906903526006161,-0.011664772779129015,0.010909565677829747,880,0.31022727272727274
RSI mean reversion,"{""n"": 14, ""lo"": 20, ""exit"": 70, ""tf"": 0}",1h,1,0.0,-0.09492192026709934,-0.19928442535923196,0.008697756862813488,-0.1460100490398909,-0.034132492164215544,-0.21357968853977571,-0.0019120198483893397,0.0073003770035653314,-0.017265357944741752,0.00384572818408233,202,0.47029702970297027
RSI mean reversion,"{""n"": 14, ""lo"": 20, ""exit"": 70, ""tf"": 0}",1h,1,2.5,-0.01710736648415212,-0.07171741617917637,0.04259268129998661,-0.09909582595115307,0.01824970967072681,-0.09909582595115307,0.003912973188272328,0.0029051720748188847,-0.0014156320922883298,0.003283097492363926,338,0.3520710059171598
RSI mean reversion,"{""n"": 14, ""lo"": 20, ""exit"": 70, ""tf"": 0}",4h,0,0.0,-0.08883871212939531,-0.4131513703923613,0.15685785930888563,-0.38321925799870626,0.051340821971659345,-0.4131513703923613,0.026525299147006878,0.024758357695621337,-0.040881133791972855,0.025420960739890915,158,0.620253164556962
RSI mean reversion,"{""n"": 14, ""lo"": 20, ""exit"": 70, ""tf"": 0}",4h,0,2.5,-0.09582635648155502,-0.342969824194972,0.15309519988197207,-0.30938262757132884,0.04606252347412032,-0.342969824194972,0.01710130540571786,0.020699709792181786,-0.03424734501108917,0.019350308147257814,270,0.4148148148148148
RSI mean reversion,"{""n"": 14, ""lo"": 20, ""exit"": 70, ""tf"": 0}",4h,1,0.0,-0.018202730946837997,-0.04755600742358945,0.09424257223391441,-0.10323293799637823,0.047712859432009314,-0.10323293799637823,0.0005609074546117673,0.0075428935344085644,-0.001645121131775805,0.004924648754484766,61,0.6229508196721312
RSI mean reversion,"{""n"": 14, ""lo"": 20, ""exit"": 70, ""tf"": 0}",4h,1,2.5,-0.01260191376482378,-0.0371120591231725,0.08487072534734441,-0.1031353309092744,0.04470290695083157,-0.1031353309092744,0.00032446306857600613,0.006260536404616346,-0.0016158552918339245,0.004034508903601218,78,0.5
RSI mean reversion,"{""n"": 14, ""lo"": 20, ""exit"": 70, ""tf"": 200}",1h,0,0.0,0.0009103742810379067,-0.0034820612475136015,0.0051139015304799695,-0.01597977416557117,0.003426313937151093,-0.01597977416557117,0.0,0.0007447834325413849,0.00039404186975890154,0.00046548964533836557,8,0.75
RSI mean reversion,"{""n"": 14, ""lo"": 20, ""exit"": 70, ""tf"": 200}",1h,0,2.5,0.0009103742810379067,-0.0034820612475136015,-9.4430167467352e-05,-0.007206281700658623,0.0003076670120145675,-0.007206281700658623,0.0,0.00013672025355758363,6.775132841743692e-05,8.545015847348976e-05,8,0.375
RSI mean reversion,"{""n"": 14, ""lo"": 20, ""exit"": 70, ""tf"": 200}",1h,1,0.0,0.0,0.0,-0.001542637279828174,-0.01597977416557106,-0.0009245782009904557,-0.01597977416557106,0.0,-0.00028203188277948024,-6.938893903907228e-18,-0.00017626992673717515,2,0.0
RSI mean reversion,"{""n"": 14, ""lo"": 20, ""exit"": 70, ""tf"": 200}",1h,1,2.5,0.0,0.0,-0.002265354793948293,-0.006208513880368027,-0.0013579352144388324,-0.006208513880368027,0.0,-0.0004139009253578685,0.0,-0.0002586880783486678,2,0.0
RSI mean reversion,"{""n"": 14, ""lo"": 20, ""exit"": 70, ""tf"": 200}",4h,0,0.0,0.0,0.0,0.0,0.0,0.0,0.0,0.0,0.0,0.0,0.0,0,0.0
RSI mean reversion,"{""n"": 14, ""lo"": 20, ""exit"": 70, ""tf"": 200}",4h,0,2.5,0.0,0.0,0.0,0.0,0.0,0.0,0.0,0.0,0.0,0.0,0,0.0
RSI mean reversion,"{""n"": 14, ""lo"": 20, ""exit"": 70, ""tf"": 200}",4h,1,0.0,0.0,0.0,0.0,0.0,0.0,0.0,0.0,0.0,0.0,0.0,0,0.0
RSI mean reversion,"{""n"": 14, ""lo"": 20, ""exit"": 70, ""tf"": 200}",4h,1,2.5,0.0,0.0,0.0,0.0,0.0,0.0,0.0,0.0,0.0,0.0,0,0.0
RSI mean reversion,"{""n"": 14, ""lo"": 25, ""exit"": 50, ""tf"": 0}",1h,0,0.0,0.04026326052998175,-0.17165319897380948,-0.1171319387465325,-0.42321299701120696,-0.0571466844117392,-0.42321299701120696,0.014033434992307125,0.005448699173315659,-0.02506241367574466,0.008667975105437459,1445,0.6173010380622838
RSI mean reversion,"{""n"": 14, ""lo"": 25, ""exit"": 50, ""tf"": 0}",1h,0,2.5,0.00710184208431941,-0.21239430215662325,-0.12427768775599235,-0.4315571003391241,-0.07381415421876902,-0.4315571003391241,0.013503074034258778,-0.0012489066350362807,-0.02833705358081006,0.004283086115949367,2429,0.49444215726636476
RSI mean reversion,"{""n"": 14, ""lo"": 25, ""exit"": 50, ""tf"": 0}",1h,1,0.0,-0.011417979003644274,-0.09697462401588108,-0.016155074803299585,-0.21648156928351725,-0.014252244451487428,-0.21648156928351725,0.012515438993283397,0.006264969731831142,-0.014052524181680778,0.008608895704875738,675,0.6222222222222222
RSI mean reversion,"{""n"": 14, ""lo"": 25, ""exit"": 50, ""tf"": 0}",1h,1,2.5,0.010526700110089493,-0.06197964082117824,0.003310956358501871,-0.1676405455400387,0.006190786342600951,-0.1676405455400387,0.012496806583678244,-0.00030477022300767764,-0.005713519896632192,0.004495821079499543,1024,0.5224609375
RSI mean reversion,"{""n"": 14, ""lo"": 25, ""exit"": 50, ""tf"": 0}",4h,0,0.0,-0.1497216433077918,-0.28790318191897746,0.1678677936186339,-0.24053821803525788,0.028460141512345327,-0.28790318191897746,0.00016802609654728882,0.014320246313828718,-0.03273868953996309,0.009013163732348181,400,0.615
RSI mean reversion,"{""n"": 14, ""lo"": 25, ""exit"": 50, ""tf"": 0}",4h,0,2.5,-0.20639419184601515,-0.3802232138805881,0.11898320476159707,-0.270154516689337,-0.0248503830915493,-0.39357575519383436,-0.0027729208236769226,0.010562594585109952,-0.039515301952968915,0.005561776306814874,684,0.5087719298245614
RSI mean reversion,"{""n"": 14, ""lo"": 25, ""exit"": 50, ""tf"": 0}",4h,1,0.0,-0.07322641124678109,-0.13872579735594315,0.1236184246651193,-0.10808951425104407,0.040184901281110186,-0.15558475851370268,-0.0036053928294231324,0.004907132760335875,-0.008246086959178736,0.001714935664176247,171,0.6081871345029239
RSI mean reversion,"{""n"": 14, ""lo"": 25, ""exit"": 50, ""tf"": 0}",4h,1,2.5,-0.05382262889668954,-0.1053592475990539,0.09669018990919231,-0.1107757163632348,0.03371337062505564,-0.15590884069518873,-0.003235569411437236,0.0034642434552171124,-0.0065675239507698435,0.0009518136302217317,238,0.5378151260504201
RSI mean reversion,"{""n"": 14, ""lo"": 25, ""exit"": 50, ""tf"": 200}",1h,0,0.0,0.011732193264630819,-0.015686323359265675,-0.0200781683277943,-0.07674218179074355,-0.007456236185408027,-0.07674218179074355,0.0005625482978944582,-0.0021798728818549274,0.0007880048139886284,-0.0011514649394489078,71,0.6056338028169014
RSI mean reversion,"{""n"": 14, ""lo"": 25, ""exit"": 50, ""tf"": 200}",1h,0,2.5,0.01201042850606382,-0.01026603639184065,-0.010740856762132212,-0.046405493163299005,-0.0016905087487311121,-0.046405493163299005,0.0009491084902808601,-0.001428629089011957,0.0009120636126749085,-0.0005369774967771505,73,0.547945205479452
RSI mean reversion,"{""n"": 14, ""lo"": 25, ""exit"": 50, ""tf"": 200}",1h,1,0.0,0.011770359898014116,-0.004848058191840199,-0.010833464328409703,-0.05078000651401959,-0.0018412899249375947,-0.05078000651401959,0.0015094273749105052,-0.0018193793292376878,0.0004929532497571429,-0.0005710768151821153,45,0.6666666666666666
RSI mean reversion,"{""n"": 14, ""lo"": 25, ""exit"": 50, ""tf"": 200}",1h,1,2.5,0.009731185532393827,-0.005449582212548543,-0.004048529732522788,-0.024075533291619267,0.0014463603904408817,-0.024466555803611456,0.0013481754589684937,-0.0007185607598234389,0.0004501420652801985,5.6465322223535806e-05,45,0.6222222222222222
RSI mean reversion,"{""n"": 14, ""lo"": 25, ""exit"": 50, ""tf"": 200}",4h,0,0.0,-0.0057883756561627475,-0.0445053304631946,0.009883338433124722,-0.023154599469200732,0.003575578298974591,-0.0445053304631946,0.0,0.0007965410930546923,-0.001689440888060549,0.0004978381831591827,24,0.5833333333333334
RSI mean reversion,"{""n"": 14, ""lo"": 25, ""exit"": 50, ""tf"": 200}",4h,0,2.5,-0.010584033634237655,-0.05294270187334327,0.00906554281134464,-0.015327469153651685,0.0011492110928246202,-0.05294270187334327,0.0,0.0005162251702882499,-0.0021179794617898554,0.0003226407314301562,24,0.5416666666666666
RSI mean reversion,"{""n"": 14, ""lo"": 25, ""exit"": 50, ""tf"": 200}",4h,1,0.0,-0.013981007500018183,-0.03936460556337007,0.0144215922028601,-0.01822294748012343,0.0029482875741204673,-0.03936460556337007,0.0,0.0011622376984930108,-0.0022010283748371134,0.0007263985615581318,20,0.65
RSI mean reversion,"{""n"": 14, ""lo"": 25, ""exit"": 50, ""tf"": 200}",4h,1,2.5,-0.007553735342665457,-0.027416322562198503,0.013608453431257717,-0.012655073900596725,0.0050767775803570725,-0.027416322562198503,4.9343245538895844e-17,0.001162237698493048,-0.001613361183136361,0.0007263985615581734,20,0.65
RSI mean reversion,"{""n"": 14, ""lo"": 25, ""exit"": 60, ""tf"": 0}",1h,0,0.0,-0.1003204432092597,-0.40519567920471744,-0.0506097862571262,-0.3877916252081882,-0.07079853876455655,-0.4507588017710398,0.019545175853053945,0.01952397764962599,-0.047542676472967615,0.01953192697591147,1252,0.6150159744408946
RSI mean reversion,"{""n"": 14, ""lo"": 25, ""exit"": 60, ""tf"": 0}",1h,0,2.5,-0.04854700639436216,-0.3186803853454283,-0.07548836204319631,-0.4014209987490861,-0.06475432581751184,-0.4014209987490861,0.013679157178626456,0.008168481054035137,-0.035057270703854934,0.010234984600756883,2411,0.40232268768145996
RSI mean reversion,"{""n"": 14, ""lo"": 25, ""exit"": 60, ""tf"": 0}",1h,1,0.0,-0.003573791525770975,-0.12221130880987996,0.0464853819347244,-0.139819835808475,0.026126921073786225,-0.139819835808475,0.016738492854178548,0.012337228159717361,-0.013972941784235901,0.013987702420140307,625,0.608
RSI mean reversion,"{""n"": 14, ""lo"": 25, ""exit"": 60, ""tf"": 0}",1h,1,2.5,0.015654564511156988,-0.07456833705414134,0.05752277656919569,-0.14304612070135037,0.04052745949861847,-0.14304612070135037,0.0166700727250259,0.0031872240801491462,-0.004864199636886127,0.00824329232197793,1014,0.45660749506903353
RSI mean reversion,"{""n"": 14, ""lo"": 25, ""exit"": 60, ""tf"": 0}",4h,0,0.0,-0.15390114986574577,-0.3262209362490647,0.19933631725949974,-0.29337124981286034,0.04291681640743539,-0.3262209362490647,0.008388403511535667,0.021080392602130467,-0.04100366368246344,0.01632089669315742,360,0.6222222222222222
RSI mean reversion,"{""n"": 14, ""lo"": 25, ""exit"": 60, ""tf"": 0}",4h,0,2.5,-0.224650461652949,-0.42470031125752095,0.14077725365241034,-0.3066426841404911,-0.022660880902512393,-0.42470031125752095,0.0051667451972598295,0.015884048069448223,-0.04668301393523272,0.011865059492377575,677,0.4342688330871492
RSI mean reversion,"{""n"": 14, ""lo"": 25, ""exit"": 60, ""tf"": 0}",4h,1,0.0,-0.074126746988734,-0.14025999320788862,0.1259730393468641,-0.11286281302311973,0.04108532310679114,-0.14876023330812616,-0.003605392829423145,0.011878348059878138,-0.007814462528615874,0.006071945226390156,162,0.5925925925925926
RSI mean reversion,"{""n"": 14, ""lo"": 25, ""exit"": 60, ""tf"": 0}",4h,1,2.5,-0.057741938996251685,-0.11214532819621148,0.09025221906991798,-0.11082555872475675,0.028363314911386883,-0.12543554368511733,-0.0032355694114372855,0.008512204737123226,-0.007178321673864715,0.004106789431413034,236,0.4576271186440678
RSI mean reversion,"{""n"": 14, ""lo"": 25, ""exit"": 60, ""tf"": 200}",1h,0,0.0,0.014993190638490583,-0.04557300907293382,-0.008795447090008013,-0.07018884997443553,0.0006633125431456666,-0.07018884997443553,0.002219564235563366,-0.00027796587609483966,0.0004383750250644136,0.0006586079157769875,71,0.6619718309859155
RSI mean reversion,"{""n"": 14, ""lo"": 25, ""exit"": 60, ""tf"": 200}",1h,0,2.5,0.01709146623802793,-0.011919052663858398,-0.006455644534398619,-0.05063056769479746,0.0029065585726149035,-0.05063056769479746,0.0020861621460029037,-0.000644129985352615,0.0012174481842454413,0.0003797295639057045,73,0.4657534246575342
RSI mean reversion,"{""n"": 14, ""lo"": 25, ""exit"": 60, ""tf"": 200}",1h,1,0.0,0.019412794310556203,-0.004817704797020705,-0.005827910716022622,-0.053977722761447744,0.004202018606800584,-0.053977722761447744,0.0027520530486757743,-0.0010237972016852541,0.0004998378778955162,0.0003921466422001317,45,0.6444444444444445
RSI mean reversion,"{""n"": 14, ""lo"": 25, ""exit"": 60, ""tf"": 200}",1h,1,2.5,0.01579273918218238,-0.005401786268622977,-0.0007101020587290119,-0.025849586186333706,0.005862978634002758,-0.025849586186333706,0.002617554189636976,-0.00017004372069281035,0.00045257508664908047,0.0008753054956808596,45,0.5333333333333333
RSI mean reversion,"{""n"": 14, ""lo"": 25, ""exit"": 60, ""tf"": 200}",4h,0,0.0,-0.01990652041876262,-0.05506388101092574,0.0003907363183488499,-0.05099822218113881,-0.007783217821283772,-0.07015778857534882,1.2335811384723961e-17,0.0023187622295400166,-0.0037485517644860952,0.001449226393462515,23,0.391304347826087
RSI mean reversion,"{""n"": 14, ""lo"": 25, ""exit"": 60, ""tf"": 200}",4h,0,2.5,-0.025098521081946656,-0.062328384926158775,-0.008847386477944807,-0.04884866830535606,-0.015378760280485904,-0.08213792254740948,1.2335811384723961e-17,0.001000880711410105,-0.004472133892747102,0.0006255504446313204,23,0.2608695652173913
RSI mean reversion,"{""n"": 14, ""lo"": 25, ""exit"": 60, ""tf"": 200}",4h,1,0.0,-0.023773356940406387,-0.05524292954342713,-0.003864280877236448,-0.05099822218113892,-0.011878657420329786,-0.08222706562120508,1.2335811384723961e-17,0.002607804897669815,-0.004362401949448667,0.001629878061043639,19,0.3684210526315789
RSI mean reversion,"{""n"": 14, ""lo"": 25, ""exit"": 60, ""tf"": 200}",4h,1,2.5,-0.01832285125305355,-0.04137946124222058,-0.005048504692511058,-0.04884866830535617,-0.010379832185689608,-0.07296587182056824,-1.2335811384723961e-17,0.0015244764202549204,-0.0035226910125336353,0.0009527977626593206,19,0.3684210526315789
RSI mean reversion,"{""n"": 14, ""lo"": 25, ""exit"": 70, ""tf"": 0}",1h,0,0.0,-0.18820363652821914,-0.42736997348457384,-0.08864130095621237,-0.5082459164250118,-0.12802089921889892,-0.5866338127037795,0.027877068021216048,0.03568728756635266,-0.09144575317739517,0.03275845523692643,950,0.58
RSI mean reversion,"{""n"": 14, ""lo"": 25, ""exit"": 70, ""tf"": 0}",1h,0,2.5,-0.11440000090749491,-0.3180305791949082,-0.1395676512526417,-0.5344710868961502,-0.1295034163592913,-0.5428575114683076,0.02077150447741427,0.020490480523651877,-0.06858821578315633,0.020595864506312775,2296,0.29006968641114983
RSI mean reversion,"{""n"": 14, ""lo"": 25, ""exit"": 70, ""tf"": 0}",1h,1,0.0,-0.0823447380923612,-0.24029593410821404,-0.0035337874540830594,-0.2791149405915522,-0.033852815375195466,-0.2791149405915522,0.01583990616462104,0.01994761509852312,-0.03157716567103175,0.01840722424830984,508,0.531496062992126
RSI mean reversion,"{""n"": 14, ""lo"": 25, ""exit"": 70, ""tf"": 0}",1h,1,2.5,-0.022666389244228036,-0.13907850447105996,-0.003677085790291912,-0.21434471149412881,-0.011319055533753564,-0.21434471149412881,0.02170583952453585,0.00993792328237521,-0.020420215240572512,0.01435089187318545,986,0.3438133874239351
RSI mean reversion,"{""n"": 14, ""lo"": 25, ""exit"": 70, ""tf"": 0}",4h,0,0.0,-0.27445845849620754,-0.5191622144853465,-0.001377869640788676,-0.4624252089299503,-0.12123483799212864,-0.5191622144853465,0.027528428289109546,0.036612604512259825,-0.09384350614530526,0.03320603842857847,262,0.5763358778625954
RSI mean reversion,"{""n"": 14, ""lo"": 25, ""exit"": 70, ""tf"": 0}",4h,0,2.5,-0.32902689697886,-0.5593381458079163,0.026600520494657998,-0.4262716006149708,-0.13409152821232784,-0.5593381458079163,0.02032734557798537,0.029528897122731095,-0.08632360849138981,0.02607831529345145,634,0.3186119873817035
RSI mean reversion,"{""n"": 14, ""lo"": 25, ""exit"": 70, ""tf"": 0}",4h,1,0.0,-0.11532310283398728,-0.20912542688272595,0.04918573405771176,-0.19214081187287302,-0.02006979250492147,-0.2879247830132,-0.003605392829423157,0.017612493440638022,-0.02287899685633535,0.009655786089365079,140,0.4642857142857143
RSI mean reversion,"{""n"": 14, ""lo"": 25, ""exit"": 70, ""tf"": 0}",4h,1,2.5,-0.0918815195062892,-0.17026013139738816,0.05270692174790037,-0.17079290565252847,-0.0077689013310302535,-0.23648183047554017,-0.0032355694114372608,0.014271769208910164,-0.01729080908223117,0.00770651722627988,229,0.3537117903930131
RSI mean reversion,"{""n"": 14, ""lo"": 25, ""exit"": 70, ""tf"": 200}",1h,0,0.0,0.03168384863158247,-0.03856867110280593,0.0046234929131780955,-0.0554509277046219,0.015988305278543447,-0.0554509277046219,0.006202027920535924,0.001877641143815323,-0.00035082057709798914,0.0034992861850855483,69,0.6521739130434783
RSI mean reversion,"{""n"": 14, ""lo"": 25, ""exit"": 70, ""tf"": 200}",1h,0,2.5,0.024794974668540526,-0.01937022571562408,-0.009544922993979243,-0.05741530519028537,0.004064678417530221,-0.061843676385656354,0.004412345604709859,2.7896239345877778e-05,0.0006864168051922553,0.0016720647513573707,72,0.3333333333333333
RSI mean reversion,"{""n"": 14, ""lo"": 25, ""exit"": 70, ""tf"": 200}",1h,1,0.0,0.02762989799534532,-0.01592500201772573,-0.002075369755739742,-0.05283215594116897,0.010330392215871287,-0.05283215594116897,0.004755331416812725,0.00022998224222450236,-0.0001406220707836428,0.0019269881826950858,43,0.4883720930232558
RSI mean reversion,"{""n"": 14, ""lo"": 25, ""exit"": 70, ""tf"": 200}",1h,1,2.5,0.020018249889643736,-0.01843761688563217,-0.0045218464485997645,-0.03307004476555431,0.005231108212280677,-0.044881154069895124,0.004539084691089151,0.00011226024408321027,-2.610660260998071e-05,0.001772319411710438,44,0.3409090909090909
RSI mean reversion,"{""n"": 14, ""lo"": 25, ""exit"": 70, ""tf"": 200}",4h,0,0.0,-0.09953735759291715,-0.18953192030281818,0.0004883212712956109,-0.07397722914086591,-0.04081487225494984,-0.22384625876996667,0.0009328147716546578,0.005071626588187206,-0.015984490594063913,0.0035195721569875,23,0.43478260869565216
RSI mean reversion,"{""n"": 14, ""lo"": 25, ""exit"": 70, ""tf"": 200}",4h,0,2.5,-0.024215458850026517,-0.062328384926158775,-0.012141138814502184,-0.0701806053507612,-0.01698440839555282,-0.09137117542615192,-2.4671622769447922e-17,0.0013641350762782463,-0.0037940905579261427,0.0008525844226738947,23,0.21739130434782608
RSI mean reversion,"{""n"": 14, ""lo"": 25, ""exit"": 70, ""tf"": 200}",4h,1,0.0,-0.035448476931716044,-0.07183271605809904,0.004600921973215044,-0.06685715948551996,-0.011626931242771588,-0.10940087142857036,0.0,0.005223655381421718,-0.005140544194794677,0.0032647846133885736,19,0.3684210526315789
RSI mean reversion,"{""n"": 14, ""lo"": 25, ""exit"": 70, ""tf"": 200}",4h,1,2.5,-0.017433651643919634,-0.039786057028805,-0.009092945884792036,-0.07018060535076143,-0.012434296735485795,-0.0841658303786772,2.4671622769447922e-17,0.0017507169102277602,-0.002844647677712746,0.0010941980688923593,19,0.3157894736842105
RSI mean reversion,"{""n"": 14, ""lo"": 30, ""exit"": 50, ""tf"": 0}",1h,0,0.0,-0.09033636805998835,-0.3445751562862357,-0.16240908261900422,-0.5644076925151778,-0.1341027465749589,-0.5887592851233269,0.02353079806055711,0.024045340930873373,-0.05892968762516065,0.023852387354504775,2816,0.640625
RSI mean reversion,"{""n"": 14, ""lo"": 30, ""exit"": 50, ""tf"": 0}",1h,0,2.5,-0.1762172456929305,-0.4307691343537601,-0.2945292181170356,-0.7076892612201007,-0.24913923779458935,-0.7765135944958966,0.02193493504810125,0.0066545309656054355,-0.07134651378441689,0.012384682496541366,4944,0.5072815533980582
RSI mean reversion,"{""n"": 14, ""lo"": 30, ""exit"": 50, ""tf"": 0}",1h,1,0.0,0.015813954908568073,-0.12592511430427145,-0.0515709204723801,-0.34923626837775834,-0.02503336132385714,-0.34923626837775834,0.023736379690548773,0.020237880389186405,-0.02591225764403169,0.021549817627197293,1404,0.6495726495726496
RSI mean reversion,"{""n"": 14, ""lo"": 30, ""exit"": 50, ""tf"": 0}",1h,1,2.5,-0.005387676087933446,-0.13901863565160455,-0.13316011523411664,-0.46172469367548996,-0.08395561429101595,-0.46172469367548996,0.022260353649043045,0.004431793568781443,-0.023656802198233774,0.011117503598879544,2248,0.527135231316726
RSI mean reversion,"{""n"": 14, ""lo"": 30, ""exit"": 50, ""tf"": 0}",4h,0,0.0,-0.17693579434865125,-0.4110923430693214,0.03608755738199543,-0.3025170370919261,-0.055116473130628396,-0.44151101491346034,0.01643956091809098,0.023225562863102133,-0.06723242380454991,0.020680812133722953,743,0.6285329744279946
RSI mean reversion,"{""n"": 14, ""lo"": 30, ""exit"": 50, ""tf"": 0}",4h,0,2.5,-0.23397009835109261,-0.48394902401562756,-0.015653924434397504,-0.3551073123598132,-0.10964121372220847,-0.5234031617766486,0.012178007747283344,0.02076058090700126,-0.07856859667900107,0.01754211597210704,1301,0.5219062259800153
RSI mean reversion,"{""n"": 14, ""lo"": 30, ""exit"": 50, ""tf"": 0}",4h,1,0.0,-0.07884863661670938,-0.2053773703697931,0.052282637268313614,-0.12988737115954319,-0.002334832312016255,-0.2053773703697931,-0.001728541796408689,0.009361023729201253,-0.01899218466579866,0.005202436657097524,340,0.5911764705882353
RSI mean reversion,"{""n"": 14, ""lo"": 30, ""exit"": 50, ""tf"": 0}",4h,1,2.5,-0.06140079852315472,-0.17755008298625674,0.03878158473764093,-0.1435507156071859,-0.0025612830274884812,-0.2214606949948731,-0.00015633537413194275,0.007778359806808921,-0.019302010364674577,0.004802849113956097,510,0.5274509803921569
RSI mean reversion,"{""n"": 14, ""lo"": 30, ""exit"": 50, ""tf"": 200}",1h,0,0.0,0.012953090968535808,-0.05768796257672115,-0.009969571634922847,-0.11152337578545546,-0.0008519755196341183,-0.11152337578545546,0.0035638896581422497,0.003931838864507483,0.00023293636222681408,0.0037938579121205205,356,0.6292134831460674
RSI mean reversion,"{""n"": 14, ""lo"": 30, ""exit"": 50, ""tf"": 200}",1h,0,2.5,0.0023607311191320424,-0.02779217743176088,-0.016941877531259752,-0.10547611019145331,-0.009251129065212083,-0.10547611019145331,0.004506720380160127,0.0013647740336224733,-0.001803220515361463,0.0025430039135740934,376,0.5478723404255319
RSI mean reversion,"{""n"": 14, ""lo"": 30, ""exit"": 50, ""tf"": 200}",1h,1,0.0,0.018211590345997175,-0.022201445343651094,0.016903561820079016,-0.06135931659272609,0.017416696217375183,-0.06135931659272609,0.005508016938297524,0.004014752225487972,-0.0006515748828785292,0.004574726492791554,229,0.6899563318777293
RSI mean reversion,"{""n"": 14, ""lo"": 30, ""exit"": 50, ""tf"": 200}",1h,1,2.5,-0.008304997725167018,-0.04115254745500285,0.009832886166453614,-0.04789215462325458,0.002528058346362494,-0.04789215462325458,0.003998925451779477,0.0022351477620200584,-0.00212139532686844,0.0028965643956798404,238,0.592436974789916
RSI mean reversion,"{""n"": 14, ""lo"": 30, ""exit"": 50, ""tf"": 200}",4h,0,0.0,-0.005070208449149738,-0.07870618543158026,0.004790178663736544,-0.04958255930896893,0.0008291355148037916,-0.07870618543158026,0.007714427553830573,0.0026425387992301394,-0.007562385273105696,0.004544497082205302,97,0.5876288659793815
RSI mean reversion,"{""n"": 14, ""lo"": 30, ""exit"": 50, ""tf"": 200}",4h,0,2.5,0.005663257778790731,-0.059391877747849486,-0.005758135871371639,-0.055328951649648905,-0.00119905556541533,-0.059391877747849486,0.008796356531255668,0.001419884778546702,-0.007388543238572548,0.004186061685812564,100,0.58
RSI mean reversion,"{""n"": 14, ""lo"": 30, ""exit"": 50, ""tf"": 200}",4h,1,0.0,-0.0038620906542450317,-0.07373311223907564,0.01805230567535565,-0.03471670345911615,0.009213247045561923,-0.07373311223907564,0.0032973099478441873,0.0029634928492279816,-0.003994796187193041,0.0030886742612090587,76,0.6447368421052632
RSI mean reversion,"{""n"": 14, ""lo"": 30, ""exit"": 50, ""tf"": 200}",4h,1,2.5,0.008733674955546,-0.04798573773261372,0.009492906182135608,-0.03963303848189892,0.00918326781966905,-0.04798573773261372,0.0043552469523151505,0.002401480393980404,-0.0032123607434080548,0.003134142853355934,78,0.6410256410256411
RSI mean reversion,"{""n"": 14, ""lo"": 30, ""exit"": 60, ""tf"": 0}",1h,0,0.0,-0.13075263323352626,-0.49360319253934903,-0.11898510410861107,-0.5218156319443932,-0.1233514593905739,-0.5794661805746342,0.03701292865449014,0.0429042151862945,-0.07774624930185356,0.04069498273686787,2231,0.6405199462124608
RSI mean reversion,"{""n"": 14, ""lo"": 30, ""exit"": 60, ""tf"": 0}",1h,0,2.5,-0.1914494598462836,-0.5084930228307654,-0.30694458302864813,-0.7224211444596582,-0.2624329589294402,-0.7954175166415753,0.02867504458364356,0.016396320146120247,-0.08444511978806321,0.02100084181019149,4759,0.40974994746795546
RSI mean reversion,"{""n"": 14, ""lo"": 30, ""exit"": 60, ""tf"": 0}",1h,1,0.0,0.0720691911665583,-0.13718272512947316,-0.02833311860405041,-0.3568842789246147,0.011029825239600832,-0.3568842789246147,0.03404917540814911,0.02872944835106772,-0.027140848729584763,0.030724345997473243,1173,0.6265984654731458
RSI mean reversion,"{""n"": 14, ""lo"": 30, ""exit"": 60, ""tf"": 0}",1h,1,2.5,0.026022906832653403,-0.1491317847276683,-0.14837822160375502,-0.5073091121790112,-0.08205085847722937,-0.5073091121790112,0.030161134923490224,0.006339259281545662,-0.02567746038819739,0.015272462647274873,2170,0.43502304147465437
RSI mean reversion,"{""n"": 14, ""lo"": 30, ""exit"": 60, ""tf"": 0}",4h,0,0.0,-0.18850285160431302,-0.4355907680529353,0.07472023600391853,-0.3284525378595745,-0.03961756968573216,-0.4355907680529353,0.03414776402647912,0.03463222683066858,-0.08061534218358936,0.03445055327909753,608,0.6151315789473685
RSI mean reversion,"{""n"": 14, ""lo"": 30, ""exit"": 60, ""tf"": 0}",4h,0,2.5,-0.25926422311270325,-0.5195184045480534,0.018062879689277667,-0.40227537133683944,-0.10361940925463453,-0.5195184045480534,0.030087982816816967,0.031237482988790137,-0.09387518307635195,0.030806420424300197,1250,0.4352
RSI mean reversion,"{""n"": 14, ""lo"": 30, ""exit"": 60, ""tf"": 0}",4h,1,0.0,-0.09293799229485067,-0.23932999649965525,0.06146321372105623,-0.15349589747313175,-0.003296525976432596,-0.23932999649965525,-0.0020507543520615285,0.020646496259291165,-0.021268491036403846,0.012135027280033905,296,0.5641891891891891
RSI mean reversion,"{""n"": 14, ""lo"": 30, ""exit"": 60, ""tf"": 0}",4h,1,2.5,-0.07321067289207084,-0.2076898034965302,0.03942772700255803,-0.18777385948368863,-0.0072336395641056095,-0.2076898034965302,0.0006269047716853536,0.01811540131607569,-0.023247677074516936,0.011557215111929314,495,0.44646464646464645
RSI mean reversion,"{""n"": 14, ""lo"": 30, ""exit"": 60, ""tf"": 200}",1h,0,0.0,0.015121853856066458,-0.0983480163918995,-0.01753562174568213,-0.16342337850158095,-0.004582339037476513,-0.16342337850158095,0.009638746197383856,0.007877822535906654,-0.0037262860566385156,0.008538168908960605,352,0.6306818181818182
RSI mean reversion,"{""n"": 14, ""lo"": 30, ""exit"": 60, ""tf"": 200}",1h,0,2.5,0.010437931996226668,-0.03457280880914293,-0.016695077432479444,-0.11444935263922007,-0.005913955271499405,-0.11693779033129537,0.005030529815141664,0.003923908300105353,-0.0015017329922662748,0.00433889136824397,374,0.42513368983957217
RSI mean reversion,"{""n"": 14, ""lo"": 30, ""exit"": 60, ""tf"": 200}",1h,1,0.0,0.03548147737336693,-0.03419662423382974,0.005923061555390019,-0.09174793200414844,0.01764725628465147,-0.09174793200414844,0.009896317818076773,0.005366002878459978,-0.002177823248718229,0.007064870980816276,227,0.6387665198237885
RSI mean reversion,"{""n"": 14, ""lo"": 30, ""exit"": 60, ""tf"": 200}",1h,1,2.5,-0.010225609187502593,-0.03472715881188937,0.010140662627017516,-0.06102308589784933,0.0019334272557942622,-0.06102308589784933,0.0039265808858664425,0.00405881810753302,-0.0028909973714931828,0.004009229149408054,236,0.4533898305084746
RSI mean reversion,"{""n"": 14, ""lo"": 30, ""exit"": 60, ""tf"": 200}",4h,0,0.0,-0.017882802766454486,-0.11580268474843103,-0.01039353646541652,-0.1364564984309521,-0.013391705167678958,-0.1364564984309521,0.012176415034415713,0.0073277164786004585,-0.015110693609794897,0.00914597843703118,94,0.5957446808510638
RSI mean reversion,"{""n"": 14, ""lo"": 30, ""exit"": 60, ""tf"": 200}",4h,0,2.5,-0.007998257394838504,-0.090931469452045,-0.013979940343992636,-0.10216173324393052,-0.011581866517726969,-0.10216173324393052,0.012384769693526445,0.003818769565597561,-0.01074539280790731,0.007031019613570892,98,0.45918367346938777
RSI mean reversion,"{""n"": 14, ""lo"": 30, ""exit"": 60, ""tf"": 200}",4h,1,0.0,-0.009519363182519114,-0.09484686394623532,0.026157247942128592,-0.074402009792369,0.011710774363852927,-0.09484686394623532,0.005185581619988549,0.0066375263888004115,-0.006105117859432227,0.006093047100495963,73,0.589041095890411
RSI mean reversion,"{""n"": 14, ""lo"": 30, ""exit"": 60, ""tf"": 200}",4h,1,2.5,-0.0040374004936645225,-0.07743751678450095,0.002339505992960067,-0.07866630491108662,-0.00021906193129606066,-0.07866630491108662,0.006243518624459549,0.004034592860734717,-0.005567423769758474,0.004862940022131529,76,0.5
RSI mean reversion,"{""n"": 14, ""lo"": 30, ""exit"": 70, ""tf"": 0}",1h,0,0.0,-0.1695235088675925,-0.5446219037075648,-0.15932905163382927,-0.6300317006110875,-0.1599587559768415,-0.7000865303524377,0.05774351612267852,0.06503862471938333,-0.12448497758597346,0.06230295899561903,1466,0.6186903137789904
RSI mean reversion,"{""n"": 14, ""lo"": 30, ""exit"": 70, ""tf"": 0}",1h,0,2.5,-0.23735124863504875,-0.5543892107632789,-0.3257041329523904,-0.770456665300767,-0.289644245441972,-0.8445970829098963,0.04114609522690059,0.03746674187636557,-0.12310200060293361,0.0388464993828162,4215,0.2970344009489917
RSI mean reversion,"{""n"": 14, ""lo"": 30, ""exit"": 70, ""tf"": 0}",1h,1,0.0,0.035708237357845674,-0.24714956172536529,-0.06296285812470481,-0.43839971797661237,-0.02067553229228669,-0.43839971797661237,0.04334014290029366,0.04087240729138471,-0.046365685303337956,0.04179780814472556,841,0.5802615933412604
RSI mean reversion,"{""n"": 14, ""lo"": 30, ""exit"": 70, ""tf"": 0}",1h,1,2.5,-0.0037037451876000826,-0.2518124419569884,-0.1540522383622095,-0.5362175325425756,-0.0943869606979546,-0.5362175325425756,0.04012307303023552,0.016996612205078775,-0.04233165271319504,0.025669035014512554,1964,0.33095723014256617
RSI mean reversion,"{""n"": 14, ""lo"": 30, ""exit"": 70, ""tf"": 0}",4h,0,0.0,-0.25775705112175884,-0.5963990462970059,-0.05628180220962187,-0.5074233004490301,-0.14148769902861302,-0.6187922798068779,0.07504039616832182,0.06295291140850609,-0.12706514326395266,0.067485718193437,404,0.6014851485148515
RSI mean reversion,"{""n"": 14, ""lo"": 30, ""exit"": 70, ""tf"": 0}",4h,0,2.5,-0.2628785719103782,-0.5977164036090059,-0.07747548084006939,-0.5553459840515836,-0.1554359548464327,-0.6301633046108974,0.07611287439656207,0.055681826806220906,-0.13005304920626123,0.06334346965259885,1110,0.33063063063063064
RSI mean reversion,"{""n"": 14, ""lo"": 30, ""exit"": 70, ""tf"": 0}",4h,1,0.0,-0.12016697404854693,-0.3066741838226664,0.012427901459554747,-0.3046688879120615,-0.04149721138807638,-0.3440192178373014,0.0023526560035279026,0.0384821185555911,-0.03809160508266823,0.024933570098567396,235,0.46382978723404256
RSI mean reversion,"{""n"": 14, ""lo"": 30, ""exit"": 70, ""tf"": 0}",4h,1,2.5,-0.09333164638384372,-0.26644771906581266,0.020316453056601347,-0.28781551644188963,-0.02537975309339835,-0.2954421266696996,0.0048906342324276,0.035197339323517055,-0.035078900015838396,0.023832324914358508,457,0.3479212253829322
RSI mean reversion,"{""n"": 14, ""lo"": 30, ""exit"": 70, ""tf"": 200}",1h,0,0.0,0.028782959572307476,-0.1893323294611715,0.031463331569706376,-0.15707837569518246,0.031003099474042894,-0.1893323294611715,0.02526065350964806,0.024164691099552837,-0.01789216015379448,0.024575677003338545,347,0.6397694524495677
RSI mean reversion,"{""n"": 14, ""lo"": 30, ""exit"": 70, ""tf"": 200}",1h,0,2.5,0.0013583707508095788,-0.07139974134835236,0.00809701280089925,-0.09597345352405695,0.005389676588460013,-0.09597345352405695,0.010598798927268695,0.008659013566232176,-0.003979073802008487,0.00938643307662087,370,0.3108108108108108
RSI mean reversion,"{""n"": 14, ""lo"": 30, ""exit"": 70, ""tf"": 200}",1h,1,0.0,0.07290456463809614,-0.056437009932759685,0.014606087641589882,-0.12594777146118952,0.0381771075551689,-0.12594777146118952,0.018887514365538136,0.015841561450579134,-0.008917712205429931,0.01698379379368876,223,0.6053811659192825
RSI mean reversion,"{""n"": 14, ""lo"": 30, ""exit"": 70, ""tf"": 200}",1h,1,2.5,0.004636133420105937,-0.061447353407544925,0.023596520739017413,-0.06870277756564036,0.015951105851077063,-0.06870277756564036,0.009475729036196435,0.007052495482749058,-0.0031093216179088265,0.007961208065291825,233,0.33047210300429186
RSI mean reversion,"{""n"": 14, ""lo"": 30, ""exit"": 70, ""tf"": 200}",4h,0,0.0,-0.12142516388843527,-0.32250876074954615,-0.0038720088636127192,-0.24925655935307667,-0.05177368128070903,-0.32250876074954615,0.019818023137827115,0.01889887160464134,-0.037349323682002604,0.019243553429586006,93,0.6021505376344086
RSI mean reversion,"{""n"": 14, ""lo"": 30, ""exit"": 70, ""tf"": 200}",4h,0,2.5,0.025993984618967847,-0.07559174354053033,-0.0017048134651878044,-0.1484478209698573,0.01027599668049417,-0.1484478209698573,0.01708838897207475,0.009195871136043055,-0.008123883002758556,0.01215556532455494,97,0.3917525773195876
RSI mean reversion,"{""n"": 14, ""lo"": 30, ""exit"": 70, ""tf"": 200}",4h,1,0.0,-0.004561109360069593,-0.09614230987890293,0.06680973199011486,-0.1203210699891536,0.03862195488876918,-0.1203210699891536,0.007727428061308316,0.01661820583477859,-0.004402073343423449,0.013284164169727239,72,0.5833333333333334
RSI mean reversion,"{""n"": 14, ""lo"": 30, ""exit"": 70, ""tf"": 200}",4h,1,2.5,0.014846369003224114,-0.07701710006949047,0.018686786991361615,-0.14844782096985765,0.018128909563804863,-0.14844782096985765,0.009656529925928161,0.010109765961454846,-0.0039391727452591715,0.00993980244813234,75,0.44
RSI mean reversion,"{""n"": 14, ""lo"": 35, ""exit"": 50, ""tf"": 0}",1h,0,0.0,-0.18423412046358256,-0.48726436429210296,-0.16386611513710148,-0.5637704046909772,-0.17048160293131986,-0.6686062358456637,0.03190137934574052,0.03588418456302416,-0.07774989191231217,0.0343906326065428,4724,0.6329381879762913
RSI mean reversion,"{""n"": 14, ""lo"": 35, ""exit"": 50, ""tf"": 0}",1h,0,2.5,-0.31061797533109836,-0.5972210747817397,-0.31761185566014083,-0.7260700038966825,-0.31341626444689885,-0.8519651579393649,0.024316171563366653,0.014155979090478906,-0.09420830253449122,0.01796605126781181,8278,0.5351534187001691
RSI mean reversion,"{""n"": 14, ""lo"": 35, ""exit"": 50, ""tf"": 0}",1h,1,0.0,0.03845420885947126,-0.1661254958964996,-0.04333941722789503,-0.31827966152707743,-0.00957836389087463,-0.31827966152707743,0.030328377004092546,0.029879606716664186,-0.03112238249589753,0.030047895574449823,2430,0.6325102880658436
RSI mean reversion,"{""n"": 14, ""lo"": 35, ""exit"": 50, ""tf"": 0}",1h,1,2.5,-0.020769827693313037,-0.21467717662545138,-0.143789139063224,-0.45781656550687444,-0.0947948783199829,-0.45781656550687444,0.025649424071462732,0.010186332963883079,-0.030622047290269315,0.01598499212922545,3970,0.5501259445843829
RSI mean reversion,"{""n"": 14, ""lo"": 35, ""exit"": 50, ""tf"": 0}",4h,0,0.0,-0.24001138923284815,-0.5172748407843122,-0.10998570611022818,-0.44919447560241776,-0.1632808450673806,-0.6609580656087576,0.022683693920049503,0.030572871047937253,-0.09161022319740292,0.027614429624979345,1159,0.6108714408973253
RSI mean reversion,"{""n"": 14, ""lo"": 35, ""exit"": 50, ""tf"": 0}",4h,0,2.5,-0.3233202182875716,-0.6036500452314997,-0.17384415880639137,-0.5150618821048754,-0.23612174131914754,-0.7602108075319575,0.023049870280336362,0.02548487743082088,-0.10759192372797399,0.024571749749389183,2080,0.5230769230769231
RSI mean reversion,"{""n"": 14, ""lo"": 35, ""exit"": 50, ""tf"": 0}",4h,1,0.0,-0.06580046378125981,-0.22189950503538558,-0.017383351759057364,-0.2119554863243741,-0.03570373386029835,-0.23740434184723436,0.00753475079238407,0.01394081222284107,-0.027714051865729464,0.011538539186419694,601,0.6173044925124792
RSI mean reversion,"{""n"": 14, ""lo"": 35, ""exit"": 50, ""tf"": 0}",4h,1,2.5,-0.06758446890496139,-0.22403671712186568,-0.04452605494919548,-0.2686848150236909,-0.05247813644779764,-0.30337409962126727,0.008983193272853894,0.009250117248538369,-0.028762607800320632,0.009150020757656691,927,0.5490830636461704
RSI mean reversion,"{""n"": 14, ""lo"": 35, ""exit"": 50, ""tf"": 200}",1h,0,0.0,0.062204159961758654,-0.09631239880962628,0.044644943177654994,-0.15970901747826027,0.051638805381388764,-0.15970901747826027,0.009166544595628427,0.016455263252989093,-0.001002437104858138,0.013721993756478845,1121,0.6449598572702944
RSI mean reversion,"{""n"": 14, ""lo"": 35, ""exit"": 50, ""tf"": 200}",1h,0,2.5,-0.01390097599726503,-0.10398708620804398,-0.0004903513150101846,-0.15565901211296618,-0.005852297169159804,-0.15565901211296618,0.005439054468227715,0.006596176354027731,-0.006426467093248477,0.006162255646852725,1265,0.5786561264822134
RSI mean reversion,"{""n"": 14, ""lo"": 35, ""exit"": 50, ""tf"": 200}",1h,1,0.0,0.08958337912809378,-0.04477838248453525,0.0838321981697665,-0.07970875609930794,0.08610762526698079,-0.07970875609930794,0.015630050192112672,0.01735013224239866,-0.002714912774550861,0.016705101473541414,709,0.6755994358251057
RSI mean reversion,"{""n"": 14, ""lo"": 35, ""exit"": 50, ""tf"": 200}",1h,1,2.5,0.024911991210850637,-0.061688863490141466,0.032939713742125676,-0.1004939183596949,0.02972718638403804,-0.1004939183596949,0.00983280564317262,0.008865801091060218,-0.004957583018255413,0.009228427798102368,800,0.6075
RSI mean reversion,"{""n"": 14, ""lo"": 35, ""exit"": 50, ""tf"": 200}",4h,0,0.0,-0.020949556971506356,-0.16159917456724882,0.011996844933605422,-0.13967006060964893,6.411372720260822e-05,-0.16159917456724882,0.014771028232789628,0.0074545589479086,-0.01642081765440733,0.010198234929738986,272,0.6029411764705882
RSI mean reversion,"{""n"": 14, ""lo"": 35, ""exit"": 50, ""tf"": 200}",4h,0,2.5,-0.02174801436696716,-0.13795904066089726,-0.03947754280218019,-0.17783735788765198,-0.031048574095373205,-0.18179719093139335,0.015309000865889674,0.0028630060908440965,-0.01670507996858151,0.0075302541314861875,312,0.5544871794871795
RSI mean reversion,"{""n"": 14, ""lo"": 35, ""exit"": 50, ""tf"": 200}",4h,1,0.0,0.01054143398439411,-0.10498409080546456,0.03196250003390899,-0.08460042632439646,0.024741937091800947,-0.10498409080546456,0.010957141625117024,0.00800829412209494,-0.007619274236186989,0.00911411193572822,220,0.6454545454545455
RSI mean reversion,"{""n"": 14, ""lo"": 35, ""exit"": 50, ""tf"": 200}",4h,1,2.5,-0.0018270530313961864,-0.0972936584105214,-0.012941392185143452,-0.10628393327943642,-0.007118375869222704,-0.10628393327943642,0.012057256696028331,0.005201468337643648,-0.01011745411359529,0.007772388972037904,253,0.5889328063241107
RSI mean reversion,"{""n"": 14, ""lo"": 35, ""exit"": 60, ""tf"": 0}",1h,0,0.0,-0.11314296105584487,-0.5551430652500727,-0.13450527747822716,-0.573005412611995,-0.12278100446106255,-0.6056318733002788,0.04854149601975393,0.06703070752293051,-0.09863602326842352,0.06009725320923929,3343,0.6389470535447203
RSI mean reversion,"{""n"": 14, ""lo"": 35, ""exit"": 60, ""tf"": 0}",1h,0,2.5,-0.23384979501350178,-0.6125045318768308,-0.3026985175384028,-0.7388695157733031,-0.2731427129223968,-0.8195482291073432,0.04020361268711555,0.04272914623940471,-0.11121935422863125,0.04178207115729627,7453,0.4316382664698779
RSI mean reversion,"{""n"": 14, ""lo"": 35, ""exit"": 60, ""tf"": 0}",1h,1,0.0,0.12942019997152476,-0.21179991106856044,-0.03006819875515987,-0.3916649801803175,0.03461453973100492,-0.3916649801803175,0.04114569011271279,0.043348225736342234,-0.03379170132598848,0.04252227487748119,1809,0.6318407960199005
RSI mean reversion,"{""n"": 14, ""lo"": 35, ""exit"": 60, ""tf"": 0}",1h,1,2.5,0.06282962172031348,-0.23306549907221763,-0.14483756000132275,-0.521366907035101,-0.06363385611776051,-0.521366907035101,0.0383646460319432,0.022002379401927574,-0.03506962993128605,0.028138229388183434,3613,0.448657625242181
RSI mean reversion,"{""n"": 14, ""lo"": 35, ""exit"": 60, ""tf"": 0}",4h,0,0.0,-0.22287706099442817,-0.5266405687716348,-0.06914001933390634,-0.49947131317918925,-0.1318044543269813,-0.6206055290334833,0.047508231192598144,0.043028137568292754,-0.10533833902581233,0.04470817267740728,846,0.5874704491725768
RSI mean reversion,"{""n"": 14, ""lo"": 35, ""exit"": 60, ""tf"": 0}",4h,0,2.5,-0.3052603990210272,-0.6089155290377433,-0.13517756181298313,-0.5393474764474869,-0.20568797914725467,-0.7271575208418797,0.04774904471562761,0.03431229895841094,-0.12113363266059629,0.03935107861736719,1872,0.43536324786324787
RSI mean reversion,"{""n"": 14, ""lo"": 35, ""exit"": 60, ""tf"": 0}",4h,1,0.0,-0.0636415678535115,-0.2620539031483522,-0.005862984243692471,-0.27006871752670825,-0.026959090178054756,-0.27006871752670825,0.013961262051041633,0.024082099076438317,-0.031916921093522996,0.02028678519191456,473,0.572938689217759
RSI mean reversion,"{""n"": 14, ""lo"": 35, ""exit"": 60, ""tf"": 0}",4h,1,2.5,-0.06947058536059514,-0.2699291117829632,-0.03607982341349658,-0.33275934019655007,-0.04717366799341449,-0.33275934019655007,0.015463098920492493,0.017455486246861152,-0.03328646262640151,0.016708340999472906,853,0.4548651817116061
RSI mean reversion,"{""n"": 14, ""lo"": 35, ""exit"": 60, ""tf"": 200}",1h,0,0.0,0.08320108244356672,-0.19849686908406794,0.015174789257170085,-0.25245224716831016,0.04198086246123056,-0.25245224716831016,0.02352197096992777,0.03099060354890364,-0.014677687283584984,0.02818986633178769,1042,0.6497120921305183
RSI mean reversion,"{""n"": 14, ""lo"": 35, ""exit"": 60, ""tf"": 200}",1h,0,2.5,0.006849363058040625,-0.08638831448278872,-0.029332358131193947,-0.19676032916131236,-0.014881571814461036,-0.19676032916131236,0.008566401403919276,0.012693803300321386,-0.010851197404845178,0.011146027589170595,1210,0.4512396694214876
RSI mean reversion,"{""n"": 14, ""lo"": 35, ""exit"": 60, ""tf"": 200}",1h,1,0.0,0.1499412206981332,-0.08263954207827617,0.09027328760134812,-0.15085895849131103,0.1138414542459385,-0.15085895849131103,0.027493837413457383,0.026864759398049037,-0.005710130074444167,0.027100663653827167,657,0.6834094368340944
RSI mean reversion,"{""n"": 14, ""lo"": 35, ""exit"": 60, ""tf"": 200}",1h,1,2.5,0.030190645329065458,-0.0742630939902118,0.02867071340875116,-0.1447794570855112,0.029377037919871896,-0.1447794570855112,0.011411722923992186,0.013103450826325929,-0.00622503325042225,0.012469052862950775,764,0.4816753926701571
RSI mean reversion,"{""n"": 14, ""lo"": 35, ""exit"": 60, ""tf"": 200}",4h,0,0.0,-0.011276799176848984,-0.20965526842370608,-0.004885061094317855,-0.20119216422959674,-0.004948336069959147,-0.20965526842370608,0.024597383857815132,0.017504103493580506,-0.030934985060730502,0.02016408363016849,250,0.596
RSI mean reversion,"{""n"": 14, ""lo"": 35, ""exit"": 60, ""tf"": 200}",4h,0,2.5,-0.0304469817783265,-0.19496993086997083,-0.03979594490076743,-0.2102441741811384,-0.033616561991459015,-0.2102441741811384,0.024053174794300653,0.008250285883117136,-0.022165357379313244,0.014176369224810956,290,0.4413793103448276
RSI mean reversion,"{""n"": 14, ""lo"": 35, ""exit"": 60, ""tf"": 200}",4h,1,0.0,0.008407841515611691,-0.1654877303511072,0.049757233866633666,-0.14136536379171727,0.0355766129088837,-0.1654877303511072,0.016377424702553815,0.01719782887537331,-0.013755095689762499,0.016890177310566,201,0.6268656716417911
RSI mean reversion,"{""n"": 14, ""lo"": 35, ""exit"": 60, ""tf"": 200}",4h,1,2.5,-0.015563065692331457,-0.163087738155957,-0.003769581883779738,-0.14274609641093594,-0.0060100958586097875,-0.163087738155957,0.018423095136680463,0.010511514789126522,-0.013877235667639626,0.01347835741945925,234,0.47435897435897434
RSI mean reversion,"{""n"": 14, ""lo"": 35, ""exit"": 70, ""tf"": 0}",1h,0,0.0,-0.16303572070374095,-0.6217443775853563,-0.2090924337463813,-0.7073420684042843,-0.1844177307138296,-0.7451294571773774,0.0776708526970449,0.08920228879043994,-0.14955052867837815,0.0848780002554168,1880,0.6207446808510638
RSI mean reversion,"{""n"": 14, ""lo"": 35, ""exit"": 70, ""tf"": 0}",1h,0,2.5,-0.2639664173962186,-0.6694424214903909,-0.35906222993776704,-0.8266974207528878,-0.3170021439672255,-0.8787119712474067,0.06835809162914581,0.06485276482074714,-0.15941746507691493,0.06616726237389665,5892,0.3080448065173116
RSI mean reversion,"{""n"": 14, ""lo"": 35, ""exit"": 70, ""tf"": 0}",1h,1,0.0,0.11095602103691804,-0.26507250797654636,-0.07333303385472667,-0.4986828446347644,0.004417741263194941,-0.4986828446347644,0.05555447600815919,0.05882674697204713,-0.05582711001265841,0.05759964536058915,1130,0.5849557522123894
RSI mean reversion,"{""n"": 14, ""lo"": 35, ""exit"": 70, ""tf"": 0}",1h,1,2.5,0.05338389498178864,-0.2787002892139,-0.1752627753500532,-0.6178631877499153,-0.08306104822635507,-0.6178631877499153,0.0522935488345707,0.039004109220064684,-0.05669999120749779,0.04398764907550443,2921,0.33515919205751454
RSI mean reversion,"{""n"": 14, ""lo"": 35, ""exit"": 70, ""tf"": 0}",4h,0,0.0,-0.29488536402653265,-0.6273386400448431,-0.1299076699189079,-0.5886227934563187,-0.19606794262261418,-0.7493479646576274,0.08887591273857244,0.07359925415933165,-0.1449077513493884,0.07932800112654695,503,0.5904572564612326
RSI mean reversion,"{""n"": 14, ""lo"": 35, ""exit"": 70, ""tf"": 0}",4h,0,2.5,-0.3354772177447596,-0.6575642008569926,-0.17784540395913018,-0.6147037203660533,-0.24113124894398819,-0.7936220401561733,0.0908731709786015,0.06434815593008107,-0.1546338710538271,0.07429503657327623,1505,0.32691029900332225
RSI mean reversion,"{""n"": 14, ""lo"": 35, ""exit"": 70, ""tf"": 0}",4h,1,0.0,-0.08510342981589036,-0.3020040488737754,-0.05526451643846553,-0.3946115471138293,-0.0626358903524753,-0.3946115471138293,0.01958067418120483,0.043343734993254925,-0.047670312125261,0.03443258718873614,339,0.5221238938053098
RSI mean reversion,"{""n"": 14, ""lo"": 35, ""exit"": 70, ""tf"": 0}",4h,1,2.5,-0.0866000987151817,-0.30320945327576965,-0.07028755650012009,-0.42367486077873406,-0.07220387924862659,-0.42367486077873406,0.020926341565093827,0.0373180898999913,-0.04701329107165326,0.03117118427440475,722,0.3476454293628809
RSI mean reversion,"{""n"": 14, ""lo"": 35, ""exit"": 70, ""tf"": 200}",1h,0,0.0,0.06749852384157129,-0.34236760170956637,-0.10296723556860421,-0.4923137082494289,-0.033695176452641196,-0.4923137082494289,0.05173063254251896,0.05565175143109202,-0.06626034524873878,0.05418133184787712,968,0.621900826446281
RSI mean reversion,"{""n"": 14, ""lo"": 35, ""exit"": 70, ""tf"": 200}",1h,0,2.5,0.010642020817335895,-0.21157752453718848,-0.05376807103453396,-0.3229868732385882,-0.028355280071176714,-0.3229868732385882,0.019751334460124583,0.020754826820184428,-0.022436042327991464,0.020378517185161985,1145,0.31266375545851527
RSI mean reversion,"{""n"": 14, ""lo"": 35, ""exit"": 70, ""tf"": 200}",1h,1,0.0,0.1446168810268058,-0.1536062090292324,0.031610185980356365,-0.2670483927544488,0.08046859924730754,-0.2670483927544488,0.03860300562712596,0.04267245942336391,-0.023210690485245274,0.04114641424977467,610,0.6131147540983607
RSI mean reversion,"{""n"": 14, ""lo"": 35, ""exit"": 70, ""tf"": 200}",1h,1,2.5,0.048740659841866485,-0.09808566421645426,0.027024897175517815,-0.1861471633502837,0.03576182884162549,-0.1861471633502837,0.01992309275282642,0.01835969402693828,-0.00994601553470801,0.018945968549146333,722,0.3448753462603878
RSI mean reversion,"{""n"": 14, ""lo"": 35, ""exit"": 70, ""tf"": 200}",4h,0,0.0,-0.24913718308431354,-0.49503442862236946,-0.02604079014173255,-0.2971736779170986,-0.11837416204327245,-0.51482585459989,0.029070372196338443,0.0409720991510172,-0.0789977459231837,0.03650895154301267,221,0.5927601809954751
RSI mean reversion,"{""n"": 14, ""lo"": 35, ""exit"": 70, ""tf"": 200}",4h,0,2.5,-0.007732985977471518,-0.15036444578398322,-0.059012126271146936,-0.2702266886262389,-0.03444097064937224,-0.2702266886262389,0.025718715720458633,0.017737095427639644,-0.02395447033981593,0.020730203037446767,265,0.3320754716981132
RSI mean reversion,"{""n"": 14, ""lo"": 35, ""exit"": 70, ""tf"": 200}",4h,1,0.0,-0.059340819439008374,-0.22587039915575347,0.044863025797988954,-0.22347982882316275,0.006333680607869097,-0.22587039915575347,0.01455898727002674,0.03266349405597187,-0.027011269635721036,0.025874304011242442,174,0.5574712643678161
RSI mean reversion,"{""n"": 14, ""lo"": 35, ""exit"": 70, ""tf"": 200}",4h,1,2.5,-0.013739222879449509,-0.15452937800809996,-0.019773055637564263,-0.19632781799149146,-0.012915779024666119,-0.19632781799149146,0.017409979464647913,0.019692010555217743,-0.016711458484179827,0.018836248896254057,211,0.35545023696682465
Connors RSI(2),"{""lo"": 5, ""ex"": 5, ""tf"": 0}",1h,0,0.0,0.033671152878124166,-0.2709011819698536,-0.17216920567933602,-0.520354137458389,-0.09427164982205016,-0.5344299664063263,0.022904949993218855,0.010423963829727522,-0.018432321138898512,0.015104333641036772,12021,0.604359038349555
Connors RSI(2),"{""lo"": 5, ""ex"": 5, ""tf"": 0}",1h,0,2.5,-0.10307371762681394,-0.3919884443883572,-0.2530621654750411,-0.6314171859919167,-0.19540735051549385,-0.7075255388888255,0.018151912509127437,-0.001689181959603614,-0.030241142126904846,0.00575122846617053,13866,0.5990913024664647
Connors RSI(2),"{""lo"": 5, ""ex"": 5, ""tf"": 0}",1h,1,0.0,0.037874151450307814,-0.1322883595300044,-0.060644681355927044,-0.2588676762094094,-0.02143339415449419,-0.2588676762094094,0.02451056148053754,0.010310380662877943,-0.016091341015985257,0.015635448469500293,6030,0.6124378109452736
Connors RSI(2),"{""lo"": 5, ""ex"": 5, ""tf"": 0}",1h,1,2.5,-0.006278739460311322,-0.1939593459679002,-0.0843756358711969,-0.30137937920533253,-0.052944131810329864,-0.30137937920533253,0.020647248953920103,0.0020478709812272807,-0.010618001387882381,0.00902263772098709,6888,0.6084494773519163
Connors RSI(2),"{""lo"": 5, ""ex"": 5, ""tf"": 0}",4h,0,0.0,-0.14430725938266586,-0.3474536742927705,-0.08687612266139078,-0.39860133659320374,-0.10996662896951226,-0.4995482447807854,0.012027245365360052,0.020666834605392072,-0.038834182036758674,0.017426988640380062,3084,0.6154345006485085
Connors RSI(2),"{""lo"": 5, ""ex"": 5, ""tf"": 0}",4h,0,2.5,-0.2445615828928518,-0.47119329900659623,-0.10838602440369494,-0.4016278038618225,-0.16527618267560773,-0.6198247001227034,0.0064268614565344585,0.015462623719419689,-0.049096232258414,0.012074212870837727,3605,0.6055478502080444
Connors RSI(2),"{""lo"": 5, ""ex"": 5, ""tf"": 0}",4h,1,0.0,-0.021934881333318,-0.11103093021182098,-0.014629151465134327,-0.2543442919582133,-0.0172241411605093,-0.2543442919582133,0.00805264215781265,0.020252273976359345,-0.01870467520606251,0.015677412044404333,1560,0.6115384615384616
Connors RSI(2),"{""lo"": 5, ""ex"": 5, ""tf"": 0}",4h,1,2.5,-0.03422486089759025,-0.12141478393989558,-0.027766409428668593,-0.21895997486656238,-0.030017519782736812,-0.21895997486656238,0.006529756160719293,0.015967662368514983,-0.01810073751782735,0.0124284475405916,1763,0.6023823028927964
Connors RSI(2),"{""lo"": 5, ""ex"": 5, ""tf"": 100}",1h,0,0.0,-0.02458360861142439,-0.1485484033583494,-0.059638274547839765,-0.2078464554131224,-0.045726777921271666,-0.22746593299762563,0.015243809060153189,-0.0016669708883455907,-0.010836381766988722,0.004674571592341452,3364,0.5900713436385255
Connors RSI(2),"{""lo"": 5, ""ex"": 5, ""tf"": 100}",1h,0,2.5,-0.06273380567613507,-0.19616470581199896,-0.07314696823963185,-0.2200115245530152,-0.06895092646946144,-0.3026457613597523,0.011607568050108751,-0.002486071115525331,-0.013481224407912579,0.00279904357158745,3454,0.588303416328894
Connors RSI(2),"{""lo"": 5, ""ex"": 5, ""tf"": 100}",1h,1,0.0,0.016554230027000738,-0.07677871089537192,-0.01376293165493725,-0.11898378522029784,-0.001730617709265081,-0.11898378522029784,0.011574828218723417,0.0015064310037760987,-0.0043315150495666505,0.005282079959381343,1872,0.6100427350427351
Connors RSI(2),"{""lo"": 5, ""ex"": 5, ""tf"": 100}",1h,1,2.5,0.0008867410119344221,-0.09196762044756024,-0.0314372369952719,-0.12249028289639274,-0.018608416693500662,-0.12249028289639274,0.009200726239359525,2.2923060167556742e-05,-0.004548402315886824,0.0034645992523645447,1926,0.608515057113188
Connors RSI(2),"{""lo"": 5, ""ex"": 5, ""tf"": 100}",4h,0,0.0,-0.00831155341730827,-0.08883684755636279,-0.027793300113388875,-0.17061428227445474,-0.01983553528209603,-0.17061428227445474,0.0069910340296906025,0.006922530014680832,-0.006739036664427885,0.006948219020309496,828,0.5833333333333334
Connors RSI(2),"{""lo"": 5, ""ex"": 5, ""tf"": 100}",4h,0,2.5,-0.030702701014744815,-0.11230403051284477,-0.033557440803598126,-0.17601381152495144,-0.03220827350405031,-0.17601381152495144,0.00399857680396402,0.005966682773475407,-0.008102237604647448,0.005228643034908637,844,0.5817535545023697
Connors RSI(2),"{""lo"": 5, ""ex"": 5, ""tf"": 100}",4h,1,0.0,0.013209475050443897,-0.057487183659763574,0.02321849498520745,-0.09632308964049574,0.01938459334191922,-0.09632308964049574,0.0073817156037553466,0.009121960065442547,-0.0034526547896878562,0.008469368392309847,599,0.6143572621035058
Connors RSI(2),"{""lo"": 5, ""ex"": 5, ""tf"": 100}",4h,1,2.5,0.001968834658392371,-0.0662252341428109,0.014258108041932394,-0.1003074463100907,0.009508906265998984,-0.1003074463100907,0.005225484548356129,0.008460131540516376,-0.0038958175428811595,0.0072471389184562834,610,0.6147540983606558
Connors RSI(2),"{""lo"": 5, ""ex"": 5, ""tf"": 200}",1h,0,0.0,0.0028187449077277105,-0.13649064554820622,-0.0615206801090763,-0.2020067521076906,-0.03609259445442081,-0.2020067521076906,0.017887431900004858,0.001411139883690186,-0.014668689992371448,0.007589749389808188,3914,0.5965763924374042
Connors RSI(2),"{""lo"": 5, ""ex"": 5, ""tf"": 200}",1h,0,2.5,-0.03204674487342174,-0.18868469287666145,-0.08133464976219917,-0.24089200047525827,-0.06172153380951406,-0.2812805588816918,0.014950022164397312,-0.0020423893710294367,-0.015668769300450087,0.004329764954755594,4100,0.5921951219512195
Connors RSI(2),"{""lo"": 5, ""ex"": 5, ""tf"": 200}",1h,1,0.0,0.0329371213506775,-0.08759567876605179,0.0016404809526207043,-0.07877773835935042,0.014209336017447116,-0.08759567876605179,0.01634332098711634,0.004257794620049567,-0.008972731510090232,0.008789867007699606,2412,0.6111111111111112
Connors RSI(2),"{""lo"": 5, ""ex"": 5, ""tf"": 200}",1h,1,2.5,0.009847405610578175,-0.11685763241546598,-0.016048023440532022,-0.09182954036870239,-0.005598667563577409,-0.11685763241546598,0.01454415016292681,0.0008557334927128032,-0.008650221986048957,0.005988889744043056,2527,0.6082311040759795
Connors RSI(2),"{""lo"": 5, ""ex"": 5, ""tf"": 200}",4h,0,0.0,-0.03160163736034416,-0.13447695959678807,0.00855533607607084,-0.15058954677558867,-0.007525526512183411,-0.15058954677558867,0.005639985443119438,0.014108757909133336,-0.011837310426680382,0.010932968234378124,977,0.5967246673490276
Connors RSI(2),"{""lo"": 5, ""ex"": 5, ""tf"": 200}",4h,0,2.5,-0.03494292721680581,-0.13955327725558686,-0.008937508237348735,-0.16391874968702813,-0.019233309921861563,-0.16391874968702813,0.0037783762188268546,0.012058599103040272,-0.013055859508899696,0.00895351552146024,1018,0.5913555992141454
Connors RSI(2),"{""lo"": 5, ""ex"": 5, ""tf"": 200}",4h,1,0.0,0.008709825604264143,-0.06391137468276775,0.03494168759092742,-0.11133560874315984,0.024539646600063136,-0.11133560874315984,0.006504664901251591,0.016254702420043596,-0.007757599606447611,0.012598438350496594,776,0.6108247422680413
Connors RSI(2),"{""lo"": 5, ""ex"": 5, ""tf"": 200}",4h,1,2.5,0.0014580363502147975,-0.07496677748875813,0.016884797446435673,-0.12507414704951414,0.010868210942676093,-0.12507414704951414,0.005332183233318731,0.014401305257548585,-0.009375010512228013,0.01100038449846239,811,0.6041923551171393
Connors RSI(2),"{""lo"": 5, ""ex"": 10, ""tf"": 0}",1h,0,0.0,0.01397621803666893,-0.31334452830787785,-0.15641103644436072,-0.5043744823263239,-0.09080625113867824,-0.5043744823263239,0.04999651706766006,0.014740362109143453,-0.04316564695135581,0.02796142021858718,10690,0.6155285313376988
Connors RSI(2),"{""lo"": 5, ""ex"": 10, ""tf"": 0}",1h,0,2.5,-0.1502753928547823,-0.4179072283605808,-0.2934247080528922,-0.6588542363766272,-0.23806342907838218,-0.7566113927664342,0.03868993711176546,-0.005758819955743514,-0.05384077508198354,0.01090946394457235,13260,0.5976621417797888
Connors RSI(2),"{""lo"": 5, ""ex"": 10, ""tf"": 0}",1h,1,0.0,0.060815489764702635,-0.18948670233120923,-0.04158715596880125,-0.33604663280420244,-0.0006614244893172749,-0.33604663280420244,0.03698192493253695,0.017525649090819315,-0.02970582301358351,0.024821752531463428,5371,0.6190653509588531
Connors RSI(2),"{""lo"": 5, ""ex"": 10, ""tf"": 0}",1h,1,2.5,0.017734432043240655,-0.1960044014861947,-0.12553080861263533,-0.34807553759504584,-0.06941883169975172,-0.34807553759504584,0.03026424412226134,0.0011977259189697757,-0.02267283448723778,0.012097670245204112,6598,0.606547438617763
Connors RSI(2),"{""lo"": 5, ""ex"": 10, ""tf"": 0}",4h,0,0.0,-0.08874288900244631,-0.39882449084542504,-0.11694367224452173,-0.47618950647449576,-0.10532217391016163,-0.5199610417630077,0.021992240672572043,0.03797111204998535,-0.05713655458252498,0.03197903528345536,2693,0.6208689194207204
Connors RSI(2),"{""lo"": 5, ""ex"": 10, ""tf"": 0}",4h,0,2.5,-0.17495552370790235,-0.4542812908437255,-0.17307269524465596,-0.5370460267653312,-0.17338717291562367,-0.653005131212496,0.015014690211688454,0.027928732133015152,-0.06406658545060467,0.02308596641251764,3431,0.5963276012824249
Connors RSI(2),"{""lo"": 5, ""ex"": 10, ""tf"": 0}",4h,1,0.0,-0.01406908217417957,-0.1615530859102331,0.011580715923660057,-0.24767723009301534,0.0016476978580164392,-0.24767723009301534,0.01438576553597933,0.028649011208206066,-0.023036983711056475,0.02330029408112104,1400,0.6221428571428571
Connors RSI(2),"{""lo"": 5, ""ex"": 10, ""tf"": 0}",4h,1,2.5,-0.02430093913331799,-0.16788993148627596,-0.02938420724259827,-0.3079789640119739,-0.02692844648950199,-0.3079789640119739,0.012450530024480858,0.020657114264134895,-0.02221983100324658,0.017579645174264632,1682,0.6052318668252081
Connors RSI(2),"{""lo"": 5, ""ex"": 10, ""tf"": 100}",1h,0,0.0,0.06623110585599967,-0.15713849156241422,-0.004388210026248229,-0.2054549717176446,0.023299613826189836,-0.2054549717176446,0.03169649703238919,0.004852421285646032,-0.009218925837332553,0.014918949690674718,3249,0.6229609110495538
Connors RSI(2),"{""lo"": 5, ""ex"": 10, ""tf"": 100}",1h,0,2.5,-0.006355815144176047,-0.1725332369546484,-0.061981867503523635,-0.24830657085238206,-0.0400653310331327,-0.24830657085238206,0.02207845835284567,-0.0008995526575091913,-0.014043213820564643,0.007717201471373882,3359,0.6094075617743376
Connors RSI(2),"{""lo"": 5, ""ex"": 10, ""tf"": 100}",1h,1,0.0,0.0650086280264992,-0.05659979911710433,0.020487489682648574,-0.14185231231232476,0.03806615460017038,-0.14185231231232476,0.02006830968400661,0.007493459431377292,-0.0046880706513238585,0.012209028276113287,1808,0.6360619469026548
Connors RSI(2),"{""lo"": 5, ""ex"": 10, ""tf"": 100}",1h,1,2.5,0.03324937548083895,-0.054987429695182,-0.025525681287499657,-0.15879310685839088,-0.002398518664277205,-0.15879310685839088,0.013823125416127229,0.0024236906128312827,-0.0054366034657500895,0.006698478664067263,1876,0.6242004264392325
Connors RSI(2),"{""lo"": 5, ""ex"": 10, ""tf"": 100}",4h,0,0.0,0.004282131923107224,-0.16234201667600057,-0.061403977110388475,-0.2675625950958893,-0.03533937058806169,-0.2675625950958893,0.01573118048028806,0.012677318723655606,-0.015309233794664145,0.013822516882392777,794,0.5831234256926953
Connors RSI(2),"{""lo"": 5, ""ex"": 10, ""tf"": 100}",4h,0,2.5,0.011396585871519926,-0.09233760059543761,-0.07085994917623828,-0.2793461221334119,-0.03846134945494084,-0.2793461221334119,0.009649187298901692,0.01037940717491522,-0.011090580658213896,0.010105574721410146,818,0.5806845965770171
Connors RSI(2),"{""lo"": 5, ""ex"": 10, ""tf"": 100}",4h,1,0.0,0.021168584996032358,-0.08824552801533025,0.014281758568867708,-0.11245845735438753,0.017308666881762136,-0.11245845735438753,0.014527857349164373,0.012366370485037963,-0.007702043198652822,0.013176928059085366,571,0.6112084063047285
Connors RSI(2),"{""lo"": 5, ""ex"": 10, ""tf"": 100}",4h,1,2.5,0.0074294304213873286,-0.07937612744947675,-0.0007396108014450231,-0.12650617882706627,0.0028030996936387886,-0.12650617882706627,0.009613521718337613,0.010315653871793696,-0.006802198843743779,0.010052354314247664,590,0.6101694915254238
Connors RSI(2),"{""lo"": 5, ""ex"": 10, ""tf"": 200}",1h,0,0.0,0.10595330727651531,-0.14899614202924372,-0.009914600172550747,-0.17163184986404134,0.0351605814321172,-0.17163184986404134,0.034131634000703105,0.00875092943382152,-0.01293620628090024,0.018268693646402115,3707,0.618289722147289
Connors RSI(2),"{""lo"": 5, ""ex"": 10, ""tf"": 200}",1h,0,2.5,0.02646975653682837,-0.16950194019025477,-0.08348751621257378,-0.24963590526880708,-0.04070715507198985,-0.24963590526880708,0.025665076619101827,-0.002100941536115656,-0.016748244090293248,0.0083113152720909,3963,0.6030784759020944
Connors RSI(2),"{""lo"": 5, ""ex"": 10, ""tf"": 200}",1h,1,0.0,0.09009534899887006,-0.09009221416730007,0.04605391476662746,-0.12585555299384898,0.06366821163802117,-0.12585555299384898,0.02688412558048974,0.0122221094305754,-0.010280243786581295,0.017720365486793278,2279,0.6309784993418166
Connors RSI(2),"{""lo"": 5, ""ex"": 10, ""tf"": 200}",1h,1,2.5,0.03898341465268573,-0.10564286810265933,-0.016033888093390902,-0.154974169790981,0.005858072785755342,-0.154974169790981,0.021291768630693066,0.00282109164266006,-0.011104009164041084,0.009747595513172438,2443,0.6168645108473189
Connors RSI(2),"{""lo"": 5, ""ex"": 10, ""tf"": 200}",4h,0,0.0,-0.025258500516233573,-0.22654927616591203,-0.012043612213368027,-0.22997056677197114,-0.017071864173186735,-0.22997056677197114,0.017796800910556194,0.018923280477383016,-0.021797493050521456,0.018500850639822958,912,0.6041666666666666
Connors RSI(2),"{""lo"": 5, ""ex"": 10, ""tf"": 200}",4h,0,2.5,0.0024991133788263564,-0.1307598243181456,-0.052954402727563354,-0.295974583278121,-0.030834988531629914,-0.295974583278121,0.013792596991890541,0.013476554212614697,-0.016072664261465988,0.013595070254843139,976,0.5973360655737705
Connors RSI(2),"{""lo"": 5, ""ex"": 10, ""tf"": 200}",4h,1,0.0,0.029504685417684584,-0.09126909896032387,0.04303641242339884,-0.11971968394817822,0.037863646708227394,-0.11971968394817822,0.015825546724687698,0.02109846904313425,-0.012127832314183254,0.019121123173716795,724,0.6256906077348067
Connors RSI(2),"{""lo"": 5, ""ex"": 10, ""tf"": 200}",4h,1,2.5,0.026710759865957057,-0.07982292979770389,-0.0005862970170584791,-0.1867744438356158,0.010534040673463974,-0.1867744438356158,0.012757116747975738,0.016776293783212052,-0.011489239013526518,0.015269102394998435,777,0.6241956241956242
Connors RSI(2),"{""lo"": 10, ""ex"": 5, ""tf"": 0}",1h,0,0.0,-0.2646638405377768,-0.5302872161394927,-0.387544853066631,-0.7871343459029569,-0.3392953021252293,-0.867901375783179,0.009795026351124466,0.008161352520068983,-0.07278732746862046,0.00877398020671479,20770,0.591478093403948
Connors RSI(2),"{""lo"": 10, ""ex"": 5, ""tf"": 0}",1h,0,2.5,-0.38683803804204486,-0.6429372482525075,-0.49671284709733743,-0.8706252545901271,-0.45384275984415967,-0.944249698986984,-0.001145059853203123,-0.013127361559145682,-0.08817227001830005,-0.008633998419417222,24219,0.5892481109872414
Connors RSI(2),"{""lo"": 10, ""ex"": 5, ""tf"": 0}",1h,1,0.0,-0.05175852489110355,-0.2737734252006493,-0.1877788132850663,-0.5104792238910904,-0.1337076592538704,-0.5300476473719833,0.019410718814847152,0.011484175687432955,-0.035745440340766176,0.01445662936021328,10626,0.5965556182947487
Connors RSI(2),"{""lo"": 10, ""ex"": 5, ""tf"": 0}",1h,1,2.5,-0.12993548556968926,-0.34263781592008313,-0.2624154021785817,-0.6068595505359518,-0.21004331029578716,-0.6868965301313613,0.009803076008899896,-0.005562388177469694,-0.0329303358850783,0.0001996608924189023,12277,0.5955852406939807
Connors RSI(2),"{""lo"": 10, ""ex"": 5, ""tf"": 0}",4h,0,0.0,-0.274187334141181,-0.5222972674799276,-0.169800642653276,-0.5401810418114805,-0.21200903192754406,-0.7063797083693275,0.012426514012472252,0.022837729795636474,-0.0633305001551899,0.018933523876949892,5224,0.6160030627871363
Connors RSI(2),"{""lo"": 10, ""ex"": 5, ""tf"": 0}",4h,0,2.5,-0.37789657690806455,-0.6274461271056581,-0.23318169130561817,-0.6063576044790201,-0.2935924185442593,-0.8149130625063751,0.0053031773575598195,0.014066743068339787,-0.08150289615238047,0.010780405926797298,6124,0.6067929457870673
Connors RSI(2),"{""lo"": 10, ""ex"": 5, ""tf"": 0}",4h,1,0.0,-0.07411539153235425,-0.24439404227225636,-0.0574433999759022,-0.31192385286723456,-0.06272213998531762,-0.31192385286723456,0.010761267043712854,0.01773167460356652,-0.022092054714924432,0.015117771768621396,2674,0.605833956619297
Connors RSI(2),"{""lo"": 10, ""ex"": 5, ""tf"": 0}",4h,1,2.5,-0.10909613094189063,-0.29153935197089453,-0.0754288852637266,-0.31420718592177055,-0.08765167106935301,-0.3868122315712025,0.007727673962009685,0.009761710304650043,-0.022443910433903348,0.008998946676159908,3047,0.5976370200196915
Connors RSI(2),"{""lo"": 10, ""ex"": 5, ""tf"": 100}",1h,0,0.0,-0.08534248874785477,-0.24937250732284344,-0.15907388931751298,-0.4199763077681078,-0.1302152800235944,-0.5014424773929709,0.018807808256474903,-0.00013959637424612036,-0.026755204846325327,0.006965680362274264,7303,0.5796248117212105
Connors RSI(2),"{""lo"": 10, ""ex"": 5, ""tf"": 100}",1h,0,2.5,-0.14910116035004972,-0.30702415425320795,-0.18244740056952424,-0.45027329770774427,-0.16916075173409395,-0.5903378111039894,0.008229076717213365,-0.0032037863672137014,-0.029721233729465335,0.0010835372894464484,7538,0.5784027593526134
Connors RSI(2),"{""lo"": 10, ""ex"": 5, ""tf"": 100}",1h,1,0.0,-0.0035287576295615075,-0.11689996477378828,-0.036769144969875156,-0.16612013228679,-0.023578397731330414,-0.16612013228679,0.012668305115405731,0.003965203268360747,-0.011567833239614703,0.007228866461002616,4148,0.5959498553519769
Connors RSI(2),"{""lo"": 10, ""ex"": 5, ""tf"": 100}",1h,1,2.5,-0.05443385040492077,-0.16356593531183306,-0.06522251518889666,-0.2120932159830936,-0.060881487951320756,-0.29326023451325667,0.00425448995080709,0.0005750433490525842,-0.011780493117787866,0.001954835824710524,4286,0.5942603826411572
Connors RSI(2),"{""lo"": 10, ""ex"": 5, ""tf"": 100}",4h,0,0.0,-0.0038379470798325377,-0.11970835092373855,-0.051441329689558946,-0.2594980822771562,-0.031965727031957325,-0.2594980822771562,0.01052916935471182,0.010753730888892917,-0.009803192910609437,0.010669520313575006,1752,0.6084474885844748
Connors RSI(2),"{""lo"": 10, ""ex"": 5, ""tf"": 100}",4h,0,2.5,-0.05101433143963541,-0.16296514565120568,-0.0657488478550361,-0.276784742644948,-0.059188213852415794,-0.276784742644948,0.005302725178093122,0.008082006455292194,-0.013281725990468715,0.007039775976342542,1802,0.6054384017758047
Connors RSI(2),"{""lo"": 10, ""ex"": 5, ""tf"": 100}",4h,1,0.0,0.028438848647366788,-0.09084128672355463,0.020417982172908244,-0.1461172104453503,0.024319061784411122,-0.1461172104453503,0.014627330469873745,0.01207891031074438,-0.0036443371407412217,0.013034567870417893,1213,0.6257213520197856
Connors RSI(2),"{""lo"": 10, ""ex"": 5, ""tf"": 100}",4h,1,2.5,0.014902490995265527,-0.1013227251947928,0.008249983975616049,-0.1484149273340819,0.01160425436197099,-0.1484149273340819,0.012249283814423214,0.009781522598570585,-0.004181195218806583,0.01070693305451532,1244,0.6245980707395499
Connors RSI(2),"{""lo"": 10, ""ex"": 5, ""tf"": 200}",1h,0,0.0,-0.06510784286227456,-0.2545097980275126,-0.13143016877522873,-0.3883661388401898,-0.10522839890890767,-0.4438829842020102,0.02152724557739009,0.005040023767343723,-0.027257758320010955,0.011222731946111111,7939,0.5906285426376118
Connors RSI(2),"{""lo"": 10, ""ex"": 5, ""tf"": 200}",1h,0,2.5,-0.1193432006395102,-0.2989785898993961,-0.17456532634891353,-0.4567631171412331,-0.15263730199004133,-0.565137186375786,0.010748084942089058,-0.004434584292727288,-0.02604968552576635,0.0012589166703288422,8397,0.5880671668453019
Connors RSI(2),"{""lo"": 10, ""ex"": 5, ""tf"": 200}",1h,1,0.0,-0.0027368978163991864,-0.15141936998636418,-0.019818846333942375,-0.149651584420202,-0.012822510185276026,-0.15141936998636418,0.015972108736952404,0.0087873563843766,-0.014576475765652908,0.011481638516592526,4898,0.6037158023683136
Connors RSI(2),"{""lo"": 10, ""ex"": 5, ""tf"": 200}",1h,1,2.5,-0.0633076762715199,-0.20379683964337292,-0.06554838566494059,-0.23628552469275832,-0.06444082738322399,-0.30825414190006717,0.006567722089059844,-7.274086878480782e-05,-0.012867826954583945,0.0024174327404069365,5187,0.600154231733179
Connors RSI(2),"{""lo"": 10, ""ex"": 5, ""tf"": 200}",4h,0,0.0,-0.08432105237777321,-0.25094039304442417,-0.02130847906974609,-0.23072976112912924,-0.04621654987596935,-0.25118851273238996,0.009815545224405234,0.01826550738222287,-0.01896583641366332,0.015096771573041257,1864,0.6046137339055794
Connors RSI(2),"{""lo"": 10, ""ex"": 5, ""tf"": 200}",4h,0,2.5,-0.09660241807024861,-0.25541123896103923,-0.040834422093499634,-0.24472011275924266,-0.06274312700806928,-0.30671495299180973,0.0068803454091606285,0.01584085753757943,-0.019789672885152626,0.01248066548942238,1973,0.5980739989863153
Connors RSI(2),"{""lo"": 10, ""ex"": 5, ""tf"": 200}",4h,1,0.0,-0.006573281832786715,-0.13516893181841882,0.025250527599801398,-0.1469306101115042,0.013232022824193557,-0.1469306101115042,0.011328998109405512,0.020018865187552293,-0.00985697823058538,0.01676016503324725,1419,0.6173361522198731
Connors RSI(2),"{""lo"": 10, ""ex"": 5, ""tf"": 200}",4h,1,2.5,-0.027250702694259332,-0.14837835895030282,0.01128260434926509,-0.13459995591366725,-0.003486323119682444,-0.14837835895030282,0.010058992368614258,0.017675350974927045,-0.011242814762421567,0.014819216497559748,1501,0.6122584943371085
Connors RSI(2),"{""lo"": 10, ""ex"": 10, ""tf"": 0}",1h,0,0.0,-0.24626430150900291,-0.5595835701053923,-0.3790359515038344,-0.7795851825262992,-0.32679663263745573,-0.8643257823381311,0.042243411762894444,0.017783473949440198,-0.09750863242808315,0.02695595062948554,17467,0.6207705959809927
Connors RSI(2),"{""lo"": 10, ""ex"": 10, ""tf"": 0}",1h,0,2.5,-0.40255241533289066,-0.6777268063062748,-0.5329723766982377,-0.8922728021912412,-0.4829098040447578,-0.9568829694485941,0.021449238969222684,-0.010012817588483557,-0.11386020647116032,0.0017854536206562827,22156,0.6047571763856292
Connors RSI(2),"{""lo"": 10, ""ex"": 10, ""tf"": 0}",1h,1,0.0,0.01787368424452418,-0.22977789183415454,-0.16929854970735525,-0.5047997095123344,-0.09616575682069661,-0.5047997095123344,0.037788632466212696,0.021531859635551636,-0.047018588000720576,0.02762814944704953,8947,0.6260198949368504
Connors RSI(2),"{""lo"": 10, ""ex"": 10, ""tf"": 0}",1h,1,2.5,-0.0741614577893116,-0.2928925042727871,-0.2878421485451639,-0.6436659492408321,-0.20659868566971806,-0.6871646580537305,0.024812135847661607,-0.0010661487188441546,-0.042357424164005085,0.008638207993595506,11207,0.6132774159007763
Connors RSI(2),"{""lo"": 10, ""ex"": 10, ""tf"": 0}",4h,0,0.0,-0.20543871441450168,-0.4967054143324823,-0.20342262822320234,-0.6088303093675984,-0.20274883552611578,-0.7142295571656131,0.02353641785483978,0.04639671643979283,-0.08033760871770945,0.03782410447043544,4321,0.6398981717195094
Connors RSI(2),"{""lo"": 10, ""ex"": 10, ""tf"": 0}",4h,0,2.5,-0.3237317121879796,-0.5857768211267222,-0.2927968131040628,-0.7035497327093684,-0.3040019015369818,-0.8388115568612358,0.01585501207502322,0.03304368305178019,-0.09976842954579389,0.026597931435496325,5571,0.6124573685155268
Connors RSI(2),"{""lo"": 10, ""ex"": 10, ""tf"": 0}",4h,1,0.0,-0.02176214899069706,-0.20156115204898262,-0.06981822008364436,-0.39497219366314373,-0.04919563126597837,-0.39497219366314373,0.020535687083955343,0.027710683222499328,-0.02666854554748698,0.025020059670545335,2286,0.6286089238845144
Connors RSI(2),"{""lo"": 10, ""ex"": 10, ""tf"": 0}",4h,1,2.5,-0.06826017398459239,-0.2585633598376653,-0.1135962831925309,-0.45745808704364344,-0.09409648087662859,-0.47197437954809307,0.015855996108282304,0.016232089114834255,-0.02927775937375754,0.016091054237377275,2805,0.6074866310160428
Connors RSI(2),"{""lo"": 10, ""ex"": 10, ""tf"": 100}",1h,0,0.0,0.022250534888491824,-0.21626216868342663,-0.14007522158302965,-0.42008632545799507,-0.0781682570074822,-0.42008632545799507,0.03662270908506298,0.005504977316228913,-0.02672132464364846,0.01717412672954169,6708,0.6121049493142516
Connors RSI(2),"{""lo"": 10, ""ex"": 10, ""tf"": 100}",1h,0,2.5,-0.0882599287106074,-0.2430686989571198,-0.20298667471484566,-0.47703477498921554,-0.15879744313437572,-0.5671198084532274,0.019832546414873902,-0.002831436428732877,-0.030471917440227543,0.005667557137619665,7039,0.6019320926267936
Connors RSI(2),"{""lo"": 10, ""ex"": 10, ""tf"": 100}",1h,1,0.0,0.06121399307406361,-0.08575284964151486,-0.02553797698700888,-0.20924077023779208,0.008535167216017658,-0.20924077023779208,0.02436850510917215,0.00975788873780276,-0.013999593596244683,0.01523686987706628,3797,0.6260205425335792
Connors RSI(2),"{""lo"": 10, ""ex"": 10, ""tf"": 100}",1h,1,2.5,-0.0068765338157670275,-0.12415361768460897,-0.08026776893210319,-0.22617301727302996,-0.05152079011365496,-0.2640228236810269,0.013223442495402353,0.002321255803781249,-0.01296165299030061,0.0064095758131391635,3991,0.6163868704585317
Connors RSI(2),"{""lo"": 10, ""ex"": 10, ""tf"": 100}",4h,0,0.0,-0.011264454974431293,-0.26722341539373096,-0.10414002836275837,-0.3860068730781616,-0.06727591341394334,-0.3860068730781616,0.020832056886661714,0.020574347247374804,-0.025955570912341186,0.020670988362107397,1617,0.6221397649969078
Connors RSI(2),"{""lo"": 10, ""ex"": 10, ""tf"": 100}",4h,0,2.5,-0.035688326961892614,-0.19697764632992176,-0.12369307089938797,-0.39669972516485774,-0.08869618053547934,-0.4042661983203617,0.014186094384945669,0.014018589629845464,-0.024966392391020102,0.014081403913008042,1700,0.6152941176470588
Connors RSI(2),"{""lo"": 10, ""ex"": 10, ""tf"": 100}",4h,1,0.0,0.06872815650401942,-0.11784217242362072,0.012597141453436045,-0.1894047666673211,0.03549869690937402,-0.1894047666673211,0.02444475197015112,0.01839515618467745,-0.009012282215465142,0.020663754604230075,1119,0.6470062555853441
Connors RSI(2),"{""lo"": 10, ""ex"": 10, ""tf"": 100}",4h,1,2.5,0.03328329213497838,-0.12060298615148035,-0.012759664660024095,-0.1994212875420227,0.0062081861129246185,-0.1994212875420227,0.017763679942293466,0.012463869364287688,-0.008894339237842462,0.014451298331039855,1176,0.6428571428571429
Connors RSI(2),"{""lo"": 10, ""ex"": 10, ""tf"": 200}",1h,0,0.0,0.05977742404756925,-0.20647756331459266,-0.09654862814233434,-0.37578435966373813,-0.036544443242593316,-0.37578435966373813,0.04362930999406876,0.014333380329271376,-0.026675533094086497,0.025319353953570396,7113,0.6222409672430761
Connors RSI(2),"{""lo"": 10, ""ex"": 10, ""tf"": 200}",1h,0,2.5,-0.042705076787969865,-0.23826864496683942,-0.1855339130172562,-0.4738234200085665,-0.13069504950779665,-0.5193201198665514,0.026073438801277955,-0.0020689387951166186,-0.025802216841945426,0.008484452803531347,7762,0.6106673537748003
Connors RSI(2),"{""lo"": 10, ""ex"": 10, ""tf"": 200}",1h,1,0.0,0.08321117053985239,-0.10850100410953645,0.014962811159969336,-0.19161949333444916,0.04212131490630222,-0.19161949333444916,0.03254209557218218,0.018329325939872198,-0.01693445081432917,0.02365911455198844,4372,0.6356358645928637
Connors RSI(2),"{""lo"": 10, ""ex"": 10, ""tf"": 200}",1h,1,2.5,-0.0053520481050381985,-0.17416848411702912,-0.07641839878054668,-0.2568562116718145,-0.04820969873427061,-0.26475856547185006,0.019818682711029673,0.003615698868833254,-0.014934741269733029,0.009691817809656911,4789,0.6224681561912717
Connors RSI(2),"{""lo"": 10, ""ex"": 10, ""tf"": 200}",4h,0,0.0,-0.07681639341768964,-0.32794064894904573,-0.05884129464579335,-0.34471938588449336,-0.06503721150964092,-0.373966064920211,0.01927452521086528,0.025373787074080594,-0.030738655445022432,0.02308656387537485,1670,0.6287425149700598
Connors RSI(2),"{""lo"": 10, ""ex"": 10, ""tf"": 200}",4h,0,2.5,-0.07562565183630565,-0.2562549816706906,-0.10306788163776559,-0.40497785769271777,-0.0911464879295083,-0.4408895569668937,0.01588057428013439,0.017974490689628485,-0.027437097198724066,0.0171892720360682,1831,0.6133260513380666
Connors RSI(2),"{""lo"": 10, ""ex"": 10, ""tf"": 200}",4h,1,0.0,0.03853824938866168,-0.12095377892379289,0.029515018297343154,-0.20763931145861148,0.034212094111310654,-0.20763931145861148,0.021901818348898247,0.026296699063314333,-0.01461480746492283,0.024648618795408302,1283,0.6477007014809041
Connors RSI(2),"{""lo"": 10, ""ex"": 10, ""tf"": 200}",4h,1,2.5,0.0018077419106452552,-0.1345004955183643,-0.02166405657836168,-0.255695144739139,-0.01125945327432365,-0.255695144739139,0.017067374648428175,0.0206968424903582,-0.015804594755566698,0.01933579204963444,1408,0.6349431818181818
Connors RSI(2),"{""lo"": 15, ""ex"": 5, ""tf"": 0}",1h,0,0.0,-0.4567039677099517,-0.7276281364288055,-0.5442894817054833,-0.8996996752195802,-0.5096800416464582,-0.9638155091727936,0.001201889354565444,0.006551922843220741,-0.12234381973161726,0.0045456602849750045,27711,0.5877449388329544
Connors RSI(2),"{""lo"": 15, ""ex"": 5, ""tf"": 0}",1h,0,2.5,-0.5629106338186832,-0.8050945164253706,-0.6477981861032843,-0.9474349501893198,-0.6148538298913026,-0.9879664075320675,-0.012658437011783708,-0.020080400347184137,-0.1431679700825158,-0.01729716409640898,32403,0.5856556491682869
Connors RSI(2),"{""lo"": 15, ""ex"": 5, ""tf"": 0}",1h,1,0.0,-0.16828461428044938,-0.4194041707017423,-0.27126849938805564,-0.6359460133923951,-0.22970757062791813,-0.7204896663943077,0.013352540873337716,0.014187775384719485,-0.05598190960911368,0.013874562442951321,14367,0.5942089510684206
Connors RSI(2),"{""lo"": 15, ""ex"": 5, ""tf"": 0}",1h,1,2.5,-0.24522722187602808,-0.4819233431704143,-0.37418242456646333,-0.7451591889295619,-0.3236592166771587,-0.8450332142014458,0.0007567402087487432,-0.007361200310098467,-0.0568854675413094,-0.004316972615530763,16677,0.592372728908077
Connors RSI(2),"{""lo"": 15, ""ex"": 5, ""tf"": 0}",4h,0,0.0,-0.3696414451713892,-0.6489496137928765,-0.2882120364548314,-0.7081910985094566,-0.32061597767633,-0.8453864259140038,0.0213230691717821,0.027842045196096062,-0.09040371788704402,0.025397429186978324,6836,0.6067875950848449
Connors RSI(2),"{""lo"": 15, ""ex"": 5, ""tf"": 0}",4h,0,2.5,-0.4585593125054994,-0.7242737566261368,-0.35474358828997066,-0.760678587329236,-0.3972329546649841,-0.9067505913554986,0.015804511893375665,0.016416365798376367,-0.10858613967325983,0.016186920584001105,8033,0.6006473297647206
Connors RSI(2),"{""lo"": 15, ""ex"": 5, ""tf"": 0}",4h,1,0.0,-0.12449078110705936,-0.3700723985164296,-0.09149502592471703,-0.4272175695163519,-0.10315783007454771,-0.43712277801469823,0.01902324340280908,0.02164825605688047,-0.031533096906167846,0.0206638763116037,3531,0.5984140470121778
Connors RSI(2),"{""lo"": 15, ""ex"": 5, ""tf"": 0}",4h,1,2.5,-0.17287000991836354,-0.4193640760109896,-0.1132016639985155,-0.4209324856931558,-0.13594247045450358,-0.5252315119937311,0.014456599209065897,0.011535580443296197,-0.03222737646756073,0.012630962480459834,4056,0.5927021696252466
Connors RSI(2),"{""lo"": 15, ""ex"": 5, ""tf"": 100}",1h,0,0.0,-0.15099517037246069,-0.3640820646301215,-0.22946842170499626,-0.5422598719820728,-0.1987810446264735,-0.6639239886291218,0.019071175583394898,0.0007110819178556198,-0.040926720537742094,0.007596117042432848,10821,0.5804454301820534
Connors RSI(2),"{""lo"": 15, ""ex"": 5, ""tf"": 100}",1h,0,2.5,-0.22730142834593403,-0.4323806683916914,-0.27851629647085807,-0.6009869715428138,-0.25823393519363813,-0.7599950539290307,0.004085759958580626,-0.007141172698148246,-0.04432659502616013,-0.002931072951874919,11225,0.5789755011135858
Connors RSI(2),"{""lo"": 15, ""ex"": 5, ""tf"": 100}",1h,1,0.0,-0.03814632542610341,-0.1820043950419027,-0.05399393800429797,-0.23727532324146394,-0.04757393409558386,-0.24091221375470695,0.010392826044901524,0.006473406046048824,-0.017434701402572285,0.007943188545618587,6269,0.5935555910033499
Connors RSI(2),"{""lo"": 15, ""ex"": 5, ""tf"": 100}",1h,1,2.5,-0.09657712021970954,-0.23590299468996978,-0.11737169652173884,-0.3059214146371305,-0.10896832140531554,-0.43800418664961904,-0.00032600585438247176,-0.001737466971858089,-0.0172059232774475,-0.0012081690528047324,6508,0.5909649661954518
Connors RSI(2),"{""lo"": 15, ""ex"": 5, ""tf"": 100}",4h,0,0.0,-0.0201829891415769,-0.17026602283250536,-0.09220121439402906,-0.3743315409588859,-0.06340476644621507,-0.3743315409588859,0.01958309177563986,0.014621964534009657,-0.015527979070974147,0.01648238724962098,2537,0.6074103271580606
Connors RSI(2),"{""lo"": 15, ""ex"": 5, ""tf"": 100}",4h,0,2.5,-0.0666171077734401,-0.2041175384438776,-0.11858368228074778,-0.3981756689452164,-0.09751819470527623,-0.3981756689452164,0.010497081327077655,0.0101097031192018,-0.01594528887843763,0.010254969947155246,2632,0.6041033434650456
Connors RSI(2),"{""lo"": 15, ""ex"": 5, ""tf"": 100}",4h,1,0.0,0.02674083395871829,-0.13937416116831558,0.008220998617097353,-0.22645979304431718,0.01621293404644586,-0.22645979304431718,0.02459099007656265,0.015242437605002258,-0.007903429273260855,0.018748144781837405,1741,0.6197587593337163
Connors RSI(2),"{""lo"": 15, ""ex"": 5, ""tf"": 100}",4h,1,2.5,-0.0013291257034274695,-0.1448244925662623,-0.02316777096952316,-0.24467266463817527,-0.013864725655194032,-0.24467266463817527,0.01829601104207031,0.010763535669173518,-0.007844874788684661,0.013588213934009816,1809,0.6169154228855721
Connors RSI(2),"{""lo"": 15, ""ex"": 5, ""tf"": 200}",1h,0,0.0,-0.139954459969714,-0.3734529161000929,-0.20817995144362378,-0.5225306007617212,-0.18131188313227764,-0.6398093362370979,0.018377005951795145,0.005510108631992875,-0.038779045011249416,0.010335195126918726,11331,0.5877680698967435
Connors RSI(2),"{""lo"": 15, ""ex"": 5, ""tf"": 200}",1h,0,2.5,-0.2039127527550041,-0.4234914597664592,-0.27020144577349026,-0.5977213223270371,-0.24410463332864274,-0.7479949042113714,0.004003039675942276,-0.009015499858259913,-0.03765781073890794,-0.004133547532934091,12063,0.5857581032910553
Connors RSI(2),"{""lo"": 15, ""ex"": 5, ""tf"": 200}",1h,1,0.0,-0.04890091051937062,-0.2194951866102588,-0.0538476832223852,-0.23344835477773362,-0.05169788637068251,-0.2686606376593502,0.011980798853958554,0.009682900980275029,-0.020112572829516638,0.010544612682906351,7042,0.5996875887531952
Connors RSI(2),"{""lo"": 15, ""ex"": 5, ""tf"": 200}",1h,1,2.5,-0.11582121501206444,-0.2779772936424001,-0.12612602939073614,-0.34022625629432013,-0.12181424499236204,-0.4825625424843498,0.00019949767247610475,-0.003838113370928394,-0.017828740554865004,-0.002324009229651707,7510,0.5969374167776298
Connors RSI(2),"{""lo"": 15, ""ex"": 5, ""tf"": 200}",4h,0,0.0,-0.11170382017540326,-0.3201556575472523,-0.06947282147974942,-0.34096804146765547,-0.08541459892030412,-0.3667222869531058,0.017103449067825818,0.016974770511818518,-0.024237519981378512,0.017023024970321255,2633,0.6042537030003798
Connors RSI(2),"{""lo"": 15, ""ex"": 5, ""tf"": 200}",4h,0,2.5,-0.12147964271070477,-0.32055551258489123,-0.10024248177144823,-0.3891511715317464,-0.10761800999326221,-0.4350111356367161,0.013073816629507006,0.012167651908234382,-0.023004987625809457,0.012507463678711616,2814,0.6002132196162047
Connors RSI(2),"{""lo"": 15, ""ex"": 5, ""tf"": 200}",4h,1,0.0,-0.006671778722398769,-0.19923491663839377,-0.006559444634724687,-0.25620296870670345,-0.00534198715716383,-0.25620296870670345,0.02057039226089035,0.018599976346316795,-0.013436315997089505,0.01933888231428188,1996,0.6142284569138277
Connors RSI(2),"{""lo"": 15, ""ex"": 5, ""tf"": 200}",4h,1,2.5,-0.03842890887058825,-0.21763903121580164,-0.03571868465290717,-0.2611936785248533,-0.03556313321531057,-0.2611936785248533,0.018407567109606584,0.01426314339276548,-0.015247513053902671,0.015817302286580893,2141,0.610929472209248
Connors RSI(2),"{""lo"": 15, ""ex"": 10, ""tf"": 0}",1h,0,0.0,-0.4129983575594922,-0.7157192972411499,-0.5169944903506394,-0.883614488340166,-0.47587544686958894,-0.9536315751537934,0.032046762201443486,0.015545492052051987,-0.13324658974076395,0.0217334683580738,22976,0.635750348189415
Connors RSI(2),"{""lo"": 15, ""ex"": 10, ""tf"": 0}",1h,0,2.5,-0.5473787703451812,-0.8035308800902814,-0.6639638035775661,-0.9544523089201746,-0.6199524860552413,-0.9890747824910128,0.011374835877672481,-0.020854111313111538,-0.15703858940681653,-0.00876825611656753,29037,0.6167992561215001
Connors RSI(2),"{""lo"": 15, ""ex"": 10, ""tf"": 0}",1h,1,0.0,-0.0796901856898754,-0.34574639678960795,-0.2479127561606581,-0.60972962623335,-0.18185946542779596,-0.6443570732083446,0.031804558613713195,0.02199910058944737,-0.06067290282686345,0.025676147348547052,11913,0.6416519768320322
Connors RSI(2),"{""lo"": 15, ""ex"": 10, ""tf"": 0}",1h,1,2.5,-0.17347479335027727,-0.4149619895068636,-0.3960812162775378,-0.7721790336153731,-0.31285019943688974,-0.837599404387521,0.017421393372435867,-0.008097836908339547,-0.06132347200097494,0.0014718744469512334,14899,0.6247399154305658
Connors RSI(2),"{""lo"": 15, ""ex"": 10, ""tf"": 0}",4h,0,0.0,-0.23744531149926373,-0.5288196920637283,-0.30110139779706946,-0.7360619221821945,-0.2746392473804312,-0.8122730807418587,0.03701694304836416,0.05052694740253607,-0.09839996460558482,0.04546069576972161,5619,0.6531411283146468
Connors RSI(2),"{""lo"": 15, ""ex"": 10, ""tf"": 0}",4h,0,2.5,-0.3388204529770126,-0.6208883250941031,-0.36517336334528794,-0.7855570364083675,-0.35324749206774664,-0.8823834735325303,0.032481569760150646,0.03574958529928863,-0.1146563697990197,0.034524079472111883,7170,0.6263598326359833
Connors RSI(2),"{""lo"": 15, ""ex"": 10, ""tf"": 0}",4h,1,0.0,-0.03988936405180343,-0.2867320094268423,-0.11790272838317928,-0.47938023601428215,-0.08551854128451164,-0.47938023601428215,0.032307165424799264,0.030638619662632992,-0.03620644519192434,0.03126432432344534,2989,0.6410170625627301
Connors RSI(2),"{""lo"": 15, ""ex"": 10, ""tf"": 0}",4h,1,2.5,-0.08295398763788708,-0.325196449957429,-0.14634433526923785,-0.5113956968247735,-0.11962088111553293,-0.5235193459312496,0.029101110012200962,0.017118632803360574,-0.03705678233326573,0.02161206175667572,3671,0.6191773358757832
Connors RSI(2),"{""lo"": 15, ""ex"": 10, ""tf"": 100}",1h,0,0.0,-0.02912028752874496,-0.2332607175047403,-0.212367641693328,-0.5722657955516537,-0.14314913233729853,-0.5722657955516537,0.038864980152287155,0.0052743772946374145,-0.03818499118108163,0.01787085336625607,9797,0.6333571501480045
Connors RSI(2),"{""lo"": 15, ""ex"": 10, ""tf"": 100}",1h,0,2.5,-0.1501270953350422,-0.32906844038686645,-0.2865515291468559,-0.6088380397154181,-0.2345251337356946,-0.7187937838172965,0.01769667436638235,-0.007616082735071461,-0.04143575165285198,0.0018762011779737177,10334,0.6232823688794271
Connors RSI(2),"{""lo"": 15, ""ex"": 10, ""tf"": 100}",1h,1,0.0,0.034206827050740296,-0.1213317843550713,-0.04708312892154631,-0.3093830184481655,-0.014949995339052502,-0.3093830184481655,0.02341185736454421,0.012066104865650443,-0.02000157875318865,0.016320762052735607,5643,0.6450469608364345
Connors RSI(2),"{""lo"": 15, ""ex"": 10, ""tf"": 100}",1h,1,2.5,-0.04629483493411923,-0.17080632362246562,-0.12747205340685375,-0.33341768658337945,-0.09563470020716547,-0.39752991857007114,0.009800656917170173,-0.0010448364016890125,-0.01738494656933407,0.0030222235928831823,5958,0.6352802954011413
Connors RSI(2),"{""lo"": 15, ""ex"": 10, ""tf"": 100}",4h,0,0.0,0.006922075366695868,-0.2429500991183643,-0.13284790295409843,-0.4622641649126631,-0.07867672568648432,-0.4622641649126631,0.03344509983228858,0.025913516601436697,-0.03185627840753177,0.028737860313006153,2316,0.6481001727115717
Connors RSI(2),"{""lo"": 15, ""ex"": 10, ""tf"": 100}",4h,0,2.5,-0.011417470997388324,-0.1647671591410923,-0.14998891230328493,-0.4667351079213228,-0.09630516298947822,-0.4667351079213228,0.024411468881232468,0.017458606499893593,-0.026940975346487303,0.02006592989289567,2451,0.6372909016727866
Connors RSI(2),"{""lo"": 15, ""ex"": 10, ""tf"": 100}",4h,1,0.0,0.07974224225305648,-0.13780839870686212,0.010046594795394936,-0.20674257418296726,0.03810493464144571,-0.20674257418296726,0.03721841970260795,0.022867784714215387,-0.014714594133197714,0.028249272834862598,1593,0.6672944130571249
Connors RSI(2),"{""lo"": 15, ""ex"": 10, ""tf"": 100}",4h,1,2.5,0.048466506655805874,-0.128795973268238,-0.019538774459217145,-0.2224539682968868,0.007850693868311165,-0.2224539682968868,0.028151140954535303,0.014912864071747285,-0.011645127862865097,0.01987721790279279,1691,0.6570076877587226
Connors RSI(2),"{""lo"": 15, ""ex"": 10, ""tf"": 200}",1h,0,0.0,-0.039124129595991985,-0.28360964091253704,-0.17551093329204825,-0.5287225056018727,-0.12302326762926918,-0.5287225056018727,0.0404569090901923,0.015294387587860428,-0.038746713942636464,0.02473033315123488,9996,0.6355542216886755
Connors RSI(2),"{""lo"": 15, ""ex"": 10, ""tf"": 200}",1h,0,2.5,-0.13797041147187816,-0.3592613600753761,-0.27633710272900336,-0.6124607749865176,-0.22343650987064423,-0.7130804859056921,0.01938091237430713,-0.00813218449249824,-0.0361726273772806,0.0021852268325537744,10993,0.6233967069953606
Connors RSI(2),"{""lo"": 15, ""ex"": 10, ""tf"": 200}",1h,1,0.0,0.028892689683400752,-0.16488191068033242,-0.02075111713333022,-0.2782595867634269,-0.000831540393035235,-0.2782595867634269,0.028970046335930772,0.020327454387118346,-0.02369387030147857,0.023568426367923005,6180,0.6490291262135922
Connors RSI(2),"{""lo"": 15, ""ex"": 10, ""tf"": 200}",1h,1,2.5,-0.06482320384214824,-0.23987841550354472,-0.1376545638338924,-0.3727876039121102,-0.1088366111746023,-0.4510172255195728,0.013952770789137432,-0.002084655229829709,-0.01974871484725193,0.003929379527282968,6823,0.6356441448043383
Connors RSI(2),"{""lo"": 15, ""ex"": 10, ""tf"": 200}",4h,0,0.0,-0.04859284893117899,-0.30489234511040275,-0.07597380390235664,-0.400937352241833,-0.06366416108076356,-0.400937352241833,0.030438984218921994,0.02935875373673739,-0.03273559799423494,0.029763840167556618,2341,0.6505766766339172
Connors RSI(2),"{""lo"": 15, ""ex"": 10, ""tf"": 200}",4h,0,2.5,-0.04601951680377847,-0.24792687093603105,-0.12384353708434226,-0.4582194144885996,-0.09205631852070251,-0.4582194144885996,0.028165294148447026,0.019308491905521818,-0.028523494189274266,0.022629792746618773,2582,0.6336173508907823
Connors RSI(2),"{""lo"": 15, ""ex"": 10, ""tf"": 200}",4h,1,0.0,0.05624235674379352,-0.14640617956449986,0.021593353398585702,-0.23974797670498815,0.036862500855136204,-0.23974797670498815,0.03366820807862701,0.02910747632879971,-0.018259424013323082,0.03081775073498495,1789,0.6668529904974846
Connors RSI(2),"{""lo"": 15, ""ex"": 10, ""tf"": 200}",4h,1,2.5,0.02162077742483315,-0.16010732124457094,-0.034731696656663535,-0.293959109658139,-0.011058151155481477,-0.293959109658139,0.03047104755762447,0.021167421338761712,-0.019107465222600428,0.024656281170835247,1982,0.6508577194752775
Connors RSI(2),"{""lo"": 25, ""ex"": 5, ""tf"": 0}",1h,0,0.0,-0.6704018520597397,-0.8852099019774409,-0.6717171628891673,-0.9595218695691039,-0.670267391017949,-0.9941116779312982,-0.022938245795816,-0.005140259490016841,-0.1668666114503063,-0.011814504354691524,39206,0.5885833800948834
Connors RSI(2),"{""lo"": 25, ""ex"": 5, ""tf"": 0}",1h,0,2.5,-0.7493735301260438,-0.9243954952161381,-0.7669575239554179,-0.9829622673884029,-0.7593494070270834,-0.9986054095452148,-0.04678455453420528,-0.039963324765982335,-0.18846211782289496,-0.042521285929065934,45672,0.586595726046593
Connors RSI(2),"{""lo"": 25, ""ex"": 5, ""tf"": 0}",1h,1,0.0,-0.3430397747075129,-0.59493476341507,-0.39232916486771663,-0.780429716996699,-0.3715312572324343,-0.8879187086960048,-0.00016459865382276482,0.003007964684208771,-0.07303799772931503,0.0018182534324469452,20318,0.5905108770548282
Connors RSI(2),"{""lo"": 25, ""ex"": 5, ""tf"": 0}",1h,1,2.5,-0.42682511549781965,-0.6561922735092272,-0.5099934965907581,-0.8688554997242451,-0.47692136058900536,-0.9511850406306132,-0.019619628677170858,-0.026952249771804365,-0.07494094159683692,-0.0242025168613168,23561,0.5906795127541276
Connors RSI(2),"{""lo"": 25, ""ex"": 5, ""tf"": 0}",4h,0,0.0,-0.3659090906770398,-0.6689208011269884,-0.3841459007576976,-0.7984071258732475,-0.3755131693374557,-0.9013524345258913,0.048574078536844985,0.027708208234812754,-0.1141593110558162,0.03553290959807484,9598,0.6159616586788914
Connors RSI(2),"{""lo"": 25, ""ex"": 5, ""tf"": 0}",4h,0,2.5,-0.4748457912533496,-0.7527353487150964,-0.4560486777380559,-0.8491190247821273,-0.46240865896376393,-0.948467088680809,0.038658371557558566,0.016288824096681916,-0.13424076235627352,0.02467740439451066,11185,0.6090299508270004
Connors RSI(2),"{""lo"": 25, ""ex"": 5, ""tf"": 0}",4h,1,0.0,-0.09749514700084339,-0.3654890928051663,-0.13372906378927063,-0.4610580243291018,-0.11760966177531551,-0.49537688994953744,0.029637333623741633,0.025100526287493773,-0.04154596613042874,0.02680182903858672,4998,0.6120448179271709
Connors RSI(2),"{""lo"": 25, ""ex"": 5, ""tf"": 0}",4h,1,2.5,-0.17235309986583214,-0.43086352086033985,-0.17200174995178008,-0.5154014744355726,-0.1704323753376722,-0.6193746901243434,0.019858051475658063,0.014496946641760444,-0.043307904216382274,0.016507360954472052,5721,0.605138961719979
Connors RSI(2),"{""lo"": 25, ""ex"": 5, ""tf"": 100}",1h,0,0.0,-0.2422831585131281,-0.48351596961592425,-0.3826250671110769,-0.7536816008614915,-0.3296312801071525,-0.8497961734205883,0.017561054937091123,-0.008150099084915936,-0.05792681788511471,0.0014915836733367105,16970,0.5843842074248674
Connors RSI(2),"{""lo"": 25, ""ex"": 5, ""tf"": 100}",1h,0,2.5,-0.3243356633158542,-0.5366220387366799,-0.4329444408939812,-0.7912407508557042,-0.3914891559713839,-0.9014704721151989,-0.003485797623807136,-0.020320170335614247,-0.05958120161385792,-0.014007280568686581,17741,0.5829434642917536
Connors RSI(2),"{""lo"": 25, ""ex"": 5, ""tf"": 100}",1h,1,0.0,-0.11572634824162642,-0.29880107049547355,-0.1333058457402032,-0.37752955877886063,-0.12616670353083503,-0.48358356235750033,0.008407295693535698,0.0003393687103246131,-0.0243871701392303,0.00336484132902877,9817,0.5954976061933381
Connors RSI(2),"{""lo"": 25, ""ex"": 5, ""tf"": 100}",1h,1,2.5,-0.19320944368713544,-0.3535402237434546,-0.21468320204146185,-0.4895042234477155,-0.2059790795881824,-0.6638609547188774,-0.008053476608769601,-0.012617315251204908,-0.02415601714370725,-0.010905875760291667,10289,0.593449314802216
Connors RSI(2),"{""lo"": 25, ""ex"": 5, ""tf"": 100}",4h,0,0.0,-0.0356723310930559,-0.2305200582256446,-0.16143558289984794,-0.49653249951693235,-0.1125382283386771,-0.49653249951693235,0.03427400240932975,0.014951890449648123,-0.02788205228909764,0.022197682434528732,3978,0.6178984414278532
Connors RSI(2),"{""lo"": 25, ""ex"": 5, ""tf"": 100}",4h,0,2.5,-0.07696567457286319,-0.23661385049718098,-0.18942719232619543,-0.5281745359284262,-0.14550781803127288,-0.5347472701312759,0.020977362573853124,0.007982468935987641,-0.025714330871349424,0.012855554050187198,4163,0.6147009368244055
Connors RSI(2),"{""lo"": 25, ""ex"": 5, ""tf"": 100}",4h,1,0.0,0.05143372397571877,-0.1704976469157632,-0.03747945396276464,-0.3139533272517451,-0.002172170328257561,-0.3139533272517451,0.03278727198460122,0.016422260902749793,-0.014352768468396476,0.022559140058444078,2714,0.6260132645541636
Connors RSI(2),"{""lo"": 25, ""ex"": 5, ""tf"": 100}",4h,1,2.5,-0.0057934266233096166,-0.19234667474309475,-0.07131474965420193,-0.3368593935123757,-0.04497263277642294,-0.3368593935123757,0.022118133737050086,0.009942871083001181,-0.014414029170629415,0.01450859457826952,2850,0.623859649122807
Connors RSI(2),"{""lo"": 25, ""ex"": 5, ""tf"": 200}",1h,0,0.0,-0.2541537746557787,-0.4888046454585022,-0.35267864539645455,-0.7265731471587289,-0.31467554336653714,-0.836369344853095,0.015054997674129014,-0.0005538153314926797,-0.057244144444667834,0.005299489545615456,17242,0.5896647720682056
Connors RSI(2),"{""lo"": 25, ""ex"": 5, ""tf"": 200}",1h,0,2.5,-0.3490732479619292,-0.5725717236024931,-0.4133049372854126,-0.7743588832463192,-0.3881479084200895,-0.901102727382178,-0.009076546222311466,-0.0200771204073534,-0.05676760768195947,-0.015951905087962678,18475,0.5876048714479025
Connors RSI(2),"{""lo"": 25, ""ex"": 5, ""tf"": 200}",1h,1,0.0,-0.14882584192706638,-0.330044540235111,-0.1329776260487917,-0.38997840907576176,-0.13920908086399086,-0.5217413212725,0.006046343591151995,0.004089664541836124,-0.026103430264175574,0.004823419185329576,10652,0.5970709725873076
Connors RSI(2),"{""lo"": 25, ""ex"": 5, ""tf"": 200}",1h,1,2.5,-0.23946548750147323,-0.42004187191504105,-0.22459802645896798,-0.5147043889519519,-0.23040061520332655,-0.7113936861217467,-0.013020434086678807,-0.014903283989689809,-0.0243876181868896,-0.014197215276060682,11462,0.5953585761647182
Connors RSI(2),"{""lo"": 25, ""ex"": 5, ""tf"": 200}",4h,0,0.0,-0.09578865099364631,-0.3291326297645104,-0.1168449872165972,-0.4257967337495894,-0.10718462163892928,-0.44456363512303065,0.0309645769882056,0.016564225525333157,-0.031235006540879615,0.021964357323910323,3967,0.6135618855558357
Connors RSI(2),"{""lo"": 25, ""ex"": 5, ""tf"": 200}",4h,0,2.5,-0.13005638773538797,-0.3470624744925638,-0.16143428963729545,-0.49849316817959444,-0.1477538915877361,-0.5529480358443493,0.02239679036568893,0.009919148148076004,-0.031175672342309974,0.01459826397968085,4272,0.6097846441947565
Connors RSI(2),"{""lo"": 25, ""ex"": 5, ""tf"": 200}",4h,1,0.0,0.02237640386969697,-0.20691400991858833,-0.03993767822025496,-0.30613488669295663,-0.014088530544048017,-0.30613488669295663,0.032229705752797405,0.019632160853110644,-0.020067062231423904,0.024356240190493178,3006,0.6254158349966733
Connors RSI(2),"{""lo"": 25, ""ex"": 5, ""tf"": 200}",4h,1,2.5,-0.03764155716876105,-0.24195798281169456,-0.08069935012855145,-0.35449289710470167,-0.06236739565835936,-0.35449289710470167,0.02463282001513821,0.013795428190432469,-0.022072341842743114,0.017859450124697123,3256,0.6219287469287469
Connors RSI(2),"{""lo"": 25, ""ex"": 10, ""tf"": 0}",1h,0,0.0,-0.6135612565516044,-0.8532286459010598,-0.6422396135318569,-0.9478801415087892,-0.6296855611028009,-0.9902243009680286,0.008502950726877222,0.0033048652350648427,-0.16718700956730934,0.005254147294494485,33463,0.62968054268894
Connors RSI(2),"{""lo"": 25, ""ex"": 10, ""tf"": 0}",1h,0,2.5,-0.7292250816574587,-0.9145995665072435,-0.7735488460223494,-0.9836875960305058,-0.7558030206965602,-0.998547557647608,-0.023872945628225825,-0.04260718161674958,-0.19488167380301072,-0.035581843121053176,41302,0.6142559682339839
Connors RSI(2),"{""lo"": 25, ""ex"": 10, ""tf"": 0}",1h,1,0.0,-0.24100974234157957,-0.5028363532958016,-0.35658769217539577,-0.7388036517563468,-0.31035117055711425,-0.8357136995809914,0.018822796999859916,0.010468385602796119,-0.07104612125100326,0.013601289876695044,17395,0.6337453291175625
Connors RSI(2),"{""lo"": 25, ""ex"": 10, ""tf"": 0}",1h,1,2.5,-0.3563555686616501,-0.5890653423287595,-0.5160898826356148,-0.8687368031464795,-0.4556935728878332,-0.9437611270425043,-0.0049239744474014226,-0.029164417572438713,-0.07336257799098411,-0.02007425140054973,21318,0.6204615817618914
Connors RSI(2),"{""lo"": 25, ""ex"": 10, ""tf"": 0}",4h,0,0.0,-0.21439493658944675,-0.5339201927852215,-0.3505762130231822,-0.7784966322647194,-0.2974480213546402,-0.8412519431130253,0.061222045589286206,0.054255025132176345,-0.11563589461903978,0.05686765780359254,8170,0.6719706242350061
Connors RSI(2),"{""lo"": 25, ""ex"": 10, ""tf"": 0}",4h,0,2.5,-0.35563397976963673,-0.6546766314225352,-0.41788161941025515,-0.8278755675356183,-0.3922025847123023,-0.9143642654410292,0.050296721917472365,0.04095495622292743,-0.13427949861539207,0.04445811835838178,10117,0.6457447860037561
Connors RSI(2),"{""lo"": 25, ""ex"": 10, ""tf"": 0}",4h,1,0.0,-0.0016290231559291657,-0.2704498903157114,-0.1281663453146522,-0.4873398246445285,-0.07748232653829945,-0.4873398246445285,0.04233572472201039,0.037025635485096214,-0.04346145515369058,0.03901691894893903,4400,0.6677272727272727
Connors RSI(2),"{""lo"": 25, ""ex"": 10, ""tf"": 0}",4h,1,2.5,-0.07592577564392333,-0.3291713498490414,-0.16858620156378124,-0.5387641849368519,-0.1306792732103187,-0.554380340227276,0.03350948248067001,0.024430498325715422,-0.04560670118658237,0.027835117383823393,5287,0.6457348212596936
Bollinger reversie,"{""n"": 20, ""k"": 1.5, ""tf"": 0}",1h,0,0.0,-0.38974985902449855,-0.7103978905300463,-0.31713515791731217,-0.7131321699747162,-0.3452734060984278,-0.8776410197710821,0.03598633377921212,0.02104958846959819,-0.11032142171480928,0.026650867960703414,10164,0.6341007477371113
Bollinger reversie,"{""n"": 20, ""k"": 1.5, ""tf"": 0}",1h,0,2.5,-0.5261418612537966,-0.7917686497791386,-0.5141049420419471,-0.871781644438897,-0.5174546325233815,-0.967234908888875,0.01802397306461598,-0.016770670797809303,-0.13105896673887535,-0.003722679349399821,15461,0.5760946898648212
Bollinger reversie,"{""n"": 20, ""k"": 1.5, ""tf"": 0}",1h,1,0.0,-0.09821253686077747,-0.3844852885262333,-0.1390911016550973,-0.443012146365388,-0.12051519219737439,-0.49036092222988414,0.029807112248654646,0.019140004851649454,-0.04667567363557325,0.0231401701255264,5278,0.629973474801061
Bollinger reversie,"{""n"": 20, ""k"": 1.5, ""tf"": 0}",1h,1,2.5,-0.1684317737442368,-0.41423287062318126,-0.29962868077893245,-0.6500657743785041,-0.2476237849769103,-0.7485563210497896,0.017107085382378942,-0.01123468521940305,-0.04670973016688493,-0.0006065212437348042,7824,0.5800102249488752
Bollinger reversie,"{""n"": 20, ""k"": 1.5, ""tf"": 0}",4h,0,0.0,-0.3875492103907443,-0.6801364249850064,-0.20259640315596283,-0.6263120667764904,-0.280543360475651,-0.8290620424451601,0.01937207383937847,0.04408129258984661,-0.11191877215369384,0.034815335558421055,2390,0.6188284518828452
Bollinger reversie,"{""n"": 20, ""k"": 1.5, ""tf"": 0}",4h,0,2.5,-0.4743780795645982,-0.7523524923518485,-0.26722976633543405,-0.6619417317380349,-0.35666949331264397,-0.883642527810801,0.01267549671358338,0.03427608583985238,-0.12800207344612655,0.026175864917501502,3710,0.5617250673854447
Bollinger reversie,"{""n"": 20, ""k"": 1.5, ""tf"": 0}",4h,1,0.0,-0.009702386040883804,-0.23092131781864567,-0.06703899475909192,-0.35049932862440947,-0.041953779540906955,-0.35049932862440947,0.031000039726143316,0.026709188144781553,-0.03620137640256116,0.028318257487792212,1330,0.6203007518796992
Bollinger reversie,"{""n"": 20, ""k"": 1.5, ""tf"": 0}",4h,1,2.5,-0.019569636342634755,-0.23432993876101538,-0.08837660865581709,-0.3830221142497162,-0.058922445918381805,-0.3830221142497162,0.02975473774557522,0.018434024627718208,-0.035988186220836806,0.022679292046914587,1866,0.57502679528403
Bollinger reversie,"{""n"": 20, ""k"": 1.5, ""tf"": 200}",1h,0,0.0,0.04619363735527937,-0.146187479966704,-0.12151499751384887,-0.4095774729217082,-0.05778727590154897,-0.4095774729217082,0.030965101348793624,0.013355848683618936,-0.025297895899956603,0.019959318433059443,3914,0.629535002554931
Bollinger reversie,"{""n"": 20, ""k"": 1.5, ""tf"": 200}",1h,0,2.5,-0.05465012269662317,-0.1928191925786884,-0.16972920594318974,-0.41653786699567397,-0.12533370105701735,-0.4727650611541624,0.016564234605822212,-0.008210768868353686,-0.022301479185764583,0.0010798574344622752,4582,0.597773897861196
Bollinger reversie,"{""n"": 20, ""k"": 1.5, ""tf"": 200}",1h,1,0.0,0.07593768123938327,-0.10668019641099868,0.0015263435665830993,-0.24607536662893814,0.030697200890285714,-0.24607536662893814,0.028168748753121378,0.015115177657522617,-0.01738912826950218,0.02001026681837215,2468,0.6389789303079416
Bollinger reversie,"{""n"": 20, ""k"": 1.5, ""tf"": 200}",1h,1,2.5,-0.019908106311117724,-0.16847839506096685,-0.07136043730783737,-0.2332454765792238,-0.05103190140161484,-0.2617213534261369,0.015393555170213173,-0.004204269588305828,-0.014009246690208386,0.003144914696138798,2910,0.6054982817869415
Bollinger reversie,"{""n"": 20, ""k"": 1.5, ""tf"": 200}",4h,0,0.0,-0.07528454129831452,-0.3633561030689455,-0.0101392152820039,-0.22910993772629762,-0.03485562442081913,-0.3633561030689455,0.029051910289695573,0.020812878582395333,-0.03399980600247916,0.02390251547263292,874,0.6350114416475973
Bollinger reversie,"{""n"": 20, ""k"": 1.5, ""tf"": 200}",4h,0,2.5,-0.08532586080754312,-0.3196893264842974,-0.06725797566621661,-0.28260016137667,-0.07268239115422892,-0.34874654503717495,0.02346464422717418,0.01401924045141949,-0.029068632751652994,0.017561266867327497,1017,0.5880039331366765
Bollinger reversie,"{""n"": 20, ""k"": 1.5, ""tf"": 200}",4h,1,0.0,0.07295926614212145,-0.12139228981439443,0.056036141594160815,-0.1355325977033871,0.06482209467978861,-0.1355325977033871,0.032228331505290884,0.02073854689044051,-0.01228419195394756,0.025047216121009398,694,0.6613832853025937
Bollinger reversie,"{""n"": 20, ""k"": 1.5, ""tf"": 200}",4h,1,2.5,0.05526488616728087,-0.12996498164030423,-0.011892396775313063,-0.17124800279601204,0.016450077764102122,-0.17124800279601204,0.030462432250734712,0.015440679986059498,-0.013847630108180194,0.021073837085312703,806,0.6203473945409429
Connors RSI(2),"{""lo"": 25, ""ex"": 10, ""tf"": 100}",1h,0,0.0,-0.1532109389013624,-0.38260106123868287,-0.3561148104151056,-0.7326383337449659,-0.2810493217724105,-0.7934839984717466,0.03170308367241798,-0.0049349610948557976,-0.05292003666384664,0.00880430569287187,15831,0.6287663445139283
Connors RSI(2),"{""lo"": 25, ""ex"": 10, ""tf"": 100}",1h,0,2.5,-0.2725533954737237,-0.468295047697609,-0.43694975803473624,-0.793468441293634,-0.37584801047516736,-0.8887839137555655,0.0034385472736154898,-0.022272885361054134,-0.055604586419064156,-0.012631098123053025,16802,0.6206403999523866
Connors RSI(2),"{""lo"": 25, ""ex"": 10, ""tf"": 100}",1h,1,0.0,-0.062482882931344075,-0.24395203697697088,-0.11928412602044436,-0.4243638457612745,-0.09657122842352439,-0.4243638457612745,0.01730876332702163,0.005065419443475138,-0.026743968586450173,0.009656673399805074,9088,0.6380941901408451
Connors RSI(2),"{""lo"": 25, ""ex"": 10, ""tf"": 100}",1h,1,2.5,-0.15753943186858754,-0.3032792843263411,-0.22558307120123922,-0.5044154460218099,-0.19879099880264472,-0.6503069784180846,-0.0028225369584396537,-0.013774014973332683,-0.02404849537644871,-0.009667210717747796,9670,0.6296794208893485
Connors RSI(2),"{""lo"": 25, ""ex"": 10, ""tf"": 100}",4h,0,0.0,0.018443970810681165,-0.33111386245646335,-0.15193793166197678,-0.4917529941021799,-0.08671175685791788,-0.4917529941021799,0.04819831453214859,0.0320185743384164,-0.03703892355924923,0.03808597691106597,3794,0.6752767527675276
Connors RSI(2),"{""lo"": 25, ""ex"": 10, ""tf"": 100}",4h,0,2.5,-0.03202053580665187,-0.21589808096813168,-0.16350644017882454,-0.49718027550493704,-0.11243501546518553,-0.49718027550493704,0.030289808143832826,0.01955806285758171,-0.030711358803669132,0.02358246733992588,4019,0.6653396367255536
Connors RSI(2),"{""lo"": 25, ""ex"": 10, ""tf"": 100}",4h,1,0.0,0.13330016095144326,-0.14537676322856818,-0.0007133302509092498,-0.22745917723431985,0.05167113618220198,-0.22745917723431985,0.046928975891708635,0.028616543832858565,-0.017043337435872732,0.03548370585492734,2602,0.6867794004611837
Connors RSI(2),"{""lo"": 25, ""ex"": 10, ""tf"": 100}",4h,1,2.5,0.05556892628804988,-0.14447824776602525,-0.03190928480868116,-0.24896604755417528,0.002943194172000174,-0.24896604755417528,0.03237811443513169,0.017703496544942528,-0.015408327616855629,0.02320647825376346,2765,0.677757685352622
Connors RSI(2),"{""lo"": 25, ""ex"": 10, ""tf"": 200}",1h,0,0.0,-0.17770414769007192,-0.4236566957106851,-0.3244132676411421,-0.6963302762091261,-0.2687628666172611,-0.7805401086824342,0.035495527532512075,0.008401759596918119,-0.057639837556577374,0.018561922572765854,15648,0.6330521472392638
Connors RSI(2),"{""lo"": 25, ""ex"": 10, ""tf"": 200}",1h,0,2.5,-0.3045261152263805,-0.5072621537398321,-0.42347154232957884,-0.7837336030421148,-0.3781533402153606,-0.8913856251786505,0.002107826398020528,-0.021472975725561113,-0.05557999204626452,-0.012630174929217997,17213,0.6234241561610411
Connors RSI(2),"{""lo"": 25, ""ex"": 10, ""tf"": 200}",1h,1,0.0,-0.07564267772541977,-0.2681954056989798,-0.09902614855866931,-0.38223664904276,-0.08943873376350131,-0.388913358439156,0.02152646571573042,0.013120649005704251,-0.028668233358428448,0.016272830271964064,9609,0.6422104277240087
Connors RSI(2),"{""lo"": 25, ""ex"": 10, ""tf"": 200}",1h,1,2.5,-0.19541753916808835,-0.3543195234744587,-0.24025254213001834,-0.5385753890825897,-0.22228013021680482,-0.6963307963785517,-0.002166364194124156,-0.015326639035903788,-0.025151361333838468,-0.010391535970236426,10622,0.6310487667106006
Connors RSI(2),"{""lo"": 25, ""ex"": 10, ""tf"": 200}",4h,0,0.0,-0.03644296472244768,-0.3551484464918595,-0.09574202739446269,-0.4201879193029231,-0.07091148681355708,-0.4201879193029231,0.04382543383979192,0.031843868120098366,-0.03904448308563405,0.03633695526498345,3683,0.674178658702145
Connors RSI(2),"{""lo"": 25, ""ex"": 10, ""tf"": 200}",4h,0,2.5,-0.06000294242555726,-0.27567448320359833,-0.15037691911503304,-0.49511921488834987,-0.11378895604469352,-0.49511921488834987,0.03484836818357125,0.02064922793267295,-0.03441226365961504,0.02597390552675981,4043,0.6599060103883255
Connors RSI(2),"{""lo"": 25, ""ex"": 10, ""tf"": 200}",4h,1,0.0,0.09122253107142497,-0.1703651732914585,0.013587635524590747,-0.2288254933861299,0.04564503739317005,-0.2288254933861299,0.044863008015067075,0.03264017534882224,-0.02289843428123204,0.037223737598664056,2815,0.6863232682060391
Connors RSI(2),"{""lo"": 25, ""ex"": 10, ""tf"": 200}",4h,1,2.5,0.029853772486065466,-0.16841509459655335,-0.051581651673536566,-0.3170666104222585,-0.018183122925388373,-0.3170666104222585,0.035473572541475505,0.02412226037263486,-0.023523868046147367,0.0283790024359501,3110,0.6729903536977492
Bollinger reversie,"{""n"": 20, ""k"": 2.0, ""tf"": 0}",1h,0,0.0,-0.3376217640167135,-0.6370188592609458,-0.19513589493747507,-0.5826037799750403,-0.2538832380289814,-0.7773626221656172,0.030292640707230922,0.030244522467415765,-0.08847387423088482,0.030262566807346448,7509,0.6187241976295113
Bollinger reversie,"{""n"": 20, ""k"": 2.0, ""tf"": 0}",1h,0,2.5,-0.4745529954317417,-0.7317809800156035,-0.3487053186847969,-0.7464519827056071,-0.40095177042125973,-0.9109424468996453,0.009674129896070392,0.003007674405158922,-0.10037321587405126,0.005507595214250723,10802,0.5586002592112572
Bollinger reversie,"{""n"": 20, ""k"": 2.0, ""tf"": 0}",1h,1,0.0,-0.07139475266283146,-0.3009709232412757,-0.0318351951871404,-0.3064298353460623,-0.04588476204833314,-0.3064298353460623,0.024557310782643574,0.02813049868567413,-0.03604001731467884,0.02679055322203767,3898,0.624935864545921
Bollinger reversie,"{""n"": 20, ""k"": 2.0, ""tf"": 0}",1h,1,2.5,-0.14555541722853138,-0.34563458695035054,-0.11162423654305909,-0.3883687825460823,-0.12349784889233473,-0.4763441737125358,0.011680212908162358,0.006316545333871596,-0.029830696127962922,0.008327920674230632,5442,0.5725836089672914
Bollinger reversie,"{""n"": 20, ""k"": 2.0, ""tf"": 0}",4h,0,0.0,-0.30357175420687865,-0.5980495224037298,-0.150074523659393,-0.5304790134464679,-0.21457683183524412,-0.7370112771237761,0.020729115649018706,0.03134458759329173,-0.09234637324434783,0.027363785614189343,1774,0.6116121758737317
Bollinger reversie,"{""n"": 20, ""k"": 2.0, ""tf"": 0}",4h,0,2.5,-0.3533577586500968,-0.6453046051749802,-0.17757783446732656,-0.55188314886828,-0.2524307799231881,-0.7826745919280028,0.017986724054559713,0.019956338925450248,-0.09594853295965142,0.019217733348866298,2614,0.5539403213465952
Bollinger reversie,"{""n"": 20, ""k"": 2.0, ""tf"": 0}",4h,1,0.0,0.016715107177396327,-0.1915424041836291,-0.06844362044196817,-0.3488634084631955,-0.0345366293457261,-0.3488634084631955,0.028547410199754472,0.017245448738738033,-0.02887646896204559,0.0214836842866192,966,0.6262939958592133
Bollinger reversie,"{""n"": 20, ""k"": 2.0, ""tf"": 0}",4h,1,2.5,0.009116065314113797,-0.1924381412214452,-0.08586227650551137,-0.37304621963217544,-0.04825608632446354,-0.37304621963217544,0.027021435179166282,0.009173362361985137,-0.027955763236634498,0.015866389668428068,1314,0.5684931506849316
Bollinger reversie,"{""n"": 20, ""k"": 2.0, ""tf"": 200}",1h,0,0.0,0.008487454548901319,-0.12250640084050302,0.012361380308546943,-0.17134199259532745,0.010829104958561597,-0.17134199259532745,0.017477864738499785,0.017352058832924646,-0.010181970536764645,0.017399236047515323,2507,0.6246509772636617
Bollinger reversie,"{""n"": 20, ""k"": 2.0, ""tf"": 200}",1h,0,2.5,-0.06390804667177663,-0.16618696144021716,-0.04650315004790073,-0.2162203515039084,-0.05345517277792222,-0.23650503762595143,0.006788055086692051,0.0032346127359150173,-0.00930839523962304,0.0045671536174564055,2781,0.5886371808701906
Bollinger reversie,"{""n"": 20, ""k"": 2.0, ""tf"": 200}",1h,1,0.0,0.038610980010822304,-0.08969350102275842,0.0906060135469966,-0.09459865506632248,0.06946384565856456,-0.09459865506632248,0.01609438929114129,0.01920129577725515,-0.0070558410101866365,0.01803620584496245,1598,0.6408010012515645
Bollinger reversie,"{""n"": 20, ""k"": 2.0, ""tf"": 200}",1h,1,2.5,-0.048517793134850384,-0.16073536590976067,0.03172548454060253,-0.12609612452552454,-0.00116433759253598,-0.16073536590976067,0.00638058917407252,0.008005364826959623,-0.007514271856337677,0.00739607395712696,1781,0.6030320044918585
Bollinger reversie,"{""n"": 20, ""k"": 2.0, ""tf"": 200}",4h,0,0.0,-0.007622976715388585,-0.2504129756104191,-0.0049810645750071325,-0.170487900785683,-0.005758055410081342,-0.2504129756104191,0.029982824116386815,0.012005797133118905,-0.023215097548941355,0.01874718225184437,578,0.6401384083044983
Bollinger reversie,"{""n"": 20, ""k"": 2.0, ""tf"": 200}",4h,0,2.5,-0.009735966277650387,-0.21763101610491353,-0.05263113598080493,-0.2336009314259646,-0.03538932716294796,-0.2336009314259646,0.025638604700022674,0.007080582312391866,-0.0191057186355161,0.014039840707753418,651,0.5837173579109063
Bollinger reversie,"{""n"": 20, ""k"": 2.0, ""tf"": 200}",4h,1,0.0,0.08877198132682618,-0.08605311995940168,0.021131544680992542,-0.09917546918190345,0.0479645570578382,-0.09917546918190345,0.030364822281278188,0.011847435668836644,-0.00946575795392375,0.018791455648502223,462,0.6536796536796536
Bollinger reversie,"{""n"": 20, ""k"": 2.0, ""tf"": 200}",4h,1,2.5,0.08150442208105702,-0.09000447228758146,-0.026453613329941006,-0.17506299147125104,0.01569836146807413,-0.17506299147125104,0.02952569305278869,0.007882843688686874,-0.009463534510001773,0.015998912200225052,520,0.6076923076923076
Bollinger reversie,"{""n"": 20, ""k"": 2.5, ""tf"": 0}",1h,0,0.0,-0.22264651070718355,-0.479947536457194,-0.1299378804650242,-0.4992657106320014,-0.16739471417570417,-0.6517341323984019,0.022501315690763548,0.023421880031037557,-0.05556238075342797,0.023076668403434804,4529,0.5979244866416428
Bollinger reversie,"{""n"": 20, ""k"": 2.5, ""tf"": 0}",1h,0,2.5,-0.3427560391020398,-0.5932739559654914,-0.22759993499795406,-0.6148220203379653,-0.2750910931340621,-0.8037380625912308,0.013265443495543768,0.0034743400863491776,-0.06177900293134814,0.0071460038647971486,5797,0.5314818009315163
Bollinger reversie,"{""n"": 20, ""k"": 2.5, ""tf"": 0}",1h,1,0.0,0.01875120753155879,-0.13587366569947756,-0.05207231133424928,-0.2913214733704319,-0.023323139039367002,-0.2913214733704319,0.02690064579840316,0.023238882311252575,-0.023906197745085248,0.024612043618934043,2255,0.6070953436807095
Bollinger reversie,"{""n"": 20, ""k"": 2.5, ""tf"": 0}",1h,1,2.5,-0.0410759760079098,-0.19012430078793763,-0.0595932132428143,-0.2885225943590878,-0.05123585486227067,-0.2885225943590878,0.018265649262927015,0.01021555131469399,-0.014710796884537282,0.013234338045281374,2842,0.5506685432793808
Bollinger reversie,"{""n"": 20, ""k"": 2.5, ""tf"": 0}",4h,0,0.0,-0.22398818191572833,-0.4966127005426918,0.018051898266689292,-0.2311323345701639,-0.0867777778178751,-0.4966127005426918,0.009776393681333836,0.017709987243259916,-0.05048781657915233,0.014734889657537636,1047,0.6198662846227316
Bollinger reversie,"{""n"": 20, ""k"": 2.5, ""tf"": 0}",4h,0,2.5,-0.20445376956350225,-0.45684475528810353,-0.012916140154043076,-0.20446378011779442,-0.0945601904150507,-0.47564800978111144,0.01208585821455874,0.01220620988669799,-0.04777765972776988,0.01216107800964577,1332,0.551051051051051
Bollinger reversie,"{""n"": 20, ""k"": 2.5, ""tf"": 0}",4h,1,0.0,-0.00427173642209655,-0.14527844697737968,0.010882074762517124,-0.1363115332725061,0.004782947396962944,-0.14527844697737968,0.01468064663810214,0.008681719175101469,-0.012414756238278125,0.01093131697372672,531,0.6271186440677966
Bollinger reversie,"{""n"": 20, ""k"": 2.5, ""tf"": 0}",4h,1,2.5,0.00915181169316992,-0.11183232972740564,-0.03659516492318948,-0.22555062947340732,-0.018517905449744076,-0.22555062947340732,0.013789644850282508,0.0034148458185103703,-0.011070067628726463,0.007305395455424922,643,0.5629860031104199
Bollinger reversie,"{""n"": 20, ""k"": 2.5, ""tf"": 200}",1h,0,0.0,0.0024309635605186397,-0.09852965001687464,0.040641537559862995,-0.09534377837920871,0.02515200626009184,-0.09852965001687464,0.00817393904134716,0.012485571340620606,-0.0020918428958808313,0.010868709228393064,1154,0.6065857885615251
Bollinger reversie,"{""n"": 20, ""k"": 2.5, ""tf"": 200}",1h,0,2.5,-0.01542951670292203,-0.07703571313877333,-0.011497789816685589,-0.11359596525667925,-0.013066483056332512,-0.11359596525667925,0.005966540793359331,0.0035455418747988372,-0.0008375045986409174,0.004453416469259022,1218,0.5673234811165846
Bollinger reversie,"{""n"": 20, ""k"": 2.5, ""tf"": 200}",1h,1,0.0,0.04360194358644964,-0.046535371681730275,0.06499175504496235,-0.04728803623998912,0.056338862534259126,-0.04728803623998912,0.010731649919051511,0.015001068008500474,-0.0020862577424745343,0.013400036224957113,719,0.6356050069541029
Bollinger reversie,"{""n"": 20, ""k"": 2.5, ""tf"": 200}",1h,1,2.5,0.0032999991519870875,-0.06060329376806506,0.02153802272616856,-0.06120173060770484,0.014186087366015787,-0.06120173060770484,0.007468365699845597,0.006784061032433919,-0.0016652917225542657,0.007040675282713298,761,0.5926412614980289
Bollinger reversie,"{""n"": 20, ""k"": 2.5, ""tf"": 200}",4h,0,0.0,0.005590939665089278,-0.1602587907700579,-0.008307543415111973,-0.0991977818519929,-0.0027630653471756306,-0.1602587907700579,0.017230741283667195,0.00497248704559233,-0.010100940103724587,0.009569332384870404,262,0.6145038167938931
Bollinger reversie,"{""n"": 20, ""k"": 2.5, ""tf"": 200}",4h,0,2.5,0.008196722134701684,-0.10390552327143576,-0.02850499571097942,-0.13201068618347833,-0.013961649988232239,-0.13201068618347833,0.01415533926571497,0.003350678591976893,-0.007288948013365486,0.007402426344628672,278,0.5611510791366906
Bollinger reversie,"{""n"": 20, ""k"": 2.5, ""tf"": 200}",4h,1,0.0,0.06692536163455687,-0.05609800669472775,0.008602680384289796,-0.06774681903388324,0.03154765866907705,-0.06774681903388324,0.01588775407134308,0.005685139034706199,-0.0009046721085883419,0.009511119673445029,213,0.6384976525821596
Bollinger reversie,"{""n"": 20, ""k"": 2.5, ""tf"": 200}",4h,1,2.5,0.051133767047260914,-0.05238114065629518,-0.0189306610630815,-0.103057420167317,0.008544658947937211,-0.103057420167317,0.015353829512827957,0.0042884406037537294,-0.002705236424700719,0.008437961444656564,227,0.5947136563876652
Bollinger reversie,"{""n"": 50, ""k"": 1.5, ""tf"": 0}",1h,0,0.0,-0.2947121169081689,-0.5956884528170485,-0.2552575669958027,-0.6693657167541787,-0.26900775109925146,-0.8056739646126907,0.03436078337400349,0.039058527822188695,-0.10294640997397536,0.037296873654119246,4613,0.6577064816822025
Bollinger reversie,"{""n"": 50, ""k"": 1.5, ""tf"": 0}",1h,0,2.5,-0.3915585502914093,-0.6724471541008168,-0.41656411440566443,-0.8109341546876723,-0.4047227666545521,-0.9187839243625071,0.025802025996402096,0.012898936799809586,-0.11652198089958102,0.017737595248531777,9225,0.4842276422764228
Bollinger reversie,"{""n"": 50, ""k"": 1.5, ""tf"": 0}",1h,1,0.0,-0.026341855288242844,-0.25906318879391765,-0.09112458873478524,-0.4199834516586377,-0.06289365506505029,-0.4199834516586377,0.03555046394647307,0.029837805185164278,-0.03834203096700955,0.03198005222065508,2468,0.653160453808752
Bollinger reversie,"{""n"": 50, ""k"": 1.5, ""tf"": 0}",1h,1,2.5,-0.07917890379122405,-0.30003240924918295,-0.21662495628616896,-0.5735175786975613,-0.16165305192290325,-0.6085514211619172,0.03004297741304142,0.00634510405699172,-0.03960049870033177,0.015231806565510356,4578,0.4980340760157274
Bollinger reversie,"{""n"": 50, ""k"": 1.5, ""tf"": 0}",4h,0,0.0,-0.3084826991295583,-0.5837461613872545,-0.11668228296378547,-0.47617226362872067,-0.19600160968587743,-0.716037088257925,0.03789262534610586,0.039414971715117236,-0.11731808905046234,0.038844091826737974,1062,0.6252354048964218
Bollinger reversie,"{""n"": 50, ""k"": 1.5, ""tf"": 0}",4h,0,2.5,-0.3946548859972502,-0.669535085275661,-0.16320577241646894,-0.5295413767834574,-0.2620243075332549,-0.8024093183295481,0.03867048022629868,0.030625068163518607,-0.13420093573622469,0.03364209768706113,2119,0.48041529023124113
Bollinger reversie,"{""n"": 50, ""k"": 1.5, ""tf"": 0}",4h,1,0.0,-0.12088025574176575,-0.299347129362169,-0.057622083414786474,-0.2992166677623649,-0.07993296630122604,-0.38822764943583044,0.007712018500880707,0.020615233592251783,-0.038994889789424884,0.01577652793298763,573,0.5741710296684118
Bollinger reversie,"{""n"": 50, ""k"": 1.5, ""tf"": 0}",4h,1,2.5,-0.1323546081902215,-0.3160309183693284,-0.060976254102398375,-0.3115157268415928,-0.08671152219839384,-0.4213086942628912,0.009048439680150752,0.014760372704091317,-0.040340427183515215,0.012618397820113605,973,0.48715313463514903
Bollinger reversie,"{""n"": 50, ""k"": 1.5, ""tf"": 200}",1h,0,0.0,-0.011201372478471416,-0.16938908981418166,-0.07621091459805651,-0.337034722542787,-0.05056934118165912,-0.337034722542787,0.025525231169380533,0.020598815858291642,-0.02090458890436217,0.022446221599949977,1453,0.6366139022711631
Bollinger reversie,"{""n"": 50, ""k"": 1.5, ""tf"": 200}",1h,0,2.5,-0.0700926057637592,-0.1496007867882846,-0.131145234376436,-0.36710249802023975,-0.10703075409827245,-0.41525040873802255,0.006989747633482455,0.0012359939470737065,-0.01690311437110309,0.003393651579476987,1776,0.4954954954954955
Bollinger reversie,"{""n"": 50, ""k"": 1.5, ""tf"": 200}",1h,1,0.0,0.05613024673751177,-0.09438351045585758,0.03276873003554481,-0.15274868194820723,0.042153249489719435,-0.15274868194820723,0.024265969925397042,0.021459393442726203,-0.01066758844207167,0.02251185962372777,920,0.6597826086956522
Bollinger reversie,"{""n"": 50, ""k"": 1.5, ""tf"": 200}",1h,1,2.5,-0.05639686675421529,-0.1524629985764394,-0.027466390544226615,-0.15737322771688256,-0.03902651869501894,-0.22541546413539926,0.007478235627248562,0.004977860475068526,-0.009291288691633495,0.0059155011571360395,1129,0.5101860053144376
Bollinger reversie,"{""n"": 50, ""k"": 1.5, ""tf"": 200}",4h,0,0.0,-0.057456268491650975,-0.22876409017039234,0.03315044138919765,-0.15858650039951494,-0.0008435328498053174,-0.22876409017039234,0.020756444668666427,0.011577616975757972,-0.02629294640065092,0.015019677360598643,313,0.6485623003194888
Bollinger reversie,"{""n"": 50, ""k"": 1.5, ""tf"": 200}",4h,0,2.5,-0.06839809496009575,-0.21772926981402096,-0.020218147605634673,-0.1490937450696852,-0.03660897809001429,-0.23950391858736897,0.01949108609755316,0.0029838151587031478,-0.02149129068799973,0.009174041760771903,369,0.5392953929539296
Bollinger reversie,"{""n"": 50, ""k"": 1.5, ""tf"": 200}",4h,1,0.0,-0.03387103886439968,-0.18461493584412147,0.04699312787137622,-0.09215511324853776,0.017168331223994526,-0.18461493584412147,0.013110400062010967,0.009117114406377348,-0.014187126246916752,0.010614596527239955,251,0.6334661354581673
Bollinger reversie,"{""n"": 50, ""k"": 1.5, ""tf"": 200}",4h,1,2.5,-0.04120831367479183,-0.16562408601915002,-0.008700492902192769,-0.11027596756242142,-0.018604208071064998,-0.16562408601915002,0.014024697159440682,0.003986162582274156,-0.013768527451534722,0.007750613048711603,294,0.5476190476190477
Bollinger reversie,"{""n"": 50, ""k"": 2.0, ""tf"": 0}",1h,0,0.0,-0.2218346513104026,-0.5529023406911521,-0.1824210048217655,-0.5802100136672381,-0.19630787920446546,-0.6959972189001178,0.036160946671411835,0.03695364681851356,-0.09069275203659255,0.03665638426335042,3575,0.6467132867132868
Bollinger reversie,"{""n"": 50, ""k"": 2.0, ""tf"": 0}",1h,0,2.5,-0.3310856643609713,-0.6209219117495886,-0.35387324821550925,-0.7435793891056567,-0.34302062152126056,-0.8667018560198545,0.02778372604801829,0.009403338060908938,-0.10588136574944927,0.016295983556074947,6874,0.462758219377364
Bollinger reversie,"{""n"": 50, ""k"": 2.0, ""tf"": 0}",1h,1,0.0,0.04747540509795534,-0.17406889468348485,-0.06744167196817308,-0.37894247824619043,-0.020534133261730148,-0.37894247824619043,0.03937057703920967,0.02770221806909894,-0.033369184173675764,0.03207785268289046,1908,0.6467505241090147
Bollinger reversie,"{""n"": 50, ""k"": 2.0, ""tf"": 0}",1h,1,2.5,-0.006564193367375681,-0.21497641776380905,-0.18041865473322727,-0.5057899652288451,-0.11247879297127317,-0.5057899652288451,0.0340712536389529,0.005729453812546008,-0.032177977718501664,0.01635762874744859,3385,0.4853766617429838
Bollinger reversie,"{""n"": 50, ""k"": 2.0, ""tf"": 0}",4h,0,0.0,-0.24433460705135657,-0.4750478900370778,-0.05936294621836935,-0.41646132991951423,-0.1361645351389339,-0.5764416967044993,0.02839989041413919,0.03051834440702079,-0.09739421756267144,0.02972392415969019,811,0.6152897657213316
Bollinger reversie,"{""n"": 50, ""k"": 2.0, ""tf"": 0}",4h,0,2.5,-0.3051316461322775,-0.5445536993745694,-0.09989748501456774,-0.41313073149222157,-0.18644023856685954,-0.6727988825364148,0.031107910188955583,0.022999048170812383,-0.10910190206486228,0.026039871427616084,1561,0.46700832799487507
Bollinger reversie,"{""n"": 50, ""k"": 2.0, ""tf"": 0}",4h,1,0.0,-0.12206901117511615,-0.25477279214719095,0.0028953313635757816,-0.18646038297011924,-0.046818137853341435,-0.28748594483283063,-0.0012924946928390597,0.017561755088696323,-0.028358204429657585,0.010491411420620553,422,0.5710900473933649
Bollinger reversie,"{""n"": 50, ""k"": 2.0, ""tf"": 0}",4h,1,2.5,-0.12245364080060739,-0.2553715845041461,-0.015555024962676911,-0.26783321496455315,-0.05752932384611653,-0.36107080917287004,0.0015819773080185057,0.011345034587443122,-0.02994720445604304,0.007683888107658891,695,0.46906474820143884
Bollinger reversie,"{""n"": 50, ""k"": 2.0, ""tf"": 200}",1h,0,0.0,0.011276342379488158,-0.1958815186995444,-0.01461327546112623,-0.1860887948873874,-0.004211140646373179,-0.1958815186995444,0.020281766077197227,0.018854379964032164,-0.013799369753880353,0.019389649756469063,944,0.6440677966101694
Bollinger reversie,"{""n"": 50, ""k"": 2.0, ""tf"": 200}",1h,0,2.5,-0.012575650422294804,-0.08830075332445753,-0.06791144369500313,-0.24234926516431743,-0.045998937563341835,-0.24234926516431743,0.012248288569468295,0.0055443216136967345,-0.012804869165618918,0.00805830922211107,1086,0.49355432780847147
Bollinger reversie,"{""n"": 50, ""k"": 2.0, ""tf"": 200}",1h,1,0.0,0.07445875882140074,-0.06265922742036034,0.05638171730729069,-0.12174960997747142,0.06366469963657861,-0.12174960997747142,0.018780963261634847,0.01785554270124164,-0.005853476746605996,0.01820257541138909,610,0.6737704918032786
Bollinger reversie,"{""n"": 50, ""k"": 2.0, ""tf"": 200}",1h,1,2.5,-0.00994000119067906,-0.07995005065918048,0.011507311247364038,-0.08844030757487731,0.002973869532239215,-0.08844030757487731,0.010576765152713294,0.00760438671312392,-0.00677780574368074,0.008719028627969935,702,0.5185185185185185
Bollinger reversie,"{""n"": 50, ""k"": 2.0, ""tf"": 200}",4h,0,0.0,-0.04797967693097016,-0.174742571750804,0.058712387026256696,-0.1398951555544724,0.016544992918998913,-0.17636081307912177,0.013210416326961936,0.010346528262811327,-0.017775900729605658,0.011420486286867806,190,0.6473684210526316
Bollinger reversie,"{""n"": 50, ""k"": 2.0, ""tf"": 200}",4h,0,2.5,-0.05446968054352708,-0.15421624493826325,0.01794408834231853,-0.12594413012231243,-0.009808001759391116,-0.19008795745075546,0.013210416326961936,0.006192903897506848,-0.015111963923878001,0.008824471058552505,206,0.5339805825242718
Bollinger reversie,"{""n"": 50, ""k"": 2.0, ""tf"": 200}",4h,1,0.0,-0.019946122572652714,-0.11907472924685769,0.06862643146255376,-0.08204047605603482,0.03418081034604481,-0.11907472924685769,0.006176607737660106,0.009266065002228544,-0.009002238921144406,0.00810751852801538,157,0.6496815286624203
Bollinger reversie,"{""n"": 50, ""k"": 2.0, ""tf"": 200}",4h,1,2.5,-0.03470611119141487,-0.11086183333243982,0.022148089425351625,-0.1033577508193032,0.0008929705497511264,-0.13702556503119834,0.006176607737660106,0.005993149732526974,-0.008727317548909402,0.006061946484451898,170,0.5352941176470588
Bollinger reversie,"{""n"": 50, ""k"": 2.5, ""tf"": 0}",1h,0,0.0,-0.15129712872755097,-0.4919036029191315,-0.09415461723654084,-0.4694079375598861,-0.11607701323602304,-0.5436586157892518,0.027060213551713015,0.04139942125650977,-0.07448473809978068,0.036022218367210986,2608,0.6460889570552147
Bollinger reversie,"{""n"": 50, ""k"": 2.5, ""tf"": 0}",1h,0,2.5,-0.1998000335930531,-0.4551983493011523,-0.14111358533944796,-0.47573021033468565,-0.16375450047498907,-0.6082029143980849,0.018584532943308037,0.020524480356485072,-0.0646299737928662,0.019797000076543683,4394,0.45698680018206644
Bollinger reversie,"{""n"": 50, ""k"": 2.5, ""tf"": 0}",1h,1,0.0,0.05278870013720871,-0.13531645567838457,-0.024187818560013508,-0.34099695303619115,0.007468045896055653,-0.34099695303619115,0.03135348346881903,0.03182154106805377,-0.030685112038204947,0.031646019468340746,1366,0.6471449487554904
Bollinger reversie,"{""n"": 50, ""k"": 2.5, ""tf"": 0}",1h,1,2.5,0.027789498748881813,-0.15837228360605027,-0.03249156842710543,-0.26674408442830533,-0.007272188634976695,-0.26674408442830533,0.02495637790779612,0.013508399800433087,-0.015464660891691386,0.017801391590694226,2153,0.47886669763121226
Bollinger reversie,"{""n"": 50, ""k"": 2.5, ""tf"": 0}",4h,0,0.0,-0.23243145445134172,-0.41893308217575465,0.017762257977284257,-0.3162428741626704,-0.09092267176322244,-0.44634713875578447,0.01028756208907263,0.020460037597746224,-0.06828033708064901,0.016645359281993625,558,0.5967741935483871
Bollinger reversie,"{""n"": 50, ""k"": 2.5, ""tf"": 0}",4h,0,2.5,-0.25768210064192953,-0.44847407971509146,-0.04499006424161134,-0.31110756560089337,-0.13657125193345587,-0.5267706115386634,0.010196855334676723,0.014014888074150507,-0.07228100635463877,0.012583125796847838,949,0.44257112750263433
Bollinger reversie,"{""n"": 50, ""k"": 2.5, ""tf"": 0}",4h,1,0.0,-0.12294249332029328,-0.2252123305913858,0.04053040548902298,-0.1238494484892313,-0.02829139353769672,-0.24219478650590986,-0.006714951552581382,0.010386396441133261,-0.020522211086385272,0.00397339094349027,278,0.5575539568345323
Bollinger reversie,"{""n"": 50, ""k"": 2.5, ""tf"": 0}",4h,1,2.5,-0.10378652484630158,-0.19388828368369881,0.004353632470541768,-0.22458891856187668,-0.040414600152413716,-0.3277763350081223,-0.004803178969917838,0.005294621757563952,-0.021412745766547843,0.0015079464847582806,405,0.4617283950617284
Bollinger reversie,"{""n"": 50, ""k"": 2.5, ""tf"": 200}",1h,0,0.0,0.030985794547110812,-0.09271576496964462,0.003600889921453021,-0.08799675274898078,0.014470812480860573,-0.09271576496964462,0.005732223043264632,0.01236299237444105,-0.00495710127787586,0.009876453875249894,490,0.6408163265306123
Bollinger reversie,"{""n"": 50, ""k"": 2.5, ""tf"": 200}",1h,0,2.5,-0.01558171298671196,-0.06716002959320866,-0.009223586589966581,-0.09703977257673813,-0.011767800149681262,-0.09703977257673813,0.001263697325763122,0.008071458158983535,-0.006410455569985728,0.00551854784652588,539,0.48608534322820035
Bollinger reversie,"{""n"": 50, ""k"": 2.5, ""tf"": 200}",1h,1,0.0,0.04896507422630636,-0.03153343582404278,0.042723242244619986,-0.06421598919526705,0.04519087495677776,-0.06421598919526705,0.008158243044745044,0.012844063023009408,-0.0034494534469187155,0.01108688053116027,314,0.7006369426751592
Bollinger reversie,"{""n"": 50, ""k"": 2.5, ""tf"": 200}",1h,1,2.5,-0.012472533671208708,-0.05490446060582699,0.029716736854725534,-0.042735681404836856,0.012601107151760216,-0.05490446060582699,0.002066838665124656,0.00988583229428024,-0.004468110632041833,0.006953709683346895,344,0.5232558139534884
Bollinger reversie,"{""n"": 50, ""k"": 2.5, ""tf"": 200}",4h,0,0.0,-0.03849934020656587,-0.10849450632077717,0.03419326488055585,-0.05688146961906693,0.004441324005775682,-0.10849450632077717,0.00751466851370756,0.004424903148027,-0.009473513286421056,0.00558356516015721,92,0.5978260869565217
Bollinger reversie,"{""n"": 50, ""k"": 2.5, ""tf"": 200}",4h,0,2.5,-0.03683649071203421,-0.07918758749668431,-0.00456277136148453,-0.10581555280296617,-0.017605094256958775,-0.16358120011597965,0.006607248621074634,0.0007559566924748722,-0.008362637009795455,0.002950191165699783,99,0.45454545454545453
Bollinger reversie,"{""n"": 50, ""k"": 2.5, ""tf"": 200}",4h,1,0.0,-0.03809187584133067,-0.09899265262471402,0.03470119911519998,-0.056881469619066816,0.004907270338261771,-0.10081541879282119,0.001012692169623075,0.0038907865891348796,-0.0062668189869449775,0.0028115011818179527,74,0.6081081081081081
Bollinger reversie,"{""n"": 50, ""k"": 2.5, ""tf"": 200}",4h,1,2.5,-0.03454140162201225,-0.0751586852975048,-0.001336888240336287,-0.09301462612306377,-0.014760750041710513,-0.1478951934767161,0.0010126921696231245,0.0009684535194987021,-0.005257837030586056,0.0009850430132953604,78,0.46153846153846156
Stochastic reversie,"{""n"": 9, ""lo"": 10, ""tf"": 0}",1h,0,0.0,-0.14976965848437385,-0.3392996263641824,-0.11764814543447144,-0.46701414973781574,-0.13039598083418869,-0.533196554400021,0.006511087973876031,0.019233750049718043,-0.05511730009684526,0.014462751771277288,3367,0.6055836055836056
Stochastic reversie,"{""n"": 9, ""lo"": 10, ""tf"": 0}",1h,0,2.5,-0.14126105210552253,-0.28954722756697937,-0.19845061893502391,-0.5150032926717809,-0.17576345586646158,-0.6240572659675305,0.0014430835504678126,-0.005332776126152861,-0.039666463152958215,-0.002791828747420108,3969,0.5364071554547745
Stochastic reversie,"{""n"": 9, ""lo"": 10, ""tf"": 0}",1h,1,0.0,-0.0896343000434191,-0.22371095486068604,-0.014490285997397212,-0.2905378557751134,-0.0450697531569354,-0.2905378557751134,0.0009197152924475106,0.013915302930253063,-0.021617568784189994,0.009041957566075981,1576,0.5913705583756346
Stochastic reversie,"{""n"": 9, ""lo"": 10, ""tf"": 0}",1h,1,2.5,-0.1274996074748601,-0.24183835185721136,-0.08138381278937257,-0.2561288968337253,-0.09990556408071005,-0.4060443424343406,-0.0074127750125828375,-0.0026480318319314004,-0.02087020539160616,-0.004434810524675689,1796,0.522271714922049
Stochastic reversie,"{""n"": 9, ""lo"": 10, ""tf"": 0}",4h,0,0.0,-0.04622072062580762,-0.23869309499927427,-0.0827451467353778,-0.3776079660853736,-0.06824952302004328,-0.43486007031490326,0.021574030062314842,0.016563579964803236,-0.04646719556242021,0.01844249875137009,832,0.6153846153846154
Stochastic reversie,"{""n"": 9, ""lo"": 10, ""tf"": 0}",4h,0,2.5,0.03459903645650653,-0.14562385235909003,-0.09956734706040515,-0.3500256044572765,-0.04803453749767628,-0.3500256044572765,0.013343531498400039,0.007566921168891357,-0.01954993922901957,0.009733150042457112,984,0.5528455284552846
Stochastic reversie,"{""n"": 9, ""lo"": 10, ""tf"": 0}",4h,1,0.0,-0.002766888259176037,-0.08970755943404629,-0.0966213660799633,-0.30111590233204033,-0.06010966364020076,-0.30111590233204033,0.010251620475150183,0.0039582300664108136,-0.015164276630096563,0.006318251469688077,369,0.5257452574525745
Stochastic reversie,"{""n"": 9, ""lo"": 10, ""tf"": 0}",4h,1,2.5,0.0065923584425524595,-0.06639945118559376,-0.12847833129503505,-0.36155987926192246,-0.07666564740280135,-0.36155987926192246,0.008649738441200008,-0.0039709565025757365,-0.013802307554993926,0.000761804101340168,419,0.4821002386634845
Stochastic reversie,"{""n"": 9, ""lo"": 10, ""tf"": 200}",1h,0,0.0,0.0393294082397595,-0.07964521926042978,-0.01789327821891573,-0.22648184797764392,0.004651802478224498,-0.22648184797764392,0.01110348441731658,0.012056489245684077,-0.008969047414727337,0.011699112435046266,1176,0.5901360544217688
Stochastic reversie,"{""n"": 9, ""lo"": 10, ""tf"": 200}",1h,0,2.5,-0.013669553332644746,-0.09497013911134589,-0.07892114099979408,-0.24220842914346574,-0.05329320276157645,-0.29617409484255575,0.004936194749462003,-0.0008047856451474914,-0.011156894729735647,0.0013480820028310692,1253,0.5235434956105347
Stochastic reversie,"{""n"": 9, ""lo"": 10, ""tf"": 200}",1h,1,0.0,0.024620440379909736,-0.05162988372737565,0.03862943837275257,-0.1414795499205621,0.03299650186635428,-0.1414795499205621,0.005478039519436694,0.009925314097825341,-0.0023006796660568346,0.008257586130929598,649,0.6117103235747303
Stochastic reversie,"{""n"": 9, ""lo"": 10, ""tf"": 200}",1h,1,2.5,-0.03542681768133571,-0.07897786862794054,-0.00779326492068988,-0.12144810284447516,-0.018942472739828853,-0.1360364549310369,-0.0028758061202179335,0.00041568888297215757,-0.0038468471811111127,-0.0008186217432241266,679,0.5390279823269514
Stochastic reversie,"{""n"": 9, ""lo"": 10, ""tf"": 200}",4h,0,0.0,-0.057895663364521455,-0.17204519125754614,-0.06489395755275551,-0.22619299228463663,-0.06206163630840478,-0.30457107427916663,0.009494424778048257,0.0004630490764865991,-0.01643750510017982,0.0038498149645722207,266,0.5526315789473685
Stochastic reversie,"{""n"": 9, ""lo"": 10, ""tf"": 200}",4h,0,2.5,-0.029866177410873274,-0.11914477219893005,-0.07580511311481908,-0.22495831201734873,-0.05764121979937464,-0.26398453440136904,0.004252605724640356,-0.005096728015178827,-0.005642148312323347,-0.0015907278627466336,278,0.4892086330935252
Stochastic reversie,"{""n"": 9, ""lo"": 10, ""tf"": 200}",4h,1,0.0,0.002293266467854105,-0.07707517453889245,-0.06162840347121912,-0.19485871337892047,-0.036512291769150385,-0.19485871337892047,0.007599248126285096,-0.0022703607154277955,-0.005927738359513192,0.001430742600214539,181,0.4861878453038674
Stochastic reversie,"{""n"": 9, ""lo"": 10, ""tf"": 200}",4h,1,2.5,0.00239712696211436,-0.06934111698373358,-0.07178396391050357,-0.21523700024471049,-0.04273392115052854,-0.21523700024471049,0.006629761855781408,-0.006857858315443921,-0.004263568738298008,-0.0018000007512344225,191,0.44502617801047123
Stochastic reversie,"{""n"": 9, ""lo"": 20, ""tf"": 0}",1h,0,0.0,-0.4214058306669588,-0.6715893312548796,-0.3664899130569622,-0.7511153355078684,-0.38812323295398665,-0.9071809060788917,0.022827186353005416,0.022975018076842848,-0.12007659897649292,0.02291958118040381,8001,0.6005499312585927
Stochastic reversie,"{""n"": 9, ""lo"": 20, ""tf"": 0}",1h,0,2.5,-0.48651608425855764,-0.7128080040238413,-0.5051704766240079,-0.8628018200200747,-0.49697230552098326,-0.9602504559222637,-0.0034094021061843696,-0.021479140127298228,-0.1076505461911791,-0.014702988369380532,11477,0.5453515727106387
Stochastic reversie,"{""n"": 9, ""lo"": 20, ""tf"": 0}",1h,1,0.0,-0.23464830672951498,-0.44627780982449117,-0.09641192978321955,-0.4131586091084728,-0.15337909481265455,-0.5847610324751759,0.0036604799201552427,0.021129640786369155,-0.04578236864888543,0.014578705461538938,4153,0.590898145918613
Stochastic reversie,"{""n"": 9, ""lo"": 20, ""tf"": 0}",1h,1,2.5,-0.3146520123628329,-0.5163097415805847,-0.27149611706554444,-0.6031540171696159,-0.28809694925377904,-0.8063574474975047,-0.012320725013890995,-0.01203446152213732,-0.04786957853008391,-0.012141810331544947,5725,0.5423580786026201
Stochastic reversie,"{""n"": 9, ""lo"": 20, ""tf"": 0}",4h,0,0.0,-0.21386242589285498,-0.5447577242522272,-0.1797536856994577,-0.5303096719491932,-0.18852127823757492,-0.7029718075204469,0.047335022556909676,0.04355492179959829,-0.10147984349946038,0.04497245958359006,2045,0.6298288508557457
Stochastic reversie,"{""n"": 9, ""lo"": 20, ""tf"": 0}",4h,0,2.5,-0.09914206613708154,-0.3836693228941884,-0.22961681065698702,-0.5634298357531168,-0.17578120563399713,-0.6491306171518831,0.03412416141397597,0.027557440903058575,-0.07293168865997801,0.0300199610946526,2905,0.5752151462994837
Stochastic reversie,"{""n"": 9, ""lo"": 20, ""tf"": 0}",4h,1,0.0,0.020939131441688463,-0.17887489747916063,-0.08900062377802342,-0.35077225479760454,-0.04057520791149427,-0.35077225479760454,0.03399394186026266,0.022956027356096045,-0.03156977249023766,0.027095245295158527,1030,0.6009708737864078
Stochastic reversie,"{""n"": 9, ""lo"": 20, ""tf"": 0}",4h,1,2.5,0.042967203356284456,-0.12072523078570263,-0.15519246583770008,-0.4376112524089466,-0.07636465303491402,-0.4376112524089466,0.029442697685811633,0.010648076658911033,-0.028625283023104783,0.01769605954399876,1335,0.5610486891385768
Stochastic reversie,"{""n"": 9, ""lo"": 20, ""tf"": 200}",1h,0,0.0,-0.17105066523989598,-0.3370662389044038,-0.20926288225918854,-0.5716448131051451,-0.19405614114958702,-0.6444953385197298,0.010165357543958654,0.013716002004759087,-0.041077391660841525,0.012384510331958925,3591,0.5875800612642718
Stochastic reversie,"{""n"": 9, ""lo"": 20, ""tf"": 200}",1h,0,2.5,-0.185911779883564,-0.3142918422201293,-0.2627630103678852,-0.5810453603506651,-0.23265391444938333,-0.7125099834770832,-0.009008602312535023,-0.015227185517952324,-0.026611009742967914,-0.012895216815920837,4298,0.532805956258725
Stochastic reversie,"{""n"": 9, ""lo"": 20, ""tf"": 200}",1h,1,0.0,-0.06379323815728077,-0.2037095742847972,-0.06250519372833019,-0.3457440633852852,-0.06296644310141086,-0.3457440633852852,0.010147104396752557,0.01213858979119622,-0.020125260269078037,0.011391782768279846,2192,0.593065693430657
Stochastic reversie,"{""n"": 9, ""lo"": 20, ""tf"": 200}",1h,1,2.5,-0.14199773842102992,-0.26632080730982577,-0.1308728943568146,-0.3416676653985806,-0.13513275704043992,-0.5166431961308309,-0.0056077489621626135,-0.01107107638680067,-0.012918523028083759,-0.0090223286025614,2605,0.5397312859884836
Stochastic reversie,"{""n"": 9, ""lo"": 20, ""tf"": 200}",4h,0,0.0,-0.04553022062942358,-0.3642844793120903,-0.10753813315916294,-0.39953188980112675,-0.0775150200332364,-0.4162406288287974,0.031101990560184922,0.01366511373197643,-0.03735092982874669,0.020203942542554615,870,0.6172413793103448
Stochastic reversie,"{""n"": 9, ""lo"": 20, ""tf"": 200}",4h,0,2.5,0.008361354210823402,-0.2018908837475415,-0.12242768923922831,-0.4012284224285938,-0.06774114055468539,-0.4012284224285938,0.01930109925893997,0.0009088885564291067,-0.018836024474619115,0.00780596756987068,1004,0.5737051792828686
Stochastic reversie,"{""n"": 9, ""lo"": 20, ""tf"": 200}",4h,1,0.0,0.07177727554885571,-0.1400432903395934,-0.06678940666589417,-0.31811369695334657,-0.007510190117409721,-0.31811369695334657,0.029093087853008064,0.011078459247297601,-0.01660856221718089,0.017833944974439023,650,0.62
Stochastic reversie,"{""n"": 9, ""lo"": 20, ""tf"": 200}",4h,1,2.5,0.06133536868470402,-0.10937998135462701,-0.08933748078603643,-0.33613900973620003,-0.027101134011892736,-0.33613900973620003,0.022762328431760404,0.0014720734132158612,-0.012611122748636704,0.009455919045170064,739,0.584573748308525
Stochastic reversie,"{""n"": 9, ""lo"": 30, ""tf"": 0}",1h,0,0.0,-0.4354575338313621,-0.7077337469328054,-0.4332739291808322,-0.8111985494590842,-0.43313046254627807,-0.9328369403792502,0.02550465973473781,0.0269290014246353,-0.12895837758668924,0.026394873290923743,10025,0.6068827930174564
Stochastic reversie,"{""n"": 9, ""lo"": 30, ""tf"": 0}",1h,0,2.5,-0.5670792741101376,-0.7865302596524096,-0.5556313897521028,-0.898180843436076,-0.5594024260411317,-0.9779333673745343,-0.0052923312057443495,-0.02326951043631862,-0.12811349244104453,-0.016528068224853268,15028,0.5580915624168219
Stochastic reversie,"{""n"": 9, ""lo"": 30, ""tf"": 0}",1h,1,0.0,-0.2175483722122269,-0.4730705749327102,-0.18253526465712788,-0.5143726688281516,-0.19546342597019672,-0.6737041578915414,0.011106742754256296,0.02142942911063787,-0.04801643363689252,0.017558421726994778,5310,0.5992467043314501
Stochastic reversie,"{""n"": 9, ""lo"": 30, ""tf"": 0}",1h,1,2.5,-0.3530078530640174,-0.5673225227034102,-0.3349197759869015,-0.6918589496874155,-0.34111142092712576,-0.8646419481240093,-0.013431818412854556,-0.019793037657685978,-0.04540391558948896,-0.017407580440874194,7717,0.5568225994557471
Stochastic reversie,"{""n"": 9, ""lo"": 30, ""tf"": 0}",4h,0,0.0,-0.3242092050168125,-0.6607790543121677,-0.19499327360005436,-0.5456204743941069,-0.24355352805393837,-0.7727379493792423,0.04355369088466458,0.04673284699761474,-0.11415807231261262,0.04554066345525843,2519,0.6339817387852322
Stochastic reversie,"{""n"": 9, ""lo"": 30, ""tf"": 0}",4h,0,2.5,-0.2037760303440096,-0.46600016381054554,-0.2468468898802092,-0.5799931387159978,-0.22527220055034114,-0.7242192164662535,0.02941975621923534,0.024404202277773023,-0.07733268723250404,0.026285035005821394,3713,0.589011580931861
Stochastic reversie,"{""n"": 9, ""lo"": 30, ""tf"": 0}",4h,1,0.0,-0.016636604368803654,-0.25375355375329833,-0.07619357356890621,-0.3658697587781856,-0.045454314866349654,-0.3658697587781856,0.03602368953889983,0.025405078962614666,-0.03500184301787168,0.029387057928721604,1301,0.6318216756341276
Stochastic reversie,"{""n"": 9, ""lo"": 30, ""tf"": 0}",4h,1,2.5,-0.05061606115819084,-0.23037668696030067,-0.13749038329098207,-0.3905381869271768,-0.09840974158962879,-0.4360842916248191,0.02370131138929617,0.009703327752276019,-0.031309062471145725,0.014952571616158575,1793,0.581148912437256
Stochastic reversie,"{""n"": 9, ""lo"": 30, ""tf"": 200}",1h,0,0.0,-0.2110179036594545,-0.4300360193505973,-0.2470227998891955,-0.6337871143095932,-0.2326874470388699,-0.7167012307990883,0.016222094743204116,0.015399190241829808,-0.05197490440191473,0.015707779429845175,4901,0.5949806162007754
Stochastic reversie,"{""n"": 9, ""lo"": 30, ""tf"": 200}",1h,0,2.5,-0.2452029389024718,-0.40385443046690706,-0.29367628091022036,-0.6242845910941945,-0.27451349664418445,-0.7757430258906781,-0.01003827058775475,-0.016356025857236566,-0.032351466752651395,-0.013986867631180885,6124,0.5462116263879817
Stochastic reversie,"{""n"": 9, ""lo"": 30, ""tf"": 200}",1h,1,0.0,-0.08162512331705019,-0.28189452913162216,-0.07871958369790355,-0.4007688021855105,-0.07984299011085971,-0.4007688021855105,0.014558358994956166,0.013921139230171095,-0.025009116572218007,0.014160096641965497,3025,0.59900826446281
Stochastic reversie,"{""n"": 9, ""lo"": 30, ""tf"": 200}",1h,1,2.5,-0.18292913196003335,-0.3308915989246347,-0.15611307566157318,-0.38754223972484114,-0.16686951931410055,-0.5896945789112746,-0.007945156251192496,-0.011343631902664209,-0.013894150957793783,-0.010069203533362317,3773,0.5510204081632653
Stochastic reversie,"{""n"": 9, ""lo"": 30, ""tf"": 200}",4h,0,0.0,-0.01180587778366804,-0.3187588124815357,-0.10135785304183753,-0.3842720629784465,-0.05971502053595823,-0.3842720629784465,0.04434021429749016,0.01953868936988006,-0.03684194975957622,0.028839261217733846,1192,0.6501677852348994
Stochastic reversie,"{""n"": 9, ""lo"": 30, ""tf"": 200}",4h,0,2.5,-0.035122717254751246,-0.19978098254443488,-0.10276022366483706,-0.32464631444716996,-0.07126651875530499,-0.35954354314447623,0.02444062181576993,0.0012388720018822038,-0.015909388078609067,0.009939528182090101,1443,0.5966735966735967
Stochastic reversie,"{""n"": 9, ""lo"": 30, ""tf"": 200}",4h,1,0.0,0.0411764441015432,-0.18747442261749403,-0.07466248425012678,-0.32378620546423575,-0.022863705510862142,-0.32378620546423575,0.036667869363487746,0.014499637052324266,-0.018968093339055185,0.022812724169010572,877,0.6419612314709237
Stochastic reversie,"{""n"": 9, ""lo"": 30, ""tf"": 200}",4h,1,2.5,-0.013909316649308168,-0.15220732130674886,-0.07558570654991859,-0.26784425227051933,-0.04624832912019772,-0.28098170826359026,0.02319778487050196,0.002595181611746892,-0.012694825589606093,0.010321157833780042,1058,0.5916824196597353
Stochastic reversie,"{""n"": 14, ""lo"": 10, ""tf"": 0}",1h,0,0.0,-0.18747290940265382,-0.3808948757363846,-0.16722624720489987,-0.4427393261713083,-0.17479840944981562,-0.6148518205784839,0.002649787125366799,0.023842434174255578,-0.06605106422253795,0.015895191530922285,3243,0.6139377119950663
Stochastic reversie,"{""n"": 14, ""lo"": 10, ""tf"": 0}",1h,0,2.5,-0.16045964366782894,-0.2920247573297339,-0.2473487188436253,-0.5572006026143141,-0.21311138441320165,-0.6831578879999107,-0.0066809218497477785,-0.0029560776422848565,-0.051445055720534504,-0.004352894220083452,4179,0.518545106484805
Stochastic reversie,"{""n"": 14, ""lo"": 10, ""tf"": 0}",1h,1,0.0,-0.09774003874527615,-0.24442325662182873,-0.05652142892139167,-0.2755940254672016,-0.07264474825566458,-0.3380096076924515,0.0007103013322601696,0.015364607536759242,-0.026513423914457122,0.00986924271007209,1558,0.5975609756097561
Stochastic reversie,"{""n"": 14, ""lo"": 10, ""tf"": 0}",1h,1,2.5,-0.15040769778917507,-0.26883394326553056,-0.11742850696692497,-0.3143316628933873,-0.13020298782227957,-0.4933034770366258,-0.011704931661189417,-0.0031852227959361674,-0.025293856743783524,-0.006380113620406136,1911,0.5049712192569336
Stochastic reversie,"{""n"": 14, ""lo"": 10, ""tf"": 0}",4h,0,0.0,-0.11007206337865483,-0.27916692265253396,-0.02374336143634692,-0.3720586322811096,-0.05711109983280804,-0.4207663607749518,0.025772429517517532,0.0312899421758358,-0.06507482563788289,0.02922087492896645,839,0.6412395709177592
Stochastic reversie,"{""n"": 14, ""lo"": 10, ""tf"": 0}",4h,0,2.5,0.024859734499522723,-0.17561182027311195,-0.03234366502588204,-0.32955179471297047,-0.007577711480030724,-0.32955179471297047,0.01868989877642456,0.01681945870478098,-0.025203479501633576,0.017520873731647322,1081,0.5522664199814986
Stochastic reversie,"{""n"": 14, ""lo"": 10, ""tf"": 0}",4h,1,0.0,-0.022776004398119887,-0.1051006568750904,-0.008883857156148256,-0.17733422668480459,-0.012227821227677627,-0.17733422668480459,0.008162474881716595,0.012899250992284002,-0.016797419893126525,0.011122959950821224,363,0.6198347107438017
Stochastic reversie,"{""n"": 14, ""lo"": 10, ""tf"": 0}",4h,1,2.5,-0.0029887772519896494,-0.06893847070968306,-0.06096337518924,-0.2614204223964356,-0.035958713200116454,-0.2614204223964356,0.007720421153646672,0.000708006952990566,-0.012213519688763351,0.0033376622782366056,427,0.5362997658079626
Stochastic reversie,"{""n"": 14, ""lo"": 10, ""tf"": 200}",1h,0,0.0,-0.0075211329459948795,-0.09190840224999419,-0.08043842492389097,-0.3038417832539668,-0.0518540780789184,-0.3038417832539668,0.004976836525854283,0.010290958973553026,-0.015402824324940508,0.008298163055665997,1082,0.589648798521257
Stochastic reversie,"{""n"": 14, ""lo"": 10, ""tf"": 200}",1h,0,2.5,-0.02533079849188047,-0.07075863211758937,-0.09589844608808451,-0.2535133272308723,-0.06823331034718783,-0.3063337030900264,-0.0021791940892775807,-0.002095863031739838,-0.010951100048874333,-0.002127112178316492,1188,0.5050505050505051
Stochastic reversie,"{""n"": 14, ""lo"": 10, ""tf"": 200}",1h,1,0.0,0.03099352975987535,-0.04222686391429742,-0.020164707404483506,-0.20271780341295453,3.062360313110801e-05,-0.20271780341295453,0.005905803110081043,0.006311229227053598,-0.0053165673458286725,0.00615919443318889,603,0.6069651741293532
Stochastic reversie,"{""n"": 14, ""lo"": 10, ""tf"": 200}",1h,1,2.5,-0.03995947847838344,-0.08067881649774888,-0.03496615083699173,-0.12731360314088158,-0.036947308723282446,-0.18293613201076353,-0.003626917186889394,-0.001850889467997785,-0.003879473856123694,-0.0025168998625821385,651,0.5130568356374808
Stochastic reversie,"{""n"": 14, ""lo"": 10, ""tf"": 200}",4h,0,0.0,-0.09411078539889017,-0.23587851077662703,-0.032395294430762056,-0.19113732465234712,-0.055430140182466836,-0.31451716668029095,0.010998932628955238,0.007531694006854228,-0.02708273323741032,0.008831908490142107,247,0.5870445344129555
Stochastic reversie,"{""n"": 14, ""lo"": 10, ""tf"": 200}",4h,0,2.5,-0.04507814837513868,-0.12001616625497535,-0.05412657152714562,-0.1654853167376522,-0.04833097685229426,-0.22180933743709252,0.003980371343411609,-0.0011840393780893966,-0.010271042691318892,0.0007526146424734805,255,0.49019607843137253
Stochastic reversie,"{""n"": 14, ""lo"": 10, ""tf"": 200}",4h,1,0.0,-0.007820834252982967,-0.0861709494551226,0.0021901666321908486,-0.10453074782845717,0.0004331523423399819,-0.10453074782845717,0.0067664934435083994,0.003563357422381201,-0.009393544267402125,0.004764533430303901,168,0.6130952380952381
Stochastic reversie,"{""n"": 14, ""lo"": 10, ""tf"": 200}",4h,1,2.5,-0.014139338353201358,-0.07006060194484065,-0.03355300354107482,-0.10462174938406088,-0.023600567588130228,-0.11468671154494914,0.004212288705599199,-0.004297286146197924,-0.005312824421889031,-0.0011061955767740033,174,0.5
Stochastic reversie,"{""n"": 14, ""lo"": 20, ""tf"": 0}",1h,0,0.0,-0.4149223795128738,-0.6878473503778735,-0.3791850309622853,-0.7571326527917069,-0.39275734184203626,-0.9110378544316127,0.029811429956803723,0.026974872451535323,-0.1259720667038044,0.028038581516010973,6520,0.6105828220858895
Stochastic reversie,"{""n"": 14, ""lo"": 20, ""tf"": 0}",1h,0,2.5,-0.4920108379609889,-0.7180676482125533,-0.4708257268420739,-0.8361795240967391,-0.47865004026594327,-0.9529946875120627,-0.0009569009533100865,-0.01345916229290575,-0.11601187994384844,-0.008770814290557377,10201,0.5329869620625429
Stochastic reversie,"{""n"": 14, ""lo"": 20, ""tf"": 0}",1h,1,0.0,-0.14122166886738585,-0.37821752263880215,-0.12183652335968076,-0.3995418185335524,-0.1284123103048862,-0.540550842786754,0.017433297509441708,0.019796605130451155,-0.04015604309535928,0.018910364772572612,3400,0.6023529411764705
Stochastic reversie,"{""n"": 14, ""lo"": 20, ""tf"": 0}",1h,1,2.5,-0.2417211284309556,-0.42871467411848585,-0.2798161974870955,-0.6181312302558779,-0.26386823538982607,-0.7779754197087793,-0.0034627203848733735,-0.01735299350413856,-0.03928530521884572,-0.012144141084414117,5059,0.5331093101403439
Stochastic reversie,"{""n"": 14, ""lo"": 20, ""tf"": 0}",4h,0,0.0,-0.26709821707221315,-0.5710215846836184,-0.12315043338779164,-0.508203776044011,-0.17879297769979408,-0.7035629882062489,0.036607798261500055,0.04110880577946229,-0.10130220283216543,0.039420927960226455,1674,0.6505376344086021
Stochastic reversie,"{""n"": 14, ""lo"": 20, ""tf"": 0}",4h,0,2.5,-0.14148215712785672,-0.38510679797667524,-0.18232681038894694,-0.4884519470682065,-0.16098785272892535,-0.6051623125130808,0.026951931578161337,0.016395315936238154,-0.0678198352757298,0.020354046801959347,2574,0.560994560994561
Stochastic reversie,"{""n"": 14, ""lo"": 20, ""tf"": 0}",4h,1,0.0,-0.0513529852358785,-0.2707230589415358,-0.07575168557983436,-0.31675679929104616,-0.06027235902444261,-0.35470029987107543,0.026318781607940926,0.016960382548625166,-0.03029502619125061,0.020469782195868577,811,0.6202219482120839
Stochastic reversie,"{""n"": 14, ""lo"": 20, ""tf"": 0}",4h,1,2.5,-0.028104590999622148,-0.21461106490331638,-0.13758816307491673,-0.3845460993253287,-0.08968683202691685,-0.4134757492548089,0.023877455789376896,-0.0010578644875107587,-0.025820885111708762,0.008292880616322112,1137,0.5435356200527705
Stochastic reversie,"{""n"": 14, ""lo"": 20, ""tf"": 200}",1h,0,0.0,-0.15534249478235984,-0.3467213593695143,-0.22600779883228028,-0.5743618741587209,-0.19834476078087293,-0.6611516022253263,0.016539648740007167,0.017543269421545642,-0.04721628239296751,0.017166911665968714,2905,0.5951807228915663
Stochastic reversie,"{""n"": 14, ""lo"": 20, ""tf"": 200}",1h,0,2.5,-0.2001059131163866,-0.3369894184285124,-0.24585015591981785,-0.5602512844467364,-0.22773777797856354,-0.7080411821771468,-0.006861866480185053,-0.010765138494410475,-0.03311478839246858,-0.009301411489075942,3597,0.516541562413122
Stochastic reversie,"{""n"": 14, ""lo"": 20, ""tf"": 200}",1h,1,0.0,0.02619876248609243,-0.1239505505122026,-0.06895514156111804,-0.34179347969193097,-0.031941758673665444,-0.34179347969193097,0.02345599716591609,0.01593768827781917,-0.0210583524605134,0.018757054110855514,1779,0.6048341765036538
Stochastic reversie,"{""n"": 14, ""lo"": 20, ""tf"": 200}",1h,1,2.5,-0.09484490708795212,-0.19182906500110253,-0.1188828625860966,-0.3258250205647183,-0.10927649862319544,-0.4544024453881146,0.0014257460365183865,-0.00882693662552157,-0.011721543993906791,-0.004982180627256587,2178,0.529384756657484
Stochastic reversie,"{""n"": 14, ""lo"": 20, ""tf"": 200}",4h,0,0.0,-0.1466086714387954,-0.40600857473127017,-0.12506032082558083,-0.39774531640446165,-0.12835024712269472,-0.534371876712256,0.02219511244598693,0.012078523371236893,-0.051960629357739846,0.015872244274268157,672,0.6354166666666666
Stochastic reversie,"{""n"": 14, ""lo"": 20, ""tf"": 200}",4h,0,2.5,-0.06778109759751583,-0.2531327068437097,-0.13012264771019388,-0.3762267722096825,-0.10011153256950367,-0.42869842331833763,0.009640969071321096,-0.005255454834370895,-0.02293265472242314,0.00033070413026360196,807,0.5489467162329615
Stochastic reversie,"{""n"": 14, ""lo"": 20, ""tf"": 200}",4h,1,0.0,-0.023987540176092503,-0.2287534119927891,-0.06651089379228059,-0.2677095579104104,-0.04383254713914442,-0.2754540296847714,0.018571048466274626,0.004673280584924444,-0.01869219595040319,0.009884943540430763,490,0.6224489795918368
Stochastic reversie,"{""n"": 14, ""lo"": 20, ""tf"": 200}",4h,1,2.5,-0.003028867461309037,-0.16852330120285441,-0.10447779306590133,-0.32441889680702574,-0.05936317912464095,-0.32441889680702574,0.016779539507104067,-0.007348387838155886,-0.015472581428472437,0.001699584916316596,580,0.5465517241379311
Stochastic reversie,"{""n"": 14, ""lo"": 30, ""tf"": 0}",1h,0,0.0,-0.397796464662748,-0.6968275970294046,-0.4159044566728839,-0.7960683720803686,-0.4079172432936897,-0.9197111376302146,0.03325528828236968,0.01902520846174026,-0.1274475090931257,0.02436148839447629,7897,0.6240344434595416
Stochastic reversie,"{""n"": 14, ""lo"": 30, ""tf"": 0}",1h,0,2.5,-0.5015110076022198,-0.7418716418221274,-0.5321012672128991,-0.8810723040235038,-0.5193955029489612,-0.9668039746790549,0.009137382884549053,-0.028813347949158633,-0.12108427319932749,-0.01458182388651825,12475,0.55374749498998
Stochastic reversie,"{""n"": 14, ""lo"": 30, ""tf"": 0}",1h,1,0.0,-0.08803470732595498,-0.3717086961023057,-0.16767129032254668,-0.46066396229899,-0.13567427667837872,-0.561932583034821,0.03278141577086181,0.012090667914147117,-0.0425068689433071,0.019849698360415127,4187,0.6157153092906615
Stochastic reversie,"{""n"": 14, ""lo"": 30, ""tf"": 0}",1h,1,2.5,-0.21557383256138085,-0.4443188057258155,-0.332763841468502,-0.6848425354736483,-0.28724347650225845,-0.8110521356560757,0.015175325427809269,-0.03245348355653025,-0.03807450077643465,-0.014592680187402932,6362,0.5567431625275071
Stochastic reversie,"{""n"": 14, ""lo"": 30, ""tf"": 0}",4h,0,0.0,-0.1575123576251506,-0.49965229455752724,-0.14538513614516235,-0.5004033453615764,-0.14420420369638276,-0.6424828623343628,0.058440257234789135,0.039287850949817654,-0.10344761485691151,0.04647000330668196,1970,0.6639593908629442
Stochastic reversie,"{""n"": 14, ""lo"": 30, ""tf"": 0}",4h,0,2.5,-0.06295815559620377,-0.32921821720666067,-0.18483574570051953,-0.5000432558768595,-0.13309496017223765,-0.582113442338676,0.04791000733849999,0.013589814541356719,-0.07015856377896887,0.026459886840285444,2989,0.594847775175644
Stochastic reversie,"{""n"": 14, ""lo"": 30, ""tf"": 0}",4h,1,0.0,0.0005175178210845566,-0.23470610594450347,-0.09928574467515328,-0.3868747909323127,-0.053929879043587814,-0.3868747909323127,0.04298830050447064,0.016952604605536572,-0.037228791081128546,0.02671599056763685,984,0.6453252032520326
Stochastic reversie,"{""n"": 14, ""lo"": 30, ""tf"": 0}",4h,1,2.5,-0.008028335947955934,-0.17912811423321096,-0.14101964747151263,-0.38556174278667055,-0.08483922471251659,-0.38556174278667055,0.030576907705869145,0.0009940309011471657,-0.028439292411040464,0.012087609702917909,1408,0.5696022727272727
Stochastic reversie,"{""n"": 14, ""lo"": 30, ""tf"": 200}",1h,0,0.0,-0.1530212670351545,-0.4102487481925078,-0.2507249204305778,-0.5938803229984843,-0.21305014767631225,-0.6863956252513912,0.03726177465800637,0.011668068268557966,-0.05687351012649497,0.02126570816460112,3871,0.6135365538620512
Stochastic reversie,"{""n"": 14, ""lo"": 30, ""tf"": 200}",1h,0,2.5,-0.15808159532822852,-0.31347468393687017,-0.29332901277944845,-0.6225941494010181,-0.24199463076811312,-0.7248569033375982,0.01362480950055108,-0.02331667946390724,-0.037384038144629615,-0.00946362110223537,4934,0.5407377381434941
Stochastic reversie,"{""n"": 14, ""lo"": 30, ""tf"": 200}",1h,1,0.0,0.06102093544822096,-0.14426044735639376,-0.08973400878932114,-0.3465912554145558,-0.03226478639080732,-0.3465912554145558,0.04072360894326981,0.010814207031095976,-0.025354156794307553,0.022030232748161165,2390,0.6196652719665272
Stochastic reversie,"{""n"": 14, ""lo"": 30, ""tf"": 200}",1h,1,2.5,-0.0403947122576116,-0.17460428052667176,-0.1738545362276943,-0.42043839818228046,-0.1228745093287551,-0.4921045745993984,0.01856639748906017,-0.020266513845982347,-0.014096184703752172,-0.0057041720953414045,3010,0.5561461794019934
Stochastic reversie,"{""n"": 14, ""lo"": 30, ""tf"": 200}",4h,0,0.0,-0.03903446099333052,-0.3491183062818861,-0.1374458993140607,-0.4231738903223201,-0.09377261790642966,-0.4547640848162412,0.0404749862877395,0.012478748671169722,-0.050694204262638404,0.02297733777738339,891,0.6610549943883277
Stochastic reversie,"{""n"": 14, ""lo"": 30, ""tf"": 200}",4h,0,2.5,-0.005253981805982022,-0.2167261584415151,-0.09576353105351565,-0.29819223138553574,-0.05609039731010046,-0.2992561669182503,0.023004588042543857,-0.005880529759218556,-0.018328728067923683,0.004951389416442349,1095,0.5835616438356165
Stochastic reversie,"{""n"": 14, ""lo"": 30, ""tf"": 200}",4h,1,0.0,0.017337743366723002,-0.21184783288491738,-0.07813317944150078,-0.291310727544552,-0.035169590389284244,-0.291310727544552,0.03384792433355049,0.005253863925537195,-0.0227017734704592,0.01597663657854218,658,0.648936170212766
Stochastic reversie,"{""n"": 14, ""lo"": 30, ""tf"": 200}",4h,1,2.5,0.025731463307951286,-0.15484939920923801,-0.08626651261834084,-0.27776504902773447,-0.03843002600447787,-0.27776504902773447,0.025969309878547335,-0.007903608231888603,-0.013260544544291375,0.004798736059524873,806,0.5732009925558312
Stochastic reversie,"{""n"": 21, ""lo"": 10, ""tf"": 0}",1h,0,0.0,-0.004391269520146901,-0.23955535622745117,-0.1599699590195206,-0.4624160823705219,-0.10029522176344197,-0.5393264932008497,0.021100888954924728,0.037669746578773776,-0.05807372982175299,0.031456424969830386,2946,0.6181262729124236
Stochastic reversie,"{""n"": 21, ""lo"": 10, ""tf"": 0}",1h,0,2.5,-0.07520462935690964,-0.2018460382270325,-0.23821986006263673,-0.5472032286713892,-0.17618166288933146,-0.6344128550751802,0.0006682034120215495,0.007900469827971147,-0.052975788758501945,0.005188369921990048,4238,0.4858423784804153
Stochastic reversie,"{""n"": 21, ""lo"": 10, ""tf"": 0}",1h,1,0.0,-0.009554621942100994,-0.14196584112527966,-0.10972298080772103,-0.33228627842719594,-0.07036315644166602,-0.36875002594695216,0.006497116844710327,0.01958942716616107,-0.025809103845352788,0.01467981079561704,1409,0.5926188786373314
Stochastic reversie,"{""n"": 21, ""lo"": 10, ""tf"": 0}",1h,1,2.5,-0.09265793230852049,-0.2013579445881466,-0.14537018715969263,-0.3790382906979053,-0.1241153811686968,-0.4983302460558199,-0.010432361031028058,-0.0007123951897130739,-0.0245058334170475,-0.004357382380206193,1906,0.4690451206715635
Stochastic reversie,"{""n"": 21, ""lo"": 10, ""tf"": 0}",4h,0,0.0,-0.11024977472586872,-0.38239544394874103,0.014924918864516856,-0.33413915712763287,-0.0344941118724047,-0.38239544394874103,0.02877501410993471,0.031111372622061487,-0.05928207724331701,0.030235238180013946,790,0.6367088607594936
Stochastic reversie,"{""n"": 21, ""lo"": 10, ""tf"": 0}",4h,0,2.5,0.0009085721256867352,-0.28358657789490826,-0.03812673203172079,-0.3647427770118751,-0.019951592164752396,-0.3647427770118751,0.02752327428880985,0.01242558907063065,-0.035778387728176,0.01808722102744785,1129,0.5314437555358724
Stochastic reversie,"{""n"": 21, ""lo"": 10, ""tf"": 0}",4h,1,0.0,-0.0838174245991451,-0.21737155892801252,-0.008192583746695958,-0.1956497593155121,-0.036508332181927505,-0.26425316888699957,0.0036083408361240587,0.014108293042626197,-0.01652793090076591,0.010170810965187895,335,0.6119402985074627
Stochastic reversie,"{""n"": 21, ""lo"": 10, ""tf"": 0}",4h,1,2.5,-0.01813405116945399,-0.12950743849849555,-0.04859163938771205,-0.27980787830158094,-0.033811000635949884,-0.27980787830158094,0.008984509768901909,0.002069893352572934,-0.012941700872254318,0.0046628745086963,421,0.5249406175771971
Stochastic reversie,"{""n"": 21, ""lo"": 10, ""tf"": 200}",1h,0,0.0,0.09334042428954548,-0.09245379778502272,-0.07913086866399544,-0.2529258006075187,-0.01307326271891529,-0.2529258006075187,0.01711409657945921,0.012669063420684124,-0.009173372828763536,0.01433595085522478,959,0.6006256517205423
Stochastic reversie,"{""n"": 21, ""lo"": 10, ""tf"": 200}",1h,0,2.5,0.03279992198466464,-0.06421235271117065,-0.08889399075051407,-0.2434151297328021,-0.04195703159337072,-0.2907612458934825,0.006202715076351086,0.0023850123958788125,-0.009987281603388604,0.003816650901055915,1067,0.4751640112464855
Stochastic reversie,"{""n"": 21, ""lo"": 10, ""tf"": 200}",1h,1,0.0,0.07726349559162293,-0.03753580979864446,-0.023538857941959535,-0.14669459503053572,0.016161958805639642,-0.14669459503053572,0.009342497424820776,0.008509095075567467,-0.0038606333043194885,0.008821620956537457,534,0.602996254681648
Stochastic reversie,"{""n"": 21, ""lo"": 10, ""tf"": 200}",1h,1,2.5,-0.010858271926445506,-0.055508712891686796,-0.03472788499700141,-0.12574916648266854,-0.02522368017535881,-0.17283622066327564,-0.0026839231081467276,0.0019039675131020451,-0.0036553167684431204,0.00018350853013375523,585,0.4700854700854701
Stochastic reversie,"{""n"": 21, ""lo"": 10, ""tf"": 200}",4h,0,0.0,-0.02955784924610283,-0.12873395152682587,-0.015321164991862646,-0.1670871412848456,-0.01831545317619876,-0.19554922594808277,0.009475867573718606,0.009009542439984272,-0.016490949173211436,0.009184414365134647,238,0.6218487394957983
Stochastic reversie,"{""n"": 21, ""lo"": 10, ""tf"": 200}",4h,0,2.5,-0.03816219009308486,-0.12782814520459862,-0.029833962115812573,-0.13139663174306015,-0.030472394277872628,-0.1746722139688066,0.0032198053404501386,-0.00018601483462446684,-0.007255909419620107,0.0010911677310285102,249,0.5100401606425703
Stochastic reversie,"{""n"": 21, ""lo"": 10, ""tf"": 200}",4h,1,0.0,-0.055924261420059684,-0.162364043377224,0.012909871859444255,-0.09557961340626886,-0.012494725895149217,-0.16952580707391762,0.0033001955839358807,0.006526566749480193,-0.00973914901698903,0.005316677562401076,162,0.6481481481481481
Stochastic reversie,"{""n"": 21, ""lo"": 10, ""tf"": 200}",4h,1,2.5,-0.02608322255378981,-0.11100746705125863,-0.00763341023176578,-0.08370976633609162,-0.012318548622187508,-0.11100746705125863,0.00506214374569194,0.0004020144998305053,-0.005432095725918212,0.0021495629670285434,169,0.5502958579881657
Stochastic reversie,"{""n"": 21, ""lo"": 20, ""tf"": 0}",1h,0,0.0,-0.25926556820641233,-0.5502522919094103,-0.36485660555740096,-0.7320789523020339,-0.32327123469365193,-0.8558748485558437,0.04467600319573119,0.03790228015805031,-0.12082402997819121,0.04044242629718064,5162,0.6158465710964742
Stochastic reversie,"{""n"": 21, ""lo"": 20, ""tf"": 0}",1h,0,2.5,-0.39068613413245745,-0.6422906242594455,-0.44730141142346225,-0.8130431608687982,-0.4244771728518506,-0.9270238809704129,0.008952997821340354,0.00023320540694376685,-0.1073120230907475,0.003503127562342487,8820,0.5117913832199547
Stochastic reversie,"{""n"": 21, ""lo"": 20, ""tf"": 0}",1h,1,0.0,-0.009487487652735105,-0.23391986542645304,-0.16220083671999963,-0.4268465989950919,-0.10260413409395619,-0.47785815706099133,0.03055176876429264,0.02243230531884362,-0.03658533578982262,0.025477104110887005,2723,0.6077855306647081
Stochastic reversie,"{""n"": 21, ""lo"": 20, ""tf"": 0}",1h,1,2.5,-0.12365922582795996,-0.32925834139738863,-0.30001294031769654,-0.6423221012729191,-0.23315385902471764,-0.7382079409233915,0.013864083253939063,-0.013080173999289608,-0.03369365263476245,-0.002976077529328857,4364,0.5148945921173236
Stochastic reversie,"{""n"": 21, ""lo"": 20, ""tf"": 0}",4h,0,0.0,-0.13655516190344974,-0.4499159918179574,-0.09001190755202648,-0.5124056585822369,-0.10291095379442228,-0.5882293847016303,0.051032480423159145,0.05236831221081679,-0.09637408459278732,0.05186737529044517,1336,0.6609281437125748
Stochastic reversie,"{""n"": 21, ""lo"": 20, ""tf"": 0}",4h,0,2.5,0.028645752859323803,-0.2678830135811755,-0.09346819020660091,-0.3910156401153585,-0.03998945713576263,-0.3910156401153585,0.05432203723954086,0.03511133352198289,-0.06276162956960679,0.04231534741606713,2212,0.5614828209764918
Stochastic reversie,"{""n"": 21, ""lo"": 20, ""tf"": 0}",4h,1,0.0,-0.044324706698770644,-0.2785009992838656,-0.022239553888430574,-0.3454515650346778,-0.024632337955690753,-0.3579669174473452,0.02462039162953865,0.02824640596332956,-0.029242458192493277,0.02688665058815797,661,0.6369137670196672
Stochastic reversie,"{""n"": 21, ""lo"": 20, ""tf"": 0}",4h,1,2.5,0.00977190058973365,-0.20050644708882048,-0.05081778966880657,-0.34609651067561975,-0.02046426318176897,-0.34609651067561975,0.026015370499608573,0.018458689355003003,-0.024953787517793626,0.02129244478423009,969,0.5490196078431373
Stochastic reversie,"{""n"": 21, ""lo"": 20, ""tf"": 200}",1h,0,0.0,0.060180022310244,-0.21671993499654663,-0.180430330950049,-0.45715271802942026,-0.09098258067332132,-0.4682417864760974,0.0371163694456736,0.018920263074503823,-0.03579107407493315,0.025743802963692487,2273,0.6137263528376595
Stochastic reversie,"{""n"": 21, ""lo"": 20, ""tf"": 200}",1h,0,2.5,-0.08800945272345184,-0.17394750106854917,-0.21641273781442982,-0.4969314013341809,-0.1672910904519862,-0.5749843141597917,0.00825048830942026,-0.009286635655835178,-0.028914297990651996,-0.002710214168864388,2857,0.4977248862443122
Stochastic reversie,"{""n"": 21, ""lo"": 20, ""tf"": 200}",1h,1,0.0,0.14388589937243013,-0.07488496396248345,-0.06175735563934692,-0.21304105007658192,0.01617799399999642,-0.2291167346203966,0.03174145721129381,0.016366661900186118,-0.015300387437305232,0.022132210141851502,1390,0.6294964028776978
Stochastic reversie,"{""n"": 21, ""lo"": 20, ""tf"": 200}",1h,1,2.5,-0.008686830421722802,-0.09332050438860973,-0.12477533962753584,-0.31840458300481667,-0.08003941973762274,-0.3679512808689729,0.009826252240146759,-0.00718393503285788,-0.010443423626157328,-0.0008051148054811404,1711,0.5119812974868498
Stochastic reversie,"{""n"": 21, ""lo"": 20, ""tf"": 200}",4h,0,0.0,-0.053077137999401724,-0.3236493663279042,-0.016113293638428616,-0.22079160131151954,-0.024573829301545946,-0.3236493663279042,0.02873341453272022,0.02547468829441619,-0.03423289754604163,0.026696710633780204,545,0.6752293577981652
Stochastic reversie,"{""n"": 21, ""lo"": 20, ""tf"": 200}",4h,0,2.5,0.009875805706492269,-0.20293730705042312,-0.02042159594322812,-0.1702140038855019,-0.001747311022863851,-0.20293730705042312,0.023391724695289533,0.012317562027087411,-0.015746304759263453,0.016470373027663205,643,0.5754276827371695
Stochastic reversie,"{""n"": 21, ""lo"": 20, ""tf"": 200}",4h,1,0.0,0.004031057747692746,-0.23375072108818729,0.016093559264545698,-0.17828747198358885,0.018016842338426153,-0.23375072108818729,0.02093386011316852,0.01816336205780509,-0.01300305680121476,0.019202298828566375,388,0.6752577319587629
Stochastic reversie,"{""n"": 21, ""lo"": 20, ""tf"": 200}",4h,1,2.5,0.05183421674448985,-0.14839620790683228,-0.0075314026164001735,-0.15181079430243238,0.022629316812211364,-0.15181079430243238,0.025159853339484436,0.01005714861871146,-0.010682513038608968,0.015720662889001327,449,0.5879732739420935
Stochastic reversie,"{""n"": 21, ""lo"": 30, ""tf"": 0}",1h,0,0.0,-0.3385893737043676,-0.6383212395161735,-0.39062381234967536,-0.7887717863040336,-0.3691614012416764,-0.8972861041580905,0.04404191800978511,0.030772701218818463,-0.12861778148148348,0.03574865751543096,6072,0.6343873517786561
Stochastic reversie,"{""n"": 21, ""lo"": 30, ""tf"": 0}",1h,0,2.5,-0.3801683516524945,-0.6343732814280576,-0.4905489947849533,-0.8483852893290341,-0.44834090069805177,-0.9402818083300818,0.022623344523338917,-0.014424200037156979,-0.10838524740234434,-0.000531370826971018,10142,0.543088148294222
Stochastic reversie,"{""n"": 21, ""lo"": 30, ""tf"": 0}",1h,1,0.0,-0.0145919538538819,-0.25319065013838915,-0.16266292711112407,-0.49587380131805303,-0.10481852714535989,-0.49587380131805303,0.032238730668937676,0.019724397904521466,-0.036141413447763636,0.024417272691177546,3222,0.6315952824332712
Stochastic reversie,"{""n"": 21, ""lo"": 30, ""tf"": 0}",1h,1,2.5,-0.1145768360788304,-0.3178660909083214,-0.3104111527149155,-0.6518107846597734,-0.2371461120749513,-0.7441341433705505,0.019962595874424283,-0.02210818771057069,-0.029346982844968304,-0.006331643866197574,5105,0.5488736532810969
Stochastic reversie,"{""n"": 21, ""lo"": 30, ""tf"": 0}",4h,0,0.0,-0.1288952060902,-0.43003591573401945,-0.10466890876490598,-0.465264941141457,-0.10778746126241856,-0.5672889569703186,0.05277443174593196,0.046337253197315,-0.09659563657652814,0.04875119515304636,1539,0.686809616634178
Stochastic reversie,"{""n"": 21, ""lo"": 30, ""tf"": 0}",4h,0,2.5,-0.032427708719704906,-0.273152437078647,-0.0814687043591309,-0.36771273551472816,-0.05598504999960041,-0.3803994936606848,0.04940566774070471,0.021974163588774836,-0.06360428895130374,0.03226097764574854,2446,0.5878986099754702
Stochastic reversie,"{""n"": 21, ""lo"": 30, ""tf"": 0}",4h,1,0.0,-0.03539719783681505,-0.2585266669196161,-0.06198336992224884,-0.37437403661861335,-0.044326913305063886,-0.37437403661861335,0.034124503560452144,0.025185393264958975,-0.03937237345976548,0.028537559625768913,782,0.659846547314578
Stochastic reversie,"{""n"": 21, ""lo"": 30, ""tf"": 0}",4h,1,2.5,-0.020467339381049054,-0.17529413123678061,-0.07105756018832965,-0.37281899082754155,-0.04490370415400702,-0.37281899082754155,0.026835054502757298,0.012141169404214095,-0.031211829630181834,0.017651376316167797,1152,0.5581597222222222
Stochastic reversie,"{""n"": 21, ""lo"": 30, ""tf"": 200}",1h,0,0.0,-0.025332687019197775,-0.3023848587228085,-0.23862964952613797,-0.5793601782987913,-0.15906931306695005,-0.5805569529729676,0.04234757898727373,0.014601235017781678,-0.04967836251200932,0.025006114006341198,2957,0.6293540750760906
Stochastic reversie,"{""n"": 21, ""lo"": 30, ""tf"": 200}",1h,0,2.5,-0.09999463098606998,-0.23317310239407585,-0.2877043337671339,-0.6067566908237347,-0.2180062304354915,-0.6845533627135364,0.018852437787045644,-0.020376203535281728,-0.03733592328419515,-0.005665463039408962,3823,0.5286424274130265
Stochastic reversie,"{""n"": 21, ""lo"": 30, ""tf"": 200}",1h,1,0.0,0.12864967742117694,-0.09401606948088781,-0.09853380026748393,-0.33112682333911314,-0.013249688892579048,-0.33112682333911314,0.03443785219502017,0.014440325296614216,-0.01927486011425396,0.02193939788351645,1807,0.6386275594908688
Stochastic reversie,"{""n"": 21, ""lo"": 30, ""tf"": 200}",1h,1,2.5,0.0022499303870964216,-0.11028641516763038,-0.17569578564471033,-0.41273169271973154,-0.1089334959862237,-0.45341965806714013,0.014631609713913134,-0.015116573083965922,-0.012493573841047052,-0.003961004534761277,2325,0.5406451612903226
Stochastic reversie,"{""n"": 21, ""lo"": 30, ""tf"": 200}",4h,0,0.0,0.040783059797088406,-0.17284359426199858,-0.05193275967217015,-0.30963499261324834,-0.009338390817796416,-0.30963499261324834,0.0367848480195257,0.02064434566041602,-0.030380120630689594,0.02669703404508215,685,0.6905109489051094
Stochastic reversie,"{""n"": 21, ""lo"": 30, ""tf"": 200}",4h,0,2.5,0.031085724562323946,-0.1363180407804072,-0.017273422895072943,-0.2206311962082912,0.0074819251002582465,-0.2206311962082912,0.024067725352768257,0.0038031305387779585,-0.011422935742821175,0.01140235359402432,842,0.5961995249406176
Stochastic reversie,"{""n"": 21, ""lo"": 30, ""tf"": 200}",4h,1,0.0,0.004155245373594241,-0.1890543702497739,-0.02980990240208281,-0.2747935221957911,-0.009852000487608925,-0.2747935221957911,0.028530434488395415,0.013689956064483155,-0.019172882726702103,0.019255135473450254,502,0.6752988047808764
Stochastic reversie,"{""n"": 21, ""lo"": 30, ""tf"": 200}",4h,1,2.5,0.010152637987567159,-0.12651678723114101,-0.03540273234120406,-0.23996352960994904,-0.01184110392639015,-0.23996352960994904,0.02308158239238119,0.0013701714477787712,-0.01312639883860045,0.009511950552004678,615,0.5772357723577236
Williams %R,"{""n"": 2, ""lo"": 5, ""tf"": 0}",1h,0,0.0,-0.2635112658921698,-0.5104989768652108,-0.16239704502801844,-0.516561023819319,-0.2039761336421816,-0.671608802818537,0.0073196383805335975,0.02265085210360056,-0.06372117615044265,0.016901646957450448,11702,0.5981883438728423
Williams %R,"{""n"": 2, ""lo"": 5, ""tf"": 0}",1h,0,2.5,-0.28163835803366244,-0.5056826905809986,-0.26387108953439253,-0.6317393677322578,-0.270797192544299,-0.7758567717756888,0.006969269159107672,0.006211818333528685,-0.07285473176844741,0.006495862393120805,12114,0.5921248142644874
Williams %R,"{""n"": 2, ""lo"": 5, ""tf"": 0}",1h,1,0.0,-0.03240381081724797,-0.20497109312433448,-0.022155261226519674,-0.2622332887668256,-0.025799334527912943,-0.2622332887668256,0.010538837624440288,0.024579528854596275,-0.027338290000947063,0.01931426964328778,6125,0.5990204081632653
Williams %R,"{""n"": 2, ""lo"": 5, ""tf"": 0}",1h,1,2.5,-0.04541176575790873,-0.1924093471081535,-0.10702615152352069,-0.3749104372077854,-0.08266539308178533,-0.3789990552176644,0.008983685904931656,0.008585561609444844,-0.027643206270577036,0.008734858220252398,6316,0.5956301456618113
Williams %R,"{""n"": 2, ""lo"": 5, ""tf"": 0}",4h,0,0.0,-0.046784248340437706,-0.23016204183111666,-0.06187302335931044,-0.33006744326825577,-0.05521786515766269,-0.33477523319723224,0.011014366158169395,0.01928465491632149,-0.03249141476578323,0.016183296632014454,2126,0.6086547507055503
Williams %R,"{""n"": 2, ""lo"": 5, ""tf"": 0}",4h,0,2.5,-0.029890860110227235,-0.18395013987013265,-0.084991870865744,-0.36109648386432824,-0.06267044823571022,-0.36109648386432824,0.011603025212450416,0.015297006757332676,-0.03142727745730634,0.013911763678001829,2171,0.6034085674804238
Williams %R,"{""n"": 2, ""lo"": 5, ""tf"": 0}",4h,1,0.0,0.026330815028319465,-0.06756977832669253,0.06811859963852451,-0.17348772837768434,0.051829588858998576,-0.17348772837768434,0.0066523645406990255,0.01567089459990678,-0.002193607292327787,0.012288945827703873,1103,0.6210335448776065
Williams %R,"{""n"": 2, ""lo"": 5, ""tf"": 0}",4h,1,2.5,0.015723360273038445,-0.06487975775299015,0.04406973914203016,-0.15610241989328033,0.03327000932505464,-0.15610241989328033,0.004154483451404987,0.012335069317374691,-0.0013249889996206632,0.009267349617636053,1126,0.6190053285968028
Williams %R,"{""n"": 2, ""lo"": 5, ""tf"": 100}",1h,0,0.0,-0.01097961348355736,-0.17527424703467254,-0.08745310070212142,-0.3125367853158231,-0.057530493754738066,-0.3125367853158231,0.013228889698148567,0.0027318071378320467,-0.014083489659903872,0.006668213097950741,4891,0.5935391535473319
Williams %R,"{""n"": 2, ""lo"": 5, ""tf"": 100}",1h,0,2.5,-0.019051953055953863,-0.1593355452997881,-0.11846651032109057,-0.3194510099924983,-0.0798778321204836,-0.35085847590839403,0.009721768257056507,-0.002861807019608505,-0.013978793317604925,0.0018570337091408744,4926,0.5909460008120179
Williams %R,"{""n"": 2, ""lo"": 5, ""tf"": 100}",1h,1,0.0,0.027207520187247924,-0.05444052932318033,-0.001659591303690977,-0.10860554760465835,0.009796485915213315,-0.10860554760465835,0.007910525389517494,0.008038291019038302,-0.007809167162000093,0.007990378907967999,2854,0.6012613875262789
Williams %R,"{""n"": 2, ""lo"": 5, ""tf"": 100}",1h,1,2.5,0.022060303135977843,-0.0401314630038212,-0.04310676597868557,-0.14187489667595155,-0.01751265036072258,-0.14187489667595155,0.006304051558246266,0.0017207661997412859,-0.007149436313253869,0.0034394982091806533,2871,0.5987460815047022
Williams %R,"{""n"": 2, ""lo"": 5, ""tf"": 100}",4h,0,0.0,0.03295084432928275,-0.06081000365989497,-0.023102716609851193,-0.17600800936712413,-0.0009163444621475003,-0.17600800936712413,0.013151797798768492,0.010759048636148258,-0.009327003103741884,0.011656329572130844,798,0.6015037593984962
Williams %R,"{""n"": 2, ""lo"": 5, ""tf"": 100}",4h,0,2.5,0.012729656493975394,-0.05335560980164522,-0.039439897806764046,-0.18193680179966654,-0.018756342907666812,-0.18193680179966654,0.01078907989643533,0.009291609177254615,-0.01100268579834808,0.009853160696947383,804,0.6007462686567164
Williams %R,"{""n"": 2, ""lo"": 5, ""tf"": 100}",4h,1,0.0,0.04623541029054379,-0.021752136022199164,0.02696069843736648,-0.10136029873252539,0.03473201133719983,-0.10136029873252539,0.007641379648577374,0.010088303344291264,0.00022022205769409164,0.009170706958398556,531,0.632768361581921
Williams %R,"{""n"": 2, ""lo"": 5, ""tf"": 100}",4h,1,2.5,0.03155173029448588,-0.022313495489359902,0.011639042677286993,-0.08088306807496926,0.01966983514061016,-0.08088306807496926,0.0054775918325953915,0.008637419061157085,-0.0006767728948275861,0.00745248385044645,536,0.6324626865671642
Williams %R,"{""n"": 2, ""lo"": 5, ""tf"": 200}",1h,0,0.0,-0.00868293808236309,-0.20611870783091668,-0.03929643521327775,-0.2865477629970097,-0.027135559646440433,-0.2865477629970097,0.016692630518248097,0.011557375544932443,-0.016258497190192865,0.013483096159925814,4915,0.5932858596134283
Williams %R,"{""n"": 2, ""lo"": 5, ""tf"": 200}",1h,0,2.5,-0.01717867952160057,-0.18111281981082317,-0.08130677539363995,-0.292191991060446,-0.056110535154104135,-0.292191991060446,0.012775403799500496,0.002745407283073361,-0.015070451489366109,0.006506655976733537,4971,0.5910279621806478
Williams %R,"{""n"": 2, ""lo"": 5, ""tf"": 200}",1h,1,0.0,0.05765367434427726,-0.06732764347553943,0.04167304337460709,-0.11306778379881965,0.048014366234107264,-0.11306778379881965,0.012793776054796294,0.014548035240033978,-0.007348490547150387,0.013890188045569846,3089,0.6073162835869214
Williams %R,"{""n"": 2, ""lo"": 5, ""tf"": 200}",1h,1,2.5,0.04764589486505044,-0.051959372688462735,-0.012711313409120573,-0.14069990714319536,0.011024731100163887,-0.14069990714319536,0.010531381310035183,0.005662021330203793,-0.0060940385633131144,0.007488031322640564,3122,0.6047405509288918
Williams %R,"{""n"": 2, ""lo"": 5, ""tf"": 200}",4h,0,0.0,0.001727281726476848,-0.12910607069756197,0.017908444298518233,-0.11924389571946992,0.012042500033292658,-0.12910607069756197,0.011702992781866175,0.012322566570879594,-0.01182986313444949,0.012090226399999562,812,0.6120689655172413
Williams %R,"{""n"": 2, ""lo"": 5, ""tf"": 200}",4h,0,2.5,0.017816610685248202,-0.0850710375832402,-0.019517921069009958,-0.16211261306039482,-0.004088862513959901,-0.16211261306039482,0.00948389612158804,0.010731196595370451,-0.01039873179754857,0.010263458917702048,819,0.6105006105006106
Williams %R,"{""n"": 2, ""lo"": 5, ""tf"": 200}",4h,1,0.0,0.04633869997873252,-0.024894843090929708,0.042692671468290255,-0.08352861837836523,0.04479770955939144,-0.08352861837836523,0.00859007478313979,0.012385624345760434,-0.0019320434421238875,0.010962293259777692,610,0.6377049180327868
Williams %R,"{""n"": 2, ""lo"": 5, ""tf"": 200}",4h,1,2.5,0.03456841743990324,-0.025486917347931848,0.01688235691551432,-0.1058622547469471,0.024574511451356695,-0.1058622547469471,0.006654165402816036,0.01085591642447122,-0.0026796633548064955,0.009280259791350526,616,0.6363636363636364
Williams %R,"{""n"": 2, ""lo"": 10, ""tf"": 0}",1h,0,0.0,-0.45193106711585784,-0.7238214601671361,-0.3603146855918008,-0.7907318627108291,-0.3973175950458683,-0.911478909049003,0.015600398119037844,0.03355344369364874,-0.12171510588146703,0.02682105160316965,21926,0.5969625102617897
Williams %R,"{""n"": 2, ""lo"": 10, ""tf"": 0}",1h,0,2.5,-0.49516168920532455,-0.7472654726353949,-0.4115272760527139,-0.8158050845455486,-0.44565247324921264,-0.9394725369042208,0.011958571333403438,0.008083549315585591,-0.12239640897849408,0.009536682572267285,23468,0.594682120334072
Williams %R,"{""n"": 2, ""lo"": 10, ""tf"": 0}",1h,1,0.0,-0.12917993006595585,-0.3855833347287959,-0.09632785786915377,-0.45773989912388313,-0.10777356890497292,-0.4903762398171404,0.02056288967116853,0.034284595961821235,-0.05018467611018426,0.029138956102826474,11309,0.6004067556813157
Williams %R,"{""n"": 2, ""lo"": 10, ""tf"": 0}",1h,1,2.5,-0.1477489990061447,-0.36826895999784226,-0.18234118838664504,-0.543596953490851,-0.1674879158779098,-0.6256825359817655,0.016108404352364478,0.010064829736755465,-0.04461941017345942,0.012331170217608845,12017,0.5999833569110427
Williams %R,"{""n"": 2, ""lo"": 10, ""tf"": 0}",4h,0,0.0,-0.21987032698944287,-0.4893650745717174,-0.1463432557073987,-0.517223084530896,-0.17570273121675262,-0.6409268965268584,0.01973591913558623,0.02601894924078636,-0.07018416810673436,0.02366281295133631,4661,0.6103840377601373
Williams %R,"{""n"": 2, ""lo"": 10, ""tf"": 0}",4h,0,2.5,-0.20861075542180174,-0.45971154558255845,-0.19292842919611453,-0.5425486591756408,-0.19837300650656287,-0.6702888975862193,0.019088082542834436,0.0146308694684448,-0.06712843209213343,0.016302324371340913,4932,0.6042173560421735
Williams %R,"{""n"": 2, ""lo"": 10, ""tf"": 0}",4h,1,0.0,-0.024091014498202723,-0.1773863113878834,0.020220741068278203,-0.30044707024966844,0.0031962221589536544,-0.30044707024966844,0.012538025777302255,0.017509380587254448,-0.01715466216808465,0.015645122533522376,2410,0.6215767634854772
Williams %R,"{""n"": 2, ""lo"": 10, ""tf"": 0}",4h,1,2.5,-0.038422952658291654,-0.1703757210710699,-0.012161151694243588,-0.2666567965559482,-0.021814663252263444,-0.2666567965559482,0.009167077518878488,0.00890257259589342,-0.014715502660876185,0.00900176194201282,2538,0.6146572104018913
Williams %R,"{""n"": 2, ""lo"": 10, ""tf"": 100}",1h,0,0.0,-0.06496891504944569,-0.23904106009030512,-0.1275493021827102,-0.4650735317339303,-0.10260783641395155,-0.4650735317339303,0.027786529768651272,0.011380763972693409,-0.029468777790285915,0.017532926146177606,9672,0.5942928039702233
Williams %R,"{""n"": 2, ""lo"": 10, ""tf"": 100}",1h,0,2.5,-0.08777331822731815,-0.2490836154155478,-0.19496767735860054,-0.49839401455145094,-0.1532346778407052,-0.5745646153091258,0.019873078308117242,-0.0001867224780255657,-0.02862255304652793,0.007335702816777988,9830,0.5927772126144456
Williams %R,"{""n"": 2, ""lo"": 10, ""tf"": 100}",1h,1,0.0,-0.007585665649725071,-0.1638093787535898,0.03288315495001659,-0.16968693497660725,0.016857543390469187,-0.16968693497660725,0.018320367328848022,0.01961686427748815,-0.016539260633064608,0.019130677921748104,5538,0.6038280967858433
Williams %R,"{""n"": 2, ""lo"": 10, ""tf"": 100}",1h,1,2.5,-0.01392831080109802,-0.14941001865062697,-0.05341066050956944,-0.21765306979642796,-0.037405068778159634,-0.24441518475859303,0.014334863791376643,0.007633166147577734,-0.015133340654654444,0.010146302764002324,5622,0.6019210245464247
Williams %R,"{""n"": 2, ""lo"": 10, ""tf"": 100}",4h,0,0.0,-0.0006800019761268317,-0.15835918828427453,-0.06518134202294079,-0.2913481942031605,-0.03973419842866266,-0.2913481942031605,0.018790532853987043,0.011941662963622417,-0.015141435043275413,0.014509989172509152,1866,0.5943193997856377
Williams %R,"{""n"": 2, ""lo"": 10, ""tf"": 100}",4h,0,2.5,-0.031906557810018166,-0.1607090092087271,-0.11232961113223228,-0.3300712856087634,-0.08080709971502575,-0.36723824027218266,0.013846716460109277,0.0032258495785467615,-0.016948695187573484,0.007208674659132705,1892,0.5893234672304439
Williams %R,"{""n"": 2, ""lo"": 10, ""tf"": 100}",4h,1,0.0,0.05751289734117093,-0.08773061974104734,0.015960472987103458,-0.18712218822714544,0.03249796664251803,-0.18712218822714544,0.016509451542560068,0.01134902528763048,-0.0012843655643208565,0.013284185133229076,1229,0.6257119609438568
Williams %R,"{""n"": 2, ""lo"": 10, ""tf"": 100}",4h,1,2.5,0.031062364815406918,-0.049472618575629346,-0.03259288625641488,-0.17092097946561324,-0.007470218863985467,-0.17092097946561324,0.01313164958448042,0.0033712271353273445,-0.0031354225818153517,0.0070313855537597475,1245,0.619277108433735
Williams %R,"{""n"": 2, ""lo"": 10, ""tf"": 200}",1h,0,0.0,-0.0866679202274735,-0.31289082776314336,-0.09910918075985342,-0.4561485826120045,-0.09411425532748496,-0.4561485826120045,0.03076392975224873,0.022534973652311416,-0.03705489574470472,0.025620832189787907,9602,0.5945636325765465
Williams %R,"{""n"": 2, ""lo"": 10, ""tf"": 200}",1h,0,2.5,-0.09871952418478025,-0.2922014561994376,-0.17133274815886013,-0.4762952153325426,-0.14292326144108192,-0.5588123475141569,0.02202688753433419,0.0072738573997631175,-0.032933477979986775,0.012806243700227269,9836,0.5947539650264335
Williams %R,"{""n"": 2, ""lo"": 10, ""tf"": 200}",1h,1,0.0,0.02847406687475096,-0.1480578176972719,0.06119932472393996,-0.18452006515503738,0.04791727383645816,-0.18452006515503738,0.022681466665149735,0.02646561975260254,-0.016061491567723275,0.025046562344807736,5907,0.6089385474860335
Williams %R,"{""n"": 2, ""lo"": 10, ""tf"": 200}",1h,1,2.5,0.01441376932114502,-0.13948356978204302,-0.03803044462142979,-0.23058598625106674,-0.017373297966271073,-0.23058598625106674,0.017164179983073537,0.011738013141434115,-0.013659149484178637,0.0137728257070489,6043,0.6079761707761046
Williams %R,"{""n"": 2, ""lo"": 10, ""tf"": 200}",4h,0,0.0,-0.023054913978931557,-0.18908038839974584,-0.007233493960777104,-0.20520093234773418,-0.012647974847382337,-0.20520093234773418,0.016887963787249573,0.014731401845101895,-0.016494868588815173,0.015540112573407275,1872,0.6100427350427351
Williams %R,"{""n"": 2, ""lo"": 10, ""tf"": 200}",4h,0,2.5,-0.02292284822255175,-0.16179789845030512,-0.07700599781469619,-0.27800984093519765,-0.05477969428242768,-0.28308372802612747,0.012181553711247517,0.00680614247869528,-0.015199183390392348,0.008821921690902368,1915,0.6062663185378591
Williams %R,"{""n"": 2, ""lo"": 10, ""tf"": 200}",4h,1,0.0,0.03231923592443575,-0.09278447695244574,0.03991822039587922,-0.16179356182444982,0.03783826378735533,-0.16179356182444982,0.015099706635928682,0.01552074549333784,-0.007387020372110462,0.015362855921809406,1403,0.6293656450463293
Williams %R,"{""n"": 2, ""lo"": 10, ""tf"": 200}",4h,1,2.5,0.01328934167536655,-0.08613888939371295,-0.016383202451077272,-0.17517221300926467,-0.003650297104114353,-0.17517221300926467,0.012395291082299963,0.008533382552467501,-0.008332486992524632,0.009981598251154675,1437,0.6242171189979123
Williams %R,"{""n"": 2, ""lo"": 20, ""tf"": 0}",1h,0,0.0,-0.6137753529066737,-0.8632449875413086,-0.5943169896392521,-0.941251557038242,-0.6014160670896085,-0.9870224178808908,0.020812784811604104,0.022775568457426485,-0.16706303914457948,0.022039524590243092,35652,0.5897845843150454
Williams %R,"{""n"": 2, ""lo"": 20, ""tf"": 0}",1h,0,2.5,-0.6792100446323257,-0.891047126511529,-0.6648316427216913,-0.9594080289409349,-0.6702125796732972,-0.9944720381437958,0.008358413134983114,-0.012845445378877936,-0.17456345595118333,-0.004893998436180043,40028,0.58816328570001
Williams %R,"{""n"": 2, ""lo"": 20, ""tf"": 0}",1h,1,0.0,-0.24817489569934947,-0.5598034415130793,-0.2728393579085342,-0.704301952646049,-0.26183438308492535,-0.7911030148595213,0.027052387125355046,0.028182870321523217,-0.06771349528354784,0.027758939122960152,18454,0.5926086485314837
Williams %R,"{""n"": 2, ""lo"": 20, ""tf"": 0}",1h,1,2.5,-0.2905120308254291,-0.5566465710712701,-0.357128776256577,-0.7542040023947617,-0.3305992576957032,-0.8644999513629782,0.016599906040941255,-0.0037302207715721974,-0.061481670720034534,0.003893576783120347,20500,0.5938048780487805
Williams %R,"{""n"": 2, ""lo"": 20, ""tf"": 0}",4h,0,0.0,-0.24440177956265596,-0.5639762642532329,-0.39518858178310134,-0.8007354055647584,-0.3372936795599587,-0.8665955079183304,0.0555281560944588,0.02935956488182029,-0.1148909440072351,0.03917278658655973,8239,0.6027430513411822
Williams %R,"{""n"": 2, ""lo"": 20, ""tf"": 0}",4h,0,2.5,-0.24147483830461602,-0.529510837303196,-0.4193997110658013,-0.7923297801142133,-0.3523172385161839,-0.8763929204438287,0.05197852522356314,0.018276878193464026,-0.11160825359285799,0.030914995829751196,9214,0.5967006728890818
Williams %R,"{""n"": 2, ""lo"": 20, ""tf"": 0}",4h,1,0.0,-0.0574366540881146,-0.3188871033123091,-0.09316665723678619,-0.45525830000595746,-0.07711138447261978,-0.45525830000595746,0.03214963899973219,0.022427333994617462,-0.03961637888037682,0.026073198371535485,4269,0.605293979854767
Williams %R,"{""n"": 2, ""lo"": 20, ""tf"": 0}",4h,1,2.5,-0.07621746915426064,-0.3155828625048921,-0.12383391922140341,-0.39487177667445816,-0.10319349741341399,-0.4466985307136597,0.026636703167841082,0.012766655443198808,-0.03867639060478294,0.01796792333993966,4687,0.6001706848730531
Williams %R,"{""n"": 2, ""lo"": 20, ""tf"": 100}",1h,0,0.0,-0.17898931350787628,-0.4416751301402879,-0.3045671998356776,-0.6960650504521003,-0.25631075875862475,-0.7665153181584706,0.03734263712885661,0.010759522339268978,-0.05282633207165395,0.02072819038536434,16914,0.5871467423436206
Williams %R,"{""n"": 2, ""lo"": 20, ""tf"": 100}",1h,0,2.5,-0.2290637662239342,-0.4569794101195358,-0.3885075610084985,-0.7656854277203102,-0.3286003659956429,-0.8520215137424031,0.019405333197052968,-0.007608603425939076,-0.051439596835018975,0.0025216228076829403,17501,0.5852808410947946
Williams %R,"{""n"": 2, ""lo"": 20, ""tf"": 100}",1h,1,0.0,-0.06876235198110758,-0.3068852796667949,-0.040333368009816906,-0.32033871422267723,-0.051381870435842525,-0.32033871422267723,0.022241391030624072,0.02270283042217392,-0.024708123686656425,0.02252979065034273,9658,0.5967073928349554
Williams %R,"{""n"": 2, ""lo"": 20, ""tf"": 100}",1h,1,2.5,-0.10044913521244181,-0.2968758921700496,-0.1509411885606804,-0.41838994846189437,-0.13062166565709643,-0.5248193118148146,0.010703769815979166,0.004077893603363747,-0.022499806223966343,0.006562597183094529,9962,0.5947600883356756
Williams %R,"{""n"": 2, ""lo"": 20, ""tf"": 100}",4h,0,0.0,0.00819914384356557,-0.19348786498924364,-0.21463468269377328,-0.5896310020787348,-0.13120598484303103,-0.5896310020787348,0.043640923931388215,0.014132621664459078,-0.033661272523860364,0.025198235014557504,3743,0.5909698103125834
Williams %R,"{""n"": 2, ""lo"": 20, ""tf"": 100}",4h,0,2.5,-0.038019960251782,-0.2011786427315433,-0.22849052564798933,-0.5805365041712047,-0.15641657564280154,-0.5805365041712047,0.034798010278651,0.00466353794522029,-0.03540866995887318,0.015963965070256807,3879,0.5880381541634442
Williams %R,"{""n"": 2, ""lo"": 20, ""tf"": 100}",4h,1,0.0,0.052722551006905816,-0.1508524586619282,-0.05023412710732389,-0.34962812688760814,-0.009427613854002703,-0.34962812688760814,0.03508452735219625,0.013923418221876675,-0.016004587371460793,0.021858834145746516,2455,0.6032586558044807
Williams %R,"{""n"": 2, ""lo"": 20, ""tf"": 100}",4h,1,2.5,0.02426531656823183,-0.15657227198061996,-0.08179284893672256,-0.33735282842826786,-0.03987112804576154,-0.33735282842826786,0.027870420767095044,0.005659055355193554,-0.01638796433136184,0.013988317384656612,2545,0.6027504911591356
Williams %R,"{""n"": 2, ""lo"": 20, ""tf"": 200}",1h,0,0.0,-0.17901416394575387,-0.4709905252097655,-0.2402286726502062,-0.6376131976415131,-0.21618518691160016,-0.7138607365491834,0.04386133821371523,0.024319008363389072,-0.05748087719819319,0.031647382057261385,16527,0.5918799540146427
Williams %R,"{""n"": 2, ""lo"": 20, ""tf"": 200}",1h,0,2.5,-0.21914391248426557,-0.4631290845606527,-0.32855668844359565,-0.7119544738149688,-0.28658348269873657,-0.81016289362648,0.02420799932533941,0.0023473716149626568,-0.04938457939533444,0.010545107006353938,17402,0.5913688081829674
Williams %R,"{""n"": 2, ""lo"": 20, ""tf"": 200}",1h,1,0.0,-0.03258116200646188,-0.2816091490488608,-0.007258526184743208,-0.29371924112968484,-0.01749025373469182,-0.29371924112968484,0.029939574511706122,0.029533017801690833,-0.025970344309947192,0.029685476567946567,10103,0.6023953281203603
Williams %R,"{""n"": 2, ""lo"": 20, ""tf"": 200}",1h,1,2.5,-0.0852727003345074,-0.286272382849143,-0.13063493324452957,-0.4094490320373183,-0.11270158114435513,-0.4828875388089907,0.01582714839408714,0.00812542952523619,-0.021226034458682916,0.011013574101055296,10601,0.6016413545891897
Williams %R,"{""n"": 2, ""lo"": 20, ""tf"": 200}",4h,0,0.0,-0.0013459945978439025,-0.24553058267603678,-0.1314522918405827,-0.4876907449431047,-0.07974808141509371,-0.4876907449431047,0.04299274550515961,0.0125758930614565,-0.03093201638800159,0.023982212727845165,3595,0.6
Williams %R,"{""n"": 2, ""lo"": 20, ""tf"": 200}",4h,0,2.5,0.0016311008365035295,-0.21035485085345407,-0.19412088201181132,-0.5203692056075947,-0.11907877075346629,-0.5203692056075947,0.036839940648363476,0.0037088266860690815,-0.030748642318026508,0.01613299442192948,3788,0.5984688489968321
Williams %R,"{""n"": 2, ""lo"": 20, ""tf"": 200}",4h,1,0.0,0.012932261098197007,-0.21014912920538398,-0.022901211482211692,-0.3265751035626684,-0.006841758005053489,-0.3265751035626684,0.030879611561101306,0.013849758457585692,-0.018651847167442885,0.020235953371404047,2664,0.6066066066066066
Williams %R,"{""n"": 2, ""lo"": 20, ""tf"": 200}",4h,1,2.5,0.00687311669984636,-0.18666375351129572,-0.08671938524966127,-0.35368440065060125,-0.04852023444418341,-0.35368440065060125,0.02657098507715119,0.0064134213849781725,-0.01988146272175193,0.013972507769543055,2810,0.6067615658362989
Williams %R,"{""n"": 5, ""lo"": 5, ""tf"": 0}",1h,0,0.0,-0.16477619773277663,-0.3866246913489436,-0.1169965215622667,-0.5292977850716245,-0.13597567418648582,-0.5492092269834292,0.014599802312695469,0.030158004463643664,-0.050831342229242134,0.024323678657038092,8705,0.6053991958644457
Williams %R,"{""n"": 5, ""lo"": 5, ""tf"": 0}",1h,0,2.5,-0.19994392708618802,-0.4041552611208573,-0.2069963705619844,-0.5589334129705947,-0.20398503784004995,-0.6817649320272869,0.014841955543949773,0.014808685676970393,-0.06011691049454439,0.01482116187708766,9149,0.5997376762487704
Williams %R,"{""n"": 5, ""lo"": 5, ""tf"": 0}",1h,1,0.0,-0.0007056008871076935,-0.13483806622701577,0.0026917855784303057,-0.3237048804631647,0.001792265928215464,-0.3237048804631647,0.013709950636316316,0.03035323046302431,-0.024422057260525806,0.024112000528008812,4564,0.6088957055214724
Williams %R,"{""n"": 5, ""lo"": 5, ""tf"": 0}",1h,1,2.5,-0.03573088277125169,-0.15528970841372236,-0.05361440786747351,-0.29806620276002693,-0.046362587897544216,-0.29806620276002693,0.009204192252338175,0.0160571282523857,-0.023935454228965446,0.013487277252367877,4757,0.6045827202018078
Williams %R,"{""n"": 5, ""lo"": 5, ""tf"": 0}",4h,0,0.0,0.07664899512235346,-0.19053630968107604,-0.06604499759350901,-0.3351648258732738,-0.011315539187322421,-0.3351648258732738,0.018645642817362695,0.013648981591457894,-0.017910634128767478,0.015522729551172195,1827,0.6113847837985769
Williams %R,"{""n"": 5, ""lo"": 5, ""tf"": 0}",4h,0,2.5,0.0850126869368315,-0.13210833310561088,-0.10284046162735228,-0.36867619991294887,-0.03184784392181739,-0.36867619991294887,0.017684231756723783,0.010397058599279928,-0.01927937489861236,0.013129748533321375,1885,0.6058355437665782
Williams %R,"{""n"": 5, ""lo"": 5, ""tf"": 0}",4h,1,0.0,0.03841058891422189,-0.05362298117497344,0.02779218234825942,-0.21303441763254327,0.03201208735987149,-0.21303441763254327,0.011707125444188912,0.010158230961881199,-0.004382013413574637,0.01073906639274659,934,0.6124197002141327
Williams %R,"{""n"": 5, ""lo"": 5, ""tf"": 0}",4h,1,2.5,0.042468609909612764,-0.04343435014443664,0.011849515418180356,-0.2117119679630861,0.02398781570954589,-0.2117119679630861,0.00831770200381754,0.007259612384568167,-0.0012159692569297803,0.007656395991786681,959,0.6110531803962461
Williams %R,"{""n"": 5, ""lo"": 5, ""tf"": 100}",1h,0,0.0,-0.049258319892344304,-0.1651925165299276,-0.06738031516210097,-0.3283907992305555,-0.060129853969136504,-0.3283907992305555,0.012258091876179149,0.007125552656433028,-0.01684764694600082,0.009050254863837823,3215,0.5853810264385692
Williams %R,"{""n"": 5, ""lo"": 5, ""tf"": 100}",1h,0,2.5,-0.05560784644932748,-0.15850201987869217,-0.09635194060288266,-0.3300357147292402,-0.08020424362681444,-0.35335962510928454,0.009999768464787772,0.0032402983181285244,-0.017730734919738277,0.005775099623125742,3235,0.5836166924265842
Williams %R,"{""n"": 5, ""lo"": 5, ""tf"": 100}",1h,1,0.0,0.011624696392451561,-0.059213566494170644,0.011083853737401395,-0.1452774346529504,0.01129362617798213,-0.1452774346529504,0.007464037293112168,0.010525176378420438,-0.006418166391545431,0.009377249221429837,1859,0.5981710597095212
Williams %R,"{""n"": 5, ""lo"": 5, ""tf"": 100}",1h,1,2.5,0.014415235625934386,-0.03969495841240622,-0.026519996107037258,-0.16433973385509193,-0.010322324126088356,-0.16433973385509193,0.006154944096580178,0.005349358056149267,-0.006206222143191824,0.005651452821310858,1869,0.5944355270197966
Williams %R,"{""n"": 5, ""lo"": 5, ""tf"": 100}",4h,0,0.0,0.059544788751556776,-0.04069760151539259,-0.0163596018100729,-0.1149797554122064,0.013354815010905963,-0.1149797554122064,0.018129148388520273,0.006764886100694774,-0.005659110520070183,0.011026484458629337,589,0.6061120543293718
Williams %R,"{""n"": 5, ""lo"": 5, ""tf"": 100}",4h,0,2.5,0.04815864395722658,-0.053304716066525204,-0.02579183967402876,-0.12675635740562696,0.0031739306860580907,-0.12675635740562696,0.01584933369694445,0.0060229243344683304,-0.007133041258563649,0.009707827845396875,590,0.6067796610169491
Williams %R,"{""n"": 5, ""lo"": 5, ""tf"": 100}",4h,1,0.0,0.048712772990037845,-0.03872375764629288,0.030910518540766097,-0.061165202449374956,0.0379802363836077,-0.061165202449374956,0.011076501785444936,0.006562163640895753,0.0014992099237673903,0.008255040445101697,397,0.6498740554156172
Williams %R,"{""n"": 5, ""lo"": 5, ""tf"": 100}",4h,1,2.5,0.04740406609713954,-0.021300937089242855,0.015282131353647976,-0.08219268329066065,0.02800930467004159,-0.08219268329066065,0.008922458941641046,0.005704067141674729,0.0008222594363764477,0.006910964066662098,397,0.6498740554156172
Williams %R,"{""n"": 5, ""lo"": 5, ""tf"": 200}",1h,0,0.0,-0.03471587633792306,-0.19314781268936443,-0.012489600782921606,-0.2986297597292935,-0.021438848947930356,-0.2986297597292935,0.01568462103082313,0.013805378982028138,-0.016376250106312856,0.01451009475032626,3417,0.5955516534972198
Williams %R,"{""n"": 5, ""lo"": 5, ""tf"": 200}",1h,0,2.5,-0.03329304985310755,-0.16488951185030576,-0.05634524749612724,-0.3100446899246222,-0.047152572548193605,-0.3100446899246222,0.01392813579608306,0.005867594117402105,-0.015497726697355038,0.008890297246907463,3469,0.5946958777745748
Williams %R,"{""n"": 5, ""lo"": 5, ""tf"": 200}",1h,1,0.0,0.03343062712485656,-0.06287762508253181,0.0584828380329705,-0.13530031238764562,0.04834829395383977,-0.13530031238764562,0.009540275890591119,0.016336485194821292,-0.005991773500751502,0.013787906705734978,2135,0.6121779859484777
Williams %R,"{""n"": 5, ""lo"": 5, ""tf"": 200}",1h,1,2.5,0.030842596677513434,-0.04785307122023619,0.00619889080463909,-0.1652349173494535,0.015986999532582757,-0.1652349173494535,0.007687221629547146,0.008400328077212197,-0.005228249205673059,0.008132913159337804,2163,0.6098012020342117
Williams %R,"{""n"": 5, ""lo"": 5, ""tf"": 200}",4h,0,0.0,0.02834900396691875,-0.1174086613403853,0.013046301614705103,-0.0825462488965556,0.019135624788829464,-0.1174086613403853,0.016421889496403885,0.011442940153135605,-0.009354012918322219,0.01331004615686121,637,0.6153846153846154
Williams %R,"{""n"": 5, ""lo"": 5, ""tf"": 200}",4h,0,2.5,0.05346424910829706,-0.055975086323341916,-0.020524722155970343,-0.11862530345486688,0.008455979210123532,-0.11862530345486688,0.013928199533298626,0.009535699399379054,-0.007922028886801484,0.011182886949598894,642,0.6152647975077882
Williams %R,"{""n"": 5, ""lo"": 5, ""tf"": 200}",4h,1,0.0,0.04802606692224054,-0.03930004654928754,0.03842779742835223,-0.08207885449183605,0.04223532543683284,-0.08207885449183605,0.011235568551352425,0.011117374953866851,-0.0015150226214819956,0.011161697552923941,483,0.6480331262939959
Williams %R,"{""n"": 5, ""lo"": 5, ""tf"": 200}",4h,1,2.5,0.0503876033193551,-0.02779524640695752,0.01134654133908386,-0.10677931951843522,0.02678811869491926,-0.10677931951843522,0.008948209877188251,0.00920436825203689,-0.002042773289355808,0.00910830886146865,486,0.6460905349794238
Williams %R,"{""n"": 5, ""lo"": 10, ""tf"": 0}",1h,0,0.0,-0.32390100955731294,-0.5745226769756325,-0.3070725441651332,-0.7459782785633047,-0.31243840111328636,-0.8483668599596792,0.01044086134756677,0.030867679196998465,-0.087913068156715,0.02320762250346158,16465,0.600425144245369
Williams %R,"{""n"": 5, ""lo"": 10, ""tf"": 0}",1h,0,2.5,-0.3825620935143663,-0.6171169535572587,-0.3871920774666312,-0.8004202995332526,-0.38432141570827805,-0.9083051172342267,0.008357623299842687,0.00880371187083433,-0.09663364034554045,0.008636428656712464,17954,0.5976384092681296
Williams %R,"{""n"": 5, ""lo"": 10, ""tf"": 0}",1h,1,0.0,-0.09045474880180049,-0.2657178880866453,-0.0967019558861072,-0.445805238379795,-0.0924769058941175,-0.445805238379795,0.011951317033790845,0.03179772183476184,-0.04161416224222726,0.024355320034397717,8481,0.6044098573281452
Williams %R,"{""n"": 5, ""lo"": 10, ""tf"": 0}",1h,1,2.5,-0.13110140346312849,-0.28509151136229605,-0.1719299980975677,-0.5210041686449809,-0.15457304580993847,-0.5896605530111083,0.006311224130836981,0.012131949759072436,-0.04076530937663481,0.00994917764848414,9125,0.6030684931506849
Williams %R,"{""n"": 5, ""lo"": 10, ""tf"": 0}",4h,0,0.0,-0.12870361675622022,-0.37812374277328764,-0.15363235651041018,-0.47004310171192565,-0.14356013440625015,-0.569921311026607,0.024439963659822053,0.018836111672245325,-0.05281434342725275,0.020937556167586597,3797,0.6115354227021332
Williams %R,"{""n"": 5, ""lo"": 10, ""tf"": 0}",4h,0,2.5,-0.12133619036186138,-0.34146744088551084,-0.20787386365366733,-0.5113638785096692,-0.17410333815735424,-0.6279754462203384,0.02250999162969367,0.011987076657090008,-0.05586382565335014,0.015933169771816382,4100,0.6063414634146341
Williams %R,"{""n"": 5, ""lo"": 10, ""tf"": 0}",4h,1,0.0,-0.042258516010593494,-0.23730644066048445,-0.029074003004793236,-0.32213493282217076,-0.03424708960314371,-0.32213493282217076,0.015824400899925366,0.007626461434910903,-0.016769793067380183,0.010700688734291327,1932,0.6055900621118012
Williams %R,"{""n"": 5, ""lo"": 10, ""tf"": 0}",4h,1,2.5,-0.021250692594232734,-0.1819014531046791,-0.048496802405815664,-0.29123574938152064,-0.03754738318593098,-0.29123574938152064,0.011496010658503216,0.0024699231227878872,-0.011381399785819785,0.005854705948681135,2061,0.6050460941290635
Williams %R,"{""n"": 5, ""lo"": 10, ""tf"": 100}",1h,0,0.0,-0.09031835097150864,-0.2363325881202003,-0.11317226579243211,-0.4095522146163558,-0.10403069131006515,-0.4304252477867829,0.014902963959897368,0.008623207035484507,-0.023126109008415496,0.01097811588213933,6520,0.5883435582822086
Williams %R,"{""n"": 5, ""lo"": 10, ""tf"": 100}",1h,0,2.5,-0.1257664573515952,-0.2740345424715279,-0.1717076762238886,-0.4292096841261408,-0.1535220594284341,-0.5584259387700552,0.009845147256441441,0.0007239911567944753,-0.027243311801223948,0.004144424694162087,6641,0.5865080560156603
Williams %R,"{""n"": 5, ""lo"": 10, ""tf"": 100}",1h,1,0.0,-0.03344827238460679,-0.14501747636567897,-0.002400629173509139,-0.16615407158958773,-0.014943631654835698,-0.16615407158958773,0.0064167103305096986,0.01296254979466036,-0.011544339436615675,0.010507859995603863,3698,0.5903190914007571
Williams %R,"{""n"": 5, ""lo"": 10, ""tf"": 100}",1h,1,2.5,-0.03747040009153202,-0.1375193408838662,-0.07388723991314927,-0.21199835069664785,-0.0594370336704404,-0.2861070896591982,0.004006614422560907,0.003648538423845967,-0.012208813919344877,0.0037828169233640693,3761,0.5886732252060622
Williams %R,"{""n"": 5, ""lo"": 10, ""tf"": 100}",4h,0,0.0,0.03867036032668558,-0.0977769151993092,-0.06758588241483365,-0.21819035149857757,-0.026278978000054964,-0.21819035149857757,0.023993043835477908,0.005603408508763552,-0.012594471199749449,0.012499521756281435,1363,0.5979457079970653
Williams %R,"{""n"": 5, ""lo"": 10, ""tf"": 100}",4h,0,2.5,0.032627502297522426,-0.10885211816085394,-0.09675265229366659,-0.2673495153900388,-0.04687343092632934,-0.2680974518403111,0.019366764028768912,0.0012075437242685227,-0.013641121816408933,0.008017251338456169,1382,0.5984081041968162
Williams %R,"{""n"": 5, ""lo"": 10, ""tf"": 100}",4h,1,0.0,0.037292040339580224,-0.08366751005888073,0.013544234735402894,-0.11048282182411562,0.023089784452214657,-0.11048282182411562,0.017547536523015675,0.004887288269067947,-0.0013423049618132427,0.009634881364298345,917,0.6259541984732825
Williams %R,"{""n"": 5, ""lo"": 10, ""tf"": 100}",4h,1,2.5,0.042849889055981194,-0.07806649348075145,-0.020813422736919773,-0.13426515684764773,0.004312288144585175,-0.13426515684764773,0.014995311285722167,0.0005916468866624965,-0.0017227576254047125,0.005993021036309873,929,0.6275565123789021
Williams %R,"{""n"": 5, ""lo"": 10, ""tf"": 200}",1h,0,0.0,-0.09978108468096947,-0.2753324062976893,-0.07091714704555407,-0.3817948839297427,-0.08248129990914188,-0.3817948839297427,0.01646229752182302,0.017680016584503164,-0.026820066471806778,0.01722337193599811,6747,0.594782866459167
Williams %R,"{""n"": 5, ""lo"": 10, ""tf"": 200}",1h,0,2.5,-0.11252978237585398,-0.27007520115704997,-0.14075404253740353,-0.4151145882406697,-0.12943356352293078,-0.511185316523431,0.011386029107149611,0.005463535535292463,-0.026610301625751766,0.007684470624738894,6952,0.5959436133486766
Williams %R,"{""n"": 5, ""lo"": 10, ""tf"": 200}",1h,1,0.0,-0.014519254760175682,-0.1226869960435395,0.04074283194567219,-0.17181833407871794,0.018301743961396166,-0.17181833407871794,0.00884475645628883,0.02052313306891435,-0.012767716212885173,0.01614374183917978,4122,0.6021348859776807
Williams %R,"{""n"": 5, ""lo"": 10, ""tf"": 200}",1h,1,2.5,-0.021593024622726387,-0.1084872624843004,-0.042435218948761455,-0.22508382658174153,-0.03406168199645365,-0.22508382658174153,0.005450469097999622,0.008288284641904639,-0.01192744892824571,0.007224103812940257,4229,0.6032158902813904
Williams %R,"{""n"": 5, ""lo"": 10, ""tf"": 200}",4h,0,0.0,-0.005843943891471248,-0.1955084339702765,-0.033106062382947554,-0.20003572149791948,-0.0221560807056308,-0.20003572149791948,0.01987884422488089,0.009096255801062932,-0.01608296266102257,0.013139726459994666,1417,0.6090331686661962
Williams %R,"{""n"": 5, ""lo"": 10, ""tf"": 200}",4h,0,2.5,0.01900886337206842,-0.12870012567772926,-0.07834726822956006,-0.2389582769715659,-0.04039621349676581,-0.24433365395572382,0.016055857597875225,0.006077687180700734,-0.013979414460904685,0.009819501087141169,1454,0.6114167812929848
Williams %R,"{""n"": 5, ""lo"": 10, ""tf"": 200}",4h,1,0.0,0.023750110130129176,-0.15563409262327077,0.01960585894922917,-0.11875453170611439,0.021365429658345425,-0.15563409262327077,0.01620435016715311,0.008742013251002176,-0.006513620558023701,0.011540389594558775,1062,0.628060263653484
Williams %R,"{""n"": 5, ""lo"": 10, ""tf"": 200}",4h,1,2.5,0.02760279109603636,-0.1212295587986818,-0.019111769740355333,-0.14441186558131458,-0.0005514300450014664,-0.14441186558131458,0.01365117590408782,0.005864470622259721,-0.007362125414849249,0.008784485102945258,1090,0.6311926605504588
Williams %R,"{""n"": 5, ""lo"": 20, ""tf"": 0}",1h,0,0.0,-0.509110299680531,-0.7656470350003513,-0.5148001806643602,-0.8937126954569279,-0.5111363843349217,-0.9657678043061402,0.010962547563163247,0.02431209554783463,-0.13685109313357469,0.01930601505358286,26742,0.5920275222496447
Williams %R,"{""n"": 5, ""lo"": 20, ""tf"": 0}",1h,0,2.5,-0.5970568374161149,-0.8238611803309113,-0.6140827731945899,-0.9358237531255993,-0.6065269677470362,-0.9874082325629449,-0.00027553885095106995,-0.005010551692822896,-0.15388649133237403,-0.003234921877120961,30745,0.5900471621401854
Williams %R,"{""n"": 5, ""lo"": 20, ""tf"": 0}",1h,1,0.0,-0.19748366452241006,-0.4386574384587244,-0.23252773157781437,-0.6263888192970364,-0.21666884709857437,-0.7136947850967494,0.017067148405287544,0.029744168035751424,-0.059603405266958016,0.02499028567432747,13846,0.593962155135057
Williams %R,"{""n"": 5, ""lo"": 20, ""tf"": 0}",1h,1,2.5,-0.24437442547226484,-0.45550834761121217,-0.31980229899803214,-0.6961556976288757,-0.2893036136867857,-0.8167146208188152,0.009856797113143516,0.005623475207717199,-0.05750821392146265,0.007210970922252068,15688,0.5966343702192759
Williams %R,"{""n"": 5, ""lo"": 20, ""tf"": 0}",4h,0,0.0,-0.24826911483103875,-0.5632764444355779,-0.3303039587165192,-0.6747305109439425,-0.29820841791928165,-0.8164474341716559,0.03822727612856916,0.019357254034109202,-0.091042017821643,0.026433512319531685,6486,0.6136293555349984
Williams %R,"{""n"": 5, ""lo"": 20, ""tf"": 0}",4h,0,2.5,-0.26011674687422337,-0.5590553651475544,-0.370442642485428,-0.7255071206772852,-0.3280084382815073,-0.8484651179994271,0.03195199829466928,0.00960211136084994,-0.0937749196496687,0.017983318961032193,7446,0.6056943325275316
Williams %R,"{""n"": 5, ""lo"": 20, ""tf"": 0}",4h,1,0.0,-0.003702998858229223,-0.249854274902376,-0.1077067465136875,-0.3642639401067509,-0.06708591049363766,-0.3642639401067509,0.030975498976679925,0.012437697614779286,-0.02871834795333126,0.019389373125492024,3370,0.6216617210682492
Williams %R,"{""n"": 5, ""lo"": 20, ""tf"": 0}",4h,1,2.5,-0.04254777717335345,-0.27655824455816125,-0.11408285867146328,-0.30689947411882956,-0.08575468702927169,-0.3968199392837072,0.023981958612435485,0.00477695880049925,-0.02738195356405536,0.011978833729975338,3758,0.61149547631719
Williams %R,"{""n"": 5, ""lo"": 20, ""tf"": 100}",1h,0,0.0,-0.15092492519349743,-0.35468240532041073,-0.25871263394326216,-0.5919747732884713,-0.21695602183580043,-0.6947907517472665,0.022435986664594922,0.0043185790216890545,-0.04363068518019494,0.011112606887778756,11606,0.5839221092538343
Williams %R,"{""n"": 5, ""lo"": 20, ""tf"": 100}",1h,0,2.5,-0.21418440081969103,-0.4104093096318219,-0.31582149451673314,-0.6529625877294881,-0.27656309155799663,-0.7841803878295683,0.010643792072532842,-0.005916873923007593,-0.04672254873337564,0.00029337582532007006,12048,0.5825863213811421
Williams %R,"{""n"": 5, ""lo"": 20, ""tf"": 100}",1h,1,0.0,-0.043082270676019885,-0.19052884782828827,-0.04804703100345076,-0.22564939234712067,-0.04576255641814597,-0.23739603052314273,0.012865951669440835,0.013439896123955582,-0.01760519889374941,0.013224666953512551,6584,0.594775212636695
Williams %R,"{""n"": 5, ""lo"": 20, ""tf"": 100}",1h,1,2.5,-0.07082282103280524,-0.20278346243580636,-0.12451980349507685,-0.3140569457265395,-0.10322024056935286,-0.4242675680586053,0.00691184431631865,0.002209948187239593,-0.016659343576014174,0.00397315923564424,6823,0.5954858566612927
Williams %R,"{""n"": 5, ""lo"": 20, ""tf"": 100}",4h,0,0.0,0.03157729651985375,-0.1712186356284222,-0.16996793353426265,-0.42755412311418406,-0.09412333574664722,-0.42755412311418406,0.03650700277546442,0.007722322565679463,-0.022446134763552193,0.01851657764434882,2665,0.6011257035647279
Williams %R,"{""n"": 5, ""lo"": 20, ""tf"": 100}",4h,0,2.5,-0.0030995012968849656,-0.1912207184872292,-0.2011357597515797,-0.47179578830100477,-0.12669427650151865,-0.4850493181825998,0.02807545278526011,0.0021290389549878533,-0.025897550151218217,0.01185894414133995,2760,0.6
Williams %R,"{""n"": 5, ""lo"": 20, ""tf"": 100}",4h,1,0.0,0.07714195455807649,-0.1291559353249374,-0.037900255580563535,-0.22540853140616268,0.006939858173645508,-0.22540853140616268,0.035446630130187354,0.0073921707252393816,-0.008848999913911637,0.01791259300209487,1794,0.6243032329988851
Williams %R,"{""n"": 5, ""lo"": 20, ""tf"": 100}",4h,1,2.5,0.05512996681813753,-0.1374839505443498,-0.06704040889771257,-0.22676538087756537,-0.01958170371516743,-0.22676538087756537,0.028237939734158446,0.003299671165082289,-0.010617484416622539,0.012651521878485847,1857,0.6241249326871298
Williams %R,"{""n"": 5, ""lo"": 20, ""tf"": 200}",1h,0,0.0,-0.14952498154687632,-0.3788696006395227,-0.19589289390918863,-0.513798833159309,-0.1773428126809572,-0.6305869215762199,0.02892874532124016,0.01737291872012466,-0.04511603621603526,0.02170635369554297,11724,0.5897304674172638
Williams %R,"{""n"": 5, ""lo"": 20, ""tf"": 200}",1h,0,2.5,-0.19900671139396953,-0.40893547879206094,-0.25577908423993856,-0.5776606340206208,-0.23332444691433107,-0.7316286032245414,0.016820750941324514,0.0031218048674312698,-0.04235397593577132,0.008258909645141236,12452,0.589624156761966
Williams %R,"{""n"": 5, ""lo"": 20, ""tf"": 200}",1h,1,0.0,-0.040318393985087964,-0.20632683794326656,-0.022694706602600756,-0.2100847533390634,-0.029542239452772345,-0.2100847533390634,0.01879490066029395,0.02126422875469763,-0.021287021393332425,0.02033823071929625,7168,0.5968191964285714
Williams %R,"{""n"": 5, ""lo"": 20, ""tf"": 200}",1h,1,2.5,-0.07812929430112325,-0.22058448969060584,-0.09924038386489742,-0.28440025569855965,-0.09067833081571719,-0.401768673125926,0.011642042895436319,0.007467322422412525,-0.018055013700788068,0.009032842599796448,7586,0.5991299762720802
Williams %R,"{""n"": 5, ""lo"": 20, ""tf"": 200}",4h,0,0.0,-0.023318103434006865,-0.275292809620707,-0.09737633555106573,-0.34312369125518627,-0.06807578326903307,-0.34312369125518627,0.03259870314835954,0.011571744690361293,-0.026120986934823925,0.019456854112110636,2675,0.6145794392523365
Williams %R,"{""n"": 5, ""lo"": 20, ""tf"": 200}",4h,0,2.5,-0.03532394954658047,-0.2436216586105313,-0.14863638966399173,-0.37514864497157674,-0.10460036387173677,-0.42770480238061215,0.026331968367995437,0.006312501628067646,-0.026814428353326245,0.013819801655540568,2824,0.6108356940509915
Williams %R,"{""n"": 5, ""lo"": 20, ""tf"": 200}",4h,1,0.0,0.05810748017876266,-0.18140879398051057,-0.013519552695254622,-0.2024028190828896,0.014883890528558874,-0.2024028190828896,0.031066613926794908,0.012550636146572118,-0.013564770645475725,0.019494127814155663,2014,0.631578947368421
Williams %R,"{""n"": 5, ""lo"": 20, ""tf"": 200}",4h,1,2.5,0.032308507016863164,-0.17033347164933255,-0.05245281289643611,-0.20906507756631965,-0.0190480603248121,-0.20906507756631965,0.02714495296370102,0.00894079464595093,-0.015953374365741534,0.015767354015107215,2126,0.6279397930385701
Williams %R,"{""n"": 10, ""lo"": 5, ""tf"": 0}",1h,0,0.0,-0.025607580177999356,-0.2417557033543648,-0.05288526650917569,-0.46211660463247584,-0.04133977550935741,-0.46211660463247584,0.017630473071285672,0.022377041425036714,-0.027819663036914376,0.020597078292380073,6951,0.6137246439361242
Williams %R,"{""n"": 10, ""lo"": 5, ""tf"": 0}",1h,0,2.5,-0.0746791776756427,-0.2444186100508432,-0.10680201414751056,-0.44369914070030614,-0.09380240453472355,-0.44369914070030614,0.01708923161676681,0.01293231533703419,-0.034655723330697094,0.014491158941933924,7404,0.6102106969205835
Williams %R,"{""n"": 10, ""lo"": 5, ""tf"": 0}",1h,1,0.0,0.05303141276722667,-0.08647564263427643,0.01963056181929268,-0.26917591960232923,0.033601402549581216,-0.26917591960232923,0.018250798642615338,0.024361314495247085,-0.015593551120960905,0.02206987105051018,3503,0.6200399657436483
Williams %R,"{""n"": 10, ""lo"": 5, ""tf"": 0}",1h,1,2.5,-0.004585310420446409,-0.13388004640564266,0.007086141293026316,-0.2125181241915488,0.0026351126841483996,-0.2125181241915488,0.01256426953339218,0.015748510998576014,-0.014017655346705099,0.014554420449132077,3695,0.6173207036535859
Williams %R,"{""n"": 10, ""lo"": 5, ""tf"": 0}",4h,0,0.0,0.02773916530353393,-0.16402801795801558,-0.10767735433512271,-0.3718512553631158,-0.05569882383757785,-0.3718512553631158,0.017186230177245236,0.011214226591987963,-0.024795610302530594,0.013453727936459442,1571,0.6091661362189688
Williams %R,"{""n"": 10, ""lo"": 5, ""tf"": 0}",4h,0,2.5,0.03211871177473746,-0.12696511368175445,-0.13759514669249173,-0.4277027656850463,-0.0732221992633072,-0.4277027656850463,0.017804956560227143,0.010003132671698249,-0.025800104654813354,0.012928816629896584,1663,0.6049308478653037
Williams %R,"{""n"": 10, ""lo"": 5, ""tf"": 0}",4h,1,0.0,0.052841648140399045,-0.03695697766453143,0.039856128070061336,-0.1916944719459378,0.045009706583317044,-0.1916944719459378,0.011128594641877678,0.008737326083249945,-6.639104939867857e-05,0.009634051792735345,806,0.6277915632754343
Williams %R,"{""n"": 10, ""lo"": 5, ""tf"": 0}",4h,1,2.5,0.05162816071565146,-0.03762828641272087,0.03789323385239385,-0.17258298079441525,0.04334564224796056,-0.17258298079441525,0.009662363387165937,0.007677390998038539,0.0027650496344052075,0.008421755643961313,840,0.6321428571428571
Williams %R,"{""n"": 10, ""lo"": 5, ""tf"": 100}",1h,0,0.0,-0.03421133118578312,-0.13828937896448845,-0.041679380701326485,-0.21661483656035274,-0.03867288461484897,-0.21661483656035274,0.006673488415188506,0.0023824581587362412,-0.012292205689868135,0.0039915945049058404,2107,0.5870906502135738
Williams %R,"{""n"": 10, ""lo"": 5, ""tf"": 100}",1h,0,2.5,-0.046358655376448454,-0.13757130584606192,-0.06249522340071634,-0.22415314852066803,-0.05603338439270722,-0.254240292210584,0.003974647602661567,0.0006720778146143136,-0.01338701460503735,0.0019105414851320335,2119,0.587069372345446
Williams %R,"{""n"": 10, ""lo"": 5, ""tf"": 100}",1h,1,0.0,0.030922996387711787,-0.036442159535649665,-0.003970352405855415,-0.11998454579174456,0.009853687642845,-0.11998454579174456,0.007252718600380483,0.00493572891728542,-0.0046285344405918374,0.005804600048446069,1154,0.6074523396880416
Williams %R,"{""n"": 10, ""lo"": 5, ""tf"": 100}",1h,1,2.5,0.018630802311282446,-0.04291555346584086,-0.022390170292991618,-0.12493981050236547,-0.006160627487661885,-0.12493981050236547,0.005581657443826216,0.00282007696744467,-0.0052244134845070705,0.0038556696460877496,1161,0.6063738156761412
Williams %R,"{""n"": 10, ""lo"": 5, ""tf"": 100}",4h,0,0.0,0.055510028627202335,-0.04333165721722099,-0.04837329879690411,-0.15061324408116017,-0.008052854040678237,-0.15061324408116017,0.015327569605966571,0.003200982528577101,-0.006206731864727727,0.007748452682598152,403,0.5831265508684863
Williams %R,"{""n"": 10, ""lo"": 5, ""tf"": 100}",4h,0,2.5,0.047980732885225974,-0.0460840603286653,-0.060678014013520465,-0.18043317930541614,-0.018573882690418708,-0.18043317930541614,0.014610270817635626,0.0024506150781711477,-0.00663190590206008,0.007010485980470327,406,0.583743842364532
Williams %R,"{""n"": 10, ""lo"": 5, ""tf"": 100}",4h,1,0.0,0.0551181788448889,-0.017260298370937344,0.005322311680202585,-0.07299290424664151,0.024960844376008318,-0.07299290424664151,0.008559184196086058,0.0037667889185451536,0.002041112424176428,0.0055639371476229925,270,0.6296296296296297
Williams %R,"{""n"": 10, ""lo"": 5, ""tf"": 100}",4h,1,2.5,0.05218205631109707,-0.01639632811559233,-0.00814494698308943,-0.09836915377313016,0.015578578098743856,-0.09836915377313016,0.007871764991166362,0.0029995525755620958,0.0017847205691411822,0.0048266322314136955,271,0.6309963099630996
Williams %R,"{""n"": 10, ""lo"": 5, ""tf"": 200}",1h,0,0.0,-0.015678442473949894,-0.14261689371809805,0.02175409411876661,-0.19280201872976788,0.006591303885323363,-0.19280201872976788,0.010995773046769686,0.010457192004745715,-0.011431004540988686,0.010659159895504705,2439,0.6076260762607626
Williams %R,"{""n"": 10, ""lo"": 5, ""tf"": 200}",1h,0,2.5,-0.028121106048908828,-0.14507477710029282,-0.008434389720076374,-0.19597334044267756,-0.016356219436820307,-0.19597334044267756,0.008950783900163177,0.0062574793337677685,-0.012887160497051582,0.0072674685461660464,2472,0.6076051779935275
Williams %R,"{""n"": 10, ""lo"": 5, ""tf"": 200}",1h,1,0.0,0.04822191220534111,-0.03985329662482717,0.062122597792588774,-0.09988513113545772,0.056498974665512014,-0.09988513113545772,0.010151671643326261,0.012985055700042596,-0.003994171189307463,0.01192253667877397,1452,0.6301652892561983
Williams %R,"{""n"": 10, ""lo"": 5, ""tf"": 200}",1h,1,2.5,0.03627960043699319,-0.036855740158311945,0.030518398695219107,-0.11124101328560287,0.032801854321145685,-0.11124101328560287,0.008324166372047716,0.00885683580398373,-0.0047938721329652476,0.008657084767007725,1466,0.6289222373806276
Williams %R,"{""n"": 10, ""lo"": 5, ""tf"": 200}",4h,0,0.0,0.05027151405805785,-0.09983946679544053,-0.028373862939537142,-0.11945844931694494,0.0023876162662186395,-0.11945844931694494,0.01596952635917206,0.006640185364614245,-0.00773727284034359,0.010138688237573426,473,0.6131078224101479
Williams %R,"{""n"": 10, ""lo"": 5, ""tf"": 200}",4h,0,2.5,0.07075430825230344,-0.04080929477188122,-0.05435044310424497,-0.17473723562646337,-0.006102821127712876,-0.17473723562646337,0.014938974259939583,0.006423927898045882,-0.005995731513968705,0.009617070283756019,478,0.6129707112970711
Williams %R,"{""n"": 10, ""lo"": 5, ""tf"": 200}",4h,1,0.0,0.06829795459444443,-0.031775108000293595,0.0016290603921853553,-0.11392246576154164,0.02779706536845694,-0.11392246576154164,0.010660714810853547,0.0070206727453672405,-0.0003615107979504442,0.008385688519924606,352,0.6420454545454546
Williams %R,"{""n"": 10, ""lo"": 5, ""tf"": 200}",4h,1,2.5,0.06573274983681099,-0.03200061096352036,-0.014447715880724799,-0.1369057504902078,0.01690180532570551,-0.1369057504902078,0.00979700946019519,0.006709993454941891,-0.000618826263460541,0.007867624456911878,355,0.6422535211267606
Williams %R,"{""n"": 10, ""lo"": 10, ""tf"": 0}",1h,0,0.0,-0.1646274169055847,-0.4383026524110738,-0.21560180177506916,-0.644176860020319,-0.19479796603794253,-0.7019979622175125,0.02538702521562703,0.024981757611260934,-0.0655291320459962,0.025133732962898222,12999,0.6092007077467497
Williams %R,"{""n"": 10, ""lo"": 10, ""tf"": 0}",1h,0,2.5,-0.25657987125041115,-0.512230137653265,-0.30108186450329577,-0.7000092652918444,-0.2831932840438397,-0.8181901464963741,0.020395048260057447,0.006656545347782728,-0.07922405243408734,0.011808483939885747,14431,0.6035617767306493
Williams %R,"{""n"": 10, ""lo"": 10, ""tf"": 0}",1h,1,0.0,-0.008417069516633235,-0.20924637330316254,-0.06081666084776938,-0.36987267705550286,-0.039350311940053784,-0.36987267705550286,0.022873727678009263,0.027466647952346553,-0.03389157066190574,0.02574430284947007,6590,0.6133535660091047
Williams %R,"{""n"": 10, ""lo"": 10, ""tf"": 0}",1h,1,2.5,-0.05412364048126406,-0.22401728035069657,-0.10170660062501868,-0.3541700308454294,-0.08257394694333753,-0.37758567176959845,0.016271707371039383,0.012099027625017088,-0.031696709612935726,0.01366378252977545,7193,0.610454608647296
Williams %R,"{""n"": 10, ""lo"": 10, ""tf"": 0}",4h,0,0.0,-0.14433548608039348,-0.37967437265294157,-0.13753491437012355,-0.4557734019927433,-0.1399465131890113,-0.5510099980831361,0.02056410961711144,0.021292523856547015,-0.05183123111360194,0.021019368516758674,3123,0.6186359269932757
Williams %R,"{""n"": 10, ""lo"": 10, ""tf"": 0}",4h,0,2.5,-0.1474910893953265,-0.36514081342803384,-0.19484022893248976,-0.5059129502960024,-0.1758760438280219,-0.625844075699004,0.01880311275970798,0.01543906680931176,-0.055035931690938115,0.016700584040710342,3482,0.6134405514072372
Williams %R,"{""n"": 10, ""lo"": 10, ""tf"": 0}",4h,1,0.0,0.007218648448378717,-0.1360226134133239,0.03133794165090786,-0.23882655914138906,0.02188309138866873,-0.23882655914138906,0.015926612982027664,0.01555799722472419,-0.010358722114100632,0.01569622813371299,1553,0.631680618158403
Williams %R,"{""n"": 10, ""lo"": 10, ""tf"": 0}",4h,1,2.5,-0.0018802295509519062,-0.13323772891964547,0.006642248742202206,-0.20127902755749172,0.0034994286162837174,-0.20127902755749172,0.011108053440686846,0.011259588470186769,-0.0066621360240221444,0.011202762834124297,1665,0.63003003003003
Williams %R,"{""n"": 10, ""lo"": 10, ""tf"": 100}",1h,0,0.0,-0.04474994044464209,-0.18365857027866006,-0.05378588074993451,-0.287139936900381,-0.05014828009207517,-0.287139936900381,0.01413579750941226,0.007336489910689832,-0.016925808672058375,0.009886230260210743,4348,0.5986660533578657
Williams %R,"{""n"": 10, ""lo"": 10, ""tf"": 100}",1h,0,2.5,-0.07865821375196203,-0.2111762104814937,-0.08971229920428125,-0.29910572133709656,-0.08525267026471806,-0.3629074489258318,0.008112874562073288,0.0026972496318162192,-0.018912778352109284,0.00472810898066262,4422,0.5972410673903211
Williams %R,"{""n"": 10, ""lo"": 10, ""tf"": 100}",1h,1,0.0,0.01477029302851074,-0.09429696609478744,0.0190781899498369,-0.1251292528897051,0.017340325930315093,-0.1251292528897051,0.012199530894054875,0.009252097519438503,-0.006357624241709006,0.010357385034919642,2445,0.6151329243353784
Williams %R,"{""n"": 10, ""lo"": 10, ""tf"": 100}",1h,1,2.5,0.0009959015730784948,-0.08785910767116833,-0.017412038970075705,-0.13834178069636005,-0.010075059428288569,-0.13834178069636005,0.009359488506450951,0.004517518098455361,-0.006917067861123387,0.006333257001453707,2487,0.6139927623642943
Williams %R,"{""n"": 10, ""lo"": 10, ""tf"": 100}",4h,0,0.0,0.07699688198908294,-0.06100288224453154,-0.04256545945922452,-0.16610982574990762,0.003913520839052387,-0.16610982574990762,0.02020205555513304,0.009036608921419812,-0.007136099733537633,0.013223651409062273,957,0.6102403343782654
Williams %R,"{""n"": 10, ""lo"": 10, ""tf"": 100}",4h,0,2.5,0.06866445965596091,-0.06227178108068587,-0.06986194437241433,-0.2210124992844269,-0.016397181407540207,-0.2210124992844269,0.017466111946149925,0.005935476806839894,-0.007935847938996377,0.010259464984081154,968,0.6084710743801653
Williams %R,"{""n"": 10, ""lo"": 10, ""tf"": 100}",4h,1,0.0,0.06868529277544178,-0.041907730416053224,0.044337664291855816,-0.07141773809037177,0.054283011122016056,-0.07141773809037177,0.015358561241949046,0.010720972980415737,5.822354579652911e-06,0.012460068578490727,634,0.6498422712933754
Williams %R,"{""n"": 10, ""lo"": 10, ""tf"": 100}",4h,1,2.5,0.059740332894568704,-0.04253730914392784,0.016725993215535473,-0.08460727377521837,0.03400755498324903,-0.08460727377521837,0.013294902726699939,0.008278411341498603,-0.0008744920967537206,0.010159595610949104,641,0.6505460218408736
Williams %R,"{""n"": 10, ""lo"": 10, ""tf"": 200}",1h,0,0.0,-0.02253425491306893,-0.19488270125401697,-0.0034326871907770506,-0.24724913846773577,-0.01112024606848716,-0.24724913846773577,0.019563619993917942,0.015380086348695069,-0.019453424846721877,0.016948911465653648,4829,0.6117208531787119
Williams %R,"{""n"": 10, ""lo"": 10, ""tf"": 200}",1h,0,2.5,-0.044832511856697566,-0.19477486638531705,-0.045378879979670717,-0.261396020367371,-0.04513374979922702,-0.261396020367371,0.013724743167402699,0.008222184130929138,-0.019605441462125332,0.010285643769606723,4990,0.6122244488977956
Williams %R,"{""n"": 10, ""lo"": 10, ""tf"": 200}",1h,1,0.0,0.04789637530780966,-0.0806176871771992,0.07522023371279363,-0.10716096052363255,0.06415356774016145,-0.10716096052363255,0.01716681599117668,0.01821597301376914,-0.008715544254816424,0.017822539130296966,2930,0.6266211604095563
Williams %R,"{""n"": 10, ""lo"": 10, ""tf"": 200}",1h,1,2.5,0.028031038867853297,-0.06972831802423785,0.028662772566671935,-0.12614850842633196,0.0283925205698754,-0.12614850842633196,0.01292112972779976,0.010871186178487183,-0.00887759962019366,0.011639915009479399,3016,0.626657824933687
Williams %R,"{""n"": 10, ""lo"": 10, ""tf"": 200}",4h,0,0.0,0.0218567304884969,-0.1615888237143177,-0.0005111176220569114,-0.13359987196066925,0.0086646202496512,-0.1615888237143177,0.02189042675872319,0.013542591406851509,-0.014492580496004472,0.01667302966380339,1068,0.6273408239700374
Williams %R,"{""n"": 10, ""lo"": 10, ""tf"": 200}",4h,0,2.5,0.0494771530098681,-0.10272395282602342,-0.04692198588895402,-0.1885129539318331,-0.00914454010757082,-0.1885129539318331,0.019210039804054682,0.011300782969470865,-0.01117541045915621,0.014266754282439795,1094,0.6261425959780622
Williams %R,"{""n"": 10, ""lo"": 10, ""tf"": 200}",4h,1,0.0,0.06261154515362444,-0.07068092334468867,0.04772787516053656,-0.07441604735494045,0.053925355780724216,-0.07441604735494045,0.015795153275548677,0.015352565934999318,-0.004324528875390921,0.015518536187705328,779,0.6508344030808729
Williams %R,"{""n"": 10, ""lo"": 10, ""tf"": 200}",4h,1,2.5,0.04819083403238755,-0.07539227327999276,0.014615774788808489,-0.10077075182791495,0.028201651653048332,-0.10077075182791495,0.013764271026671611,0.013715569723656255,-0.005050537464821106,0.013733832712287014,797,0.6499372647427855
Williams %R,"{""n"": 10, ""lo"": 20, ""tf"": 0}",1h,0,0.0,-0.4286537713455302,-0.6975412438458735,-0.4405651918689977,-0.8352769677348786,-0.43489736657391886,-0.9397742986158347,0.01729259950020834,0.012902839301740647,-0.11180640840476513,0.01454899937616603,21208,0.5919464353074312
Williams %R,"{""n"": 10, ""lo"": 20, ""tf"": 0}",1h,0,2.5,-0.5619494878215374,-0.7901849805621726,-0.5700604568835496,-0.912192457615413,-0.566330800015741,-0.981521450105077,-0.0009200030647243827,-0.014117332278720585,-0.13269357264613424,-0.009168333823472008,24953,0.58934797419148
Williams %R,"{""n"": 10, ""lo"": 20, ""tf"": 0}",1h,1,0.0,-0.12356352732569809,-0.3348457265436474,-0.21827169289570747,-0.5457785969695539,-0.18047453415843495,-0.6356771757070621,0.019905659012934087,0.017782576841622898,-0.05062275486161499,0.018578732655864596,10829,0.5892510850494044
Williams %R,"{""n"": 10, ""lo"": 20, ""tf"": 0}",1h,1,2.5,-0.21679593270985997,-0.39489087446147375,-0.31966640235711263,-0.6652727690982245,-0.2795875651375729,-0.796846532892215,0.0056911562701800695,-0.004870974490229411,-0.04838537901582071,-0.0009101754550758558,12545,0.5915504184934237
Williams %R,"{""n"": 10, ""lo"": 20, ""tf"": 0}",4h,0,0.0,-0.2509829418827316,-0.5485657887560088,-0.2929790519103377,-0.6587057856511249,-0.27595552401949885,-0.8067917326215809,0.031085914178269447,0.027070577936164082,-0.08625155889572783,0.028576329026953593,5199,0.6116560877091748
Williams %R,"{""n"": 10, ""lo"": 20, ""tf"": 0}",4h,0,2.5,-0.29271211153401056,-0.5838554888162475,-0.36383167077994993,-0.7328256873938648,-0.3357626190282985,-0.868586094185092,0.025872109090548982,0.01686991797057608,-0.0980937034307292,0.02024573964056592,6133,0.6042719713027882
Williams %R,"{""n"": 10, ""lo"": 20, ""tf"": 0}",4h,1,0.0,-0.0008955642743931902,-0.1853892121832088,-0.08219780026738899,-0.33915049659678154,-0.049968224045906395,-0.33915049659678154,0.023047871305288514,0.02133703519014895,-0.02569872735563497,0.021978598733326287,2657,0.6142265713210388
Williams %R,"{""n"": 10, ""lo"": 20, ""tf"": 0}",4h,1,2.5,-0.022713499516107682,-0.20200093191945834,-0.12573903814570897,-0.36843233704331313,-0.08535388587554793,-0.4073691368070763,0.01830527547439367,0.012264683327458522,-0.028956779135286916,0.014529905382559202,3014,0.608493696084937
Williams %R,"{""n"": 10, ""lo"": 20, ""tf"": 100}",1h,0,0.0,-0.1036286255067147,-0.2767064248355948,-0.193831181883232,-0.48097193841868546,-0.15876430139462994,-0.5757398133599534,0.021637971130837333,-0.0003855926805550395,-0.03131886331059624,0.007873243748717099,7998,0.5841460365091273
Williams %R,"{""n"": 10, ""lo"": 20, ""tf"": 100}",1h,0,2.5,-0.17432958530775988,-0.3314093997402613,-0.24921606855771727,-0.5495402588930578,-0.21996174656600487,-0.6939238911104565,0.009295656399788453,-0.008788912874171955,-0.03505950691600239,-0.0020071993964368012,8312,0.5822906641000962
Williams %R,"{""n"": 10, ""lo"": 20, ""tf"": 100}",1h,1,0.0,0.006637620674523115,-0.10564351926410787,-0.0533277917702204,-0.20708186003704843,-0.029736641796910823,-0.20708186003704843,0.01451254275155948,0.004917406204742177,-0.012117466347143314,0.008515582409798666,4540,0.595374449339207
Williams %R,"{""n"": 10, ""lo"": 20, ""tf"": 100}",1h,1,2.5,-0.04539240977696757,-0.12854803112134683,-0.11523945906951372,-0.2897014004439191,-0.08785254561765521,-0.37090705678193536,0.006141121060381844,-0.004075651223581822,-0.012473863113938069,-0.0002443616170954473,4709,0.5937566362284986
Williams %R,"{""n"": 10, ""lo"": 20, ""tf"": 100}",4h,0,0.0,-0.005495502127418228,-0.19761031419750763,-0.10584231463704707,-0.3395906451364987,-0.06643515385895993,-0.3395906451364987,0.025221426502895123,0.012211611367033451,-0.018861847687518078,0.01709029204298158,1848,0.6044372294372294
Williams %R,"{""n"": 10, ""lo"": 20, ""tf"": 100}",4h,0,2.5,-0.018662126896992093,-0.19411054731624133,-0.12539457973109613,-0.36150994160404226,-0.08362192290959047,-0.36634563063336867,0.020215496305325636,0.007371655141247202,-0.019749283997926748,0.012188095577776614,1908,0.6053459119496856
Williams %R,"{""n"": 10, ""lo"": 20, ""tf"": 100}",4h,1,0.0,0.07017527846097771,-0.09403041331126927,0.01046849916972925,-0.1361632018334875,0.03445629873563072,-0.1361632018334875,0.023475896411003252,0.01414781408008919,-0.004208257528500424,0.017645844954181963,1237,0.6257073565076798
Williams %R,"{""n"": 10, ""lo"": 20, ""tf"": 100}",4h,1,2.5,0.057999484502687215,-0.0949015549605925,-0.015534578173493463,-0.1593239509573282,0.013769589082473166,-0.1593239509573282,0.02047133121624979,0.01004462741472792,-0.005432334702527901,0.013954641340298621,1274,0.6287284144427001
Williams %R,"{""n"": 10, ""lo"": 20, ""tf"": 200}",1h,0,0.0,-0.08855839769791762,-0.2978494799096578,-0.15553064231694713,-0.42571271405889843,-0.12905809248435152,-0.5173233801744338,0.026177464513534237,0.007855012177617764,-0.03444828159345021,0.01472593180358644,8555,0.5943892460549386
Williams %R,"{""n"": 10, ""lo"": 20, ""tf"": 200}",1h,0,2.5,-0.15410297890822322,-0.3281086146828446,-0.22753261678882564,-0.5250535270705051,-0.19876726390406185,-0.6655103301656609,0.011869785413065936,-0.00650307828694483,-0.033187136588079764,0.00038674560055920737,9127,0.5927467952229648
Williams %R,"{""n"": 10, ""lo"": 20, ""tf"": 200}",1h,1,0.0,0.018942280594650418,-0.13031689032470195,-0.025615699167352735,-0.19159053770543832,-0.007787011561265489,-0.19159053770543832,0.020084052075932866,0.011885679944256584,-0.01675127177975825,0.01496006949363519,5207,0.6007297868254273
Williams %R,"{""n"": 10, ""lo"": 20, ""tf"": 200}",1h,1,2.5,-0.04369015174088453,-0.1427224317246275,-0.10812941158675493,-0.29521176168127805,-0.08275642165596953,-0.36700067569149764,0.00926982436289112,-0.0018662197740816047,-0.015063940277044247,0.0023097967772831665,5546,0.6002524341868013
Williams %R,"{""n"": 10, ""lo"": 20, ""tf"": 200}",4h,0,0.0,-0.029282769339276093,-0.258746239566498,-0.022281901384135216,-0.1969787284398905,-0.02459798621198994,-0.258746239566498,0.027738612538876734,0.02075700347028148,-0.022828895082665723,0.023375106871004702,1969,0.6165566277298121
Williams %R,"{""n"": 10, ""lo"": 20, ""tf"": 200}",4h,0,2.5,-0.02357439646240267,-0.22026422284799363,-0.07707201291781296,-0.25868727619532816,-0.05551238467694486,-0.28675022535694406,0.02371934582372283,0.01471290978793265,-0.02124936085820943,0.018090323301353965,2089,0.6156055528961225
Williams %R,"{""n"": 10, ""lo"": 20, ""tf"": 200}",4h,1,0.0,0.0726323998872862,-0.10628439902196851,0.05008003831007146,-0.10239811129600485,0.059538136135857345,-0.10628439902196851,0.02421177066177,0.023480250059399556,-0.009121383858380593,0.023754570285288473,1462,0.6313269493844049
Williams %R,"{""n"": 10, ""lo"": 20, ""tf"": 200}",4h,1,2.5,0.053932906565442806,-0.10804435611309626,0.006113813926921452,-0.14246590212168952,0.025486505092373823,-0.14246590212168952,0.022358511558996447,0.018576978346295667,-0.010142375353890669,0.019995053301058458,1548,0.6311369509043928
IBS,"{""lo"": 0.1, ""ex"": 0.6, ""tf"": 0}",1h,0,0.0,-0.5689234767540159,-0.7918008910551569,-0.5294277594937643,-0.8837954111539815,-0.5454672017451127,-0.9735607353941648,-0.02971986940153705,-0.013844934700234002,-0.11689897426187765,-0.019798035213222643,30682,0.5217391304347826
IBS,"{""lo"": 0.1, ""ex"": 0.6, ""tf"": 0}",1h,0,2.5,-0.5911449803140483,-0.8061966992139757,-0.5322935582789092,-0.8786364666053215,-0.5566106549740975,-0.9763416489086986,-0.03365724398501281,-0.02744812605488781,-0.1159800321979888,-0.029776545278684684,31181,0.5223373208043359
IBS,"{""lo"": 0.1, ""ex"": 0.6, ""tf"": 0}",1h,1,0.0,-0.23217613328747255,-0.41223252452761616,-0.26496570291971067,-0.6045563655245503,-0.2519083153563647,-0.7459027208131224,-0.008188847880748288,-0.005649124035265954,-0.0350248498990214,-0.00660152047732183,15784,0.5297136340598074
IBS,"{""lo"": 0.1, ""ex"": 0.6, ""tf"": 0}",1h,1,2.5,-0.2496563194364817,-0.41909535823608823,-0.2823374938255655,-0.6067122861913082,-0.26930312247021515,-0.7701998451435085,-0.01558534992616868,-0.01833520508586055,-0.03156500493926383,-0.017304009400976098,16009,0.5303266912361797
IBS,"{""lo"": 0.1, ""ex"": 0.6, ""tf"": 0}",4h,0,0.0,-0.20559670952113773,-0.41669352094174206,-0.09904872269719678,-0.4939616724119028,-0.14325921607313674,-0.5669719818387755,0.012459719858110254,0.022025804231866626,-0.049130770951564144,0.018438522591707987,6233,0.5668217551740735
IBS,"{""lo"": 0.1, ""ex"": 0.6, ""tf"": 0}",4h,0,2.5,-0.19455856182158326,-0.38284276251201943,-0.11370699975259291,-0.4742525142434375,-0.14693993057557264,-0.5756672631461777,0.011385593066784907,0.02096022369662108,-0.048837255389488334,0.017369737210432515,6305,0.567644726407613
IBS,"{""lo"": 0.1, ""ex"": 0.6, ""tf"": 0}",4h,1,0.0,0.0070891875822503,-0.10931371712934201,0.08592885876940093,-0.1770852457808294,0.05360308862018126,-0.1770852457808294,0.011636349748509911,0.021741660298633662,-0.011584123009431124,0.017952168842337256,3234,0.5977118119975263
IBS,"{""lo"": 0.1, ""ex"": 0.6, ""tf"": 0}",4h,1,2.5,-0.008845817537177947,-0.10789068317270234,0.07529961718549871,-0.15280561436759954,0.04074692491036469,-0.15280561436759954,0.006915128238077273,0.019431739463232147,-0.00951010434019365,0.01473801025379907,3260,0.5966257668711656
IBS,"{""lo"": 0.1, ""ex"": 0.6, ""tf"": 200}",1h,0,0.0,-0.1860359301833312,-0.33991227664401646,-0.2243936930366699,-0.5323270059973417,-0.20923282456290948,-0.6668202420066642,-0.0022284931413393888,-0.0036931095580346202,-0.027881741685167015,-0.0031438784017739085,13379,0.5193213244637118
IBS,"{""lo"": 0.1, ""ex"": 0.6, ""tf"": 200}",1h,0,2.5,-0.19933489033142582,-0.3446024927159167,-0.24212408187837964,-0.5417407255886316,-0.2252391689702853,-0.6949919244678382,-0.00783484113482792,-0.011585444684426793,-0.025060960350954828,-0.010178968353327216,13445,0.5201933804388248
IBS,"{""lo"": 0.1, ""ex"": 0.6, ""tf"": 200}",1h,1,0.0,-0.09721850179268177,-0.19866231340717955,-0.09043544974579987,-0.27564992781572273,-0.09320775698560324,-0.3734041093930802,-0.002896442100590171,0.004205404342658548,-0.013359040801013924,0.001542211926440278,8239,0.5334385240927297
IBS,"{""lo"": 0.1, ""ex"": 0.6, ""tf"": 200}",1h,1,2.5,-0.10989170496273415,-0.20097086869757208,-0.1192281826397732,-0.3076367901409994,-0.11553628123879311,-0.4381868688812497,-0.007518832026829236,-0.0036938191303037106,-0.011293433410365254,-0.005128198966500783,8274,0.534203529127387
IBS,"{""lo"": 0.1, ""ex"": 0.6, ""tf"": 200}",4h,0,0.0,0.041186321496842426,-0.08476178252881295,0.040879140894410915,-0.11043627698404779,0.04097295451784122,-0.11043627698404779,0.016647705242563562,0.01473956128547865,-0.0025954422808948316,0.015455115269385492,2560,0.5890625
IBS,"{""lo"": 0.1, ""ex"": 0.6, ""tf"": 200}",4h,0,2.5,0.024482940012255705,-0.08441221704542057,0.01876441381606786,-0.11577923445028371,0.021033884963777894,-0.11577923445028371,0.012398171804035636,0.012901033857494333,-0.002897859436121024,0.012712460587447322,2569,0.5885558583106267
IBS,"{""lo"": 0.1, ""ex"": 0.6, ""tf"": 200}",4h,1,0.0,0.040590154923020316,-0.0499876998603499,0.06674932067421047,-0.07573751192846279,0.05615635153999854,-0.07573751192846279,0.01281158030698986,0.016050782253843023,-0.0019111327990522994,0.014836081523773087,1907,0.6093340325117986
IBS,"{""lo"": 0.1, ""ex"": 0.6, ""tf"": 200}",4h,1,2.5,0.027873862984375997,-0.041937091626647494,0.0460973846363848,-0.08114422348493999,0.03873299878986236,-0.08114422348493999,0.008890800012199366,0.014381731094029257,-0.0015445005878194917,0.012322631938343048,1915,0.6088772845953002
IBS,"{""lo"": 0.1, ""ex"": 0.8, ""tf"": 0}",1h,0,0.0,-0.5775798435188537,-0.8138896022196888,-0.36289854220250606,-0.7743603436411871,-0.45887301133506075,-0.945707593403122,-0.018979445055757105,0.02013906188348818,-0.11152593993912421,0.005469621781271199,26588,0.551038062283737
IBS,"{""lo"": 0.1, ""ex"": 0.8, ""tf"": 0}",1h,0,2.5,-0.5975659758330251,-0.8193618858285314,-0.42586243594735107,-0.8036625298870747,-0.5014231652170362,-0.9619463319180426,-0.025069206299054687,-0.0018751899749615663,-0.11821872733524136,-0.010572946096496486,27711,0.5493847208689691
IBS,"{""lo"": 0.1, ""ex"": 0.8, ""tf"": 0}",1h,1,0.0,-0.20967536864181646,-0.44181408009736345,-0.11024929144249507,-0.43630900647455906,-0.15061793394803602,-0.5929472634711571,0.003223454874796361,0.022271911843609053,-0.035574939669423634,0.015128740480304293,13907,0.5602933774358236
IBS,"{""lo"": 0.1, ""ex"": 0.8, ""tf"": 0}",1h,1,2.5,-0.23187914133720344,-0.43753363527481226,-0.18349795354475462,-0.484965284036027,-0.20250126012191183,-0.6891742393664518,-0.004611237874524356,0.003593662593848116,-0.036317192420703304,0.0005168249182084389,14415,0.5596947624002775
IBS,"{""lo"": 0.1, ""ex"": 0.8, ""tf"": 0}",4h,0,0.0,-0.2044443992864159,-0.4783208797996856,-0.04855907712946406,-0.5014828438842014,-0.11352958520488643,-0.5158064300741376,0.03869140838130119,0.04236145319588255,-0.06684596670427882,0.040985186390414534,5485,0.5731996353691887
IBS,"{""lo"": 0.1, ""ex"": 0.8, ""tf"": 0}",4h,0,2.5,-0.20412101199894683,-0.4490838761953688,-0.09103311946913195,-0.4859476939835372,-0.13731704855563087,-0.5733513420059089,0.03257338231498083,0.034486793895069895,-0.06314262787239787,0.033769264552536496,5680,0.5735915492957746
IBS,"{""lo"": 0.1, ""ex"": 0.8, ""tf"": 0}",4h,1,0.0,-0.012842428983010357,-0.17537082116611247,0.11718082995655621,-0.22520259988925884,0.0640442247031372,-0.22520259988925884,0.020942018614108666,0.03550513305623461,-0.020611917551370408,0.03004396514043738,2881,0.598750433877126
IBS,"{""lo"": 0.1, ""ex"": 0.8, ""tf"": 0}",4h,1,2.5,-0.053038123269071535,-0.19716670365521605,0.092633251905343,-0.1675806094865745,0.03264822622795216,-0.19716670365521605,0.013061841261719474,0.02844845816476432,-0.01832086610739049,0.022678476826122503,2955,0.5962774957698815
IBS,"{""lo"": 0.1, ""ex"": 0.8, ""tf"": 200}",1h,0,0.0,-0.19342377003087374,-0.38904283038896503,-0.13220581384588392,-0.46355419933190667,-0.1572531861633255,-0.5883488440846919,0.008860794734909392,0.017993744766453736,-0.030080038823883604,0.014568888504624608,11891,0.55310739214532
IBS,"{""lo"": 0.1, ""ex"": 0.8, ""tf"": 200}",1h,0,2.5,-0.19751653187341955,-0.3702255532414146,-0.18233134217794877,-0.48576741724644334,-0.18842092632416074,-0.648836550734274,0.0020836687017471186,0.004541990983038328,-0.026060153257163543,0.0036201201275541245,12087,0.5518325473649376
IBS,"{""lo"": 0.1, ""ex"": 0.8, ""tf"": 200}",1h,1,0.0,-0.07415201433005292,-0.2288500287451547,0.020853420099886666,-0.183547742475632,-0.01839190946516933,-0.2288500287451547,0.0075385409837541596,0.022176239935843108,-0.01447808930764611,0.016687102828809752,7401,0.5661397108498851
IBS,"{""lo"": 0.1, ""ex"": 0.8, ""tf"": 200}",1h,1,2.5,-0.08881869784476226,-0.21939775657506455,-0.046174924814510354,-0.2161619423521668,-0.06353749613466786,-0.33109823754665313,0.002197117035600302,0.009235900003392325,-0.012245000572567229,0.006596356390470316,7518,0.5657089651503059
IBS,"{""lo"": 0.1, ""ex"": 0.8, ""tf"": 200}",4h,0,0.0,-0.013604044515810099,-0.21170884429238201,0.05889184630758426,-0.15648164592780034,0.030103525799368924,-0.21170884429238201,0.026379234018689295,0.02459767332626827,-0.013876763586046219,0.025265758585926154,2299,0.5841670291431057
IBS,"{""lo"": 0.1, ""ex"": 0.8, ""tf"": 200}",4h,0,2.5,-0.04401516411284767,-0.21728803060605817,0.03209467292503487,-0.14281972277863608,0.0017689844981332303,-0.21728803060605817,0.01834607426226711,0.01987920269571862,-0.01029108181284194,0.019304279533174304,2333,0.5825117873981998
IBS,"{""lo"": 0.1, ""ex"": 0.8, ""tf"": 200}",4h,1,0.0,0.010558282014910159,-0.13532727540527933,0.10798368972038963,-0.08528497561628523,0.06875956814243778,-0.13532727540527933,0.016636142840838156,0.02507406499965954,-0.008024581924024964,0.02190984419010152,1728,0.6035879629629629
IBS,"{""lo"": 0.1, ""ex"": 0.8, ""tf"": 200}",4h,1,2.5,-0.02063418301380049,-0.14118622469298348,0.07539588891865634,-0.09929171706293316,0.03672134002397853,-0.14118622469298348,0.010977370559525265,0.01996386035704669,-0.006031512671931964,0.016593926682976157,1753,0.6023958927552767
IBS,"{""lo"": 0.2, ""ex"": 0.6, ""tf"": 0}",1h,0,0.0,-0.8280411904475551,-0.9607299478523266,-0.7738322251700953,-0.9836894155621008,-0.7972077305397094,-0.9993603877606354,-0.0718870158569595,-0.050826302286775774,-0.2022055546952246,-0.05872406987559467,56484,0.5117555413922527
IBS,"{""lo"": 0.2, ""ex"": 0.6, ""tf"": 0}",1h,0,2.5,-0.8474046148736702,-0.9684579931881149,-0.7996458789420589,-0.988262650144181,-0.8202125268512139,-0.9996302681982235,-0.08192970561859998,-0.07105725030280755,-0.2111653034229724,-0.07513442104622974,58301,0.5130958302602013
IBS,"{""lo"": 0.2, ""ex"": 0.6, ""tf"": 0}",1h,1,0.0,-0.4193160840625516,-0.6342202322901036,-0.47239360617157466,-0.8330102487720253,-0.45171828796731917,-0.9390048558127994,-0.02118906972648756,-0.027340698440746942,-0.05839531028933935,-0.025033837672899673,29072,0.5167859108420473
IBS,"{""lo"": 0.2, ""ex"": 0.6, ""tf"": 0}",1h,1,2.5,-0.45947665905920465,-0.6792810716663535,-0.5238520411862794,-0.8735451494160112,-0.4989839060626218,-0.9594969693134268,-0.03678303777669309,-0.046842206160488335,-0.05966199622826605,-0.043070018016565126,29858,0.5183200482282805
IBS,"{""lo"": 0.2, ""ex"": 0.6, ""tf"": 0}",4h,0,0.0,-0.28144738492437005,-0.5630087004055522,-0.2753262143968723,-0.7183053986276569,-0.27717010553708976,-0.804913077650764,0.04074565501172467,0.035352103317224645,-0.08749801870597865,0.037374685202662156,12810,0.5672131147540984
IBS,"{""lo"": 0.2, ""ex"": 0.6, ""tf"": 0}",4h,0,2.5,-0.30094411767314755,-0.5598404564300072,-0.2926405993869733,-0.7022395868936411,-0.2953687348302436,-0.8228053398387078,0.03496899369356981,0.030654972190204664,-0.08939566486191294,0.03227273025396659,13142,0.5676457160249582
IBS,"{""lo"": 0.2, ""ex"": 0.6, ""tf"": 0}",4h,1,0.0,0.0459170403601894,-0.16909333226511214,0.005047630997870423,-0.30039747700856334,0.02187597942914765,-0.30039747700856334,0.03336426451500126,0.03192033466822507,-0.024898301529874413,0.03246180836076614,6612,0.5866606170598911
IBS,"{""lo"": 0.2, ""ex"": 0.6, ""tf"": 0}",4h,1,2.5,-0.003275434409252931,-0.19673011188759315,0.0034318527931795906,-0.2366888519214625,0.0013956220066633218,-0.2366888519214625,0.02545754421781299,0.028847738069203606,-0.024654767362340818,0.027576415374932123,6742,0.586027884900623
IBS,"{""lo"": 0.2, ""ex"": 0.6, ""tf"": 200}",1h,0,0.0,-0.4040419247518373,-0.6160868189088123,-0.43745122834045536,-0.8003889100326971,-0.4241666510479565,-0.9215773504822903,-0.020934913817692177,-0.02395284616804296,-0.055905978027375805,-0.02282112153666142,25420,0.5103068450039339
IBS,"{""lo"": 0.2, ""ex"": 0.6, ""tf"": 200}",1h,0,2.5,-0.43386456785183247,-0.6505900376715406,-0.46991565329666685,-0.8256324620853199,-0.45561543147700656,-0.9391004805328523,-0.03502066851519386,-0.036671140233839244,-0.05394986305350753,-0.036052213339347224,25738,0.5114227989742792
IBS,"{""lo"": 0.2, ""ex"": 0.6, ""tf"": 200}",1h,1,0.0,-0.20703353029478933,-0.3522071412041231,-0.2273381292482599,-0.5228303716715588,-0.21922767887590533,-0.6836755432647538,-0.012186760101498193,-0.009232256941449076,-0.023297681093061594,-0.010340195626467494,15500,0.5221935483870968
IBS,"{""lo"": 0.2, ""ex"": 0.6, ""tf"": 200}",1h,1,2.5,-0.24852034415395063,-0.4130155410338042,-0.27314754257240625,-0.5850893520993498,-0.26331799438369885,-0.7565587717999182,-0.02503014347239014,-0.021513978558877912,-0.02172135537213421,-0.022832540401444997,15670,0.52297383535418
IBS,"{""lo"": 0.2, ""ex"": 0.6, ""tf"": 200}",4h,0,0.0,0.11949533742132412,-0.11331335239164964,0.01166844770667308,-0.221339983121436,0.05415407589427845,-0.221339983121436,0.041751481284693893,0.021180255171220876,-0.006083162587676105,0.02889446496377326,5469,0.5825562260010971
IBS,"{""lo"": 0.2, ""ex"": 0.6, ""tf"": 200}",4h,0,2.5,0.07031398394278154,-0.12243335310010073,-0.017245910007486542,-0.2596075499304177,0.017535381211290613,-0.2596075499304177,0.03453361224828352,0.01898256892219549,-0.008307495190053742,0.0248142101694785,5520,0.5826086956521739
IBS,"{""lo"": 0.2, ""ex"": 0.6, ""tf"": 200}",4h,1,0.0,0.09626385648694558,-0.10118175621442516,0.06124710196570371,-0.12549059802702067,0.07574329710791727,-0.12549059802702067,0.032110777079093676,0.02425933087345628,-0.004472244254936357,0.027203623200570303,4026,0.5921510183805265
IBS,"{""lo"": 0.2, ""ex"": 0.6, ""tf"": 200}",4h,1,2.5,0.06208464252198853,-0.10105132869005351,0.03162064827892386,-0.13684305602156055,0.044324253349968146,-0.13684305602156055,0.025935560052015718,0.02208971013751099,-0.005695961561562303,0.023531903855450263,4068,0.5921828908554573
IBS,"{""lo"": 0.2, ""ex"": 0.8, ""tf"": 0}",1h,0,0.0,-0.7448990660436762,-0.9285259816084404,-0.6703522336214696,-0.9592368754328573,-0.7017515173790216,-0.9964888138106431,-0.020260497750895643,0.00011426017278172532,-0.18697422461108015,-0.007526274048597288,43790,0.5407170586891984
IBS,"{""lo"": 0.2, ""ex"": 0.8, ""tf"": 0}",1h,0,2.5,-0.7922631927531084,-0.9457639947413091,-0.7181716664289632,-0.9718858867094977,-0.7499483738597322,-0.9984271122093886,-0.03720304882652224,-0.027659523596474212,-0.2015739042324472,-0.031238345557742225,47203,0.5407495286316548
IBS,"{""lo"": 0.2, ""ex"": 0.8, ""tf"": 0}",1h,1,0.0,-0.32097268534825196,-0.5933241105767899,-0.32756311668959937,-0.7112960005154707,-0.32352488702152293,-0.8585410525051412,0.008843916304065768,0.012533975805861108,-0.05763932756248848,0.011150203492687855,23172,0.5468237528051096
IBS,"{""lo"": 0.2, ""ex"": 0.8, ""tf"": 0}",1h,1,2.5,-0.3857716505987986,-0.6250514060103217,-0.41808476440050335,-0.7941306913248017,-0.40415890269046206,-0.9203750831056817,-0.010331242318841896,-0.01380018956600276,-0.0609368227804523,-0.012499334348317436,24725,0.5483923154701719
IBS,"{""lo"": 0.2, ""ex"": 0.8, ""tf"": 0}",4h,0,0.0,-0.26818463901644485,-0.6174455437408366,-0.2551637270906405,-0.713454435648942,-0.2588040562677564,-0.7977979352364865,0.07781311921477849,0.06637050462811149,-0.10763120002547427,0.07066148509811161,9977,0.5680064147539341
IBS,"{""lo"": 0.2, ""ex"": 0.8, ""tf"": 0}",4h,0,2.5,-0.2889394292928733,-0.6067157493274646,-0.31124865326495155,-0.7038876185946059,-0.30086426985197634,-0.8391676886657621,0.06852390551546464,0.049798441839644145,-0.10701620721641247,0.05682049071807683,10680,0.5676029962546817
IBS,"{""lo"": 0.2, ""ex"": 0.8, ""tf"": 0}",4h,1,0.0,0.016389440635451002,-0.309849150582287,0.010368877210542138,-0.2805558143172533,0.014778626815338036,-0.309849150582287,0.04929854123423025,0.051912307012323966,-0.037439728816392716,0.05093214484553882,5265,0.5830959164292497
IBS,"{""lo"": 0.2, ""ex"": 0.8, ""tf"": 0}",4h,1,2.5,-0.023448033683878267,-0.312305650061767,-0.03022439751642647,-0.30079734898248667,-0.025569389797339248,-0.3762418316203313,0.03835697975648663,0.04011779116531599,-0.034670155166547804,0.039457486887004976,5557,0.5807090156559295
IBS,"{""lo"": 0.2, ""ex"": 0.8, ""tf"": 200}",1h,0,0.0,-0.32751753007119344,-0.5883077274875251,-0.3289770470253227,-0.7157362823180207,-0.32829353756508484,-0.8538445757653348,0.015854320429336197,0.009338194398777611,-0.05790392974265147,0.01178174166023708,20413,0.5387253220986626
IBS,"{""lo"": 0.2, ""ex"": 0.8, ""tf"": 200}",1h,0,2.5,-0.3630073716429596,-0.5853900406890513,-0.38822071145230086,-0.7586471544076029,-0.3781247333684785,-0.8945432142145964,-0.0032121856846507096,-0.01020150236061046,-0.05370258946386726,-0.0075805086071255535,21105,0.5383084577114428
IBS,"{""lo"": 0.2, ""ex"": 0.8, ""tf"": 200}",1h,1,0.0,-0.12118581557216523,-0.3419986552659504,-0.08800470899560031,-0.36405461644992343,-0.10146412722799658,-0.45675351791014973,0.015243149397742775,0.01838114572172357,-0.02471247553530427,0.017204397100230775,12673,0.5512506904442516
IBS,"{""lo"": 0.2, ""ex"": 0.8, ""tf"": 200}",1h,1,2.5,-0.18488142630345628,-0.3644401013250831,-0.16901348114383385,-0.44040115905141763,-0.17538406949818697,-0.6250190778563945,-0.001077350930801561,-0.00038270377656649906,-0.02232648857263126,-0.0006431964594046472,13072,0.5512545899632803
IBS,"{""lo"": 0.2, ""ex"": 0.8, ""tf"": 200}",4h,0,0.0,0.07291235350329361,-0.2361526678654977,0.004626922948587575,-0.2663426340954811,0.033462134115164854,-0.2663426340954811,0.056789431782866294,0.03433782304942397,-0.020508802722923623,0.04275717632446483,4420,0.5760180995475113
IBS,"{""lo"": 0.2, ""ex"": 0.8, ""tf"": 200}",4h,0,2.5,0.022946176970359833,-0.24640636611621924,-0.028748156281724002,-0.27993698498075126,-0.006395539709332931,-0.27993698498075126,0.04681970762017224,0.02709839882072688,-0.018625016705367696,0.03449388962051889,4568,0.574430823117338
IBS,"{""lo"": 0.2, ""ex"": 0.8, ""tf"": 200}",4h,1,0.0,0.0673396156351358,-0.23550514996894167,0.10244074515244517,-0.14437237966190342,0.09034993447608697,-0.23550514996894167,0.04151104260778574,0.03681001308560597,-0.013705229502956856,0.03857289915642339,3298,0.585203153426319
IBS,"{""lo"": 0.2, ""ex"": 0.8, ""tf"": 200}",4h,1,2.5,0.032883941214185475,-0.22967129807249043,0.049758905349068794,-0.18622615590753622,0.04500995311979206,-0.22967129807249043,0.03390428622943626,0.029590904059464407,-0.012236855143029683,0.031208422373203853,3411,0.5845793022574025
IBS,"{""lo"": 0.3, ""ex"": 0.6, ""tf"": 0}",1h,0,0.0,-0.9081953446773875,-0.9876694337000816,-0.8746358204159537,-0.9968140756028938,-0.8892538263992693,-0.9999608100008963,-0.11127260942912237,-0.08296050330633237,-0.24497168705359756,-0.0935775431023786,74827,0.5029200689590656
IBS,"{""lo"": 0.3, ""ex"": 0.6, ""tf"": 0}",1h,0,2.5,-0.9219334654651076,-0.9908410763794184,-0.899307987833817,-0.9982406244846393,-0.9089958014492205,-0.9999839353750627,-0.12374855835745587,-0.1110239662319652,-0.2568826674475389,-0.1157956882790242,78239,0.5051061491072227
IBS,"{""lo"": 0.3, ""ex"": 0.6, ""tf"": 0}",1h,1,0.0,-0.5782796492442993,-0.7955963793584375,-0.595769093934537,-0.9206606754584226,-0.588850948107688,-0.9838216640959345,-0.0436458389271559,-0.04883962824948315,-0.07412916119986043,-0.04689195725361043,38619,0.50889458556669
IBS,"{""lo"": 0.3, ""ex"": 0.6, ""tf"": 0}",1h,1,2.5,-0.6147742846619005,-0.8268664650748703,-0.6607812696895803,-0.950584208556447,-0.6430750027369705,-0.99147067700138,-0.058264634563403174,-0.07565773872927206,-0.07735005581082591,-0.06913532466707123,40203,0.5114046215456558
IBS,"{""lo"": 0.3, ""ex"": 0.6, ""tf"": 0}",4h,0,0.0,-0.3870034353133869,-0.6904493556881097,-0.46778467575181826,-0.8562786135895722,-0.43623120379441216,-0.9369491046202157,0.04681579946543387,0.026591563895639013,-0.1195403597076503,0.034175652234312084,17894,0.5596848105510227
IBS,"{""lo"": 0.3, ""ex"": 0.6, ""tf"": 0}",4h,0,2.5,-0.4331585264059997,-0.7093337690343293,-0.5037886175237765,-0.8726213558119342,-0.4760770871832022,-0.952994391154343,0.03607175544639545,0.019877285140959395,-0.12845617418802002,0.02595021150549792,18559,0.5586507893744275
IBS,"{""lo"": 0.3, ""ex"": 0.6, ""tf"": 0}",4h,1,0.0,-0.004795828560566595,-0.2723604904618774,-0.1644851560569608,-0.4865200022541659,-0.1032131099942658,-0.4865200022541659,0.038871891947248195,0.026906041997021825,-0.04349799758941727,0.031393235728356714,9230,0.5710725893824485
IBS,"{""lo"": 0.3, ""ex"": 0.6, ""tf"": 0}",4h,1,2.5,-0.08548324694440035,-0.3277457795387113,-0.1732927637591325,-0.4797060730193734,-0.13854090968079813,-0.5581322312717802,0.027085473527097646,0.020697464059073637,-0.04417287574265892,0.02309296760958264,9499,0.5695336351194863
IBS,"{""lo"": 0.3, ""ex"": 0.6, ""tf"": 200}",1h,0,0.0,-0.558409418888488,-0.7800615979562732,-0.5762952553621641,-0.9094369397075959,-0.5690441305853922,-0.9796062494979988,-0.04584389237486789,-0.04172045068263105,-0.07896904679679065,-0.04326674131721986,34466,0.503916903615157
IBS,"{""lo"": 0.3, ""ex"": 0.6, ""tf"": 200}",1h,0,2.5,-0.5906790723712358,-0.8086413193408265,-0.6047203674217303,-0.9228497968273663,-0.5989740531207701,-0.9852025269963025,-0.06330093536897044,-0.05987446405919907,-0.07707223480466827,-0.06115939080036333,35150,0.5051778093883357
IBS,"{""lo"": 0.3, ""ex"": 0.6, ""tf"": 200}",1h,1,0.0,-0.3229480029059818,-0.5128885314676415,-0.3117323397198961,-0.6568132831714251,-0.3161540922471131,-0.8288394113527991,-0.027276986121102915,-0.021569215394532597,-0.03046754465847378,-0.023709629416996465,21046,0.5154898793119833
IBS,"{""lo"": 0.3, ""ex"": 0.6, ""tf"": 200}",1h,1,2.5,-0.37296945821241634,-0.5768610248907131,-0.3626869910290871,-0.713579841898022,-0.3667107078955323,-0.8785244359995357,-0.041696042215193234,-0.03935862261824844,-0.02921982087591314,-0.04023515496710274,21439,0.5171416577265731
IBS,"{""lo"": 0.3, ""ex"": 0.6, ""tf"": 200}",4h,0,0.0,0.056477442775855646,-0.19557577790925917,-0.1647241037924173,-0.4804801218325063,-0.08173017141944539,-0.4804801218325063,0.04846686768370315,0.01253239810387469,-0.02371710389456589,0.026007824196310366,7799,0.5622515707141942
IBS,"{""lo"": 0.3, ""ex"": 0.6, ""tf"": 200}",4h,0,2.5,-0.010865917058093366,-0.2227117628440075,-0.19429568057346347,-0.5043906975267507,-0.12473010159702536,-0.5228434711993021,0.036778435924162994,0.0071392438247555035,-0.02426286218853512,0.018253940862033313,7927,0.5616248265421976
IBS,"{""lo"": 0.3, ""ex"": 0.6, ""tf"": 200}",4h,1,0.0,0.06357735864840053,-0.1732099000479591,-0.07162463133114694,-0.29929469433370115,-0.019082762395185915,-0.29929469433370115,0.037410182435365896,0.018817977664177307,-0.015657039983868637,0.025790054453373026,5767,0.5723946592682504
IBS,"{""lo"": 0.3, ""ex"": 0.6, ""tf"": 200}",4h,1,2.5,0.0007875655270197512,-0.20347570776700385,-0.10491884823472053,-0.3349285316253502,-0.06340523672000475,-0.35159285084671377,0.02750361883992194,0.014095455555334565,-0.016665825517944675,0.01912351678705483,5872,0.5711852861035422
IBS,"{""lo"": 0.3, ""ex"": 0.8, ""tf"": 0}",1h,0,0.0,-0.816056799623017,-0.9606153569215502,-0.7657341534629404,-0.9836220748501805,-0.786677464734564,-0.9992597294380625,-0.04011047400811182,-0.010081248006467132,-0.21806252462250159,-0.021342207757083887,53820,0.5315496098104794
IBS,"{""lo"": 0.3, ""ex"": 0.8, ""tf"": 0}",1h,0,2.5,-0.8658134321073978,-0.9749778283454346,-0.8249372255110903,-0.9925210942402066,-0.8421731413617513,-0.9998113615276433,-0.06628148785390744,-0.048447594582193096,-0.23918419857387316,-0.055135304559085975,59385,0.533468047486739
IBS,"{""lo"": 0.3, ""ex"": 0.8, ""tf"": 0}",1h,1,0.0,-0.408825535712928,-0.6881283178638926,-0.427744366536736,-0.8097146576761582,-0.41873398875400725,-0.932019947712294,-0.0006668342824429753,0.008710557918213735,-0.07068467019252464,0.005194035842967469,28717,0.5363373611449664
IBS,"{""lo"": 0.3, ""ex"": 0.8, ""tf"": 0}",1h,1,2.5,-0.4966382298453904,-0.735555826719545,-0.5480485662510146,-0.8988568758969855,-0.5270874042066276,-0.9730389018692874,-0.024280590433185794,-0.02867732369272625,-0.07693643214319155,-0.027028548720398577,31325,0.5395690343176377
IBS,"{""lo"": 0.3, ""ex"": 0.8, ""tf"": 0}",4h,0,0.0,-0.33703660587739925,-0.7146717275645007,-0.3918762939016208,-0.8159326010499792,-0.36905661790906696,-0.9042824209973847,0.08992375754114709,0.07022661008581413,-0.13623200175038397,0.077613040381564,12706,0.5651660632771919
IBS,"{""lo"": 0.3, ""ex"": 0.8, ""tf"": 0}",4h,0,2.5,-0.3973881193962202,-0.7369121866388806,-0.46290874167427853,-0.8410608781218226,-0.43626039710072617,-0.9403601038939126,0.07563074044350222,0.05530335332911063,-0.14413947383044037,0.06292612349700748,13955,0.5640272303833751
IBS,"{""lo"": 0.3, ""ex"": 0.8, ""tf"": 0}",4h,1,0.0,0.010030289841966633,-0.3974646015214369,-0.11083064437483758,-0.3930936954359353,-0.062374165979628304,-0.3974646015214369,0.06447607385748934,0.0554383780739401,-0.053283916423457076,0.058827513992771065,6754,0.5762511104530649
IBS,"{""lo"": 0.3, ""ex"": 0.8, ""tf"": 0}",4h,1,2.5,-0.06900661041969791,-0.43716456600214904,-0.1408695934639933,-0.41599472285555905,-0.11095604578748863,-0.5353975662712543,0.05010501598110492,0.042522474975207565,-0.050520674193832556,0.04536592785241907,7293,0.5738379267791033
IBS,"{""lo"": 0.3, ""ex"": 0.8, ""tf"": 200}",1h,0,0.0,-0.42121747300012813,-0.6771865215954513,-0.42691762365443753,-0.8203676642662019,-0.42437530016425107,-0.927853339108744,0.003595420627405267,0.008997607969585123,-0.07695744891195155,0.006971787716267677,25757,0.5307295104243507
IBS,"{""lo"": 0.3, ""ex"": 0.8, ""tf"": 200}",1h,0,2.5,-0.48383712533689505,-0.7053625920674842,-0.49405142621964027,-0.8559414509076428,-0.48971250324939375,-0.9569829448200934,-0.023862985591677124,-0.019682899538250264,-0.07399875993756255,-0.021250431808285338,27027,0.5311725311725312
IBS,"{""lo"": 0.3, ""ex"": 0.8, ""tf"": 200}",1h,1,0.0,-0.16161607874188066,-0.3966890521655523,-0.13188932733349734,-0.4387327665866959,-0.1437257687933634,-0.5772097263181518,0.008023873514473522,0.021544929329304904,-0.031178207844605843,0.016474533398743135,16087,0.541679617082116
IBS,"{""lo"": 0.3, ""ex"": 0.8, ""tf"": 200}",1h,1,2.5,-0.26363126369857237,-0.4687015163494783,-0.238526080748363,-0.5573106517011581,-0.2484533614347455,-0.7616301057535896,-0.01485771438732929,-0.006596353882714438,-0.030031842744714418,-0.009694364071945008,16831,0.5430455706731626
IBS,"{""lo"": 0.3, ""ex"": 0.8, ""tf"": 200}",4h,0,0.0,0.03867208976495684,-0.3413300753232721,-0.11039241773508501,-0.4382058644994825,-0.05154370048698287,-0.4382058644994825,0.07045167476882229,0.036098699093631885,-0.03810595907799779,0.04898106497182828,5791,0.5686409946468658
IBS,"{""lo"": 0.3, ""ex"": 0.8, ""tf"": 200}",4h,0,2.5,-0.022271220896308952,-0.3571981498499428,-0.15287209411651803,-0.42921305411379795,-0.10096809511879101,-0.4710631895810342,0.059273537015220486,0.02410990118646875,-0.035144303333269435,0.03729626462225065,6067,0.5663425086533707
IBS,"{""lo"": 0.3, ""ex"": 0.8, ""tf"": 200}",4h,1,0.0,0.06978448029136719,-0.31826264567909723,0.023192239599402198,-0.2576971681756435,0.043642998783969045,-0.31826264567909723,0.057640008822740466,0.039374571849419844,-0.024841131878618868,0.046224110714415075,4361,0.5812886952533822
IBS,"{""lo"": 0.3, ""ex"": 0.8, ""tf"": 200}",4h,1,2.5,0.018361793572406748,-0.3234539832284751,-0.044077885599008604,-0.31488385366128535,-0.01758940683693333,-0.3367383953709622,0.04788853889938319,0.028326122225256198,-0.02258603207820447,0.03566202847805382,4573,0.5790509512355128
Z-score reversie,"{""n"": 20, ""z"": 1.5, ""tf"": 0}",1h,0,0.0,-0.38974985902449855,-0.7103978905300463,-0.31713515791731217,-0.7131321699747162,-0.3452734060984278,-0.8776410197710821,0.03598633377921212,0.02104958846959819,-0.11032142171480928,0.026650867960703414,10164,0.6341007477371113
Z-score reversie,"{""n"": 20, ""z"": 1.5, ""tf"": 0}",1h,0,2.5,-0.5261418612537966,-0.7917686497791386,-0.5141049420419471,-0.871781644438897,-0.5174546325233815,-0.967234908888875,0.01802397306461598,-0.016770670797809303,-0.13105896673887535,-0.003722679349399821,15461,0.5760946898648212
Z-score reversie,"{""n"": 20, ""z"": 1.5, ""tf"": 0}",1h,1,0.0,-0.09821253686077747,-0.3844852885262333,-0.1390911016550973,-0.443012146365388,-0.12051519219737439,-0.49036092222988414,0.029807112248654646,0.019140004851649454,-0.04667567363557325,0.0231401701255264,5278,0.629973474801061
Z-score reversie,"{""n"": 20, ""z"": 1.5, ""tf"": 0}",1h,1,2.5,-0.1684317737442368,-0.41423287062318126,-0.29962868077893245,-0.6500657743785041,-0.2476237849769103,-0.7485563210497896,0.017107085382378942,-0.01123468521940305,-0.04670973016688493,-0.0006065212437348042,7824,0.5800102249488752
Z-score reversie,"{""n"": 20, ""z"": 1.5, ""tf"": 0}",4h,0,0.0,-0.3875492103907443,-0.6801364249850064,-0.20259640315596283,-0.6263120667764904,-0.280543360475651,-0.8290620424451601,0.01937207383937847,0.04408129258984661,-0.11191877215369384,0.034815335558421055,2390,0.6188284518828452
Z-score reversie,"{""n"": 20, ""z"": 1.5, ""tf"": 0}",4h,0,2.5,-0.4743780795645982,-0.7523524923518485,-0.26722976633543405,-0.6619417317380349,-0.35666949331264397,-0.883642527810801,0.01267549671358338,0.03427608583985238,-0.12800207344612655,0.026175864917501502,3710,0.5617250673854447
Z-score reversie,"{""n"": 20, ""z"": 1.5, ""tf"": 0}",4h,1,0.0,-0.009702386040883804,-0.23092131781864567,-0.06703899475909192,-0.35049932862440947,-0.041953779540906955,-0.35049932862440947,0.031000039726143316,0.026709188144781553,-0.03620137640256116,0.028318257487792212,1330,0.6203007518796992
Z-score reversie,"{""n"": 20, ""z"": 1.5, ""tf"": 0}",4h,1,2.5,-0.019569636342634755,-0.23432993876101538,-0.08837660865581709,-0.3830221142497162,-0.058922445918381805,-0.3830221142497162,0.02975473774557522,0.018434024627718208,-0.035988186220836806,0.022679292046914587,1866,0.57502679528403
Z-score reversie,"{""n"": 20, ""z"": 1.5, ""tf"": 200}",1h,0,0.0,0.04619363735527937,-0.146187479966704,-0.12151499751384887,-0.4095774729217082,-0.05778727590154897,-0.4095774729217082,0.030965101348793624,0.013355848683618936,-0.025297895899956603,0.019959318433059443,3914,0.629535002554931
Z-score reversie,"{""n"": 20, ""z"": 1.5, ""tf"": 200}",1h,0,2.5,-0.05465012269662317,-0.1928191925786884,-0.16972920594318974,-0.41653786699567397,-0.12533370105701735,-0.4727650611541624,0.016564234605822212,-0.008210768868353686,-0.022301479185764583,0.0010798574344622752,4582,0.597773897861196
Z-score reversie,"{""n"": 20, ""z"": 1.5, ""tf"": 200}",1h,1,0.0,0.07593768123938327,-0.10668019641099868,0.0015263435665830993,-0.24607536662893814,0.030697200890285714,-0.24607536662893814,0.028168748753121378,0.015115177657522617,-0.01738912826950218,0.02001026681837215,2468,0.6389789303079416
Z-score reversie,"{""n"": 20, ""z"": 1.5, ""tf"": 200}",1h,1,2.5,-0.019908106311117724,-0.16847839506096685,-0.07136043730783737,-0.2332454765792238,-0.05103190140161484,-0.2617213534261369,0.015393555170213173,-0.004204269588305828,-0.014009246690208386,0.003144914696138798,2910,0.6054982817869415
Z-score reversie,"{""n"": 20, ""z"": 1.5, ""tf"": 200}",4h,0,0.0,-0.07528454129831452,-0.3633561030689455,-0.0101392152820039,-0.22910993772629762,-0.03485562442081913,-0.3633561030689455,0.029051910289695573,0.020812878582395333,-0.03399980600247916,0.02390251547263292,874,0.6350114416475973
Z-score reversie,"{""n"": 20, ""z"": 1.5, ""tf"": 200}",4h,0,2.5,-0.08532586080754312,-0.3196893264842974,-0.06725797566621661,-0.28260016137667,-0.07268239115422892,-0.34874654503717495,0.02346464422717418,0.01401924045141949,-0.029068632751652994,0.017561266867327497,1017,0.5880039331366765
Z-score reversie,"{""n"": 20, ""z"": 1.5, ""tf"": 200}",4h,1,0.0,0.07295926614212145,-0.12139228981439443,0.056036141594160815,-0.1355325977033871,0.06482209467978861,-0.1355325977033871,0.032228331505290884,0.02073854689044051,-0.01228419195394756,0.025047216121009398,694,0.6613832853025937
Z-score reversie,"{""n"": 20, ""z"": 1.5, ""tf"": 200}",4h,1,2.5,0.05526488616728087,-0.12996498164030423,-0.011892396775313063,-0.17124800279601204,0.016450077764102122,-0.17124800279601204,0.030462432250734712,0.015440679986059498,-0.013847630108180194,0.021073837085312703,806,0.6203473945409429
Z-score reversie,"{""n"": 20, ""z"": 2.0, ""tf"": 0}",1h,0,0.0,-0.3376217640167135,-0.6370188592609458,-0.19513589493747507,-0.5826037799750403,-0.2538832380289814,-0.7773626221656172,0.030292640707230922,0.030244522467415765,-0.08847387423088482,0.030262566807346448,7509,0.6187241976295113
Z-score reversie,"{""n"": 20, ""z"": 2.0, ""tf"": 0}",1h,0,2.5,-0.4745529954317417,-0.7317809800156035,-0.3487053186847969,-0.7464519827056071,-0.40095177042125973,-0.9109424468996453,0.009674129896070392,0.003007674405158922,-0.10037321587405126,0.005507595214250723,10802,0.5586002592112572
Z-score reversie,"{""n"": 20, ""z"": 2.0, ""tf"": 0}",1h,1,0.0,-0.07139475266283146,-0.3009709232412757,-0.0318351951871404,-0.3064298353460623,-0.04588476204833314,-0.3064298353460623,0.024557310782643574,0.02813049868567413,-0.03604001731467884,0.02679055322203767,3898,0.624935864545921
Z-score reversie,"{""n"": 20, ""z"": 2.0, ""tf"": 0}",1h,1,2.5,-0.14555541722853138,-0.34563458695035054,-0.11162423654305909,-0.3883687825460823,-0.12349784889233473,-0.4763441737125358,0.011680212908162358,0.006316545333871596,-0.029830696127962922,0.008327920674230632,5442,0.5725836089672914
Z-score reversie,"{""n"": 20, ""z"": 2.0, ""tf"": 0}",4h,0,0.0,-0.30357175420687865,-0.5980495224037298,-0.150074523659393,-0.5304790134464679,-0.21457683183524412,-0.7370112771237761,0.020729115649018706,0.03134458759329173,-0.09234637324434783,0.027363785614189343,1774,0.6116121758737317
Z-score reversie,"{""n"": 20, ""z"": 2.0, ""tf"": 0}",4h,0,2.5,-0.3533577586500968,-0.6453046051749802,-0.17757783446732656,-0.55188314886828,-0.2524307799231881,-0.7826745919280028,0.017986724054559713,0.019956338925450248,-0.09594853295965142,0.019217733348866298,2614,0.5539403213465952
Z-score reversie,"{""n"": 20, ""z"": 2.0, ""tf"": 0}",4h,1,0.0,0.016715107177396327,-0.1915424041836291,-0.06844362044196817,-0.3488634084631955,-0.0345366293457261,-0.3488634084631955,0.028547410199754472,0.017245448738738033,-0.02887646896204559,0.0214836842866192,966,0.6262939958592133
Z-score reversie,"{""n"": 20, ""z"": 2.0, ""tf"": 0}",4h,1,2.5,0.009116065314113797,-0.1924381412214452,-0.08586227650551137,-0.37304621963217544,-0.04825608632446354,-0.37304621963217544,0.027021435179166282,0.009173362361985137,-0.027955763236634498,0.015866389668428068,1314,0.5684931506849316
Z-score reversie,"{""n"": 20, ""z"": 2.0, ""tf"": 200}",1h,0,0.0,0.008487454548901319,-0.12250640084050302,0.012361380308546943,-0.17134199259532745,0.010829104958561597,-0.17134199259532745,0.017477864738499785,0.017352058832924646,-0.010181970536764645,0.017399236047515323,2507,0.6246509772636617
Z-score reversie,"{""n"": 20, ""z"": 2.0, ""tf"": 200}",1h,0,2.5,-0.06390804667177663,-0.16618696144021716,-0.04650315004790073,-0.2162203515039084,-0.05345517277792222,-0.23650503762595143,0.006788055086692051,0.0032346127359150173,-0.00930839523962304,0.0045671536174564055,2781,0.5886371808701906
Z-score reversie,"{""n"": 20, ""z"": 2.0, ""tf"": 200}",1h,1,0.0,0.038610980010822304,-0.08969350102275842,0.0906060135469966,-0.09459865506632248,0.06946384565856456,-0.09459865506632248,0.01609438929114129,0.01920129577725515,-0.0070558410101866365,0.01803620584496245,1598,0.6408010012515645
Z-score reversie,"{""n"": 20, ""z"": 2.0, ""tf"": 200}",1h,1,2.5,-0.048517793134850384,-0.16073536590976067,0.03172548454060253,-0.12609612452552454,-0.00116433759253598,-0.16073536590976067,0.00638058917407252,0.008005364826959623,-0.007514271856337677,0.00739607395712696,1781,0.6030320044918585
Z-score reversie,"{""n"": 20, ""z"": 2.0, ""tf"": 200}",4h,0,0.0,-0.007622976715388585,-0.2504129756104191,-0.0049810645750071325,-0.170487900785683,-0.005758055410081342,-0.2504129756104191,0.029982824116386815,0.012005797133118905,-0.023215097548941355,0.01874718225184437,578,0.6401384083044983
Z-score reversie,"{""n"": 20, ""z"": 2.0, ""tf"": 200}",4h,0,2.5,-0.009735966277650387,-0.21763101610491353,-0.05263113598080493,-0.2336009314259646,-0.03538932716294796,-0.2336009314259646,0.025638604700022674,0.007080582312391866,-0.0191057186355161,0.014039840707753418,651,0.5837173579109063
Z-score reversie,"{""n"": 20, ""z"": 2.0, ""tf"": 200}",4h,1,0.0,0.08877198132682618,-0.08605311995940168,0.021131544680992542,-0.09917546918190345,0.0479645570578382,-0.09917546918190345,0.030364822281278188,0.011847435668836644,-0.00946575795392375,0.018791455648502223,462,0.6536796536796536
Z-score reversie,"{""n"": 20, ""z"": 2.0, ""tf"": 200}",4h,1,2.5,0.08150442208105702,-0.09000447228758146,-0.026453613329941006,-0.17506299147125104,0.01569836146807413,-0.17506299147125104,0.02952569305278869,0.007882843688686874,-0.009463534510001773,0.015998912200225052,520,0.6076923076923076
Z-score reversie,"{""n"": 20, ""z"": 2.5, ""tf"": 0}",1h,0,0.0,-0.22264651070718355,-0.479947536457194,-0.1299378804650242,-0.4992657106320014,-0.16739471417570417,-0.6517341323984019,0.022501315690763548,0.023421880031037557,-0.05556238075342797,0.023076668403434804,4529,0.5979244866416428
Z-score reversie,"{""n"": 20, ""z"": 2.5, ""tf"": 0}",1h,0,2.5,-0.3427560391020398,-0.5932739559654914,-0.22759993499795406,-0.6148220203379653,-0.2750910931340621,-0.8037380625912308,0.013265443495543768,0.0034743400863491776,-0.06177900293134814,0.0071460038647971486,5797,0.5314818009315163
Z-score reversie,"{""n"": 20, ""z"": 2.5, ""tf"": 0}",1h,1,0.0,0.01875120753155879,-0.13587366569947756,-0.05207231133424928,-0.2913214733704319,-0.023323139039367002,-0.2913214733704319,0.02690064579840316,0.023238882311252575,-0.023906197745085248,0.024612043618934043,2255,0.6070953436807095
Z-score reversie,"{""n"": 20, ""z"": 2.5, ""tf"": 0}",1h,1,2.5,-0.0410759760079098,-0.19012430078793763,-0.0595932132428143,-0.2885225943590878,-0.05123585486227067,-0.2885225943590878,0.018265649262927015,0.01021555131469399,-0.014710796884537282,0.013234338045281374,2842,0.5506685432793808
Z-score reversie,"{""n"": 20, ""z"": 2.5, ""tf"": 0}",4h,0,0.0,-0.22398818191572833,-0.4966127005426918,0.018051898266689292,-0.2311323345701639,-0.0867777778178751,-0.4966127005426918,0.009776393681333836,0.017709987243259916,-0.05048781657915233,0.014734889657537636,1047,0.6198662846227316
Z-score reversie,"{""n"": 20, ""z"": 2.5, ""tf"": 0}",4h,0,2.5,-0.20445376956350225,-0.45684475528810353,-0.012916140154043076,-0.20446378011779442,-0.0945601904150507,-0.47564800978111144,0.01208585821455874,0.01220620988669799,-0.04777765972776988,0.01216107800964577,1332,0.551051051051051
Z-score reversie,"{""n"": 20, ""z"": 2.5, ""tf"": 0}",4h,1,0.0,-0.00427173642209655,-0.14527844697737968,0.010882074762517124,-0.1363115332725061,0.004782947396962944,-0.14527844697737968,0.01468064663810214,0.008681719175101469,-0.012414756238278125,0.01093131697372672,531,0.6271186440677966
Z-score reversie,"{""n"": 20, ""z"": 2.5, ""tf"": 0}",4h,1,2.5,0.00915181169316992,-0.11183232972740564,-0.03659516492318948,-0.22555062947340732,-0.018517905449744076,-0.22555062947340732,0.013789644850282508,0.0034148458185103703,-0.011070067628726463,0.007305395455424922,643,0.5629860031104199
Z-score reversie,"{""n"": 20, ""z"": 2.5, ""tf"": 200}",1h,0,0.0,0.0024309635605186397,-0.09852965001687464,0.040641537559862995,-0.09534377837920871,0.02515200626009184,-0.09852965001687464,0.00817393904134716,0.012485571340620606,-0.0020918428958808313,0.010868709228393064,1154,0.6065857885615251
Z-score reversie,"{""n"": 20, ""z"": 2.5, ""tf"": 200}",1h,0,2.5,-0.01542951670292203,-0.07703571313877333,-0.011497789816685589,-0.11359596525667925,-0.013066483056332512,-0.11359596525667925,0.005966540793359331,0.0035455418747988372,-0.0008375045986409174,0.004453416469259022,1218,0.5673234811165846
Z-score reversie,"{""n"": 20, ""z"": 2.5, ""tf"": 200}",1h,1,0.0,0.04360194358644964,-0.046535371681730275,0.06499175504496235,-0.04728803623998912,0.056338862534259126,-0.04728803623998912,0.010731649919051511,0.015001068008500474,-0.0020862577424745343,0.013400036224957113,719,0.6356050069541029
Z-score reversie,"{""n"": 20, ""z"": 2.5, ""tf"": 200}",1h,1,2.5,0.0032999991519870875,-0.06060329376806506,0.02153802272616856,-0.06120173060770484,0.014186087366015787,-0.06120173060770484,0.007468365699845597,0.006784061032433919,-0.0016652917225542657,0.007040675282713298,761,0.5926412614980289
Z-score reversie,"{""n"": 20, ""z"": 2.5, ""tf"": 200}",4h,0,0.0,0.005590939665089278,-0.1602587907700579,-0.008307543415111973,-0.0991977818519929,-0.0027630653471756306,-0.1602587907700579,0.017230741283667195,0.00497248704559233,-0.010100940103724587,0.009569332384870404,262,0.6145038167938931
Z-score reversie,"{""n"": 20, ""z"": 2.5, ""tf"": 200}",4h,0,2.5,0.008196722134701684,-0.10390552327143576,-0.02850499571097942,-0.13201068618347833,-0.013961649988232239,-0.13201068618347833,0.01415533926571497,0.003350678591976893,-0.007288948013365486,0.007402426344628672,278,0.5611510791366906
Z-score reversie,"{""n"": 20, ""z"": 2.5, ""tf"": 200}",4h,1,0.0,0.06692536163455687,-0.05609800669472775,0.008602680384289796,-0.06774681903388324,0.03154765866907705,-0.06774681903388324,0.01588775407134308,0.005685139034706199,-0.0009046721085883419,0.009511119673445029,213,0.6384976525821596
Z-score reversie,"{""n"": 20, ""z"": 2.5, ""tf"": 200}",4h,1,2.5,0.051133767047260914,-0.05238114065629518,-0.0189306610630815,-0.103057420167317,0.008544658947937211,-0.103057420167317,0.015353829512827957,0.0042884406037537294,-0.002705236424700719,0.008437961444656564,227,0.5947136563876652
Z-score reversie,"{""n"": 50, ""z"": 1.5, ""tf"": 0}",1h,0,0.0,-0.2947121169081689,-0.5956884528170485,-0.2552575669958027,-0.6693657167541787,-0.26900775109925146,-0.8056739646126907,0.03436078337400349,0.039058527822188695,-0.10294640997397536,0.037296873654119246,4613,0.6577064816822025
Z-score reversie,"{""n"": 50, ""z"": 1.5, ""tf"": 0}",1h,0,2.5,-0.3915585502914093,-0.6724471541008168,-0.41656411440566443,-0.8109341546876723,-0.4047227666545521,-0.9187839243625071,0.025802025996402096,0.012898936799809586,-0.11652198089958102,0.017737595248531777,9225,0.4842276422764228
Z-score reversie,"{""n"": 50, ""z"": 1.5, ""tf"": 0}",1h,1,0.0,-0.026341855288242844,-0.25906318879391765,-0.09112458873478524,-0.4199834516586377,-0.06289365506505029,-0.4199834516586377,0.03555046394647307,0.029837805185164278,-0.03834203096700955,0.03198005222065508,2468,0.653160453808752
Z-score reversie,"{""n"": 50, ""z"": 1.5, ""tf"": 0}",1h,1,2.5,-0.07917890379122405,-0.30003240924918295,-0.21662495628616896,-0.5735175786975613,-0.16165305192290325,-0.6085514211619172,0.03004297741304142,0.00634510405699172,-0.03960049870033177,0.015231806565510356,4578,0.4980340760157274
Z-score reversie,"{""n"": 50, ""z"": 1.5, ""tf"": 0}",4h,0,0.0,-0.3084826991295583,-0.5837461613872545,-0.11668228296378547,-0.47617226362872067,-0.19600160968587743,-0.716037088257925,0.03789262534610586,0.039414971715117236,-0.11731808905046234,0.038844091826737974,1062,0.6252354048964218
Z-score reversie,"{""n"": 50, ""z"": 1.5, ""tf"": 0}",4h,0,2.5,-0.3946548859972502,-0.669535085275661,-0.16320577241646894,-0.5295413767834574,-0.2620243075332549,-0.8024093183295481,0.03867048022629868,0.030625068163518607,-0.13420093573622469,0.03364209768706113,2119,0.48041529023124113
Z-score reversie,"{""n"": 50, ""z"": 1.5, ""tf"": 0}",4h,1,0.0,-0.12088025574176575,-0.299347129362169,-0.057622083414786474,-0.2992166677623649,-0.07993296630122604,-0.38822764943583044,0.007712018500880707,0.020615233592251783,-0.038994889789424884,0.01577652793298763,573,0.5741710296684118
Z-score reversie,"{""n"": 50, ""z"": 1.5, ""tf"": 0}",4h,1,2.5,-0.1323546081902215,-0.3160309183693284,-0.060976254102398375,-0.3115157268415928,-0.08671152219839384,-0.4213086942628912,0.009048439680150752,0.014760372704091317,-0.040340427183515215,0.012618397820113605,973,0.48715313463514903
Z-score reversie,"{""n"": 50, ""z"": 1.5, ""tf"": 200}",1h,0,0.0,-0.011201372478471416,-0.16938908981418166,-0.07621091459805651,-0.337034722542787,-0.05056934118165912,-0.337034722542787,0.025525231169380533,0.020598815858291642,-0.02090458890436217,0.022446221599949977,1453,0.6366139022711631
Z-score reversie,"{""n"": 50, ""z"": 1.5, ""tf"": 200}",1h,0,2.5,-0.0700926057637592,-0.1496007867882846,-0.131145234376436,-0.36710249802023975,-0.10703075409827245,-0.41525040873802255,0.006989747633482455,0.0012359939470737065,-0.01690311437110309,0.003393651579476987,1776,0.4954954954954955
Z-score reversie,"{""n"": 50, ""z"": 1.5, ""tf"": 200}",1h,1,0.0,0.05613024673751177,-0.09438351045585758,0.03276873003554481,-0.15274868194820723,0.042153249489719435,-0.15274868194820723,0.024265969925397042,0.021459393442726203,-0.01066758844207167,0.02251185962372777,920,0.6597826086956522
Z-score reversie,"{""n"": 50, ""z"": 1.5, ""tf"": 200}",1h,1,2.5,-0.05639686675421529,-0.1524629985764394,-0.027466390544226615,-0.15737322771688256,-0.03902651869501894,-0.22541546413539926,0.007478235627248562,0.004977860475068526,-0.009291288691633495,0.0059155011571360395,1129,0.5101860053144376
Z-score reversie,"{""n"": 50, ""z"": 1.5, ""tf"": 200}",4h,0,0.0,-0.057456268491650975,-0.22876409017039234,0.03315044138919765,-0.15858650039951494,-0.0008435328498053174,-0.22876409017039234,0.020756444668666427,0.011577616975757972,-0.02629294640065092,0.015019677360598643,313,0.6485623003194888
Z-score reversie,"{""n"": 50, ""z"": 1.5, ""tf"": 200}",4h,0,2.5,-0.06839809496009575,-0.21772926981402096,-0.020218147605634673,-0.1490937450696852,-0.03660897809001429,-0.23950391858736897,0.01949108609755316,0.0029838151587031478,-0.02149129068799973,0.009174041760771903,369,0.5392953929539296
Z-score reversie,"{""n"": 50, ""z"": 1.5, ""tf"": 200}",4h,1,0.0,-0.03387103886439968,-0.18461493584412147,0.04699312787137622,-0.09215511324853776,0.017168331223994526,-0.18461493584412147,0.013110400062010967,0.009117114406377348,-0.014187126246916752,0.010614596527239955,251,0.6334661354581673
Z-score reversie,"{""n"": 50, ""z"": 1.5, ""tf"": 200}",4h,1,2.5,-0.04120831367479183,-0.16562408601915002,-0.008700492902192769,-0.11027596756242142,-0.018604208071064998,-0.16562408601915002,0.014024697159440682,0.003986162582274156,-0.013768527451534722,0.007750613048711603,294,0.5476190476190477
Z-score reversie,"{""n"": 50, ""z"": 2.0, ""tf"": 0}",1h,0,0.0,-0.2218346513104026,-0.5529023406911521,-0.1824210048217655,-0.5802100136672381,-0.19630787920446546,-0.6959972189001178,0.036160946671411835,0.03695364681851356,-0.09069275203659255,0.03665638426335042,3575,0.6467132867132868
Z-score reversie,"{""n"": 50, ""z"": 2.0, ""tf"": 0}",1h,0,2.5,-0.3310856643609713,-0.6209219117495886,-0.35387324821550925,-0.7435793891056567,-0.34302062152126056,-0.8667018560198545,0.02778372604801829,0.009403338060908938,-0.10588136574944927,0.016295983556074947,6874,0.462758219377364
Z-score reversie,"{""n"": 50, ""z"": 2.0, ""tf"": 0}",1h,1,0.0,0.04747540509795534,-0.17406889468348485,-0.06744167196817308,-0.37894247824619043,-0.020534133261730148,-0.37894247824619043,0.03937057703920967,0.02770221806909894,-0.033369184173675764,0.03207785268289046,1908,0.6467505241090147
Z-score reversie,"{""n"": 50, ""z"": 2.0, ""tf"": 0}",1h,1,2.5,-0.006564193367375681,-0.21497641776380905,-0.18041865473322727,-0.5057899652288451,-0.11247879297127317,-0.5057899652288451,0.0340712536389529,0.005729453812546008,-0.032177977718501664,0.01635762874744859,3385,0.4853766617429838
Z-score reversie,"{""n"": 50, ""z"": 2.0, ""tf"": 0}",4h,0,0.0,-0.24433460705135657,-0.4750478900370778,-0.05936294621836935,-0.41646132991951423,-0.1361645351389339,-0.5764416967044993,0.02839989041413919,0.03051834440702079,-0.09739421756267144,0.02972392415969019,811,0.6152897657213316
Z-score reversie,"{""n"": 50, ""z"": 2.0, ""tf"": 0}",4h,0,2.5,-0.3051316461322775,-0.5445536993745694,-0.09989748501456774,-0.41313073149222157,-0.18644023856685954,-0.6727988825364148,0.031107910188955583,0.022999048170812383,-0.10910190206486228,0.026039871427616084,1561,0.46700832799487507
Z-score reversie,"{""n"": 50, ""z"": 2.0, ""tf"": 0}",4h,1,0.0,-0.12206901117511615,-0.25477279214719095,0.0028953313635757816,-0.18646038297011924,-0.046818137853341435,-0.28748594483283063,-0.0012924946928390597,0.017561755088696323,-0.028358204429657585,0.010491411420620553,422,0.5710900473933649
Z-score reversie,"{""n"": 50, ""z"": 2.0, ""tf"": 0}",4h,1,2.5,-0.12245364080060739,-0.2553715845041461,-0.015555024962676911,-0.26783321496455315,-0.05752932384611653,-0.36107080917287004,0.0015819773080185057,0.011345034587443122,-0.02994720445604304,0.007683888107658891,695,0.46906474820143884
Z-score reversie,"{""n"": 50, ""z"": 2.0, ""tf"": 200}",1h,0,0.0,0.011276342379488158,-0.1958815186995444,-0.01461327546112623,-0.1860887948873874,-0.004211140646373179,-0.1958815186995444,0.020281766077197227,0.018854379964032164,-0.013799369753880353,0.019389649756469063,944,0.6440677966101694
Z-score reversie,"{""n"": 50, ""z"": 2.0, ""tf"": 200}",1h,0,2.5,-0.012575650422294804,-0.08830075332445753,-0.06791144369500313,-0.24234926516431743,-0.045998937563341835,-0.24234926516431743,0.012248288569468295,0.0055443216136967345,-0.012804869165618918,0.00805830922211107,1086,0.49355432780847147
Z-score reversie,"{""n"": 50, ""z"": 2.0, ""tf"": 200}",1h,1,0.0,0.07445875882140074,-0.06265922742036034,0.05638171730729069,-0.12174960997747142,0.06366469963657861,-0.12174960997747142,0.018780963261634847,0.01785554270124164,-0.005853476746605996,0.01820257541138909,610,0.6737704918032786
Z-score reversie,"{""n"": 50, ""z"": 2.0, ""tf"": 200}",1h,1,2.5,-0.00994000119067906,-0.07995005065918048,0.011507311247364038,-0.08844030757487731,0.002973869532239215,-0.08844030757487731,0.010576765152713294,0.00760438671312392,-0.00677780574368074,0.008719028627969935,702,0.5185185185185185
Z-score reversie,"{""n"": 50, ""z"": 2.0, ""tf"": 200}",4h,0,0.0,-0.04797967693097016,-0.174742571750804,0.058712387026256696,-0.1398951555544724,0.016544992918998913,-0.17636081307912177,0.013210416326961936,0.010346528262811327,-0.017775900729605658,0.011420486286867806,190,0.6473684210526316
Z-score reversie,"{""n"": 50, ""z"": 2.0, ""tf"": 200}",4h,0,2.5,-0.05446968054352708,-0.15421624493826325,0.01794408834231853,-0.12594413012231243,-0.009808001759391116,-0.19008795745075546,0.013210416326961936,0.006192903897506848,-0.015111963923878001,0.008824471058552505,206,0.5339805825242718
Z-score reversie,"{""n"": 50, ""z"": 2.0, ""tf"": 200}",4h,1,0.0,-0.019946122572652714,-0.11907472924685769,0.06862643146255376,-0.08204047605603482,0.03418081034604481,-0.11907472924685769,0.006176607737660106,0.009266065002228544,-0.009002238921144406,0.00810751852801538,157,0.6496815286624203
Z-score reversie,"{""n"": 50, ""z"": 2.0, ""tf"": 200}",4h,1,2.5,-0.03470611119141487,-0.11086183333243982,0.022148089425351625,-0.1033577508193032,0.0008929705497511264,-0.13702556503119834,0.006176607737660106,0.005993149732526974,-0.008727317548909402,0.006061946484451898,170,0.5352941176470588
Z-score reversie,"{""n"": 50, ""z"": 2.5, ""tf"": 0}",1h,0,0.0,-0.15129712872755097,-0.4919036029191315,-0.09415461723654084,-0.4694079375598861,-0.11607701323602304,-0.5436586157892518,0.027060213551713015,0.04139942125650977,-0.07448473809978068,0.036022218367210986,2608,0.6460889570552147
Z-score reversie,"{""n"": 50, ""z"": 2.5, ""tf"": 0}",1h,0,2.5,-0.1998000335930531,-0.4551983493011523,-0.14111358533944796,-0.47573021033468565,-0.16375450047498907,-0.6082029143980849,0.018584532943308037,0.020524480356485072,-0.0646299737928662,0.019797000076543683,4394,0.45698680018206644
Z-score reversie,"{""n"": 50, ""z"": 2.5, ""tf"": 0}",1h,1,0.0,0.05278870013720871,-0.13531645567838457,-0.024187818560013508,-0.34099695303619115,0.007468045896055653,-0.34099695303619115,0.03135348346881903,0.03182154106805377,-0.030685112038204947,0.031646019468340746,1366,0.6471449487554904
Z-score reversie,"{""n"": 50, ""z"": 2.5, ""tf"": 0}",1h,1,2.5,0.027789498748881813,-0.15837228360605027,-0.03249156842710543,-0.26674408442830533,-0.007272188634976695,-0.26674408442830533,0.02495637790779612,0.013508399800433087,-0.015464660891691386,0.017801391590694226,2153,0.47886669763121226
Z-score reversie,"{""n"": 50, ""z"": 2.5, ""tf"": 0}",4h,0,0.0,-0.23243145445134172,-0.41893308217575465,0.017762257977284257,-0.3162428741626704,-0.09092267176322244,-0.44634713875578447,0.01028756208907263,0.020460037597746224,-0.06828033708064901,0.016645359281993625,558,0.5967741935483871
Z-score reversie,"{""n"": 50, ""z"": 2.5, ""tf"": 0}",4h,0,2.5,-0.25768210064192953,-0.44847407971509146,-0.04499006424161134,-0.31110756560089337,-0.13657125193345587,-0.5267706115386634,0.010196855334676723,0.014014888074150507,-0.07228100635463877,0.012583125796847838,949,0.44257112750263433
Z-score reversie,"{""n"": 50, ""z"": 2.5, ""tf"": 0}",4h,1,0.0,-0.12294249332029328,-0.2252123305913858,0.04053040548902298,-0.1238494484892313,-0.02829139353769672,-0.24219478650590986,-0.006714951552581382,0.010386396441133261,-0.020522211086385272,0.00397339094349027,278,0.5575539568345323
Z-score reversie,"{""n"": 50, ""z"": 2.5, ""tf"": 0}",4h,1,2.5,-0.10378652484630158,-0.19388828368369881,0.004353632470541768,-0.22458891856187668,-0.040414600152413716,-0.3277763350081223,-0.004803178969917838,0.005294621757563952,-0.021412745766547843,0.0015079464847582806,405,0.4617283950617284
Z-score reversie,"{""n"": 50, ""z"": 2.5, ""tf"": 200}",1h,0,0.0,0.030985794547110812,-0.09271576496964462,0.003600889921453021,-0.08799675274898078,0.014470812480860573,-0.09271576496964462,0.005732223043264632,0.01236299237444105,-0.00495710127787586,0.009876453875249894,490,0.6408163265306123
Z-score reversie,"{""n"": 50, ""z"": 2.5, ""tf"": 200}",1h,0,2.5,-0.01558171298671196,-0.06716002959320866,-0.009223586589966581,-0.09703977257673813,-0.011767800149681262,-0.09703977257673813,0.001263697325763122,0.008071458158983535,-0.006410455569985728,0.00551854784652588,539,0.48608534322820035
Z-score reversie,"{""n"": 50, ""z"": 2.5, ""tf"": 200}",1h,1,0.0,0.04896507422630636,-0.03153343582404278,0.042723242244619986,-0.06421598919526705,0.04519087495677776,-0.06421598919526705,0.008158243044745044,0.012844063023009408,-0.0034494534469187155,0.01108688053116027,314,0.7006369426751592
Z-score reversie,"{""n"": 50, ""z"": 2.5, ""tf"": 200}",1h,1,2.5,-0.012472533671208708,-0.05490446060582699,0.029716736854725534,-0.042735681404836856,0.012601107151760216,-0.05490446060582699,0.002066838665124656,0.00988583229428024,-0.004468110632041833,0.006953709683346895,344,0.5232558139534884
Z-score reversie,"{""n"": 50, ""z"": 2.5, ""tf"": 200}",4h,0,0.0,-0.03849934020656587,-0.10849450632077717,0.03419326488055585,-0.05688146961906693,0.004441324005775682,-0.10849450632077717,0.00751466851370756,0.004424903148027,-0.009473513286421056,0.00558356516015721,92,0.5978260869565217
Z-score reversie,"{""n"": 50, ""z"": 2.5, ""tf"": 200}",4h,0,2.5,-0.03683649071203421,-0.07918758749668431,-0.00456277136148453,-0.10581555280296617,-0.017605094256958775,-0.16358120011597965,0.006607248621074634,0.0007559566924748722,-0.008362637009795455,0.002950191165699783,99,0.45454545454545453
Z-score reversie,"{""n"": 50, ""z"": 2.5, ""tf"": 200}",4h,1,0.0,-0.03809187584133067,-0.09899265262471402,0.03470119911519998,-0.056881469619066816,0.004907270338261771,-0.10081541879282119,0.001012692169623075,0.0038907865891348796,-0.0062668189869449775,0.0028115011818179527,74,0.6081081081081081
Z-score reversie,"{""n"": 50, ""z"": 2.5, ""tf"": 200}",4h,1,2.5,-0.03454140162201225,-0.0751586852975048,-0.001336888240336287,-0.09301462612306377,-0.014760750041710513,-0.1478951934767161,0.0010126921696231245,0.0009684535194987021,-0.005257837030586056,0.0009850430132953604,78,0.46153846153846156
Z-score reversie,"{""n"": 100, ""z"": 1.5, ""tf"": 0}",1h,0,0.0,-0.29048477236439185,-0.602322980236712,-0.18694556237407867,-0.6002118023506582,-0.22785457661126818,-0.7804339520960125,0.031111739680952006,0.04588355535351231,-0.11385110968627819,0.040344124476302194,2481,0.6654574768238614
Z-score reversie,"{""n"": 100, ""z"": 1.5, ""tf"": 0}",1h,0,2.5,-0.3641584677684545,-0.6591819534535222,-0.3354987220339696,-0.742426064930188,-0.34515126355465175,-0.8855522132197021,0.02629073780767504,0.028752306211262072,-0.12882954811845113,0.027829218059916935,5958,0.41037260825780464
Z-score reversie,"{""n"": 100, ""z"": 1.5, ""tf"": 0}",1h,1,0.0,-0.008057822151613547,-0.2434299535694796,-0.09724977086802966,-0.4038437023524175,-0.05989901065322145,-0.4038437023524175,0.02855526962632002,0.02458054594245,-0.03773039448178431,0.026071067323901256,1361,0.6480529022777369
Z-score reversie,"{""n"": 100, ""z"": 1.5, ""tf"": 0}",1h,1,2.5,-0.04275104759528814,-0.2660595156379828,-0.17464766997124648,-0.5063379086673045,-0.12166284403441963,-0.529522219277774,0.02554875913205211,0.009667407384557788,-0.038027901105726174,0.015622914289868159,2886,0.43555093555093555
Z-score reversie,"{""n"": 100, ""z"": 1.5, ""tf"": 0}",4h,0,0.0,-0.3259470296480512,-0.588136853765741,-0.022306715930915155,-0.43193746623771456,-0.1570119656143445,-0.6786248380116091,0.017472609422279857,0.04437842666222593,-0.10602060566633659,0.03428874519724615,575,0.6434782608695652
Z-score reversie,"{""n"": 100, ""z"": 1.5, ""tf"": 0}",4h,0,2.5,-0.38316387628029025,-0.6462911942379259,-0.06032324371921072,-0.4775593375926571,-0.2055209854701966,-0.7398964813568742,0.017574788562923088,0.04077045101021906,-0.11909101971705795,0.032072077592483074,1403,0.40199572344975054
Z-score reversie,"{""n"": 100, ""z"": 1.5, ""tf"": 0}",4h,1,0.0,-0.07847758257673554,-0.1766724492629672,-0.02841296078288691,-0.31387844998925885,-0.04819422095965065,-0.31387844998925885,0.003563056385247343,0.022114139807368642,-0.034833128556005934,0.015157483524073154,314,0.5573248407643312
Z-score reversie,"{""n"": 100, ""z"": 1.5, ""tf"": 0}",4h,1,2.5,-0.07629333275887296,-0.1713711842336183,-0.02295104799222547,-0.31345233686268315,-0.04408652707386551,-0.31345233686268315,0.0045113560360698175,0.019814066605361506,-0.034782384324159726,0.014075550141877122,588,0.4200680272108844
Z-score reversie,"{""n"": 100, ""z"": 1.5, ""tf"": 200}",1h,0,0.0,0.040789621282216304,-0.08769514959252689,0.03155810574017859,-0.11445174828518523,0.03551367812582229,-0.11445174828518523,0.008299127070264737,0.00930278808510922,-0.0029512969816815407,0.008926415204542537,357,0.7310924369747899
Z-score reversie,"{""n"": 100, ""z"": 1.5, ""tf"": 200}",1h,0,2.5,-0.04029530178379226,-0.07731773519059137,0.014230741185386808,-0.06457577330298492,-0.007685615031222004,-0.07731773519059137,-0.00427463699921693,0.0021598542971795827,-0.0007903693641534773,-0.00025307993896910946,386,0.4896373056994819
Z-score reversie,"{""n"": 100, ""z"": 1.5, ""tf"": 200}",1h,1,0.0,0.04064926472781916,-0.04338318623161852,0.0279979188460584,-0.09356035544544206,0.03331510228487233,-0.09356035544544206,0.009337798768817697,0.007763144446895217,-0.002259220378257841,0.008353639817616146,242,0.7396694214876033
Z-score reversie,"{""n"": 100, ""z"": 1.5, ""tf"": 200}",1h,1,2.5,-0.03424511765556115,-0.07271929603262794,0.019072307183022774,-0.05761062015672935,-0.0023438955228560765,-0.07297664459069997,-0.002614413553741134,0.0026921396106986293,-0.00023376486855080508,0.0007021821740337183,263,0.49429657794676807
Z-score reversie,"{""n"": 100, ""z"": 1.5, ""tf"": 200}",4h,0,0.0,-0.044794276536515465,-0.10250751011262138,0.01043256416749827,-0.12061364427389354,-0.012050737112804466,-0.13420077565345978,0.0009129451124549388,0.00895321385178712,-0.012364091990897476,0.0059381130745375516,73,0.6027397260273972
Z-score reversie,"{""n"": 100, ""z"": 1.5, ""tf"": 200}",4h,0,2.5,-0.010049489259826627,-0.048269282252621726,-0.006522595748788329,-0.13547075784894724,-0.007931823365579849,-0.13547075784894724,0.0009129451124548894,0.004518045384830383,-0.005665923766649476,0.0031661327826895728,80,0.4625
Z-score reversie,"{""n"": 100, ""z"": 1.5, ""tf"": 200}",4h,1,0.0,-0.03647945934069419,-0.08363390870624654,0.010133150447384276,-0.13291504791763153,-0.008793715152117132,-0.1390537306558064,0.00033549267356473383,0.007639117762843243,-0.008129803908474592,0.004900258354363802,66,0.5757575757575758
Z-score reversie,"{""n"": 100, ""z"": 1.5, ""tf"": 200}",4h,1,2.5,-0.01586176380992599,-0.05360127038631124,-0.0068125157263068115,-0.13547075784894713,-0.010440280784154266,-0.13547075784894713,0.00033549267356470917,0.0037699019272048923,-0.0047413660693486695,0.0024819984570898235,72,0.4444444444444444
Z-score reversie,"{""n"": 100, ""z"": 2.0, ""tf"": 0}",1h,0,0.0,-0.23226736427745764,-0.5393205856982255,-0.1934868800820423,-0.5986807524886706,-0.20738108225338048,-0.7515807378200289,0.029752002229629173,0.03745908179673548,-0.10099352961934427,0.034568926959070614,1890,0.6444444444444445
Z-score reversie,"{""n"": 100, ""z"": 2.0, ""tf"": 0}",1h,0,2.5,-0.32275064158916034,-0.6177619846767368,-0.2922013912363052,-0.6832112551514522,-0.3035099727344839,-0.8493997729833762,0.02329881493258422,0.023247908004058775,-0.11306834683215018,0.023266998102255815,4492,0.3920302760463045
Z-score reversie,"{""n"": 100, ""z"": 2.0, ""tf"": 0}",1h,1,0.0,0.009692534025131039,-0.1938533920431338,-0.11895923315937529,-0.42593534656413556,-0.06742630922212878,-0.42593534656413556,0.027400679742730083,0.019468466150457133,-0.03493223267316283,0.02244304624755949,1028,0.6313229571984436
Z-score reversie,"{""n"": 100, ""z"": 2.0, ""tf"": 0}",1h,1,2.5,-0.027467006210844414,-0.21834657595990015,-0.17776627442045745,-0.5043840341522006,-0.11933311194106622,-0.5210955571516005,0.02333381254867665,0.006639393471275424,-0.03555909698025173,0.012899800625300883,2155,0.41531322505800466
Z-score reversie,"{""n"": 100, ""z"": 2.0, ""tf"": 0}",4h,0,0.0,-0.29572774073895547,-0.5354414030602345,0.025622973089211687,-0.4144205464667826,-0.11764509249724397,-0.5639533209116929,0.017810169522902524,0.0351888370508616,-0.09463310628110833,0.028671836727876945,438,0.6210045662100456
Z-score reversie,"{""n"": 100, ""z"": 2.0, ""tf"": 0}",4h,0,2.5,-0.3621283374516716,-0.6092248847544937,-0.015381746216271974,-0.4832997248768076,-0.17241421037579818,-0.6628845955189618,0.014473768791654962,0.03210878622971022,-0.10546351512986879,0.0254956546904395,1046,0.38049713193116635
Z-score reversie,"{""n"": 100, ""z"": 2.0, ""tf"": 0}",4h,1,0.0,-0.09454664903637633,-0.19562455920901445,0.03502459820037607,-0.25604705890214985,-0.01894348866256379,-0.2666066276846796,-0.003998375599461614,0.017378799564671542,-0.025929915967871656,0.00936235887812161,224,0.5267857142857143
Z-score reversie,"{""n"": 100, ""z"": 2.0, ""tf"": 0}",4h,1,2.5,-0.07421727613518503,-0.16321207842608665,0.03943417248187342,-0.22646597854014872,-0.007661655788459232,-0.22646597854014872,-0.00255009567123358,0.01612104418508212,-0.023172272776866752,0.009119366738963732,406,0.41133004926108374
Z-score reversie,"{""n"": 100, ""z"": 2.5, ""tf"": 200}",1h,0,0.0,-0.00600727321772454,-0.04400807653200467,-0.019171713601128237,-0.0809290967569819,-0.013912445464772216,-0.08350520349901425,0.0018632496931901708,-0.000895276044856456,-0.0024573480219818103,0.00013917110691102907,45,0.6
Z-score reversie,"{""n"": 100, ""z"": 2.5, ""tf"": 200}",1h,0,2.5,-0.012918105522695789,-0.03040909241956502,-0.007255437093124595,-0.03171457583343251,-0.009521437614543937,-0.050002122434802065,3.5327444917348456e-05,6.267195105494524e-05,-0.0013937785302133299,5.241776125334644e-05,47,0.3404255319148936
Z-score reversie,"{""n"": 100, ""z"": 2.5, ""tf"": 200}",1h,1,0.0,0.005457375836342093,-0.02368451881811895,-0.008572945654386377,-0.05631825430080939,-0.0029759893286919192,-0.05631825430080939,0.0023300417915014617,-0.000620835920149491,-0.00046830586732714286,0.0004857432217196163,32,0.6875
Z-score reversie,"{""n"": 100, ""z"": 2.5, ""tf"": 200}",1h,1,2.5,-0.007816692670063241,-0.021197271448593402,-0.000859927350711498,-0.02111443460109419,-0.003649619175154162,-0.03047770110941428,0.00028123684044859915,0.00012422899665733844,-0.0003387958124506166,0.0001831069380790612,34,0.38235294117647056
Z-score reversie,"{""n"": 100, ""z"": 2.5, ""tf"": 200}",4h,0,0.0,0.001739325333312447,-0.001953992010978567,-0.0034587295163542864,-0.04363284638491027,-0.0013794438898129258,-0.04363284638491027,0.0,0.0005150250324601184,-0.0011546147307196636,0.000321890645287574,8,0.625
Z-score reversie,"{""n"": 100, ""z"": 2.5, ""tf"": 200}",4h,0,2.5,0.001739325333312447,-0.001953992010978567,-0.004457423339008337,-0.020867695759708482,-0.001979193971686777,-0.020867695759708482,0.0,0.0005150250324601035,-0.0012397231715014848,0.0003218906452875647,8,0.375
Z-score reversie,"{""n"": 100, ""z"": 2.5, ""tf"": 200}",4h,1,0.0,0.001739325333312447,-0.001953992010978567,-0.00044583590672220286,-0.02149739676174478,0.0004284445400595249,-0.02149739676174478,0.0,0.0005150250324600961,-0.0005458632468313199,0.0003218906452875601,6,0.6666666666666666
Z-score reversie,"{""n"": 100, ""z"": 2.5, ""tf"": 200}",4h,1,2.5,0.001739325333312447,-0.001953992010978567,0.0018261606328373592,-0.012322264946059591,0.001790313007005162,-0.012322264946059591,0.0,0.0005150250324601184,-0.00016450476664212066,0.000321890645287574,6,0.5
Rode candles op rij,"{""k"": 3, ""tf"": 0}",1h,0,0.0,-0.3452620661863164,-0.5621291412119362,-0.42048490673970895,-0.7937278748715391,-0.3911556981062788,-0.8998222719292298,-0.02801313797578854,-0.02564273722144288,-0.05986292961584255,-0.0265316375043225,22936,0.5317404952912452
Rode candles op rij,"{""k"": 3, ""tf"": 0}",1h,0,2.5,-0.38426719951484656,-0.6072329157048877,-0.467345858395394,-0.8337735456417621,-0.4352077277293567,-0.9285758578023013,-0.028151612563967737,-0.033748320872664,-0.07037137959747589,-0.031649555256902905,24410,0.534412126177796
Rode candles op rij,"{""k"": 3, ""tf"": 0}",1h,1,0.0,-0.12431745325180854,-0.24524917576735006,-0.22224367813935542,-0.5372673773798435,-0.1841533937685329,-0.6126368475629229,-0.0068597854434512395,-0.017380598818871648,-0.02096590552566055,-0.013435293803088994,11850,0.5373839662447257
Rode candles op rij,"{""k"": 3, ""tf"": 0}",1h,1,2.5,-0.14679971189671326,-0.2758701492587632,-0.24169257827927615,-0.5615263877926364,-0.2047607919159441,-0.6526480670301218,-0.009875204316252797,-0.02365191028937205,-0.020988051180129287,-0.01848564554945233,12534,0.5389340992500399
Rode candles op rij,"{""k"": 3, ""tf"": 0}",4h,0,0.0,-0.17788051347380707,-0.3939538311759424,-0.22109122157641736,-0.585526732530389,-0.2039507428520121,-0.6638527115810355,0.015668035477553983,-0.005849894637224392,-0.049004716817131234,0.002219329155817499,5804,0.5923501033769814
Rode candles op rij,"{""k"": 3, ""tf"": 0}",4h,0,2.5,-0.214260970744093,-0.4364471253274691,-0.25572102491488036,-0.6363717632005115,-0.23925587437886708,-0.726489943889363,0.012510681437860124,-0.00790072705562439,-0.056337302963200706,-0.0002464488705676976,6204,0.5904255319148937
Rode candles op rij,"{""k"": 3, ""tf"": 0}",4h,1,0.0,-0.023658247399423127,-0.1514959285737364,-0.018526963636370963,-0.20332087442178415,-0.02056491783075176,-0.20332087442178415,0.010205479451257974,0.0018803043548878704,-0.009426952392248361,0.005002245016026659,2960,0.5888513513513514
Rode candles op rij,"{""k"": 3, ""tf"": 0}",4h,1,2.5,-0.030100189961596913,-0.15504084699790122,-0.03156837977831539,-0.22706075024570627,-0.030954464037547313,-0.22706075024570627,0.00904928517345243,-0.0009327986421849029,-0.008575032639608897,0.0028104827886790973,3099,0.5898676992578251
Z-score reversie,"{""n"": 100, ""z"": 2.0, ""tf"": 200}",1h,0,0.0,0.032222881813740445,-0.038406440758725124,-0.015597799272157431,-0.10747509884034256,0.0032795024406171436,-0.10747509884034256,0.004709580485262426,0.0016829720425181715,-0.002786626174839331,0.002817950208547267,145,0.7103448275862069
Z-score reversie,"{""n"": 100, ""z"": 2.0, ""tf"": 200}",1h,0,2.5,0.0004306978196668698,-0.03430216082109938,-0.009177465420837416,-0.04027938867097225,-0.0053375513953330955,-0.045623029581573715,0.00016264684783696815,0.000573961388189644,-0.0009617454597698333,0.0004197184355573906,152,0.46710526315789475
Z-score reversie,"{""n"": 100, ""z"": 2.0, ""tf"": 200}",1h,1,0.0,0.033193866566187946,-0.03529350507430329,-0.005194398761779295,-0.08324047330275419,0.009998993938205913,-0.08324047330275419,0.0053379708015650375,0.0007850382358947528,-0.0011680610032911223,0.0024923879480211095,104,0.7211538461538461
Z-score reversie,"{""n"": 100, ""z"": 2.0, ""tf"": 200}",1h,1,2.5,0.00025923004171124475,-0.03460575280054912,-0.0018484586606187792,-0.032933050965747834,-0.0010043089974853814,-0.037574238534656135,0.0011108033919011964,0.0004667669949911894,-0.0005130424216686497,0.000708280643832442,110,0.4636363636363636
Z-score reversie,"{""n"": 100, ""z"": 2.0, ""tf"": 200}",4h,0,0.0,-0.00918696780893935,-0.03316202248228972,0.010023679082416859,-0.06015239411062856,0.002284552821772534,-0.06015239411062856,0.0,0.003437857812926885,-0.0041272288143945,0.002148661133079303,30,0.6
Z-score reversie,"{""n"": 100, ""z"": 2.0, ""tf"": 200}",4h,0,2.5,-0.014535707878443271,-0.028288412761074522,0.004678785094728299,-0.052899458725645276,-0.0030589448420135223,-0.052899458725645276,0.0,0.002737769979015381,-0.002791633641991649,0.001711106236884613,31,0.41935483870967744
Z-score reversie,"{""n"": 100, ""z"": 2.0, ""tf"": 200}",4h,1,0.0,-0.00620376441351056,-0.027815461727694557,0.01904217788388629,-0.056184240608657454,0.008850323744763022,-0.056184240608657454,4.9343245538895844e-17,0.003276815041236025,-0.0019232722655040738,0.0020480094007725345,26,0.6153846153846154
Z-score reversie,"{""n"": 100, ""z"": 2.0, ""tf"": 200}",4h,1,2.5,-0.011732758208531813,-0.02321253322362249,0.01111650137361253,-0.04207374735182556,0.0019019889826816794,-0.04207374735182556,1.2335811384723961e-17,0.002576727207324477,-0.001230810571487835,0.0016104545045778028,27,0.4444444444444444
Z-score reversie,"{""n"": 100, ""z"": 2.5, ""tf"": 0}",1h,0,0.0,-0.16638323803070787,-0.4756923158147899,-0.07736864276533317,-0.4413607107437507,-0.11404050979284941,-0.6091903153666441,0.031892756665150505,0.03336714883668436,-0.08172791262104334,0.032814251772359165,1411,0.6435152374202693
Z-score reversie,"{""n"": 100, ""z"": 2.5, ""tf"": 0}",1h,0,2.5,-0.2296866018060706,-0.5276779516757253,-0.19682911894381472,-0.5405518177971107,-0.21004148652341936,-0.7183293494741035,0.029568706922111568,0.01630559655946138,-0.08613232341173935,0.021279262945455197,2958,0.37897227856659904
Z-score reversie,"{""n"": 100, ""z"": 2.5, ""tf"": 0}",1h,1,0.0,0.008549452456079853,-0.20739449857568004,-0.03294159878824354,-0.29279597508900657,-0.016524489313060053,-0.29279597508900657,0.026922855175107237,0.017857778072309764,-0.026634221426125683,0.021257181985858815,743,0.6312247644683715
Z-score reversie,"{""n"": 100, ""z"": 2.5, ""tf"": 0}",1h,1,2.5,-0.007638826354917194,-0.22297510294536171,-0.11582100285828656,-0.4071292392405821,-0.07394680160397016,-0.4071292392405821,0.027698622072960984,0.00452430614501392,-0.028038548303737844,0.013214674617994068,1416,0.403954802259887
Z-score reversie,"{""n"": 100, ""z"": 2.5, ""tf"": 0}",4h,0,0.0,-0.2533298107805416,-0.4887512752043106,0.08513242001573951,-0.3772865362538038,-0.06571112464142492,-0.4887512752043106,0.013105652140970295,0.026787972331274997,-0.07386310845715635,0.021657102259910733,316,0.5949367088607594
Z-score reversie,"{""n"": 100, ""z"": 2.5, ""tf"": 0}",4h,0,2.5,-0.30072214648251816,-0.5494950654074728,0.09008770038367109,-0.31580432151467464,-0.08742551323430336,-0.5494950654074728,0.00931687011309728,0.024694365448065306,-0.07044429023669346,0.018927804697452297,652,0.38650306748466257
Z-score reversie,"{""n"": 100, ""z"": 2.5, ""tf"": 0}",4h,1,0.0,-0.051746161937426094,-0.11710933701234383,0.04880092266358549,-0.20018668488240665,0.007309338650957731,-0.2055948394599909,-0.002214069820383968,0.00922777658104219,-0.01681419783057262,0.004937084180507381,157,0.5477707006369427
Z-score reversie,"{""n"": 100, ""z"": 2.5, ""tf"": 0}",4h,1,2.5,-0.0407506121620278,-0.09998435341466594,0.024119100585325848,-0.16320470901348572,-0.0023690403212912603,-0.17520716739338305,-0.0012833829611030485,0.0067614407394748595,-0.013859820077814104,0.0037446318517581436,245,0.4163265306122449
Rode candles op rij,"{""k"": 3, ""tf"": 100}",1h,0,0.0,-0.14292898094030615,-0.26952978789789184,-0.19730675851140422,-0.483940193109232,-0.17573646980324464,-0.5935749698610607,-0.004991400908598866,-0.014622599253803463,-0.021385461957594505,-0.01101089987435174,8827,0.5186360031720857
Rode candles op rij,"{""k"": 3, ""tf"": 100}",1h,0,2.5,-0.15974851641707977,-0.2955480428587629,-0.19780322029506592,-0.47964486199974277,-0.18255220141053108,-0.6087509408300646,-0.008550319049289871,-0.015356543334743834,-0.02119030374680981,-0.012804209227698598,8970,0.518840579710145
Rode candles op rij,"{""k"": 3, ""tf"": 100}",1h,1,0.0,-0.08652681763980052,-0.1810557519177287,-0.09798988747543169,-0.28908021913934656,-0.09322611092941502,-0.3722989778324638,-0.005339161654271433,-0.008993375774690504,-0.009665646539630354,-0.007623045479533352,5034,0.5313865713150576
Rode candles op rij,"{""k"": 3, ""tf"": 100}",1h,1,2.5,-0.09779669748120068,-0.1973074963732574,-0.10100602523876123,-0.28851825662551345,-0.09952926457048794,-0.3904419842098832,-0.008689030189634232,-0.009792851663048456,-0.00843422806177175,-0.009378918610518122,5120,0.53203125
Rode candles op rij,"{""k"": 3, ""tf"": 100}",4h,0,0.0,0.020639070147684402,-0.06643131293996118,-0.07374187432246204,-0.2405313532061628,-0.03700615163699461,-0.2405313532061628,0.011922990016555772,-0.0046783740255009676,-0.004199537615605292,0.0015471374902703099,2132,0.5909943714821764
Rode candles op rij,"{""k"": 3, ""tf"": 100}",4h,0,2.5,0.007600733053080733,-0.07595601638977612,-0.07581237147133102,-0.23731630805590975,-0.04323258156014542,-0.23731630805590975,0.01046411698324924,-0.0054394844656274755,-0.004610648460312117,0.0005243660777012928,2160,0.5921296296296297
Rode candles op rij,"{""k"": 3, ""tf"": 100}",4h,1,0.0,0.020297396174651094,-0.060324653576542486,-0.0432303537414257,-0.1683715233742451,-0.018254866864009678,-0.1683715233742451,0.011045569535067449,-0.0022960452964744323,-0.003708492379177815,0.002707060265353773,1436,0.5884401114206128
Rode candles op rij,"{""k"": 3, ""tf"": 100}",4h,1,2.5,0.01030207041068576,-0.06714112085415769,-0.047259821912295275,-0.16818060049218186,-0.024585271514859453,-0.16818060049218186,0.009835294210205951,-0.002775913900174835,-0.004001170424807611,0.00195328914121796,1460,0.5897260273972603
Rode candles op rij,"{""k"": 3, ""tf"": 200}",1h,0,0.0,-0.12440958612581454,-0.23805462321862503,-0.20616083070444446,-0.4995095918978941,-0.17428536479952883,-0.5902853316712081,-0.005081397355019828,-0.014231931771327488,-0.022191622136595632,-0.010800481365212116,9208,0.5261728931364031
Rode candles op rij,"{""k"": 3, ""tf"": 200}",1h,0,2.5,-0.14304474094847652,-0.26704757066537443,-0.21087408203298974,-0.5045636231998281,-0.1842801270476523,-0.6125269995439035,-0.008096717547272666,-0.016123363911903315,-0.021931844552568372,-0.01311337152516682,9422,0.5263213755041393
Rode candles op rij,"{""k"": 3, ""tf"": 200}",1h,1,0.0,-0.08998226377117136,-0.17455844907488904,-0.10646169750585177,-0.30738749408615407,-0.09984158241671792,-0.38575932623648435,-0.007123187325993843,-0.009487838069463805,-0.011216053376044394,-0.008601094040662569,5661,0.537184243066596
Rode candles op rij,"{""k"": 3, ""tf"": 200}",1h,1,2.5,-0.10347981517425586,-0.19644527898101483,-0.11066611532368342,-0.3120458087543846,-0.10773430685786378,-0.41013484211084283,-0.009711559410422947,-0.011210159901004808,-0.010052362412790262,-0.01064818471703661,5796,0.538647342995169
Rode candles op rij,"{""k"": 3, ""tf"": 200}",4h,0,0.0,0.012942801485769984,-0.10031771507485054,-0.04988051324490761,-0.22397206529074243,-0.02514023725489234,-0.22397206529074243,0.012310516947691166,-0.0021464085321447907,-0.007265287979691441,0.003274938522793693,2240,0.5879464285714285
Rode candles op rij,"{""k"": 3, ""tf"": 200}",4h,0,2.5,0.005565254097359418,-0.10499300376812404,-0.05545862333062368,-0.24333662950309065,-0.03141148086750045,-0.24333662950309065,0.010861142444564882,-0.0026201698140669192,-0.00745452473038765,0.0024353222829200057,2273,0.5895292564892213
Rode candles op rij,"{""k"": 3, ""tf"": 200}",4h,1,0.0,0.0262184298031527,-0.0711435823484805,-0.02982213962924518,-0.186515299035109,-0.007702850050621546,-0.186515299035109,0.011852865017290819,0.0007220692706781866,-0.006212671815548715,0.004896117675657924,1689,0.5843694493783304
Rode candles op rij,"{""k"": 3, ""tf"": 200}",4h,1,2.5,0.014021519958172801,-0.08203116850678094,-0.034751609586806786,-0.20203644216774475,-0.015449642972101274,-0.20203644216774475,0.01060800705528759,0.00033060217557203677,-0.006970553184293349,0.004184629005465369,1715,0.5871720116618075
Rode candles op rij,"{""k"": 4, ""tf"": 0}",1h,0,0.0,-0.18758253826081195,-0.351062866557029,-0.25365006933226175,-0.5715661067149793,-0.22728573923986484,-0.6940147792558164,-0.017863771586187276,-0.019540660084571813,-0.023931015424541346,-0.01891182689767761,9911,0.5301180506507921
Rode candles op rij,"{""k"": 4, ""tf"": 0}",1h,0,2.5,-0.2034897685140149,-0.3718349461358985,-0.27323848612713053,-0.6003954261293849,-0.24549689115850315,-0.7256983679759894,-0.015457359494843047,-0.024029995817844225,-0.029325724229035753,-0.020815257196718784,10621,0.5335655776292251
Rode candles op rij,"{""k"": 4, ""tf"": 0}",1h,1,0.0,-0.06620957565766705,-0.16978455945167115,-0.13514432981807556,-0.35785209583783006,-0.1075814232071709,-0.41327528186143614,-0.0014504950968777426,-0.013899935829257784,-0.010061721128659565,-0.009231395554615269,5023,0.5349392793151503
Rode candles op rij,"{""k"": 4, ""tf"": 0}",1h,1,2.5,-0.077922553245513,-0.18500428110063727,-0.13112597416681904,-0.34742769411456687,-0.10960910885831765,-0.4188362942235755,-0.0017811905737222923,-0.017087405633075013,-0.009654485223249881,-0.01134757498581774,5360,0.5376865671641791
Rode candles op rij,"{""k"": 4, ""tf"": 0}",4h,0,0.0,-0.09601718377720136,-0.2517466566903037,-0.17126299927449062,-0.5010169959290114,-0.14180183572782923,-0.5286206110328702,0.007421608929197854,-0.00826110423962209,-0.02461322556714149,-0.0023800868013146106,2683,0.5885203130823705
Rode candles op rij,"{""k"": 4, ""tf"": 0}",4h,0,2.5,-0.1142982479201895,-0.2773424384045644,-0.18339288028497225,-0.5198128891590061,-0.15627754491661405,-0.563646985651135,0.005498734434555557,-0.009258201971344023,-0.02713870513275183,-0.0037243508191316804,2913,0.5890834191555098
Rode candles op rij,"{""k"": 4, ""tf"": 0}",4h,1,0.0,-0.0036847801444889194,-0.07693081082574948,-0.0364135023541845,-0.1888807491616774,-0.02338826574812214,-0.1888807491616774,0.002234059267416957,-0.0021753400312471824,-0.001756215560495017,-0.00052181529424813,1364,0.6070381231671554
Rode candles op rij,"{""k"": 4, ""tf"": 0}",4h,1,2.5,-0.011520773474306578,-0.08457760491524202,-0.04588648463489153,-0.19760344530415286,-0.03221558248964895,-0.19760344530415286,0.0013509812840331037,-0.0033588669369341386,-0.001625788179003218,-0.001592673854071423,1442,0.6040221914008321
Rode candles op rij,"{""k"": 4, ""tf"": 100}",1h,0,0.0,-0.08382671301426736,-0.15719506224467572,-0.10478803010588411,-0.28054317476652946,-0.09639692909589714,-0.3722970348843565,-0.0060865031968013366,-0.008866995701437586,-0.009855618607721987,-0.007824311012198992,3346,0.4949193066347878
Rode candles op rij,"{""k"": 4, ""tf"": 100}",1h,0,2.5,-0.09326979909452193,-0.17306602421052686,-0.10736649158456901,-0.2847278791913489,-0.10168999566115577,-0.3889729782147081,-0.007010358145161365,-0.009558698778092034,-0.010031831570620937,-0.008603071040743033,3389,0.494836234877545
Rode candles op rij,"{""k"": 4, ""tf"": 100}",1h,1,0.0,-0.04255690725049932,-0.08955316101277444,-0.059387035899363116,-0.17585401352860974,-0.05265211870935882,-0.2243227594913395,-0.0035486029187600243,-0.00630275217019051,-0.004760816743239242,-0.005269946200904078,1897,0.5086979441222984
Rode candles op rij,"{""k"": 4, ""tf"": 100}",1h,1,2.5,-0.04720208766840617,-0.09697824089055074,-0.06253134412601291,-0.18169095529039025,-0.05638940665691328,-0.23767007750816216,-0.0042983329106742124,-0.006905099280711073,-0.004602747781835073,-0.00592756189194725,1919,0.508598228243877
Rode candles op rij,"{""k"": 4, ""tf"": 100}",4h,0,0.0,0.025422577194075036,-0.04099202351754794,-0.05900612635928182,-0.1804460369930374,-0.025980733737029804,-0.1804460369930374,0.0072878854500834705,-0.005132143798444022,0.0004247213880186479,-0.00047463283024621233,866,0.5773672055427251
Rode candles op rij,"{""k"": 4, ""tf"": 100}",4h,0,2.5,0.018712530311788322,-0.05035171130106997,-0.06177861618529956,-0.17657219739423569,-0.0302527301038088,-0.17657219739423569,0.00653101269121296,-0.005048760923554256,0.00031682000522926385,-0.0007063458180165497,878,0.5774487471526196
Rode candles op rij,"{""k"": 4, ""tf"": 100}",4h,1,0.0,0.007182367633832731,-0.036479979342628255,-0.03670361761664753,-0.1288740539070169,-0.019284244568335773,-0.1288740539070169,0.004297087915414684,-0.0036711670048806895,-0.00028065357336867075,-0.0006830714097699244,611,0.5793780687397708
Rode candles op rij,"{""k"": 4, ""tf"": 100}",4h,1,2.5,0.0021869549742346006,-0.043091458333445076,-0.04075332224683925,-0.1282300138992537,-0.023701451239111493,-0.1282300138992537,0.003642268057303894,-0.0034216442874035395,-0.00038855495615806174,-0.0007726771581382519,621,0.5797101449275363
Rode candles op rij,"{""k"": 4, ""tf"": 200}",1h,0,0.0,-0.0647308658399155,-0.14154196943644126,-0.10793583477164004,-0.2819692993105407,-0.09082635665691319,-0.3543626892857443,-0.004744732152526947,-0.011659805344912393,-0.00831545814180814,-0.00906665289776785,3611,0.5090002769315979
Rode candles op rij,"{""k"": 4, ""tf"": 200}",1h,0,2.5,-0.0765779499447593,-0.1613845355919844,-0.11186863614434572,-0.28857720965185185,-0.09784482938239558,-0.3768916746618195,-0.005247084646583732,-0.012948265738712831,-0.008594944863158323,-0.01006032282916442,3690,0.5089430894308943
Rode candles op rij,"{""k"": 4, ""tf"": 200}",1h,1,0.0,-0.040468456023547095,-0.10246175438472538,-0.061702753104273866,-0.17509562732569472,-0.05322493141153173,-0.22489189658251796,-0.0018194839440015295,-0.00834376699870083,-0.005617299544201947,-0.005897160853188592,2197,0.519344560764679
Rode candles op rij,"{""k"": 4, ""tf"": 200}",1h,1,2.5,-0.04860695663594261,-0.11572735720129668,-0.06763198198942788,-0.18698673154541712,-0.0600241988029242,-0.2495066468803422,-0.002227354582890547,-0.009532777951094402,-0.005621875572924713,-0.006793244188017957,2240,0.5205357142857143
Rode candles op rij,"{""k"": 4, ""tf"": 200}",4h,0,0.0,0.01895816708415743,-0.04703961658486022,-0.054609937027189304,-0.181531693666673,-0.02570384787532487,-0.181531693666673,0.006160594371013745,-0.003926421657846387,-0.002168223928033265,-0.0001437906470238374,929,0.581270182992465
Rode candles op rij,"{""k"": 4, ""tf"": 200}",4h,0,2.5,0.014331681312186095,-0.05147503422247757,-0.05938285863446291,-0.18588446700253503,-0.030421623747603155,-0.18588446700253503,0.005369961648375863,-0.003829243914122619,-0.002378868142492538,-0.00037954182818568844,942,0.5828025477707006
Rode candles op rij,"{""k"": 4, ""tf"": 200}",4h,1,0.0,0.01808886368114293,-0.03459470682063903,-0.03462570948564281,-0.13950862282287813,-0.013752645306824296,-0.13950862282287813,0.004719621039348926,-0.0014521016268836506,-0.0017838235389517065,0.0008622943729535657,728,0.5934065934065934
Rode candles op rij,"{""k"": 4, ""tf"": 200}",4h,1,2.5,0.01352006383001414,-0.0354224523756258,-0.03821772224030151,-0.1402806732353773,-0.017722878315222346,-0.1402806732353773,0.004031041217470912,-0.001247342975732139,-0.0019162481796570277,0.0007320510967190053,739,0.5953991880920162
Rode candles op rij,"{""k"": 5, ""tf"": 0}",1h,0,0.0,-0.06988477819472871,-0.17428844739935823,-0.12007439651329799,-0.33542390781454656,-0.10026462826841276,-0.40024607727037476,-0.006576935087183982,-0.0041662773363140655,-0.010099879746554706,-0.005070273992890284,4327,0.5583545181418997
Rode candles op rij,"{""k"": 5, ""tf"": 0}",1h,0,2.5,-0.06125454860355917,-0.15635178442502928,-0.11947579624178828,-0.3324298059440296,-0.09656450488008383,-0.3864416851779173,-0.002893145268389167,-0.006336944510234166,-0.012107781579262442,-0.005045519794542291,4652,0.5604041272570938
Rode candles op rij,"{""k"": 5, ""tf"": 0}",1h,1,0.0,-0.009164283299365472,-0.07790851853333025,-0.07311918725878841,-0.23804369819715876,-0.04800383768032146,-0.23804369819715876,0.003213053888495823,-0.0018886904708191505,-0.004839024725306833,2.4463663923964447e-05,2158,0.5759962928637627
Rode candles op rij,"{""k"": 5, ""tf"": 0}",1h,1,2.5,-0.016645635648765755,-0.0870874504738186,-0.05011026630720372,-0.1830204125558048,-0.03683998543196032,-0.18821320369586658,0.003139466863378527,-0.0031100306060545036,-0.0038772372054813667,-0.0007664690550171169,2317,0.5761760897712559
Rode candles op rij,"{""k"": 5, ""tf"": 0}",4h,0,0.0,-0.018412517914764726,-0.12673191348298196,-0.07804595775081713,-0.26419422824578,-0.05454353607477613,-0.26419422824578,0.005359950737652806,-0.002139315078974883,-0.01338722865406021,0.0006729096022605,1280,0.61875
Rode candles op rij,"{""k"": 5, ""tf"": 0}",4h,0,2.5,-0.04776731611704932,-0.16893242917830087,-0.10502535569319837,-0.31629073251168294,-0.08243745748702624,-0.343278309746723,0.003157928590431489,-0.002707112845685685,-0.01962105305417533,-0.0005077223071417447,1384,0.6221098265895953
Rode candles op rij,"{""k"": 5, ""tf"": 0}",4h,1,0.0,0.020113603876139585,-0.02767933823214308,0.01321356266465501,-0.06786800398519122,0.016000899608177077,-0.06786800398519122,0.002339307562681402,0.002038438097921991,0.00224900612644989,0.0021512641472067697,632,0.6550632911392406
Rode candles op rij,"{""k"": 5, ""tf"": 0}",4h,1,2.5,0.023704230015462624,-0.019016723962495985,0.005200579616334133,-0.06635659146137662,0.012601965195474296,-0.06635659146137662,0.0029527118947526207,0.0012579080219950133,0.002326897556770062,0.001893459474279116,668,0.655688622754491
Rode candles op rij,"{""k"": 5, ""tf"": 100}",1h,0,0.0,-0.020546378672330334,-0.06868680267505678,-0.02078769390256341,-0.10589571895577699,-0.020678827993372506,-0.10589571895577699,0.0014683219031503209,-0.00022406675378509414,-0.0041377397325832455,0.0004105789925656865,1328,0.5271084337349398
Rode candles op rij,"{""k"": 5, ""tf"": 100}",1h,0,2.5,-0.02356983433062987,-0.07420728651185837,-0.027102038381693117,-0.10720455166045473,-0.02567385706475167,-0.12159592332454161,0.0010284280743346752,-0.0009752986534253235,-0.004358190683661389,-0.00022390113051532398,1342,0.526080476900149
Rode candles op rij,"{""k"": 5, ""tf"": 100}",1h,1,0.0,-0.007978941264194628,-0.047909504381810186,-0.010108361352293649,-0.050497714914776615,-0.009250620650197883,-0.053097046196639575,0.001489319873968695,0.0012374034775834172,-0.0021561244501404897,0.0013318721262278964,742,0.5471698113207547
Rode candles op rij,"{""k"": 5, ""tf"": 100}",1h,1,2.5,-0.01143500457229396,-0.054243867591702966,-0.015468233514303487,-0.05796388333716307,-0.013846773474708862,-0.07306305435875182,0.001049309827865799,0.0005264602217418831,-0.0023495829841769025,0.0007225288240383515,752,0.5465425531914894
Rode candles op rij,"{""k"": 5, ""tf"": 100}",4h,0,0.0,0.011499496229196549,-0.01658510233412991,-0.017771991312807045,-0.07669283153858386,-0.006148823163030337,-0.07669283153858386,0.0024953039724525303,-0.002841479463385192,0.00020806885819869142,-0.000840185674946046,328,0.6219512195121951
Rode candles op rij,"{""k"": 5, ""tf"": 100}",4h,0,2.5,0.009954534859510922,-0.019338674552902724,-0.0169911936475865,-0.07004361537552539,-0.006283669800353442,-0.07004361537552539,0.002495303972452555,-0.002559441859092441,0.0002245203044123692,-0.0006639121722630675,333,0.6216216216216216
Rode candles op rij,"{""k"": 5, ""tf"": 100}",4h,1,0.0,0.009975963680898703,-0.01625067530536284,-0.013002900839158116,-0.05942449559565255,-0.0038615015806940933,-0.05942449559565255,0.0018157615857706194,-0.0020186572387670483,0.000452598454344498,-0.000580750179565423,242,0.6446280991735537
Rode candles op rij,"{""k"": 5, ""tf"": 100}",4h,1,2.5,0.009636244167631869,-0.01685757585785841,-0.01323003616772378,-0.05531307674926622,-0.004132960744031466,-0.05531307674926622,0.001815761585770607,-0.0017366196344742902,0.0004690499005581411,-0.0004044766768824537,247,0.6437246963562753
Rode candles op rij,"{""k"": 5, ""tf"": 200}",1h,0,0.0,-0.0005224879151062289,-0.049162848275864035,-0.023129267903320816,-0.0782056912420982,-0.014129401691822752,-0.07871914823054782,0.003177918225325069,-0.00075914607128121,-0.003215066645132013,0.0007172530399461446,1476,0.5467479674796748
Rode candles op rij,"{""k"": 5, ""tf"": 200}",1h,0,2.5,-0.0035353797246726604,-0.054670027377916486,-0.028924514808135737,-0.09240797582751836,-0.018824171367151643,-0.09865550596583506,0.0031192641242985633,-0.0014366210151792957,-0.0034893840802943735,0.00027183591212490144,1506,0.5451527224435591
Rode candles op rij,"{""k"": 5, ""tf"": 200}",1h,1,0.0,0.0022632539960742992,-0.0452461239316988,-0.004291729249606857,-0.030772190920074216,-0.0016707659544241693,-0.0452461239316988,0.003766237081039983,0.0008354734911173741,-0.002242258803728213,0.0019345098373383524,886,0.5699774266365688
Rode candles op rij,"{""k"": 5, ""tf"": 200}",1h,1,2.5,-3.2398579283832163e-06,-0.049459763469839935,-0.008643063550332952,-0.04010092329482906,-0.005188906672982108,-0.049459763469839935,0.003707466762726214,0.000254251549109911,-0.002417885048501045,0.0015492072542160247,902,0.5709534368070953
Rode candles op rij,"{""k"": 5, ""tf"": 200}",4h,0,0.0,0.017261811347538458,-0.019915219575139753,-0.007812773414449414,-0.06559664478432137,0.0021526986032214257,-0.06559664478432137,0.0033748913392999866,-0.0010115125910940732,-0.0006016549328741738,0.0006333888828036991,384,0.6171875
Rode candles op rij,"{""k"": 5, ""tf"": 200}",4h,0,2.5,0.01808891804453827,-0.020511909724714728,-0.01157270427345991,-0.07018039316016511,0.00020082933079357268,-0.07018039316016511,0.0033953652304439374,-0.0012421183286057088,-0.0006079840285143565,0.0004969380060379086,389,0.6195372750642674
Rode candles op rij,"{""k"": 5, ""tf"": 200}",4h,1,0.0,0.019603828449788807,-0.019915219575139642,-0.0025770827384942185,-0.047887266357329095,0.006243621551641487,-0.047887266357329095,0.002487586518108098,0.00028507283114917274,-0.00019112537344695424,0.0011110154637587698,314,0.6305732484076433
Rode candles op rij,"{""k"": 5, ""tf"": 200}",4h,1,2.5,0.019366799367906973,-0.02051190972471495,-0.0055860679448827,-0.050538308418597744,0.004330239593548502,-0.050538308418597744,0.002508060409251963,0.00019077669084845982,-0.00031425542840103626,0.0010597580852497734,319,0.6332288401253918
N-candle low pullback,"{""n"": 3, ""tf"": 0}",1h,0,0.0,-0.7591839227023532,-0.9423650307716721,-0.7421162182246193,-0.9796698282087821,-0.7480420337105818,-0.9983843081047142,-0.011555914448007347,0.006128932347748717,-0.21098693432861423,-0.0005028852006598075,47411,0.5817004492628293
N-candle low pullback,"{""n"": 3, ""tf"": 0}",1h,0,2.5,-0.8330899464065019,-0.9648674694458382,-0.8427271844826162,-0.994278499188072,-0.8382194870586501,-0.9997869714686625,-0.047679609530954105,-0.0438773180202827,-0.23282283945276838,-0.04530317733678448,56570,0.5815273112957398
N-candle low pullback,"{""n"": 3, ""tf"": 0}",1h,1,0.0,-0.39477492703390216,-0.7040600385802753,-0.4500096241857007,-0.8372927513629412,-0.4264122779042038,-0.9340370039920959,0.00927409664260639,0.01370923604046302,-0.088009192850198,0.012046058766266785,24768,0.5822432170542635
N-candle low pullback,"{""n"": 3, ""tf"": 0}",1h,1,2.5,-0.4967292257270234,-0.7430767620369509,-0.602797819695136,-0.927153143575184,-0.561624066558436,-0.9802033465604673,-0.018891786154948402,-0.02950846346338378,-0.09006878632706788,-0.025527209472720514,29382,0.5837587638690355
N-candle low pullback,"{""n"": 3, ""tf"": 0}",4h,0,0.0,-0.388318854279729,-0.7370519688027954,-0.4395916536728752,-0.8534299412731096,-0.41791468863905024,-0.9353258273116593,0.07220728723069719,0.046097769948292545,-0.1528032366974707,0.055888838929194294,11450,0.6027947598253275
N-candle low pullback,"{""n"": 3, ""tf"": 0}",4h,0,2.5,-0.4949334554146424,-0.7946975690156044,-0.5012754517892137,-0.8859236406108761,-0.49724984470995737,-0.9653816812527928,0.05775261026095123,0.030311677846757177,-0.1665194189842225,0.040602027502079946,13646,0.5984171185695442
N-candle low pullback,"{""n"": 3, ""tf"": 0}",4h,1,0.0,-0.10605074148874394,-0.4458104829883903,-0.14918621739526816,-0.4961571217364139,-0.12986341503709398,-0.5473910714125618,0.04423175050652463,0.03810794452589245,-0.059496796564496766,0.040404371768629516,6022,0.5989704417137164
N-candle low pullback,"{""n"": 3, ""tf"": 0}",4h,1,2.5,-0.1991253950147247,-0.5101605518239276,-0.20083043239236453,-0.5622527447635808,-0.1979857622990242,-0.6873363272894086,0.03158703537944169,0.02537243227484837,-0.06103332026791862,0.027702908439070865,7072,0.5957296380090498
N-candle low pullback,"{""n"": 3, ""tf"": 100}",1h,0,0.0,-0.2799071561479999,-0.5694857691392807,-0.4524682911244292,-0.832829818213213,-0.38756638410593647,-0.9027150422776737,0.026321410979312954,-0.0001653573653619252,-0.07326814670685686,0.009767180763891154,23776,0.5803331090174967
N-candle low pullback,"{""n"": 3, ""tf"": 100}",1h,0,2.5,-0.3901911070806837,-0.6264239852565905,-0.5423009043182971,-0.8902457386483317,-0.48540511597141933,-0.9551969439537973,-0.008436971585167763,-0.02421118814278276,-0.07346437759694685,-0.018295856933677135,25313,0.5787144945285031
N-candle low pullback,"{""n"": 3, ""tf"": 100}",1h,1,0.0,-0.1314569135380259,-0.407739409294001,-0.1495695832165802,-0.4481482542560248,-0.14055636899274582,-0.5468929266978737,0.017147616612411695,0.012747167495690175,-0.03433611533243004,0.014397335914460746,13688,0.5882524839275277
N-candle low pullback,"{""n"": 3, ""tf"": 100}",1h,1,2.5,-0.23594635778154116,-0.4472234311327655,-0.27726747799367835,-0.6105320802412952,-0.25948560463821757,-0.764756865518071,-0.008964922826155538,-0.011457268248914984,-0.03301150641166623,-0.010522638715380192,14615,0.586520697913103
N-candle low pullback,"{""n"": 3, ""tf"": 100}",4h,0,0.0,-0.1182191178710954,-0.43322158011905776,-0.2170572993081683,-0.6204296584088471,-0.17758301692152967,-0.6406651905486644,0.05417533315752823,0.02660190031944875,-0.05045170981939917,0.03694193763372856,5480,0.5897810218978102
N-candle low pullback,"{""n"": 3, ""tf"": 100}",4h,0,2.5,-0.18048465441318096,-0.437320164889363,-0.2528965018465026,-0.6281013681053835,-0.22344802626436078,-0.7181122502725334,0.03510402099365664,0.011745202863146398,-0.04707034143338157,0.02050475966208774,5874,0.5880149812734082
N-candle low pullback,"{""n"": 3, ""tf"": 100}",4h,1,0.0,-0.026679344610374023,-0.3325099638660176,-0.033191495791017434,-0.3653132154300216,-0.029154553627943947,-0.3653132154300216,0.04349967231800765,0.027527968170348395,-0.02593278686379935,0.03351735722572061,3658,0.5954073264078732
N-candle low pullback,"{""n"": 3, ""tf"": 100}",4h,1,2.5,-0.1027243814299682,-0.36378705637072983,-0.08378664728643781,-0.3720923163955624,-0.09003886739462208,-0.4426919416949048,0.028171071405360435,0.014379127851830287,-0.025524487631545745,0.01955110668440409,3937,0.5951231902463805
N-candle low pullback,"{""n"": 3, ""tf"": 200}",1h,0,0.0,-0.31170797478346157,-0.6086128708315668,-0.42834437905677347,-0.8119185374355159,-0.3831842387404354,-0.901610918818649,0.02720095014935115,0.009059103257110198,-0.07885360060742877,0.015862295841700555,22988,0.5808247781451192
N-candle low pullback,"{""n"": 3, ""tf"": 200}",1h,0,2.5,-0.44006347644143784,-0.6794506250899641,-0.5323331151984911,-0.8807203013298155,-0.49651594883234473,-0.9594864212298229,-0.012898756005796819,-0.02313557693370317,-0.07696247489141701,-0.019296769085738286,25106,0.5799808810642875
N-candle low pullback,"{""n"": 3, ""tf"": 200}",1h,1,0.0,-0.14959130778630914,-0.43063150040109277,-0.14100320838296554,-0.42122512400910306,-0.1431876429501705,-0.5594654139235495,0.018468529502079792,0.017700702810368698,-0.03536751647451315,0.01798863781976036,14130,0.5886765746638358
N-candle low pullback,"{""n"": 3, ""tf"": 200}",1h,1,2.5,-0.2831250181824362,-0.5109694326726122,-0.2948872233826436,-0.6316589488838399,-0.28915116787721395,-0.8090380841594653,-0.011046495387790048,-0.013746751940824805,-0.033749198278212815,-0.012734155733436772,15485,0.5877946399741686
N-candle low pullback,"{""n"": 3, ""tf"": 200}",4h,0,0.0,-0.09817265380280693,-0.4176688504405085,-0.16278970570555773,-0.5315508495343001,-0.13539481863755676,-0.5504398128790409,0.05247966252399537,0.023985241912970044,-0.04652510718323626,0.03467064964210454,5214,0.59186804756425
N-candle low pullback,"{""n"": 3, ""tf"": 200}",4h,0,2.5,-0.166393516482907,-0.4479767088193587,-0.2327645256445683,-0.6219726170752105,-0.2048795658662298,-0.689901434268169,0.03499547554535888,0.012267942512829049,-0.044389393598702705,0.020790767400027735,5738,0.5888811432554897
N-candle low pullback,"{""n"": 3, ""tf"": 200}",4h,1,0.0,-0.02429642036545021,-0.3373115284441286,-0.027777965749957167,-0.35695365335692053,-0.024093881959248775,-0.35695365335692053,0.04407732533415598,0.026874526103873177,-0.029987641509344083,0.03332557581522923,3928,0.5985234215885947
N-candle low pullback,"{""n"": 3, ""tf"": 200}",4h,1,2.5,-0.1051255267352812,-0.3864789667075532,-0.10764000863017364,-0.42760421298333096,-0.10448540927087002,-0.4815305290708911,0.03074840737094943,0.017262062617564564,-0.031048725192783087,0.022319441900083888,4343,0.5968224729449689
N-candle low pullback,"{""n"": 5, ""tf"": 0}",1h,0,0.0,-0.6263363019830261,-0.860834856395131,-0.6360103076405469,-0.9456850645989964,-0.631068090525354,-0.990260780666585,0.006999638644284261,0.012989908524456391,-0.17030396842210654,0.010743557319391842,35573,0.58766480195654
N-candle low pullback,"{""n"": 5, ""tf"": 0}",1h,0,2.5,-0.7241782137319693,-0.9111824773993733,-0.756127808748023,-0.9800232997964989,-0.7429822526044843,-0.9981550689833661,-0.018714018854996968,-0.026553413156209116,-0.19397725324303028,-0.02361364029325456,42707,0.5869997892617136
N-candle low pullback,"{""n"": 5, ""tf"": 0}",1h,1,0.0,-0.2966037576442403,-0.5751824418055221,-0.3424235416903787,-0.7244086473638205,-0.32267203622107077,-0.8497598077833436,0.012708303423366854,0.018540163899539667,-0.07377846996169432,0.016353216220974864,18562,0.5879754336817153
N-candle low pullback,"{""n"": 5, ""tf"": 0}",1h,1,2.5,-0.3880698260889939,-0.6316786516057018,-0.49106035321185226,-0.849373181724635,-0.4505725899505556,-0.9423118091520623,-0.0062450960772704915,-0.015170819841244599,-0.07604390170885221,-0.011823673429754308,22114,0.5905308854119562
N-candle low pullback,"{""n"": 5, ""tf"": 0}",4h,0,0.0,-0.381401405783135,-0.7122865990563874,-0.40024576515369803,-0.8001444450260768,-0.3911090425027607,-0.9116456674737873,0.04772154875845543,0.028251085508216416,-0.12536155547013184,0.035552509227056044,8646,0.6029377746934999
N-candle low pullback,"{""n"": 5, ""tf"": 0}",4h,0,2.5,-0.4769816015667139,-0.7718631797703226,-0.45950869491101254,-0.8453433098215722,-0.46507567891538715,-0.9491555311416159,0.03875464472005864,0.015841226379879836,-0.13907431460986552,0.024433758257446887,10399,0.5993845562073277
N-candle low pullback,"{""n"": 5, ""tf"": 0}",4h,1,0.0,-0.021101086846376793,-0.33162094935205255,-0.16405075272696235,-0.4763143982415984,-0.10726600938112929,-0.4763143982415984,0.04039571440247716,0.021015689989718648,-0.04297564854125981,0.02828319914450309,4577,0.6043259777146602
N-candle low pullback,"{""n"": 5, ""tf"": 0}",4h,1,2.5,-0.09706877091093491,-0.3901586044120169,-0.20190023376804844,-0.5402311543402818,-0.15933375189780452,-0.5972631382697314,0.031103923312162447,0.010280400862225732,-0.043797117435736894,0.018089221780952,5383,0.6009660040869403
N-candle low pullback,"{""n"": 5, ""tf"": 100}",1h,0,0.0,-0.22115058300527402,-0.48155172501968624,-0.33550562415583474,-0.6983870005705777,-0.29163578624520503,-0.8136209775649698,0.0306012790126791,-0.0014203240900885798,-0.05608488693458988,0.0105877770734493,16209,0.5805416743784317
N-candle low pullback,"{""n"": 5, ""tf"": 100}",1h,0,2.5,-0.30386364876932315,-0.5308247235967982,-0.42618193357291423,-0.7865763115099385,-0.37975350330090296,-0.8960179657189045,0.00810147587049348,-0.01715599044172029,-0.059610441948754714,-0.007684440574640128,17117,0.5788397499561839
N-candle low pullback,"{""n"": 5, ""tf"": 100}",1h,1,0.0,-0.0883000878519834,-0.29726637143937473,-0.07853833096938456,-0.2990379852324828,-0.08229065318614226,-0.3753433685617956,0.015005529656817118,0.008671554474702862,-0.022504255820515115,0.011046795167995708,9357,0.5914288767767447
N-candle low pullback,"{""n"": 5, ""tf"": 100}",1h,1,2.5,-0.16293864858846918,-0.34399438237681657,-0.1975478087123903,-0.4594870571319569,-0.18365487063532382,-0.6320468594637217,-0.000671245350505778,-0.008116334024291587,-0.022851301065874186,-0.0053244257716219085,9896,0.5901374292643492
N-candle low pullback,"{""n"": 5, ""tf"": 100}",4h,0,0.0,-0.018305139041205343,-0.2784016795388976,-0.17586224611725554,-0.5075830529843206,-0.1152183459697026,-0.5075830529843206,0.04109150020165696,0.016092089561114364,-0.031770200396782286,0.02546686855131784,3816,0.6016771488469602
N-candle low pullback,"{""n"": 5, ""tf"": 100}",4h,0,2.5,-0.1053303709977057,-0.3223129776229767,-0.2178428898964343,-0.5472408509386979,-0.17377858194624074,-0.6060314394580383,0.022902230936403298,0.005081611043781694,-0.032946208152951524,0.011764343503514796,4051,0.5986176252777092
N-candle low pullback,"{""n"": 5, ""tf"": 100}",4h,1,0.0,0.08319558655991166,-0.19522572151025153,-0.024472431971318764,-0.26363149304416944,0.018171779217354578,-0.26363149304416944,0.0428537321229538,0.016053651115254756,-0.015555710650806263,0.026103681493141895,2626,0.6153846153846154
N-candle low pullback,"{""n"": 5, ""tf"": 100}",4h,1,2.5,0.013225836355185816,-0.2098350610133547,-0.07704595009807136,-0.286701941346006,-0.041044804578309946,-0.286701941346006,0.02933861869214254,0.006576041183120577,-0.015660795832561268,0.015112007749003814,2787,0.6139217796914245
N-candle low pullback,"{""n"": 5, ""tf"": 200}",1h,0,0.0,-0.2401738839861105,-0.5078435036039477,-0.3099134163764101,-0.6729725980493196,-0.2823608995612097,-0.8059164974521161,0.03279488387456367,0.008051956872705672,-0.062277001247663825,0.017330554498402418,16211,0.5847881068410339
N-candle low pullback,"{""n"": 5, ""tf"": 200}",1h,0,2.5,-0.33785482292540225,-0.5717157150131786,-0.40377841688474525,-0.7591761283623899,-0.37785138562045717,-0.8960155240876595,0.004928977781020725,-0.014845105430318495,-0.06046807094836933,-0.007429824226066288,17610,0.583702441794435
N-candle low pullback,"{""n"": 5, ""tf"": 200}",1h,1,0.0,-0.11239556518309157,-0.32366055303637986,-0.08317692947546473,-0.2828368509698982,-0.09457953866012736,-0.41584788287000307,0.016152210546104013,0.013466831533161609,-0.02687101729078442,0.01447384866301501,10014,0.5907729179149191
N-candle low pullback,"{""n"": 5, ""tf"": 200}",1h,1,2.5,-0.21317341745033147,-0.40061716377939505,-0.20909012927132564,-0.47597698619910256,-0.21039241428906108,-0.6833412471185367,-0.004002157473355725,-0.008622623833891674,-0.02506058154730849,-0.006889948948690693,10897,0.5901624300266128
N-candle low pullback,"{""n"": 5, ""tf"": 200}",4h,0,0.0,-0.07952535392079496,-0.3836003444565228,-0.13185600566392763,-0.44500701538386156,-0.10955663436053098,-0.46081459435675776,0.0398832186116119,0.016539344508462315,-0.03816548582001413,0.02529329729714341,3743,0.6024579214533796
N-candle low pullback,"{""n"": 5, ""tf"": 200}",4h,0,2.5,-0.1275341317972586,-0.400903511846352,-0.20431873892925545,-0.5555914670390423,-0.17279059071743452,-0.6112205513163496,0.027126205768395688,0.00792607504406065,-0.03705241743864289,0.01512612406568629,4087,0.6004404208465868
N-candle low pullback,"{""n"": 5, ""tf"": 200}",4h,1,0.0,0.0700739376700088,-0.2211467129006811,-0.02674255018247873,-0.27108977668509837,0.01279788081177724,-0.27108977668509837,0.042544524756745875,0.017778676035206442,-0.021585704342707977,0.027065869305783728,2861,0.6172666899685425
N-candle low pullback,"{""n"": 5, ""tf"": 200}",4h,1,2.5,0.00043109171311761507,-0.2551608189643322,-0.10080726140517149,-0.37822118726405873,-0.059781182512760656,-0.37822118726405873,0.03337346367203274,0.010808505999854109,-0.024042421049140193,0.019270365126921096,3132,0.6152618135376756
N-candle low pullback,"{""n"": 7, ""tf"": 0}",1h,0,0.0,-0.5245101436198305,-0.784047304500611,-0.5422239452344663,-0.9043907554564131,-0.5337558152059041,-0.9719321613485015,0.006849680796685674,0.016068567501023943,-0.13992594081215398,0.012611484986897093,29254,0.592876187871744
N-candle low pullback,"{""n"": 7, ""tf"": 0}",1h,0,2.5,-0.6314847754096613,-0.8504013031690315,-0.67897454920898,-0.9591803845535447,-0.6596126961808795,-0.9932684020695758,-0.014688031712365731,-0.01640687824555991,-0.16339980965255838,-0.01576231079561209,35280,0.5917800453514739
N-candle low pullback,"{""n"": 7, ""tf"": 0}",1h,1,0.0,-0.193223999150536,-0.4444135462195814,-0.27204130340582533,-0.6582116797068663,-0.23929424911002817,-0.7438467635850912,0.017341375836583905,0.02120252554403832,-0.060513127207573035,0.019754594403742914,15231,0.5945111942748342
N-candle low pullback,"{""n"": 7, ""tf"": 0}",1h,1,2.5,-0.2733670897215088,-0.4964410385611101,-0.41297369488396674,-0.785877615356193,-0.3587323891578792,-0.8813246763491933,0.0029403094386622167,-0.005144103519840041,-0.06245564617534487,-0.0021124486604016945,18172,0.596632181377944
N-candle low pullback,"{""n"": 7, ""tf"": 0}",4h,0,0.0,-0.25724457761806907,-0.5631352982146834,-0.3062933012458853,-0.7092885735675479,-0.2856609377827747,-0.810633581673721,0.04824207709605545,0.03327844142185795,-0.09904791263631502,0.03888980479968201,7190,0.6178025034770515
N-candle low pullback,"{""n"": 7, ""tf"": 0}",4h,0,2.5,-0.3762403240501542,-0.6626381236566763,-0.37492873231065227,-0.7733989504212239,-0.3741865463259596,-0.8931559273370244,0.04234196261417828,0.02172844977305033,-0.11640994787295836,0.029458517088473312,8655,0.6108607741190063
N-candle low pullback,"{""n"": 7, ""tf"": 0}",4h,1,0.0,0.007638944033668826,-0.2260699291573719,-0.09579137442443342,-0.3952243223668406,-0.054026227706900465,-0.3952243223668406,0.03663411144819934,0.027965147937556105,-0.034919289945589356,0.031216009254047317,3790,0.6192612137203166
N-candle low pullback,"{""n"": 7, ""tf"": 0}",4h,1,2.5,-0.059505682263245485,-0.284841380118361,-0.12431241177245556,-0.42807416098068773,-0.0972813764473579,-0.43671876459768777,0.029965751665338634,0.01820288397871872,-0.035413041371148146,0.022613959361201186,4445,0.6134983127109112
N-candle low pullback,"{""n"": 7, ""tf"": 100}",1h,0,0.0,-0.14833093841096323,-0.37222815842876233,-0.27046538144499765,-0.6176878062152152,-0.22369252609746337,-0.7056837248138201,0.029042385853485855,-0.001052707327870846,-0.04364353519203099,0.010232952615137916,12298,0.5860302488209465
N-candle low pullback,"{""n"": 7, ""tf"": 100}",1h,0,2.5,-0.25614780550689953,-0.46683523935273263,-0.34561603152704923,-0.6931009533142612,-0.3110026287769413,-0.8268549677033402,0.00838762720885221,-0.0124035284517558,-0.04865532068123908,-0.0046068450790277965,12928,0.5845451732673267
N-candle low pullback,"{""n"": 7, ""tf"": 100}",1h,1,0.0,-0.02447044028622536,-0.19351709068816103,-0.060003053992432,-0.25866123347106185,-0.04590429040008581,-0.25866123347106185,0.018207590753188858,0.005594646540317027,-0.015303712403786106,0.010324500620143964,7107,0.5958913747009991
N-candle low pullback,"{""n"": 7, ""tf"": 100}",1h,1,2.5,-0.1031584562566672,-0.24833976099217725,-0.1444275442118288,-0.3573860619284277,-0.1280617688758796,-0.48952409207002445,0.004428018365506807,-0.006122066466120072,-0.014688914453031457,-0.0021657846542599926,7473,0.5945403452428744
N-candle low pullback,"{""n"": 7, ""tf"": 100}",4h,0,0.0,0.0877739604802692,-0.15825539404409694,-0.11255635872822467,-0.41450012654808954,-0.03682788201971554,-0.41450012654808954,0.04571020195174502,0.021575972680970536,-0.022706718523915342,0.030626308657510967,2918,0.6199451679232351
N-candle low pullback,"{""n"": 7, ""tf"": 100}",4h,0,2.5,0.0192900428711531,-0.17766494846945002,-0.15224278684644588,-0.4494080008504977,-0.08694729495695774,-0.4494080008504977,0.0330774208655547,0.012454001686768119,-0.02474016150499539,0.02018778387881309,3070,0.61628664495114
N-candle low pullback,"{""n"": 7, ""tf"": 100}",4h,1,0.0,0.131035949307456,-0.11777679143258513,0.022167186607242373,-0.2180910432216362,0.06478128021984597,-0.2180910432216362,0.041755733923755645,0.02142605266052578,-0.010399762933431353,0.02904968313423698,2024,0.6368577075098815
N-candle low pullback,"{""n"": 7, ""tf"": 100}",4h,1,2.5,0.08762247867691975,-0.11524621845867289,-0.02411399713572082,-0.21973514157179197,0.019530384448417815,-0.21973514157179197,0.03273710056883228,0.013267156947682686,-0.010905029150871805,0.020568385805613782,2124,0.6346516007532956
N-candle low pullback,"{""n"": 7, ""tf"": 200}",1h,0,0.0,-0.17773876842388603,-0.4257030413128363,-0.23259383455710558,-0.5700348378183452,-0.21074335148283985,-0.6974506800018866,0.02618123905187138,0.006311748112169946,-0.046431867337224396,0.013762807214557984,12647,0.5916027516407053
N-candle low pullback,"{""n"": 7, ""tf"": 200}",1h,0,2.5,-0.27052652102514585,-0.4922576345030971,-0.3236657347902929,-0.6766820864622008,-0.3025176077463001,-0.8255837873544434,0.004343968758509459,-0.012048535124431315,-0.04598062962169875,-0.005901346168328524,13696,0.5901723130841121
N-candle low pullback,"{""n"": 7, ""tf"": 200}",1h,1,0.0,-0.05869219509660606,-0.2393822356566887,-0.05790791188629585,-0.2514586952985033,-0.0579208922871256,-0.2986573523982339,0.01718899725593,0.010697958719363194,-0.020192255588485704,0.013132098170575748,7855,0.5977084659452578
N-candle low pullback,"{""n"": 7, ""tf"": 200}",1h,1,2.5,-0.14953055623819267,-0.3090066747415904,-0.16233604170185467,-0.4182152693740786,-0.1569055714234996,-0.573702786421909,0.0008744391083070902,-0.006955398341044343,-0.01796933388773935,-0.0040192092975375555,8513,0.5961470691883003
N-candle low pullback,"{""n"": 7, ""tf"": 200}",4h,0,0.0,-0.011666961751847338,-0.2812759723653022,-0.05612748645012755,-0.33938087017425334,-0.03742516990061562,-0.33938087017425334,0.03941646511242272,0.024990498902683598,-0.03173805580508439,0.030400236231335767,2968,0.6182614555256065
N-candle low pullback,"{""n"": 7, ""tf"": 200}",4h,0,2.5,-0.06474056142429319,-0.2692111732983109,-0.12022333188636458,-0.42899705701852964,-0.09730447274519327,-0.42899705701852964,0.029856615145374927,0.016706472688814564,-0.03135211961049007,0.0216377761100247,3211,0.6156960448458424
N-candle low pullback,"{""n"": 7, ""tf"": 200}",4h,1,0.0,0.09508988958312181,-0.14691591355582845,0.04134519694428662,-0.2150751342395394,0.06374335510380891,-0.2150751342395394,0.03630515685730135,0.026231887738067075,-0.016344250103108957,0.03000936365777993,2266,0.6345984112974404
N-candle low pullback,"{""n"": 7, ""tf"": 200}",4h,1,2.5,0.026889880702142488,-0.1574650019293553,-0.02111477671158768,-0.25001793725474886,-0.0010022088802446039,-0.25001793725474886,0.029415535200140744,0.019726223065689184,-0.018555247296653393,0.02335971511610852,2455,0.6321792260692465
N-candle low pullback,"{""n"": 10, ""tf"": 0}",1h,0,0.0,-0.4831298148050571,-0.7507591103574892,-0.4748237709703411,-0.8545493274275743,-0.47699055195040096,-0.9548503773434588,0.011083314406395626,0.003777854347814628,-0.1211124929500853,0.006517401869782502,23526,0.593173510158973
N-candle low pullback,"{""n"": 10, ""tf"": 0}",1h,0,2.5,-0.5909306901624332,-0.820265487601489,-0.6217318368486757,-0.9325634165854406,-0.6087382161001017,-0.9871899454890507,-0.006785246018828128,-0.027147524711538733,-0.1449414666779228,-0.019511670201772257,28604,0.5909313382743672
N-candle low pullback,"{""n"": 10, ""tf"": 0}",1h,1,0.0,-0.13579429680101995,-0.3616398919550645,-0.2469234874944387,-0.5899093152191522,-0.20265431611587958,-0.6739443495062569,0.016960406349576088,0.011540611570166408,-0.051109339507573924,0.013573034612445037,12200,0.5922950819672131
N-candle low pullback,"{""n"": 10, ""tf"": 0}",1h,1,2.5,-0.220354678318763,-0.422406572974403,-0.3773767248694585,-0.7350194027628697,-0.31727034462444303,-0.8382147583321836,0.0029713396710106966,-0.013117681067288974,-0.05203337702762061,-0.007084298290426598,14660,0.5943383356070941
N-candle low pullback,"{""n"": 10, ""tf"": 0}",4h,0,0.0,-0.3069374923156666,-0.5980657869761199,-0.2571803193564336,-0.6708278551291734,-0.2761285018925599,-0.8086914645543631,0.02846227710838367,0.03690362102954323,-0.08976995650461395,0.03373811705910839,5754,0.6112269725408411
N-candle low pullback,"{""n"": 10, ""tf"": 0}",4h,0,2.5,-0.3835409470882275,-0.6637756051795665,-0.31645438374010126,-0.7256576167774985,-0.34285271398039274,-0.8753905115758198,0.025518921629313265,0.028841023864669788,-0.10425529581923403,0.02759523552641109,6989,0.6040921447989698
N-candle low pullback,"{""n"": 10, ""tf"": 0}",4h,1,0.0,-0.056944155516142736,-0.26141087883523784,-0.06049802938886206,-0.3861055881562442,-0.057410274210049295,-0.3861055881562442,0.02300387832342976,0.03105482100876947,-0.03028071372407027,0.028035717501767077,2977,0.606315082297615
N-candle low pullback,"{""n"": 10, ""tf"": 0}",4h,1,2.5,-0.0956086344667959,-0.2972734479296919,-0.07032027025389809,-0.352862963150819,-0.07889068749528572,-0.387667551012543,0.019787490163315505,0.02349715727645018,-0.029974344881616863,0.022106032109024676,3495,0.6008583690987125
N-candle low pullback,"{""n"": 10, ""tf"": 100}",1h,0,0.0,-0.11746793716777859,-0.30985342564299845,-0.20908041098777186,-0.4987268859398014,-0.17349816417134134,-0.6043691064189088,0.02513739274381742,-0.004456766261723103,-0.03544830434756771,0.006641043365354593,8869,0.5863118728154245
N-candle low pullback,"{""n"": 10, ""tf"": 100}",1h,0,2.5,-0.19814294516354214,-0.38394166112159567,-0.28147248751626675,-0.5965549926392576,-0.24906565751934362,-0.7405698158796055,0.010224129124036523,-0.01629432280661931,-0.039903310781978646,-0.006349903332623373,9265,0.5840259039395574
N-candle low pullback,"{""n"": 10, ""tf"": 100}",1h,1,0.0,0.001867108479507218,-0.14265677879980965,-0.05278687580002561,-0.21150559003776326,-0.03124811074494116,-0.21150559003776326,0.01569252000367014,0.0022544698724281296,-0.01183504379372885,0.007293738671643883,5118,0.5953497459945292
N-candle low pullback,"{""n"": 10, ""tf"": 100}",1h,1,2.5,-0.05987359447105822,-0.17738662121035298,-0.1321227266398466,-0.322354473222525,-0.10382143662361187,-0.4181994512513315,0.00601632691615449,-0.009413778150236333,-0.012075627675798298,-0.0036274887503397746,5358,0.5931317655841732
N-candle low pullback,"{""n"": 10, ""tf"": 100}",4h,0,0.0,0.0005472288601138242,-0.1651425225944282,-0.06722922334440506,-0.32958311086642234,-0.04029623488146039,-0.32958311086642234,0.026690219950054925,0.020947983049047363,-0.016423771453972905,0.023101321886925198,2057,0.6115702479338843
N-candle low pullback,"{""n"": 10, ""tf"": 100}",4h,0,2.5,-0.027472937091027716,-0.17275659680092503,-0.08169917804221383,-0.3371671445327826,-0.0599919011426755,-0.3371671445327826,0.019937310346049397,0.016620889136465044,-0.017207728608877336,0.017864547090059177,2141,0.6090611863615133
N-candle low pullback,"{""n"": 10, ""tf"": 100}",4h,1,0.0,0.052276313772587235,-0.09587483875551406,0.06717760653015548,-0.15880897752807965,0.061518288326410486,-0.15880897752807965,0.02583320074389143,0.02304111789353255,-0.004529599149339321,0.024088148962417132,1426,0.6325385694249649
N-candle low pullback,"{""n"": 10, ""tf"": 100}",4h,1,2.5,0.039473287707139315,-0.09948317273737994,0.04484508692548994,-0.14692911074091786,0.04302910708186336,-0.14692911074091786,0.02140663193665271,0.019122340328325656,-0.004797374657534416,0.0199789496814483,1480,0.6337837837837837
N-candle low pullback,"{""n"": 10, ""tf"": 200}",1h,0,0.0,-0.14261802096618192,-0.3714398214063802,-0.18208603590965522,-0.46486182993523817,-0.16622881155110758,-0.6025611282480845,0.020429681273477083,0.0011638861296554633,-0.03857192096200441,0.00838855930858857,9491,0.5918238331050469
N-candle low pullback,"{""n"": 10, ""tf"": 200}",1h,0,2.5,-0.21882539355125352,-0.4240822100038065,-0.2661622355754142,-0.5830724364043343,-0.24726590435199036,-0.7477190491784609,0.0030135889949038314,-0.015534578409059733,-0.03838471917005763,-0.008579015632573397,10238,0.5894705997265091
N-candle low pullback,"{""n"": 10, ""tf"": 200}",1h,1,0.0,-0.017830988108279544,-0.1748168213125283,-0.052465830639796374,-0.2021351102736293,-0.03851024873362796,-0.21863214993440216,0.015234547387012945,0.005296731988436898,-0.016805854735661784,0.009023412762902916,5897,0.597422418178735
N-candle low pullback,"{""n"": 10, ""tf"": 200}",1h,1,2.5,-0.09855001179639966,-0.23497275162815756,-0.14108187443961462,-0.35766911917714095,-0.12403305240690077,-0.48375450009785714,0.0016837567521903215,-0.010354162163628056,-0.015394445860180683,-0.0058399425701961645,6380,0.5957680250783699
N-candle low pullback,"{""n"": 10, ""tf"": 200}",4h,0,0.0,-0.06476061510983455,-0.2666227668972122,0.00945239853419988,-0.23419896917981842,-0.01981145897369896,-0.2666227668972122,0.025818973858501848,0.031541215374163774,-0.026180398052246825,0.02939537480579055,2208,0.6091485507246377
N-candle low pullback,"{""n"": 10, ""tf"": 200}",4h,0,2.5,-0.08662574758548958,-0.2725165851404132,-0.05268608765697358,-0.3037011550545574,-0.06531456465346053,-0.31349712897971815,0.02090325713437755,0.024876440681049015,-0.02478667631530182,0.023386496851047215,2369,0.6065850569860701
N-candle low pullback,"{""n"": 10, ""tf"": 200}",4h,1,0.0,0.03069735246433991,-0.1281053703184818,0.09743648822097017,-0.1344105268425333,0.0713930719012219,-0.1344105268425333,0.0249167514190477,0.03363682199621602,-0.012100037618765769,0.0303667955297779,1681,0.6240333135038667
N-candle low pullback,"{""n"": 10, ""tf"": 200}",4h,1,2.5,-0.0076805207257418795,-0.1537720409641028,0.038141309301046755,-0.1716732800738534,0.020703159283474104,-0.1716732800738534,0.021875826074989033,0.028140853566251504,-0.013956015123648753,0.025791468257028077,1802,0.6220865704772475
CCI reversie,"{""n"": 14, ""lvl"": 100, ""tf"": 0}",1h,0,0.0,-0.4814532985605817,-0.7375580414640585,-0.39364063264137605,-0.7772657131676939,-0.42929068928837333,-0.9289524458218289,0.018597438052535567,-0.006728157108829894,-0.11116394106081774,0.002768941076682153,14119,0.5726326227069906
CCI reversie,"{""n"": 14, ""lvl"": 100, ""tf"": 0}",1h,0,2.5,-0.5997268954648625,-0.8193872275669665,-0.5384920145684612,-0.8839288417021095,-0.5634640404917891,-0.9788904061671136,-0.012740065120937331,-0.03683479105317197,-0.12257431298094754,-0.02779926882858398,17773,0.5692342316997693
CCI reversie,"{""n"": 14, ""lvl"": 100, ""tf"": 0}",1h,1,0.0,-0.2208733843430719,-0.4372624107340455,-0.13905297306779874,-0.4375521253322133,-0.17128394713795336,-0.6008962480813813,0.008898675152130423,0.003768149649685948,-0.04083801500105694,0.005692096713102626,7265,0.5766001376462492
CCI reversie,"{""n"": 14, ""lvl"": 100, ""tf"": 0}",1h,1,2.5,-0.32433172857432724,-0.5208324515895871,-0.2928371455310447,-0.6253027655134704,-0.3048567172040221,-0.8192097583806108,-0.011561653921150432,-0.020266500406635135,-0.044213752693701446,-0.01700218297457837,9010,0.5729189789123197
CCI reversie,"{""n"": 14, ""lvl"": 100, ""tf"": 0}",4h,0,0.0,-0.29913053361371955,-0.5549310717552631,-0.15681461482924575,-0.49963660172927726,-0.2151995518006261,-0.716621127147759,0.011595463530422056,0.026038457098047953,-0.08098474865559477,0.02062233451018824,3414,0.6165787932044523
CCI reversie,"{""n"": 14, ""lvl"": 100, ""tf"": 0}",4h,0,2.5,-0.1769091967258063,-0.34758232006643974,-0.2211553230069353,-0.5634408653959735,-0.2019213949569869,-0.6833331859395719,-0.0009568268672679582,0.009171935072112225,-0.050412315677466284,0.005373649344844657,4285,0.6114352392065344
CCI reversie,"{""n"": 14, ""lvl"": 100, ""tf"": 0}",4h,1,0.0,-0.02310718323717098,-0.1385968243653325,-0.02478031581526019,-0.2905646221539101,-0.022014521439530088,-0.2905646221539101,0.018578419349610995,0.009836894565363534,-0.01619183936935184,0.013114966359456331,1730,0.6196531791907515
CCI reversie,"{""n"": 14, ""lvl"": 100, ""tf"": 0}",4h,1,2.5,-0.018491212813287028,-0.09833073417021188,-0.0883291718344632,-0.3481311837663771,-0.05893929343640958,-0.35765415826450175,0.014190294891852393,-0.002493100008004401,-0.011885075441128656,0.003763173079441897,2062,0.6193016488845781
CCI reversie,"{""n"": 14, ""lvl"": 100, ""tf"": 200}",1h,0,0.0,-0.07991516468004256,-0.19559763581369605,-0.19736380824597444,-0.49397984525554495,-0.15190277996178725,-0.5335955944620439,0.0123599170203883,-0.003945948803695187,-0.025249360240048625,0.0021687508803361205,5871,0.5665133708056549
CCI reversie,"{""n"": 14, ""lvl"": 100, ""tf"": 200}",1h,0,2.5,-0.17912551968663937,-0.3037700448830061,-0.26206224900719555,-0.5688308734464719,-0.22969864984261867,-0.699544075726406,-0.0055582440103679985,-0.020987273196005567,-0.02395677684498044,-0.015201387251391479,6564,0.5658135283363802
CCI reversie,"{""n"": 14, ""lvl"": 100, ""tf"": 200}",1h,1,0.0,-0.04062248475658692,-0.1605478664548453,-0.0887631569087266,-0.3049215262343381,-0.06945780219248565,-0.310379858419645,0.01146579264410229,0.00230243308833827,-0.017920315892072568,0.005738692921749777,3642,0.5724876441515651
CCI reversie,"{""n"": 14, ""lvl"": 100, ""tf"": 200}",1h,1,2.5,-0.11476716571829848,-0.21344849276295008,-0.15606902639840203,-0.37668431948809267,-0.1395921421647841,-0.5093004825600094,-0.0013256693792278328,-0.012612604741103772,-0.013557326035042158,-0.008380003980400294,4080,0.5713235294117647
CCI reversie,"{""n"": 14, ""lvl"": 100, ""tf"": 200}",4h,0,0.0,-0.11816262455472581,-0.32628206425625517,-0.04478899654067081,-0.2553107082684988,-0.07317535662391561,-0.37313848458468013,0.018760896782903626,0.007514264351144936,-0.02474345725270221,0.011731751513054445,1321,0.6260408781226343
CCI reversie,"{""n"": 14, ""lvl"": 100, ""tf"": 200}",4h,0,2.5,-0.0868369698839041,-0.2158593271917031,-0.08982678687279833,-0.3122782669348503,-0.08694381100848281,-0.41303303113514145,0.012059219343150573,-0.005131644114260636,-0.012476560434681164,0.0013149296822685674,1478,0.6170500676589986
CCI reversie,"{""n"": 14, ""lvl"": 100, ""tf"": 200}",4h,1,0.0,-0.005696968377292055,-0.09564781018904722,0.0032388401199223704,-0.1923594566675083,0.0014455211034114512,-0.1923594566675083,0.019471868787976306,0.00677273327768213,-0.007716353800092855,0.011534909094042445,1009,0.6323092170465807
CCI reversie,"{""n"": 14, ""lvl"": 100, ""tf"": 200}",4h,1,2.5,-0.024417902909877,-0.10202694777319721,-0.04680127226113573,-0.24350644199167282,-0.036150041223570795,-0.2609224413628225,0.015085115549903537,-0.003119213941711211,-0.005169068639803959,0.0037074096176443194,1124,0.6290035587188612
CCI reversie,"{""n"": 14, ""lvl"": 150, ""tf"": 0}",1h,0,0.0,-0.38565744083670817,-0.6502051467195522,-0.2855337608691282,-0.6840653054074282,-0.32644720330410526,-0.851521053499456,0.021752568404494108,0.003760169433858714,-0.08256514581521696,0.010507319047846986,10499,0.5951995428136013
CCI reversie,"{""n"": 14, ""lvl"": 150, ""tf"": 0}",1h,0,2.5,-0.5160942248989826,-0.7460415933365881,-0.42282856928839263,-0.7874480123505858,-0.4613514233859589,-0.943878304137212,-0.0029451668405816468,-0.024615667936964427,-0.09366049469506049,-0.016489230025820884,13289,0.5819851004590263
CCI reversie,"{""n"": 14, ""lvl"": 150, ""tf"": 0}",1h,1,0.0,-0.12478948028051551,-0.31951135750898196,-0.09181066010621486,-0.4345583025550245,-0.10397770910330295,-0.4345583025550245,0.01552314296643552,0.010552022496266477,-0.03283340693140692,0.012416192672579868,5423,0.5906324912410105
CCI reversie,"{""n"": 14, ""lvl"": 150, ""tf"": 0}",1h,1,2.5,-0.22477264575018907,-0.39348026695658234,-0.20886564480333725,-0.4947269898940725,-0.21426797251113572,-0.681379248795925,-0.0005200045094361475,-0.0149860124166735,-0.03198849240290747,-0.009561259451459492,6761,0.582310309125869
CCI reversie,"{""n"": 14, ""lvl"": 150, ""tf"": 0}",4h,0,0.0,-0.2495662040620169,-0.5697661375646559,-0.14106364143656047,-0.5028737764132267,-0.1840815653457849,-0.6699611221883228,0.014228475901298067,0.035843736352741046,-0.08485402264877279,0.027738013683449927,2551,0.6201489611916895
CCI reversie,"{""n"": 14, ""lvl"": 150, ""tf"": 0}",4h,0,2.5,-0.17656329319494735,-0.4410523967691661,-0.25015086070774717,-0.6170930136043768,-0.2193783475376182,-0.7229479538412893,0.00386038207037921,0.018299198774277384,-0.06499592859669256,0.01288464251031557,3258,0.6003683241252302
CCI reversie,"{""n"": 14, ""lvl"": 150, ""tf"": 0}",4h,1,0.0,0.03671084302464056,-0.13347578251847214,-0.015225222722914156,-0.2759742879206524,0.007846249835295804,-0.2759742879206524,0.02584489634651954,0.01935393320503588,-0.02065660492665277,0.021788044383092255,1304,0.6303680981595092
CCI reversie,"{""n"": 14, ""lvl"": 150, ""tf"": 0}",4h,1,2.5,0.03778337430476619,-0.08289543892288709,-0.1338785467008573,-0.45461005013603006,-0.0663893915362328,-0.45461005013603006,0.02137853449060059,0.005540210664823301,-0.017513645484151096,0.011479582099489785,1568,0.6198979591836735
CCI reversie,"{""n"": 14, ""lvl"": 150, ""tf"": 200}",1h,0,0.0,-0.002795749900655564,-0.10629988232270837,-0.11177254867054676,-0.3490364796526704,-0.0694160630966757,-0.3490364796526704,0.018803133417070912,0.004688177411824931,-0.016208845806948237,0.009981285913792173,3885,0.5976833976833977
CCI reversie,"{""n"": 14, ""lvl"": 150, ""tf"": 200}",1h,0,2.5,-0.10723761352645445,-0.2199688408466982,-0.1823506151238059,-0.43594401889405043,-0.15281042753186647,-0.53516752215447,0.0031318812977119753,-0.012784195804276728,-0.0154809690889995,-0.006815666891030965,4306,0.5884811890385508
CCI reversie,"{""n"": 14, ""lvl"": 150, ""tf"": 200}",1h,1,0.0,0.011275061229622407,-0.11726321657318972,-0.03940532939367758,-0.21701764772853338,-0.019218608906821255,-0.21701764772853338,0.01506619449021688,0.006657595057240565,-0.013504670925836001,0.009810819844606683,2450,0.593469387755102
CCI reversie,"{""n"": 14, ""lvl"": 150, ""tf"": 200}",1h,1,2.5,-0.055470381221504494,-0.15320674898547548,-0.12873415339042282,-0.3284652632164692,-0.09986964727263714,-0.3994074299404923,0.005533277073524838,-0.009803590357504503,-0.011165851383005389,-0.0040522650708685005,2731,0.585865983156353
CCI reversie,"{""n"": 14, ""lvl"": 150, ""tf"": 200}",4h,0,0.0,-0.10371907565703786,-0.35186461055602714,-0.02419887365258777,-0.22906562904901484,-0.05523771944113853,-0.35186461055602714,0.019477121418975507,0.013920139846931249,-0.02658760696793852,0.016004007936447847,904,0.625
CCI reversie,"{""n"": 14, ""lvl"": 150, ""tf"": 200}",4h,0,2.5,-0.0941449823207744,-0.23141734357225807,-0.07214772831044458,-0.2939489410896061,-0.07942690524029983,-0.38467338381908567,0.009783973939225908,0.0040171681698209765,-0.018334351502218287,0.0061797203333478256,1008,0.6150793650793651
CCI reversie,"{""n"": 14, ""lvl"": 150, ""tf"": 200}",4h,1,0.0,0.034662145410651046,-0.08167327478796882,0.032170883341418266,-0.13581880617952802,0.0348871232067991,-0.13581880617952802,0.021992313675823365,0.014295272924545672,-0.0073809284548636,0.017181663206274806,691,0.6570188133140377
CCI reversie,"{""n"": 14, ""lvl"": 150, ""tf"": 200}",4h,1,2.5,0.0023142419771229328,-0.08922939643286776,-0.027658663404377948,-0.23203925338168796,-0.014097883892686403,-0.23203925338168796,0.015821658375373786,0.006740392525746504,-0.007691550035178456,0.010145867219356735,773,0.6532988357050453
CCI reversie,"{""n"": 14, ""lvl"": 200, ""tf"": 0}",1h,0,0.0,-0.2717709326460499,-0.5131450162883783,-0.18493277213292925,-0.5791142179850117,-0.21920319852987757,-0.7132738740882981,0.017745885736005537,0.0032869125419456116,-0.06390880728923537,0.008709027489718085,6322,0.5979120531477381
CCI reversie,"{""n"": 14, ""lvl"": 200, ""tf"": 0}",1h,0,2.5,-0.3672079122420392,-0.5881117555483171,-0.22917549048986752,-0.5769230873708688,-0.28618852028562225,-0.8000980283977686,0.00858880781930866,-0.015901678037904994,-0.05852218573834242,-0.006717745841449875,7307,0.5719173395374298
CCI reversie,"{""n"": 14, ""lvl"": 200, ""tf"": 0}",1h,1,0.0,-0.023969247191683585,-0.16273897010147798,-0.07183070588457252,-0.37614022426376925,-0.05101427846757811,-0.37614022426376925,0.019445937099618022,0.0075475260893364355,-0.029239896860982675,0.01200943021819203,3190,0.5956112852664577
CCI reversie,"{""n"": 14, ""lvl"": 200, ""tf"": 0}",1h,1,2.5,-0.09554318749735902,-0.2119467792383516,-0.10540570685986239,-0.34067395535744327,-0.09963295101024128,-0.4011032521144008,0.010230576154986336,-0.011521716038153091,-0.017292915320408365,-0.0033646064657258065,3642,0.5733113673805601
CCI reversie,"{""n"": 14, ""lvl"": 200, ""tf"": 0}",4h,0,0.0,-0.1846200890789934,-0.4323442077935663,-0.048397613363581726,-0.2857946354201192,-0.10452346089014031,-0.46359893226557736,0.009696212988082788,0.020343620330736636,-0.05878441195110754,0.016350842577241443,1492,0.6179624664879356
CCI reversie,"{""n"": 14, ""lvl"": 200, ""tf"": 0}",4h,0,2.5,-0.0597431649043797,-0.2495829386114483,-0.11935756493730343,-0.3944258082578065,-0.09497996118978791,-0.42358673834185034,0.013549351427765402,0.01152418911839798,-0.04123947279124821,0.012283624984410763,1713,0.5901926444833625
CCI reversie,"{""n"": 14, ""lvl"": 200, ""tf"": 0}",4h,1,0.0,-0.008611187595197745,-0.1379696127008495,0.0366120847686382,-0.11812625491764372,0.019279914518144814,-0.1379696127008495,0.013894016616133962,0.010052559607082697,-0.012740543649031003,0.01149310598547692,753,0.6201859229747676
CCI reversie,"{""n"": 14, ""lvl"": 200, ""tf"": 0}",4h,1,2.5,0.010836248882476474,-0.08976912752216726,-0.04625494312362033,-0.2370564526808211,-0.022785098982071705,-0.2370564526808211,0.014141228126840833,0.004898904483265435,-0.015067470130760818,0.00836477584960621,824,0.6043689320388349
CCI reversie,"{""n"": 14, ""lvl"": 200, ""tf"": 200}",1h,0,0.0,0.013191989837566531,-0.05918658330248994,-0.017839941437186257,-0.1639762235718092,-0.005524797238806944,-0.1639762235718092,0.00918095369536345,0.003195706958650953,-0.004241445130897831,0.005440174484918139,1881,0.6092503987240829
CCI reversie,"{""n"": 14, ""lvl"": 200, ""tf"": 200}",1h,0,2.5,-0.04779552657714037,-0.11997576371570773,-0.07845917385705803,-0.23385503258689133,-0.0662611478619134,-0.28204444275731544,0.0031728163497789508,-0.006879187125767472,-0.00666779435330072,-0.0031096858224375634,1970,0.583248730964467
CCI reversie,"{""n"": 14, ""lvl"": 200, ""tf"": 200}",1h,1,0.0,0.014929350091839266,-0.07081141304277128,0.014346759434223255,-0.1113053444015698,0.014571261277771308,-0.1113053444015698,0.008015909516016126,0.005714684620527503,-0.005513830770102583,0.0065776439563357365,1218,0.6100164203612479
CCI reversie,"{""n"": 14, ""lvl"": 200, ""tf"": 200}",1h,1,2.5,-0.01590780632054245,-0.0941703117345789,-0.05060438750622709,-0.1685716760928072,-0.036836881553760525,-0.1832124686947536,0.005063658764714201,-0.0035271540474744196,-0.006038668957053392,-0.0003055992429036869,1283,0.5900233826968043
CCI reversie,"{""n"": 14, ""lvl"": 200, ""tf"": 200}",4h,0,0.0,-0.07730775122974431,-0.23208615331238203,-0.012600482368282928,-0.1426348420702913,-0.03869057786694585,-0.23208615331238203,0.00720872072303332,0.005965265952559743,-0.015249171819873765,0.006431561491487335,438,0.5958904109589042
CCI reversie,"{""n"": 14, ""lvl"": 200, ""tf"": 200}",4h,0,2.5,-0.07113138210017378,-0.16185032038268454,-0.031008440977990603,-0.16834738610686528,-0.04692748885085318,-0.2460388862412588,0.0037877253146861734,0.003490723094530801,-0.012220063965148263,0.0036020989270890654,459,0.5838779956427015
CCI reversie,"{""n"": 14, ""lvl"": 200, ""tf"": 200}",4h,1,0.0,0.0016619078570097034,-0.0815856123787021,0.0196308553858191,-0.08895440911267127,0.012734963639948527,-0.08895440911267127,0.010142883474692511,0.0077958528722554595,-0.005405972766949624,0.008675989348169355,342,0.6345029239766082
CCI reversie,"{""n"": 14, ""lvl"": 200, ""tf"": 200}",4h,1,2.5,-0.007812405784232923,-0.07537879382613744,-0.008342442760948865,-0.10877355160211222,-0.007786277743972447,-0.10877355160211222,0.008142221517583223,0.005000383743109442,-0.00577617908204011,0.0061785729085371095,357,0.6302521008403361
CCI reversie,"{""n"": 20, ""lvl"": 100, ""tf"": 0}",1h,0,0.0,-0.39671104686089753,-0.6356012910458539,-0.34512324831742025,-0.7332639507717005,-0.3655643749122658,-0.8814538609687155,0.012591061186196672,0.004433491565989119,-0.10043189892595425,0.007492580173566951,10628,0.6066051938276251
CCI reversie,"{""n"": 20, ""lvl"": 100, ""tf"": 0}",1h,0,2.5,-0.5655913391981534,-0.7840485929045257,-0.47439850805973116,-0.8367545578212492,-0.5125381799759123,-0.9636754035659244,-0.014806120983149916,-0.03109357680159088,-0.1141399442160905,-0.02498578086967552,14132,0.590999150863289
CCI reversie,"{""n"": 20, ""lvl"": 100, ""tf"": 0}",1h,1,0.0,-0.18712552146127348,-0.3839255952391538,-0.13883075455119964,-0.4222450736668998,-0.1576828335965802,-0.5748616649368321,0.005464350119733587,0.006192121381981693,-0.036252282030318043,0.0059192071586386535,5475,0.6063926940639269
CCI reversie,"{""n"": 20, ""lvl"": 100, ""tf"": 0}",1h,1,2.5,-0.31056261607624525,-0.5094051060342838,-0.28222976195518346,-0.6158836320976371,-0.293176117145317,-0.8058266905517447,-0.01160343057510993,-0.02374566222900122,-0.03945216837816669,-0.01919232535879199,7169,0.5894824940716976
CCI reversie,"{""n"": 20, ""lvl"": 100, ""tf"": 0}",4h,0,0.0,-0.34467484117478053,-0.603932754777174,-0.10624014029071382,-0.4357759974634604,-0.20803873600046052,-0.7288220843160693,0.013125036445132077,0.03298898722057742,-0.09038882752323649,0.025540005679785416,2575,0.6442718446601942
CCI reversie,"{""n"": 20, ""lvl"": 100, ""tf"": 0}",4h,0,2.5,-0.2752516933755087,-0.4949654109651278,-0.12522852628673042,-0.4049986289081635,-0.18601126819391256,-0.6630489438168888,0.0007030491926095999,0.02007197549842846,-0.057920529788998365,0.012808628133746386,3357,0.6246648793565683
CCI reversie,"{""n"": 20, ""lvl"": 100, ""tf"": 0}",4h,1,0.0,-0.03617711918247013,-0.18463146586953472,-0.06079967623055782,-0.27830705283822066,-0.047939492694857866,-0.3184849045109581,0.019415677279903527,0.01345766006938757,-0.02544180300037603,0.015691916523331056,1289,0.6415826221877424
CCI reversie,"{""n"": 20, ""lvl"": 100, ""tf"": 0}",4h,1,2.5,-0.03764169246514926,-0.15744224388799566,-0.08775068940510944,-0.34491880640698813,-0.06497380571332634,-0.3831128606779678,0.015729526552156006,0.003506862591363132,-0.019770990616081258,0.00809036157666046,1573,0.631277813095995
CCI reversie,"{""n"": 20, ""lvl"": 100, ""tf"": 200}",1h,0,0.0,-0.02918881297482978,-0.08374522423676711,-0.14390818946545447,-0.40930585812446196,-0.0997805366298975,-0.40930585812446196,0.007592572807694677,0.00024192871642533624,-0.014016609404766359,0.0029984202506513394,4291,0.6063854579352133
CCI reversie,"{""n"": 20, ""lvl"": 100, ""tf"": 200}",1h,0,2.5,-0.15943352113752163,-0.2732707804326935,-0.2129942497955878,-0.49787702711796233,-0.19199608340561103,-0.6235902232726157,-0.010420434370118463,-0.01829057611138052,-0.01716318799195387,-0.015339272958407249,4893,0.5892090741876149
CCI reversie,"{""n"": 20, ""lvl"": 100, ""tf"": 200}",1h,1,0.0,0.020515774673364184,-0.054992310611586936,-0.0499652261717618,-0.2153274581282555,-0.022489934706159898,-0.2153274581282555,0.009783812557724425,0.0034220136740965653,-0.009071051231074052,0.005807688255457012,2688,0.6142113095238095
CCI reversie,"{""n"": 20, ""lvl"": 100, ""tf"": 200}",1h,1,2.5,-0.08247784659590063,-0.1765728235593026,-0.12040486144680718,-0.31851155645618157,-0.1054947289679593,-0.4211555502189447,-0.0032573197911597417,-0.012843308688992994,-0.008047123898555587,-0.009248562852305525,3061,0.5981705325057171
CCI reversie,"{""n"": 20, ""lvl"": 100, ""tf"": 200}",4h,0,0.0,-0.140390700081779,-0.35777254380767487,-0.05064709917835142,-0.25494408413282343,-0.08526691402017428,-0.40987814414760837,0.01902428273553885,0.008025472075701109,-0.03231130202382368,0.01215002607314026,951,0.6414300736067298
CCI reversie,"{""n"": 20, ""lvl"": 100, ""tf"": 200}",4h,0,2.5,-0.08439616597289124,-0.2053322835963064,-0.06442451057640675,-0.24432029632731012,-0.07005056791213204,-0.3424932508235803,0.011797112100993398,1.396959224349755e-06,-0.015579953629249445,0.004424790137387742,1080,0.6277777777777778
CCI reversie,"{""n"": 20, ""lvl"": 100, ""tf"": 200}",4h,1,0.0,0.0034674311115616696,-0.11972628987402245,-0.014932857231389374,-0.19581068775456,-0.005051059190363416,-0.19581068775456,0.020286069827904683,0.005786031379223607,-0.010304808341253704,0.01122354579747901,737,0.6512890094979648
CCI reversie,"{""n"": 20, ""lvl"": 100, ""tf"": 200}",4h,1,2.5,-0.004139932093529697,-0.08806492566343693,-0.04182579277598908,-0.21239414245938404,-0.024392670049436904,-0.21239414245938404,0.016658564503261926,-0.0013844377216279068,-0.006503084497343152,0.00538168811270578,826,0.6416464891041163
CCI reversie,"{""n"": 20, ""lvl"": 150, ""tf"": 0}",1h,0,0.0,-0.31443842233165664,-0.5669158754688871,-0.17698725964714235,-0.528657422100105,-0.2341890338987802,-0.7283934410326739,0.017896689181512757,0.022356990637546443,-0.0759320869627258,0.020684377591533812,7977,0.6215369186410932
CCI reversie,"{""n"": 20, ""lvl"": 150, ""tf"": 0}",1h,0,2.5,-0.5089775598958426,-0.741190665415809,-0.36511276577586294,-0.7332896345499178,-0.42646220070195806,-0.926316854142542,-0.009409672642832212,-0.007113569381260457,-0.09392452787099773,-0.007974608104349865,10708,0.5903063130369817
CCI reversie,"{""n"": 20, ""lvl"": 150, ""tf"": 0}",1h,1,0.0,-0.12822298247125175,-0.32551997631162966,-0.030272494082381862,-0.2809657599010027,-0.06979984521414717,-0.3386635263835508,0.013195962008524957,0.018273655622153558,-0.027754404160997205,0.016369520517042834,4139,0.6163324474510752
CCI reversie,"{""n"": 20, ""lvl"": 150, ""tf"": 0}",1h,1,2.5,-0.24137499284985708,-0.42879635796251636,-0.17863517781573424,-0.45904845170247144,-0.20349650888370174,-0.6701642962755918,-0.005614289422769881,-0.004332945167383961,-0.03266744354283144,-0.004813449263153681,5434,0.5910931174089069
CCI reversie,"{""n"": 20, ""lvl"": 150, ""tf"": 0}",4h,0,0.0,-0.2907657349512366,-0.5593473859609196,-0.06559014311472533,-0.3345329577396403,-0.16107925903049236,-0.6306050737973703,0.01419052437624519,0.02930380482835077,-0.07929781872785288,0.023636324658811176,1913,0.6283324621014114
CCI reversie,"{""n"": 20, ""lvl"": 150, ""tf"": 0}",4h,0,2.5,-0.21335737868874682,-0.43145670561896987,-0.16749500132298978,-0.4865866142571078,-0.18401781484301982,-0.6565920206654221,0.008466414836271505,0.015713523285367823,-0.060352336606649085,0.012995857616956702,2603,0.5916250480215136
CCI reversie,"{""n"": 20, ""lvl"": 150, ""tf"": 0}",4h,1,0.0,0.002392143582999662,-0.161561746921007,-0.023969766228776335,-0.2346704146226738,-0.011001349718899545,-0.2346704146226738,0.021940233639409595,0.012918158267862311,-0.022147011738487897,0.016301436532192543,945,0.6412698412698413
CCI reversie,"{""n"": 20, ""lvl"": 150, ""tf"": 0}",4h,1,2.5,0.015786407225453214,-0.12671624580669405,-0.08657577801493099,-0.3655754057232665,-0.044446761704370896,-0.3655754057232665,0.02006664995972614,0.0047752140120339865,-0.018270632423505857,0.010509502492418546,1212,0.608085808580858
CCI reversie,"{""n"": 20, ""lvl"": 150, ""tf"": 200}",1h,0,0.0,0.04019411063827483,-0.05906498396075621,-0.05283965489224873,-0.24682459666115975,-0.01658812319352354,-0.24682459666115975,0.012312164890652393,0.011759180841781269,-0.006073736284993025,0.011966549860107941,2786,0.6241923905240488
CCI reversie,"{""n"": 20, ""lvl"": 150, ""tf"": 200}",1h,0,2.5,-0.07466148964850483,-0.13908398660268928,-0.13014123096290664,-0.3450724951687766,-0.10824845241759018,-0.42092183177943254,0.0002011279768222697,-0.005447635915440618,-0.010162875177978245,-0.0033293494558420352,3129,0.6005113454777884
CCI reversie,"{""n"": 20, ""lvl"": 150, ""tf"": 200}",1h,1,0.0,0.05498769035704654,-0.04437496971238475,-0.009879967420709401,-0.1889545934903838,0.015623188993449943,-0.1889545934903838,0.015674604275646892,0.011642110144418079,-0.007814697390924767,0.013154295443628885,1795,0.6272980501392758
CCI reversie,"{""n"": 20, ""lvl"": 150, ""tf"": 200}",1h,1,2.5,-0.04368906456239774,-0.10374321912490891,-0.07801447327407152,-0.23157588070431034,-0.06435573777803572,-0.293020750707804,0.004895187697698897,-0.0033511133297395635,-0.008263331444378567,-0.0002587504444501408,2017,0.6038671294000991
CCI reversie,"{""n"": 20, ""lvl"": 150, ""tf"": 200}",4h,0,0.0,-0.021814318741672833,-0.23861099851010992,-0.011497357614979276,-0.19056234799067673,-0.01329621911471135,-0.23861099851010992,0.025382509792199175,0.007261482876816909,-0.022099992830439945,0.014056867970085258,637,0.6562009419152276
CCI reversie,"{""n"": 20, ""lvl"": 150, ""tf"": 200}",4h,0,2.5,-0.013915751164002788,-0.19309822187867398,-0.031638549741589084,-0.19823605432077251,-0.02224448774531873,-0.21283672840365087,0.017920378183131674,0.00035190279401323317,-0.013316799798649415,0.006940081064932648,720,0.6180555555555556
CCI reversie,"{""n"": 20, ""lvl"": 150, ""tf"": 200}",4h,1,0.0,0.057261334397643804,-0.08804288767391288,0.013571304375126658,-0.14394448382005676,0.03327534272899069,-0.14394448382005676,0.024679161990888425,0.0059539036411843625,-0.00867974187946799,0.012975875522323385,493,0.6754563894523327
CCI reversie,"{""n"": 20, ""lvl"": 150, ""tf"": 200}",4h,1,2.5,0.04851216843952888,-0.07898660564524373,-0.00785655115977868,-0.16074094254199833,0.01674910422346687,-0.16074094254199833,0.021222616177277904,0.0014262569071097797,-0.006035537457082955,0.008849891633422827,552,0.6503623188405797
CCI reversie,"{""n"": 20, ""lvl"": 200, ""tf"": 0}",1h,0,0.0,-0.28401977439153936,-0.509768038691053,-0.15753302531584334,-0.5165477537159768,-0.2101702181622931,-0.7112875317879995,0.006741367677613402,0.010693061679129912,-0.054364433400503634,0.009211176428561221,5220,0.6011494252873564
CCI reversie,"{""n"": 20, ""lvl"": 200, ""tf"": 0}",1h,0,2.5,-0.4483035478867592,-0.6792072983547037,-0.2477606218937366,-0.6056972060375639,-0.33511096140316887,-0.8626279668687243,-0.007938721685514313,-0.01551844249732274,-0.06045237150712794,-0.01267604719289458,6374,0.5632256040163163
CCI reversie,"{""n"": 20, ""lvl"": 200, ""tf"": 0}",1h,1,0.0,-0.07173023792281175,-0.2064633769166122,-0.04997178512189593,-0.2724538587043235,-0.05824864950496633,-0.2967044790863972,0.012478638782735684,0.013487937288870247,-0.02077627582313854,0.013109450349069787,2647,0.5923687193048734
CCI reversie,"{""n"": 20, ""lvl"": 200, ""tf"": 0}",1h,1,2.5,-0.16994622689743177,-0.314172495868712,-0.10718561511472813,-0.33973095182298085,-0.1323694782476571,-0.5082098462447247,-0.00041577946909832075,-0.006147254614930953,-0.018355606109912763,-0.003997951435243716,3191,0.5672203071137575
CCI reversie,"{""n"": 20, ""lvl"": 200, ""tf"": 0}",4h,0,0.0,-0.1827043668732793,-0.41350204818336045,-0.01266652172144267,-0.25010494929958527,-0.08379149952199938,-0.47583244435267846,0.013657771953227728,0.0267266783801647,-0.06232463999221106,0.021825838470063336,1269,0.6272655634357762
CCI reversie,"{""n"": 20, ""lvl"": 200, ""tf"": 0}",4h,0,2.5,-0.11783177010281165,-0.3119493342285711,-0.08146652973661106,-0.33996606775121063,-0.0961519800993268,-0.47857261791074823,0.014826320161077964,0.01712270320627837,-0.04340317064723666,0.016261559564328218,1515,0.5834983498349835
CCI reversie,"{""n"": 20, ""lvl"": 200, ""tf"": 0}",4h,1,0.0,-0.011704508275703907,-0.12686915999125792,-0.021004556712878708,-0.1861752398334291,-0.01641872816849177,-0.19881463149578005,0.014208018021999792,0.009991469531328538,-0.020605280080665735,0.011572675215330258,615,0.6325203252032521
CCI reversie,"{""n"": 20, ""lvl"": 200, ""tf"": 0}",4h,1,2.5,0.012376175744975182,-0.07234938773435429,-0.10754198082383382,-0.3308844375325152,-0.06128870147459098,-0.3308844375325152,0.014664565069935976,0.004000971008270704,-0.01850628392637762,0.007999818781395182,703,0.5903271692745377
CCI reversie,"{""n"": 20, ""lvl"": 200, ""tf"": 200}",1h,0,0.0,0.006838442434488501,-0.09080031022423052,-0.0003920006266017184,-0.14547841175951226,0.0024958859766441854,-0.14547841175951226,0.002130333419556608,0.011406395591061677,-0.0027940651683464116,0.007927872276747275,1496,0.6169786096256684
CCI reversie,"{""n"": 20, ""lvl"": 200, ""tf"": 200}",1h,0,2.5,-0.06731760112959406,-0.12585091272975335,-0.07126285904772511,-0.2386729359081945,-0.06964473340537092,-0.30902481380103164,-0.004845545299634386,-0.0015694082811469779,-0.006283155366052513,-0.0027979596630797556,1579,0.5826472450918303
CCI reversie,"{""n"": 20, ""lvl"": 200, ""tf"": 200}",1h,1,0.0,0.041209256708451214,-0.036455194812422986,0.04461356536001504,-0.09009954718422242,0.04322249373132925,-0.09009954718422242,0.008899926323543687,0.012882483913644676,-0.0028272425582168415,0.011389024817356805,963,0.6313603322949117
CCI reversie,"{""n"": 20, ""lvl"": 200, ""tf"": 200}",1h,1,2.5,-0.01828740780816196,-0.058299771380905696,-0.03167701623706165,-0.14300779447979095,-0.026321310209916238,-0.15940300968465648,0.0030227402138819606,0.0009123086610131208,-0.005003203311212907,0.0017037204933389356,1018,0.5923379174852652
CCI reversie,"{""n"": 20, ""lvl"": 200, ""tf"": 200}",4h,0,0.0,-0.005495282876814889,-0.15862545870756173,-0.007445681114476077,-0.12510025800347502,-0.005790093966755783,-0.15862545870756173,0.015797495118447205,0.005013687029906929,-0.0144878925554121,0.009057615063109531,353,0.6402266288951841
CCI reversie,"{""n"": 20, ""lvl"": 200, ""tf"": 200}",4h,0,2.5,-0.007651786958445594,-0.10555490164632197,-0.02172371822650354,-0.14152665422707122,-0.016102784623472588,-0.14152665422707122,0.012678071269993811,0.002454056111630476,-0.010868217425205356,0.006288061796016727,373,0.6058981233243967
CCI reversie,"{""n"": 20, ""lvl"": 200, ""tf"": 200}",4h,1,0.0,0.0288366242107978,-0.06926948247017306,0.008598193641887963,-0.08283857145158191,0.01753639716671085,-0.08283857145158191,0.013914507200858591,0.005486217989221057,-0.005732409621981863,0.008646826443585132,276,0.644927536231884
CCI reversie,"{""n"": 20, ""lvl"": 200, ""tf"": 200}",4h,1,2.5,0.014216004593884835,-0.07020103079658302,-0.009658777361064907,-0.09122568013226773,-0.00016556985888571685,-0.09122568013226773,0.013347454908048562,0.004300302463449405,-0.006373121012918342,0.007692984630174089,293,0.6177474402730375
Sonic R (dragon),"{""f"": 0, ""lb"": 3, ""x"": ""dragon""}",1h,0,0.0,-0.11710785241458943,-0.45292965542440955,0.005889663725607175,-0.5570572214430696,-0.04102793903384927,-0.5570572214430696,0.07481767065054953,0.07400510432928521,-0.053189589049931714,0.07430981669975933,6314,0.2747861894203358
Sonic R (dragon),"{""f"": 0, ""lb"": 3, ""x"": ""dragon""}",1h,0,2.5,-0.12689033416366735,-0.45296612229213373,-0.0017932953895288817,-0.548545259792556,-0.04967069413298453,-0.548545259792556,0.0714571266166733,0.07271477930153286,-0.052126411373223755,0.07224315954471053,6407,0.2701732480099891
Sonic R (dragon),"{""f"": 0, ""lb"": 3, ""x"": ""dragon""}",1h,1,0.0,-0.02286431411853107,-0.3254254500060656,0.12967686137784362,-0.2920068032851332,0.07062047935804694,-0.3254254500060656,0.03415802454455241,0.057418279525585515,-0.016170849329876558,0.0486956839076981,3567,0.2730585926548921
Sonic R (dragon),"{""f"": 0, ""lb"": 3, ""x"": ""dragon""}",1h,1,2.5,-0.03062650061271399,-0.3182853390296466,0.10801010235102315,-0.2883575636992428,0.05489674475327577,-0.3182853390296466,0.03179890174380898,0.05506441219694517,-0.016918242101368657,0.0463398457770191,3632,0.2670704845814978
Sonic R (dragon),"{""f"": 0, ""lb"": 3, ""x"": ""dragon""}",4h,0,0.0,0.2922323207809321,-0.2332291547711075,0.17312473893473435,-0.41974183659960385,0.2203754191871652,-0.41974183659960385,0.11634548265133568,0.10171150359669319,-0.03756175515538418,0.10719924574218413,1463,0.2877648667122351
Sonic R (dragon),"{""f"": 0, ""lb"": 3, ""x"": ""dragon""}",4h,0,2.5,0.2839489920767486,-0.24275275086201165,0.15595205937097245,-0.42532983375484457,0.20653072700533004,-0.42532983375484457,0.11364630686772711,0.09802513310908564,-0.036097885053610536,0.10388307326857621,1485,0.2801346801346801
Sonic R (dragon),"{""f"": 0, ""lb"": 3, ""x"": ""dragon""}",4h,1,0.0,0.08485437276357288,-0.27964406104000084,0.2951460618972488,-0.24313053619212943,0.20735901648104482,-0.27964406104000084,0.047823638423707675,0.08846654248496999,-0.01785951640964277,0.0732254534619966,925,0.2735135135135135
Sonic R (dragon),"{""f"": 0, ""lb"": 3, ""x"": ""dragon""}",4h,1,2.5,0.06752118839686672,-0.2924858242230606,0.2725886988431909,-0.24128725771848725,0.18703835441661854,-0.2924858242230606,0.044468367597979626,0.08522964618492414,-0.01713771126070989,0.06994416671481996,940,0.26595744680851063
Sonic R (dragon),"{""f"": 0, ""lb"": 3, ""x"": ""e89""}",1h,0,0.0,-0.03342204994970721,-0.39060863367280774,-0.031840391068738816,-0.5998548233071685,-0.02992843362953268,-0.5998548233071685,0.0987152914165371,0.07784614495940685,-0.05769748648242462,0.08567207488083071,6658,0.18443977170321418
Sonic R (dragon),"{""f"": 0, ""lb"": 3, ""x"": ""e89""}",1h,0,2.5,-0.03272203197728252,-0.37978961861896565,-0.046122598726660025,-0.5932754971273678,-0.038249605777180395,-0.5932754971273678,0.0956411911843908,0.07435435909441937,-0.056428400957714515,0.08233692112815866,6709,0.1824414964972425
Sonic R (dragon),"{""f"": 0, ""lb"": 3, ""x"": ""e89""}",1h,1,0.0,0.05111212212252503,-0.2824418674809599,0.14786312237620014,-0.2720348100310771,0.11091642043541183,-0.2824418674809599,0.046886740791803536,0.06166588560956883,-0.017223321205262702,0.05612370630290684,3497,0.19874177866742923
Sonic R (dragon),"{""f"": 0, ""lb"": 3, ""x"": ""e89""}",1h,1,2.5,0.05077782185930779,-0.26724843735128645,0.10848689705548109,-0.2755980762189,0.08778495747419646,-0.2755980762189,0.04449983042258007,0.05695284102756782,-0.01803611593649898,0.052282962050697414,3545,0.19492242595204515
Sonic R (dragon),"{""f"": 0, ""lb"": 3, ""x"": ""e89""}",4h,0,0.0,0.4295035518972443,-0.1973329462115322,0.22145300173476,-0.4425664085400931,0.30505416760079984,-0.4425664085400931,0.13555068549312269,0.11609936019907886,-0.03520038060990112,0.12339360718434529,1471,0.21753908905506458
Sonic R (dragon),"{""f"": 0, ""lb"": 3, ""x"": ""e89""}",4h,0,2.5,0.39751466888593234,-0.20894982984968935,0.19097092328252674,-0.4523179774533128,0.2738504986711421,-0.4523179774533128,0.1313032869526109,0.11275579886864899,-0.03503427391008712,0.1197111069001347,1489,0.2102081934184016
Sonic R (dragon),"{""f"": 0, ""lb"": 3, ""x"": ""e89""}",4h,1,0.0,0.14920126407423218,-0.23726095374081024,0.34397020429195635,-0.23845373006800996,0.26637765895816545,-0.23845373006800996,0.05943404980924358,0.10303070260686656,-0.01703786755321214,0.08668195780775793,829,0.22677925211097708
Sonic R (dragon),"{""f"": 0, ""lb"": 3, ""x"": ""e89""}",4h,1,2.5,0.12734305210625463,-0.2497598388110478,0.3089455536043133,-0.25737699940370484,0.23695529034841378,-0.25737699940370484,0.055148105479995255,0.09887322457077762,-0.016706417805900813,0.08247630491173424,847,0.21487603305785125
Sonic R (dragon),"{""f"": 0, ""lb"": 12, ""x"": ""dragon""}",1h,0,0.0,-0.11710785241458943,-0.45292965542440955,0.005889663725607175,-0.5570572214430696,-0.04102793903384927,-0.5570572214430696,0.07481767065054953,0.07400510432928521,-0.053189589049931714,0.07430981669975933,6314,0.2747861894203358
Sonic R (dragon),"{""f"": 0, ""lb"": 12, ""x"": ""dragon""}",1h,0,2.5,-0.12689033416366735,-0.45296612229213373,-0.0017932953895288817,-0.548545259792556,-0.04967069413298453,-0.548545259792556,0.0714571266166733,0.07271477930153286,-0.052126411373223755,0.07224315954471053,6407,0.2701732480099891
Sonic R (dragon),"{""f"": 0, ""lb"": 12, ""x"": ""dragon""}",1h,1,0.0,-0.02286431411853107,-0.3254254500060656,0.12967686137784362,-0.2920068032851332,0.07062047935804694,-0.3254254500060656,0.03415802454455241,0.057418279525585515,-0.016170849329876558,0.0486956839076981,3567,0.2730585926548921
Sonic R (dragon),"{""f"": 0, ""lb"": 12, ""x"": ""dragon""}",1h,1,2.5,-0.03062650061271399,-0.3182853390296466,0.10801010235102315,-0.2883575636992428,0.05489674475327577,-0.3182853390296466,0.03179890174380898,0.05506441219694517,-0.016918242101368657,0.0463398457770191,3632,0.2670704845814978
Sonic R (dragon),"{""f"": 0, ""lb"": 12, ""x"": ""dragon""}",4h,0,0.0,0.2922323207809321,-0.2332291547711075,0.17312473893473435,-0.41974183659960385,0.2203754191871652,-0.41974183659960385,0.11634548265133568,0.10171150359669319,-0.03756175515538418,0.10719924574218413,1463,0.2877648667122351
Sonic R (dragon),"{""f"": 0, ""lb"": 12, ""x"": ""dragon""}",4h,0,2.5,0.2839489920767486,-0.24275275086201165,0.15595205937097245,-0.42532983375484457,0.20653072700533004,-0.42532983375484457,0.11364630686772711,0.09802513310908564,-0.036097885053610536,0.10388307326857621,1485,0.2801346801346801
Sonic R (dragon),"{""f"": 0, ""lb"": 12, ""x"": ""dragon""}",4h,1,0.0,0.08485437276357288,-0.27964406104000084,0.2951460618972488,-0.24313053619212943,0.20735901648104482,-0.27964406104000084,0.047823638423707675,0.08846654248496999,-0.01785951640964277,0.0732254534619966,925,0.2735135135135135
Sonic R (dragon),"{""f"": 0, ""lb"": 12, ""x"": ""dragon""}",4h,1,2.5,0.06752118839686672,-0.2924858242230606,0.2725886988431909,-0.24128725771848725,0.18703835441661854,-0.2924858242230606,0.044468367597979626,0.08522964618492414,-0.01713771126070989,0.06994416671481996,940,0.26595744680851063
Sonic R (dragon),"{""f"": 0, ""lb"": 12, ""x"": ""e89""}",1h,0,0.0,-0.03342204994970721,-0.39060863367280774,-0.031840391068738816,-0.5998548233071685,-0.02992843362953268,-0.5998548233071685,0.0987152914165371,0.07784614495940685,-0.05769748648242462,0.08567207488083071,6658,0.18443977170321418
Sonic R (dragon),"{""f"": 0, ""lb"": 12, ""x"": ""e89""}",1h,0,2.5,-0.03272203197728252,-0.37978961861896565,-0.046122598726660025,-0.5932754971273678,-0.038249605777180395,-0.5932754971273678,0.0956411911843908,0.07435435909441937,-0.056428400957714515,0.08233692112815866,6709,0.1824414964972425
Sonic R (dragon),"{""f"": 0, ""lb"": 12, ""x"": ""e89""}",1h,1,0.0,0.05111212212252503,-0.2824418674809599,0.14786312237620014,-0.2720348100310771,0.11091642043541183,-0.2824418674809599,0.046886740791803536,0.06166588560956883,-0.017223321205262702,0.05612370630290684,3497,0.19874177866742923
Sonic R (dragon),"{""f"": 0, ""lb"": 12, ""x"": ""e89""}",1h,1,2.5,0.05077782185930779,-0.26724843735128645,0.10848689705548109,-0.2755980762189,0.08778495747419646,-0.2755980762189,0.04449983042258007,0.05695284102756782,-0.01803611593649898,0.052282962050697414,3545,0.19492242595204515
Sonic R (dragon),"{""f"": 0, ""lb"": 12, ""x"": ""e89""}",4h,0,0.0,0.4295035518972443,-0.1973329462115322,0.22145300173476,-0.4425664085400931,0.30505416760079984,-0.4425664085400931,0.13555068549312269,0.11609936019907886,-0.03520038060990112,0.12339360718434529,1471,0.21753908905506458
Sonic R (dragon),"{""f"": 0, ""lb"": 12, ""x"": ""e89""}",4h,0,2.5,0.39751466888593234,-0.20894982984968935,0.19097092328252674,-0.4523179774533128,0.2738504986711421,-0.4523179774533128,0.1313032869526109,0.11275579886864899,-0.03503427391008712,0.1197111069001347,1489,0.2102081934184016
Sonic R (dragon),"{""f"": 0, ""lb"": 12, ""x"": ""e89""}",4h,1,0.0,0.14920126407423218,-0.23726095374081024,0.34397020429195635,-0.23845373006800996,0.26637765895816545,-0.23845373006800996,0.05943404980924358,0.10303070260686656,-0.01703786755321214,0.08668195780775793,829,0.22677925211097708
Sonic R (dragon),"{""f"": 0, ""lb"": 12, ""x"": ""e89""}",4h,1,2.5,0.12734305210625463,-0.2497598388110478,0.3089455536043133,-0.25737699940370484,0.23695529034841378,-0.25737699940370484,0.055148105479995255,0.09887322457077762,-0.016706417805900813,0.08247630491173424,847,0.21487603305785125
Sonic R (dragon),"{""f"": 0, ""lb"": 6, ""x"": ""dragon""}",1h,0,0.0,-0.11710785241458943,-0.45292965542440955,0.005889663725607175,-0.5570572214430696,-0.04102793903384927,-0.5570572214430696,0.07481767065054953,0.07400510432928521,-0.053189589049931714,0.07430981669975933,6314,0.2747861894203358
Sonic R (dragon),"{""f"": 0, ""lb"": 6, ""x"": ""dragon""}",1h,0,2.5,-0.12689033416366735,-0.45296612229213373,-0.0017932953895288817,-0.548545259792556,-0.04967069413298453,-0.548545259792556,0.0714571266166733,0.07271477930153286,-0.052126411373223755,0.07224315954471053,6407,0.2701732480099891
Sonic R (dragon),"{""f"": 0, ""lb"": 6, ""x"": ""dragon""}",1h,1,0.0,-0.02286431411853107,-0.3254254500060656,0.12967686137784362,-0.2920068032851332,0.07062047935804694,-0.3254254500060656,0.03415802454455241,0.057418279525585515,-0.016170849329876558,0.0486956839076981,3567,0.2730585926548921
Sonic R (dragon),"{""f"": 0, ""lb"": 6, ""x"": ""dragon""}",1h,1,2.5,-0.03062650061271399,-0.3182853390296466,0.10801010235102315,-0.2883575636992428,0.05489674475327577,-0.3182853390296466,0.03179890174380898,0.05506441219694517,-0.016918242101368657,0.0463398457770191,3632,0.2670704845814978
Sonic R (dragon),"{""f"": 0, ""lb"": 6, ""x"": ""dragon""}",4h,0,0.0,0.2922323207809321,-0.2332291547711075,0.17312473893473435,-0.41974183659960385,0.2203754191871652,-0.41974183659960385,0.11634548265133568,0.10171150359669319,-0.03756175515538418,0.10719924574218413,1463,0.2877648667122351
Sonic R (dragon),"{""f"": 0, ""lb"": 6, ""x"": ""dragon""}",4h,0,2.5,0.2839489920767486,-0.24275275086201165,0.15595205937097245,-0.42532983375484457,0.20653072700533004,-0.42532983375484457,0.11364630686772711,0.09802513310908564,-0.036097885053610536,0.10388307326857621,1485,0.2801346801346801
Sonic R (dragon),"{""f"": 0, ""lb"": 6, ""x"": ""dragon""}",4h,1,0.0,0.08485437276357288,-0.27964406104000084,0.2951460618972488,-0.24313053619212943,0.20735901648104482,-0.27964406104000084,0.047823638423707675,0.08846654248496999,-0.01785951640964277,0.0732254534619966,925,0.2735135135135135
Sonic R (dragon),"{""f"": 0, ""lb"": 6, ""x"": ""dragon""}",4h,1,2.5,0.06752118839686672,-0.2924858242230606,0.2725886988431909,-0.24128725771848725,0.18703835441661854,-0.2924858242230606,0.044468367597979626,0.08522964618492414,-0.01713771126070989,0.06994416671481996,940,0.26595744680851063
Sonic R (dragon),"{""f"": 0, ""lb"": 6, ""x"": ""e89""}",1h,0,0.0,-0.03342204994970721,-0.39060863367280774,-0.031840391068738816,-0.5998548233071685,-0.02992843362953268,-0.5998548233071685,0.0987152914165371,0.07784614495940685,-0.05769748648242462,0.08567207488083071,6658,0.18443977170321418
Sonic R (dragon),"{""f"": 0, ""lb"": 6, ""x"": ""e89""}",1h,0,2.5,-0.03272203197728252,-0.37978961861896565,-0.046122598726660025,-0.5932754971273678,-0.038249605777180395,-0.5932754971273678,0.0956411911843908,0.07435435909441937,-0.056428400957714515,0.08233692112815866,6709,0.1824414964972425
Sonic R (dragon),"{""f"": 0, ""lb"": 6, ""x"": ""e89""}",1h,1,0.0,0.05111212212252503,-0.2824418674809599,0.14786312237620014,-0.2720348100310771,0.11091642043541183,-0.2824418674809599,0.046886740791803536,0.06166588560956883,-0.017223321205262702,0.05612370630290684,3497,0.19874177866742923
Sonic R (dragon),"{""f"": 0, ""lb"": 6, ""x"": ""e89""}",1h,1,2.5,0.05077782185930779,-0.26724843735128645,0.10848689705548109,-0.2755980762189,0.08778495747419646,-0.2755980762189,0.04449983042258007,0.05695284102756782,-0.01803611593649898,0.052282962050697414,3545,0.19492242595204515
Sonic R (dragon),"{""f"": 0, ""lb"": 6, ""x"": ""e89""}",4h,0,0.0,0.4295035518972443,-0.1973329462115322,0.22145300173476,-0.4425664085400931,0.30505416760079984,-0.4425664085400931,0.13555068549312269,0.11609936019907886,-0.03520038060990112,0.12339360718434529,1471,0.21753908905506458
Sonic R (dragon),"{""f"": 0, ""lb"": 6, ""x"": ""e89""}",4h,0,2.5,0.39751466888593234,-0.20894982984968935,0.19097092328252674,-0.4523179774533128,0.2738504986711421,-0.4523179774533128,0.1313032869526109,0.11275579886864899,-0.03503427391008712,0.1197111069001347,1489,0.2102081934184016
Sonic R (dragon),"{""f"": 0, ""lb"": 6, ""x"": ""e89""}",4h,1,0.0,0.14920126407423218,-0.23726095374081024,0.34397020429195635,-0.23845373006800996,0.26637765895816545,-0.23845373006800996,0.05943404980924358,0.10303070260686656,-0.01703786755321214,0.08668195780775793,829,0.22677925211097708
Sonic R (dragon),"{""f"": 0, ""lb"": 6, ""x"": ""e89""}",4h,1,2.5,0.12734305210625463,-0.2497598388110478,0.3089455536043133,-0.25737699940370484,0.23695529034841378,-0.25737699940370484,0.055148105479995255,0.09887322457077762,-0.016706417805900813,0.08247630491173424,847,0.21487603305785125
Sonic R (dragon),"{""f"": 1, ""lb"": 3, ""x"": ""dragon""}",1h,0,0.0,-0.054488855611048326,-0.34751831500691743,-0.08278487555200331,-0.480082067197254,-0.0695034093058291,-0.480082067197254,0.04464025508817568,0.034044216833974204,-0.03372066481620196,0.03801773117929976,3788,0.2676874340021119
Sonic R (dragon),"{""f"": 1, ""lb"": 3, ""x"": ""dragon""}",1h,0,2.5,-0.04401514504887505,-0.3288596664299517,-0.0917017045766717,-0.48168000993807225,-0.0708462227573099,-0.48168000993807225,0.043949877456753245,0.032407934146158134,-0.03266040649298063,0.0367361628876313,3835,0.26388526727509776
Sonic R (dragon),"{""f"": 1, ""lb"": 3, ""x"": ""dragon""}",1h,1,0.0,-0.02943835851368415,-0.31463057389284554,0.020433876110492744,-0.2871931741881866,0.002327281995907704,-0.31463057389284554,0.02480490391627525,0.029656598519367867,-0.013626345644938032,0.027837213043208135,2583,0.27177700348432055
Sonic R (dragon),"{""f"": 1, ""lb"": 3, ""x"": ""dragon""}",1h,1,2.5,-0.022565442986354656,-0.2983734729618127,0.004823488083929073,-0.29522103613674777,-0.004079537223392826,-0.2983734729618127,0.02464208417667018,0.027522382003132048,-0.014019808895766914,0.02644227031820885,2626,0.2669459253617669
Sonic R (dragon),"{""f"": 1, ""lb"": 3, ""x"": ""dragon""}",4h,0,0.0,0.06345636365661522,-0.2893985963159409,0.17518840785568823,-0.22008205081235466,0.13000979105838595,-0.2893985963159409,0.04645014840342719,0.058425203615447646,-0.019013964234233252,0.05393455791093998,850,0.2752941176470588
Sonic R (dragon),"{""f"": 1, ""lb"": 3, ""x"": ""dragon""}",4h,0,2.5,0.060074930777020974,-0.28790489015348897,0.1529190986560398,-0.2252673387927574,0.11570757425983236,-0.28790489015348897,0.045467206833826795,0.055363759977367304,-0.0187104723664486,0.051652552548539614,862,0.2679814385150812
Sonic R (dragon),"{""f"": 1, ""lb"": 3, ""x"": ""dragon""}",4h,1,0.0,0.059897033435438285,-0.2342299602019613,0.15518133769829734,-0.21238272281774395,0.11694373198678765,-0.2342299602019613,0.04181399719653554,0.05028337311844953,-0.01291810197588237,0.04710735714773179,723,0.2710926694329184
Sonic R (dragon),"{""f"": 1, ""lb"": 3, ""x"": ""dragon""}",4h,1,2.5,0.05204337518250335,-0.23858441114561846,0.13382492231958953,-0.21922089532402045,0.10124205900399375,-0.23858441114561846,0.04038991361933624,0.04726988113112443,-0.012793232413768153,0.044689893314203866,735,0.26258503401360545
Sonic R (dragon),"{""f"": 1, ""lb"": 3, ""x"": ""e89""}",1h,0,0.0,0.10233170776456446,-0.2643001778101678,-0.08225950515646507,-0.4974315035300735,-0.010922358035706958,-0.4974315035300735,0.07327243180748415,0.04249912679945296,-0.036909400714419754,0.05403911617746465,3267,0.21456994184266912
Sonic R (dragon),"{""f"": 1, ""lb"": 3, ""x"": ""e89""}",1h,0,2.5,0.11500800281279311,-0.2479280069537685,-0.10259927708327199,-0.4969363960463655,-0.0196392904947289,-0.4969363960463655,0.07139056880351054,0.03870741231519591,-0.036849973612677736,0.0509635959983139,3338,0.2097064110245656
Sonic R (dragon),"{""f"": 1, ""lb"": 3, ""x"": ""e89""}",1h,1,0.0,0.051863357984661684,-0.26334679421280194,0.04685040116757189,-0.2746649143636124,0.050353196296256675,-0.2746649143636124,0.04195620928003253,0.03755795664762377,-0.017658935326259305,0.03920730138477706,2233,0.21585311240483654
Sonic R (dragon),"{""f"": 1, ""lb"": 3, ""x"": ""e89""}",1h,1,2.5,0.06698654322767306,-0.23716674662018444,0.01071728868818389,-0.2773070572206975,0.034371365404732845,-0.2773070572206975,0.041973431058813536,0.032803304123171666,-0.01820322340411138,0.036242101724037364,2288,0.2097902097902098
Sonic R (dragon),"{""f"": 1, ""lb"": 3, ""x"": ""e89""}",4h,0,0.0,0.10428538205105031,-0.273824431707302,0.19090629384945568,-0.25072981250960225,0.15923071855636772,-0.273824431707302,0.05659285132848732,0.06809341792931747,-0.019670783797743542,0.06378070545400616,707,0.24045261669024046
Sonic R (dragon),"{""f"": 1, ""lb"": 3, ""x"": ""e89""}",4h,0,2.5,0.100931437595422,-0.266879690247819,0.16010957166104767,-0.2738898176226162,0.13978651189060587,-0.2738898176226162,0.055245362584542504,0.06427751550987107,-0.019520720998911563,0.060890458162872856,723,0.22821576763485477
Sonic R (dragon),"{""f"": 1, ""lb"": 3, ""x"": ""e89""}",4h,1,0.0,0.11149443890862742,-0.20563026949409047,0.1741588838668302,-0.24156885257644456,0.1524329191474063,-0.24156885257644456,0.053447999849533225,0.05986791448201242,-0.013694245157019891,0.05746044649483272,591,0.23857868020304568
Sonic R (dragon),"{""f"": 1, ""lb"": 3, ""x"": ""e89""}",4h,1,2.5,0.10673092294639264,-0.19759425846664702,0.14040160245297817,-0.27026160955723677,0.13052006692942886,-0.27026160955723677,0.051748960517528,0.055385630590903644,-0.013539325689125581,0.054021879313387776,609,0.2233169129720854
Sonic R (dragon),"{""f"": 1, ""lb"": 6, ""x"": ""dragon""}",1h,0,0.0,-0.054488855611048326,-0.34751831500691743,-0.08278487555200331,-0.480082067197254,-0.0695034093058291,-0.480082067197254,0.04464025508817568,0.034044216833974204,-0.03372066481620196,0.03801773117929976,3788,0.2676874340021119
Sonic R (dragon),"{""f"": 1, ""lb"": 6, ""x"": ""dragon""}",1h,0,2.5,-0.04401514504887505,-0.3288596664299517,-0.0917017045766717,-0.48168000993807225,-0.0708462227573099,-0.48168000993807225,0.043949877456753245,0.032407934146158134,-0.03266040649298063,0.0367361628876313,3835,0.26388526727509776
Sonic R (dragon),"{""f"": 1, ""lb"": 6, ""x"": ""dragon""}",1h,1,0.0,-0.02943835851368415,-0.31463057389284554,0.020433876110492744,-0.2871931741881866,0.002327281995907704,-0.31463057389284554,0.02480490391627525,0.029656598519367867,-0.013626345644938032,0.027837213043208135,2583,0.27177700348432055
Sonic R (dragon),"{""f"": 1, ""lb"": 6, ""x"": ""dragon""}",1h,1,2.5,-0.022565442986354656,-0.2983734729618127,0.004823488083929073,-0.29522103613674777,-0.004079537223392826,-0.2983734729618127,0.02464208417667018,0.027522382003132048,-0.014019808895766914,0.02644227031820885,2626,0.2669459253617669
Sonic R (dragon),"{""f"": 1, ""lb"": 6, ""x"": ""dragon""}",4h,0,0.0,0.06345636365661522,-0.2893985963159409,0.17518840785568823,-0.22008205081235466,0.13000979105838595,-0.2893985963159409,0.04645014840342719,0.058425203615447646,-0.019013964234233252,0.05393455791093998,850,0.2752941176470588
Sonic R (dragon),"{""f"": 1, ""lb"": 6, ""x"": ""dragon""}",4h,0,2.5,0.060074930777020974,-0.28790489015348897,0.1529190986560398,-0.2252673387927574,0.11570757425983236,-0.28790489015348897,0.045467206833826795,0.055363759977367304,-0.0187104723664486,0.051652552548539614,862,0.2679814385150812
Sonic R (dragon),"{""f"": 1, ""lb"": 6, ""x"": ""dragon""}",4h,1,0.0,0.059897033435438285,-0.2342299602019613,0.15518133769829734,-0.21238272281774395,0.11694373198678765,-0.2342299602019613,0.04181399719653554,0.05028337311844953,-0.01291810197588237,0.04710735714773179,723,0.2710926694329184
Sonic R (dragon),"{""f"": 1, ""lb"": 6, ""x"": ""dragon""}",4h,1,2.5,0.05204337518250335,-0.23858441114561846,0.13382492231958953,-0.21922089532402045,0.10124205900399375,-0.23858441114561846,0.04038991361933624,0.04726988113112443,-0.012793232413768153,0.044689893314203866,735,0.26258503401360545
Sonic R (dragon),"{""f"": 1, ""lb"": 6, ""x"": ""e89""}",1h,0,0.0,0.10233170776456446,-0.2643001778101678,-0.08225950515646507,-0.4974315035300735,-0.010922358035706958,-0.4974315035300735,0.07327243180748415,0.04249912679945296,-0.036909400714419754,0.05403911617746465,3267,0.21456994184266912
Sonic R (dragon),"{""f"": 1, ""lb"": 6, ""x"": ""e89""}",1h,0,2.5,0.11500800281279311,-0.2479280069537685,-0.10259927708327199,-0.4969363960463655,-0.0196392904947289,-0.4969363960463655,0.07139056880351054,0.03870741231519591,-0.036849973612677736,0.0509635959983139,3338,0.2097064110245656
Sonic R (dragon),"{""f"": 1, ""lb"": 6, ""x"": ""e89""}",1h,1,0.0,0.051863357984661684,-0.26334679421280194,0.04685040116757189,-0.2746649143636124,0.050353196296256675,-0.2746649143636124,0.04195620928003253,0.03755795664762377,-0.017658935326259305,0.03920730138477706,2233,0.21585311240483654
Sonic R (dragon),"{""f"": 1, ""lb"": 6, ""x"": ""e89""}",1h,1,2.5,0.06698654322767306,-0.23716674662018444,0.01071728868818389,-0.2773070572206975,0.034371365404732845,-0.2773070572206975,0.041973431058813536,0.032803304123171666,-0.01820322340411138,0.036242101724037364,2288,0.2097902097902098
Sonic R (dragon),"{""f"": 1, ""lb"": 6, ""x"": ""e89""}",4h,0,0.0,0.10428538205105031,-0.273824431707302,0.19090629384945568,-0.25072981250960225,0.15923071855636772,-0.273824431707302,0.05659285132848732,0.06809341792931747,-0.019670783797743542,0.06378070545400616,707,0.24045261669024046
Sonic R (dragon),"{""f"": 1, ""lb"": 6, ""x"": ""e89""}",4h,0,2.5,0.100931437595422,-0.266879690247819,0.16010957166104767,-0.2738898176226162,0.13978651189060587,-0.2738898176226162,0.055245362584542504,0.06427751550987107,-0.019520720998911563,0.060890458162872856,723,0.22821576763485477
Sonic R (dragon),"{""f"": 1, ""lb"": 6, ""x"": ""e89""}",4h,1,0.0,0.11149443890862742,-0.20563026949409047,0.1741588838668302,-0.24156885257644456,0.1524329191474063,-0.24156885257644456,0.053447999849533225,0.05986791448201242,-0.013694245157019891,0.05746044649483272,591,0.23857868020304568
Sonic R (dragon),"{""f"": 1, ""lb"": 6, ""x"": ""e89""}",4h,1,2.5,0.10673092294639264,-0.19759425846664702,0.14040160245297817,-0.27026160955723677,0.13052006692942886,-0.27026160955723677,0.051748960517528,0.055385630590903644,-0.013539325689125581,0.054021879313387776,609,0.2233169129720854
EMA cross,"{""f"": 9, ""s"": 50}",1h,0,0.0,-0.13813477611103797,-0.5348990235183582,-0.017236358548948782,-0.6393036444316051,-0.06301110204606841,-0.6393036444316051,0.10481962376958312,0.09775522840502614,-0.08807512687452307,0.100404376666735,5693,0.24837519761110136
EMA cross,"{""f"": 9, ""s"": 50}",1h,0,2.5,-0.15179368392779913,-0.5208042769752732,-0.07639531946469436,-0.6269642231764172,-0.10297939020785396,-0.6269642231764172,0.09608694790226516,0.08219152351278947,-0.0836970572822332,0.08740230765884284,5694,0.23656480505795574
EMA cross,"{""f"": 9, ""s"": 50}",1h,1,0.0,0.047116295322825685,-0.3034273168048519,0.13672147118181166,-0.3198049293734262,0.10521559352894672,-0.3198049293734262,0.04399653184542321,0.07854115553706524,-0.03180677225236994,0.06558692165269947,2792,0.2492836676217765
EMA cross,"{""f"": 9, ""s"": 50}",1h,1,2.5,-0.005543256283065401,-0.3121370392829663,0.05691158963853016,-0.3472185664668198,0.036418698046699394,-0.3472185664668198,0.035346363700484905,0.06371793361445267,-0.02994574200770951,0.05307859489671476,2793,0.23272466881489437
EMA cross,"{""f"": 9, ""s"": 50}",4h,0,0.0,0.33906021066120484,-0.33805993173909177,0.042113738005412626,-0.6254525457520266,0.15422038463992416,-0.6254525457520266,0.15120269461926852,0.12119407886773755,-0.06326964391331089,0.13244730977456168,1400,0.24785714285714286
EMA cross,"{""f"": 9, ""s"": 50}",4h,0,2.5,0.3437454510840201,-0.31437746562603097,0.07769293308325564,-0.5830892303098547,0.1793198758083907,-0.5830892303098547,0.14936558515751877,0.11874033769853883,-0.05759871179194648,0.1302248054956563,1400,0.2392857142857143
EMA cross,"{""f"": 9, ""s"": 50}",4h,1,0.0,0.16814374863004367,-0.17763534243132606,0.33105430292273064,-0.28853599752641745,0.26541375205013606,-0.28853599752641745,0.05738006092462333,0.10903889125710559,-0.022006617537945923,0.08966682988242475,684,0.260233918128655
EMA cross,"{""f"": 9, ""s"": 50}",4h,1,2.5,0.14509283620203473,-0.16688056684772745,0.33426287663691134,-0.27633257537223543,0.2571721396985036,-0.27633257537223543,0.056332930568467304,0.10642818541492903,-0.01977010595799765,0.08764246484750589,684,0.24853801169590642
EMA cross,"{""f"": 9, ""s"": 100}",1h,0,0.0,0.07405360337291467,-0.4377188311117217,0.027734410547863186,-0.6352057691385266,0.04833423277566795,-0.6352057691385266,0.13351131495356977,0.10110838771701887,-0.07013634332622057,0.11325948543072546,3846,0.22568902756110246
EMA cross,"{""f"": 9, ""s"": 100}",1h,0,2.5,0.09790972868239933,-0.411224240425453,0.009452006910105393,-0.6071559722663734,0.04627947138445698,-0.6071559722663734,0.12741896877793382,0.08814477273651157,-0.06465906128799268,0.10287259625204492,3849,0.21044427123928294
EMA cross,"{""f"": 9, ""s"": 100}",1h,1,0.0,0.1458952576418786,-0.1888122587230976,0.18398504009623928,-0.2621081319240057,0.17106731164049038,-0.2621081319240057,0.056361132077172145,0.08069112274639169,-0.020839929169594575,0.07156737624543436,1912,0.23640167364016737
EMA cross,"{""f"": 9, ""s"": 100}",1h,1,2.5,0.11859411483544391,-0.21059595618481308,0.1442211819621977,-0.2578900109734913,0.1363210924510052,-0.2578900109734913,0.05099213201094724,0.06870408725122781,-0.018822709517863932,0.06206210403612259,1915,0.21618798955613577
EMA cross,"{""f"": 9, ""s"": 100}",4h,0,0.0,0.3231113509040806,-0.33916201085266195,0.09563004559156685,-0.5423175556681784,0.18734630437676136,-0.5423175556681784,0.14675116510311803,0.11701276509243733,-0.05279428762619445,0.12816466509644261,924,0.22402597402597402
EMA cross,"{""f"": 9, ""s"": 100}",4h,0,2.5,0.292067721730898,-0.3030831782625141,0.0953362962035964,-0.5343535598987326,0.1759279650801604,-0.5343535598987326,0.13289561566900954,0.11039756228818046,-0.04798209650522149,0.11883433230599134,924,0.20995670995670995
EMA cross,"{""f"": 9, ""s"": 100}",4h,1,0.0,0.17992458859991922,-0.17822943086403753,0.2718131221640694,-0.36098770594478147,0.23798110623600488,-0.36098770594478147,0.054787848941909544,0.10516807847745534,-0.019491212600779385,0.08627549240162567,467,0.22698072805139186
EMA cross,"{""f"": 9, ""s"": 100}",4h,1,2.5,0.16883712999987677,-0.17057148750655893,0.25976140089405875,-0.346442412670807,0.22629622587055653,-0.346442412670807,0.054530286604796516,0.09975123499935204,-0.016788661153234803,0.0827933793513937,467,0.21627408993576017
Sonic R (dragon),"{""f"": 1, ""lb"": 12, ""x"": ""dragon""}",1h,0,0.0,-0.054488855611048326,-0.34751831500691743,-0.08278487555200331,-0.480082067197254,-0.0695034093058291,-0.480082067197254,0.04464025508817568,0.034044216833974204,-0.03372066481620196,0.03801773117929976,3788,0.2676874340021119
Sonic R (dragon),"{""f"": 1, ""lb"": 12, ""x"": ""dragon""}",1h,0,2.5,-0.04401514504887505,-0.3288596664299517,-0.0917017045766717,-0.48168000993807225,-0.0708462227573099,-0.48168000993807225,0.043949877456753245,0.032407934146158134,-0.03266040649298063,0.0367361628876313,3835,0.26388526727509776
Sonic R (dragon),"{""f"": 1, ""lb"": 12, ""x"": ""dragon""}",1h,1,0.0,-0.02943835851368415,-0.31463057389284554,0.020433876110492744,-0.2871931741881866,0.002327281995907704,-0.31463057389284554,0.02480490391627525,0.029656598519367867,-0.013626345644938032,0.027837213043208135,2583,0.27177700348432055
Sonic R (dragon),"{""f"": 1, ""lb"": 12, ""x"": ""dragon""}",1h,1,2.5,-0.022565442986354656,-0.2983734729618127,0.004823488083929073,-0.29522103613674777,-0.004079537223392826,-0.2983734729618127,0.02464208417667018,0.027522382003132048,-0.014019808895766914,0.02644227031820885,2626,0.2669459253617669
Sonic R (dragon),"{""f"": 1, ""lb"": 12, ""x"": ""dragon""}",4h,0,0.0,0.06345636365661522,-0.2893985963159409,0.17518840785568823,-0.22008205081235466,0.13000979105838595,-0.2893985963159409,0.04645014840342719,0.058425203615447646,-0.019013964234233252,0.05393455791093998,850,0.2752941176470588
Sonic R (dragon),"{""f"": 1, ""lb"": 12, ""x"": ""dragon""}",4h,0,2.5,0.060074930777020974,-0.28790489015348897,0.1529190986560398,-0.2252673387927574,0.11570757425983236,-0.28790489015348897,0.045467206833826795,0.055363759977367304,-0.0187104723664486,0.051652552548539614,862,0.2679814385150812
Sonic R (dragon),"{""f"": 1, ""lb"": 12, ""x"": ""dragon""}",4h,1,0.0,0.059897033435438285,-0.2342299602019613,0.15518133769829734,-0.21238272281774395,0.11694373198678765,-0.2342299602019613,0.04181399719653554,0.05028337311844953,-0.01291810197588237,0.04710735714773179,723,0.2710926694329184
Sonic R (dragon),"{""f"": 1, ""lb"": 12, ""x"": ""dragon""}",4h,1,2.5,0.05204337518250335,-0.23858441114561846,0.13382492231958953,-0.21922089532402045,0.10124205900399375,-0.23858441114561846,0.04038991361933624,0.04726988113112443,-0.012793232413768153,0.044689893314203866,735,0.26258503401360545
Sonic R (dragon),"{""f"": 1, ""lb"": 12, ""x"": ""e89""}",1h,0,0.0,0.10233170776456446,-0.2643001778101678,-0.08225950515646507,-0.4974315035300735,-0.010922358035706958,-0.4974315035300735,0.07327243180748415,0.04249912679945296,-0.036909400714419754,0.05403911617746465,3267,0.21456994184266912
Sonic R (dragon),"{""f"": 1, ""lb"": 12, ""x"": ""e89""}",1h,0,2.5,0.11500800281279311,-0.2479280069537685,-0.10259927708327199,-0.4969363960463655,-0.0196392904947289,-0.4969363960463655,0.07139056880351054,0.03870741231519591,-0.036849973612677736,0.0509635959983139,3338,0.2097064110245656
Sonic R (dragon),"{""f"": 1, ""lb"": 12, ""x"": ""e89""}",1h,1,0.0,0.051863357984661684,-0.26334679421280194,0.04685040116757189,-0.2746649143636124,0.050353196296256675,-0.2746649143636124,0.04195620928003253,0.03755795664762377,-0.017658935326259305,0.03920730138477706,2233,0.21585311240483654
Sonic R (dragon),"{""f"": 1, ""lb"": 12, ""x"": ""e89""}",1h,1,2.5,0.06698654322767306,-0.23716674662018444,0.01071728868818389,-0.2773070572206975,0.034371365404732845,-0.2773070572206975,0.041973431058813536,0.032803304123171666,-0.01820322340411138,0.036242101724037364,2288,0.2097902097902098
Sonic R (dragon),"{""f"": 1, ""lb"": 12, ""x"": ""e89""}",4h,0,0.0,0.10428538205105031,-0.273824431707302,0.19090629384945568,-0.25072981250960225,0.15923071855636772,-0.273824431707302,0.05659285132848732,0.06809341792931747,-0.019670783797743542,0.06378070545400616,707,0.24045261669024046
Sonic R (dragon),"{""f"": 1, ""lb"": 12, ""x"": ""e89""}",4h,0,2.5,0.100931437595422,-0.266879690247819,0.16010957166104767,-0.2738898176226162,0.13978651189060587,-0.2738898176226162,0.055245362584542504,0.06427751550987107,-0.019520720998911563,0.060890458162872856,723,0.22821576763485477
Sonic R (dragon),"{""f"": 1, ""lb"": 12, ""x"": ""e89""}",4h,1,0.0,0.11149443890862742,-0.20563026949409047,0.1741588838668302,-0.24156885257644456,0.1524329191474063,-0.24156885257644456,0.053447999849533225,0.05986791448201242,-0.013694245157019891,0.05746044649483272,591,0.23857868020304568
Sonic R (dragon),"{""f"": 1, ""lb"": 12, ""x"": ""e89""}",4h,1,2.5,0.10673092294639264,-0.19759425846664702,0.14040160245297817,-0.27026160955723677,0.13052006692942886,-0.27026160955723677,0.051748960517528,0.055385630590903644,-0.013539325689125581,0.054021879313387776,609,0.2233169129720854
EMA cross,"{""f"": 9, ""s"": 200}",1h,0,0.0,0.17402026565625195,-0.3858761159832257,0.02468450846212078,-0.6328828545875018,0.08418686070442893,-0.6328828545875018,0.14088370441119452,0.11358342016298453,-0.06729966313994099,0.12382102675606328,2689,0.20081814801041278
EMA cross,"{""f"": 9, ""s"": 200}",1h,0,2.5,0.25034891096428935,-0.325042710921121,0.057097522342342666,-0.5798366740370682,0.13282874686922064,-0.5798366740370682,0.13378876026112765,0.10714465883526413,-0.058464959784496146,0.11713619686996295,2689,0.1814801041279286
EMA cross,"{""f"": 9, ""s"": 200}",1h,1,0.0,0.10665553098696434,-0.21653466943386912,0.289339783445532,-0.25723224419698876,0.21511011392419221,-0.25723224419698876,0.05165788552104708,0.09986959566346122,-0.021488703007638138,0.08179020436005592,1314,0.2054794520547945
EMA cross,"{""f"": 9, ""s"": 200}",1h,1,2.5,0.10492603217294105,-0.21939302625398782,0.2763499785751342,-0.24397781980740807,0.20702592991003455,-0.24397781980740807,0.04792796898980621,0.09438152195822427,-0.020716436172661667,0.0769614395950675,1314,0.1796042617960426
EMA cross,"{""f"": 9, ""s"": 200}",4h,0,0.0,0.21161535836655387,-0.3802851669958338,0.14762050198405796,-0.4503537891991304,0.18264733819959988,-0.4503537891991304,0.13175179088036015,0.11808200015425634,-0.051539111556445374,0.12320817167654526,609,0.20361247947454844
EMA cross,"{""f"": 9, ""s"": 200}",4h,0,2.5,0.22441990763007746,-0.35453174902588624,0.154044764164053,-0.43509282670164506,0.1916369612336748,-0.43509282670164506,0.13039750393339483,0.11138955799811306,-0.04547148204326244,0.11851753772384373,610,0.1901639344262295
EMA cross,"{""f"": 9, ""s"": 200}",4h,1,0.0,0.15019450330315398,-0.22065820110819623,0.24318116446024396,-0.306266748866016,0.2118854603072824,-0.306266748866016,0.05587900120943888,0.0975702921373253,-0.021974735777572016,0.08193605803936789,341,0.2404692082111437
EMA cross,"{""f"": 9, ""s"": 200}",4h,1,2.5,0.11646188348028175,-0.25791910634423454,0.22947436953224298,-0.28276118662143424,0.18962884415885228,-0.28276118662143424,0.05358894029481778,0.09255443106857723,-0.019764710086924535,0.07794237202841743,341,0.21700879765395895
EMA cross,"{""f"": 12, ""s"": 50}",1h,0,0.0,-0.0789050148601993,-0.4855340318732695,-0.015253691547870152,-0.6475015933257431,-0.03699463609431919,-0.6475015933257431,0.11310476908856544,0.09900202896206399,-0.08330250558046776,0.10429055650950204,4944,0.2562702265372168
EMA cross,"{""f"": 12, ""s"": 50}",1h,0,2.5,-0.09930182273956156,-0.46028531527682215,-0.04634438639684668,-0.6259275409097251,-0.06375759873891407,-0.6259275409097251,0.1015984100374982,0.09053312361277406,-0.07885743934647185,0.0946826060220456,4946,0.2383744439951476
EMA cross,"{""f"": 12, ""s"": 50}",1h,1,0.0,0.05619451142033549,-0.2965697947797441,0.1368865774279846,-0.28834818254196803,0.10866973153187964,-0.2965697947797441,0.04602244177133266,0.07958228993200649,-0.029341976916508472,0.06699734687175381,2431,0.25668449197860965
EMA cross,"{""f"": 12, ""s"": 50}",1h,1,2.5,-0.0017301394713327145,-0.3048789048263735,0.09326217987635865,-0.3187042749262571,0.058806213664140516,-0.3187042749262571,0.036201470854662174,0.07250676454041807,-0.027969213127505298,0.05889227940825959,2433,0.23304562268803947
EMA cross,"{""f"": 12, ""s"": 50}",4h,0,0.0,0.33915312763088457,-0.33604151639692936,0.02081356088154962,-0.6493050559600497,0.14013492851960074,-0.6493050559600497,0.1524294536642373,0.1207916243439293,-0.06450931717521977,0.1326558103390448,1214,0.26688632619439867
EMA cross,"{""f"": 12, ""s"": 50}",4h,0,2.5,0.3339776540652799,-0.3235645939970879,0.06393450672937506,-0.6005928900931343,0.1669418780541223,-0.6005928900931343,0.14929693879163752,0.11728425460117668,-0.05809050063380199,0.1292890111725995,1214,0.257001647446458
EMA cross,"{""f"": 12, ""s"": 50}",4h,1,0.0,0.1848729438038077,-0.17529954782969948,0.3284231002686617,-0.3030501790471789,0.271213487065324,-0.3030501790471789,0.06316558021013194,0.10939278706806463,-0.021504371200615345,0.09205758449633987,586,0.27986348122866894
EMA cross,"{""f"": 12, ""s"": 50}",4h,1,2.5,0.1610111651354711,-0.16828167381943548,0.34776551466846994,-0.280400922816357,0.2718729423776991,-0.280400922816357,0.062300381323234046,0.10714983021897852,-0.01906043041458646,0.09033128688307433,586,0.2696245733788396
EMA cross,"{""f"": 12, ""s"": 100}",1h,0,0.0,0.12478147020685237,-0.42254192531079227,0.009887913167255347,-0.651627740376227,0.056626993210782794,-0.651627740376227,0.1379970603393315,0.10227084610872525,-0.06961467657098361,0.11566817644520261,3373,0.23925289060183813
EMA cross,"{""f"": 12, ""s"": 100}",1h,0,2.5,0.10986093368890093,-0.4014491524439763,0.013132006965609566,-0.6279846719944173,0.05303481976399427,-0.6279846719944173,0.12203603208149633,0.09945102837067393,-0.06206191153729163,0.10792040476223234,3375,0.2180740740740741
EMA cross,"{""f"": 12, ""s"": 100}",1h,1,0.0,0.15520091667125002,-0.18142825513045469,0.1970196850079664,-0.26476245530109577,0.1824841987670205,-0.26476245530109577,0.056154594603978966,0.08465620237687027,-0.021119970482604437,0.07396809946203603,1654,0.25211608222490933
EMA cross,"{""f"": 12, ""s"": 100}",1h,1,2.5,0.11878312584741724,-0.1978300408522634,0.1902095044839507,-0.2518837400260253,0.1634572224917905,-0.2518837400260253,0.04984736215444389,0.08257455407717698,-0.019204957280189408,0.0703018571061521,1656,0.2252415458937198
EMA cross,"{""f"": 12, ""s"": 100}",4h,0,0.0,0.28923007099139597,-0.3648275896996811,0.11940387024060217,-0.5067894843101681,0.19027774694538002,-0.5067894843101681,0.14320569079813364,0.11685275393644501,-0.05097645422837397,0.12673510525957823,787,0.25158831003811943
EMA cross,"{""f"": 12, ""s"": 100}",4h,0,2.5,0.2619551364721122,-0.30338300370345783,0.11572504677223416,-0.4968537313689939,0.17782758470572468,-0.4968537313689939,0.12722572394332687,0.10641241927269389,-0.044507701416560616,0.11421740852418127,787,0.22998729351969505
EMA cross,"{""f"": 12, ""s"": 100}",4h,1,0.0,0.20236337703050156,-0.18471235573902633,0.2833424572418326,-0.33270780067807126,0.25409622701231194,-0.33270780067807126,0.0579496409672852,0.10577093546190008,-0.018548586258899775,0.08783795002641952,387,0.26356589147286824
EMA cross,"{""f"": 12, ""s"": 100}",4h,1,2.5,0.20051844015937847,-0.166008034249435,0.27641899679311477,-0.32893676557532414,0.24928977456787993,-0.32893676557532414,0.058504981845045205,0.0987496166605513,-0.014737654728626953,0.0836578786047365,387,0.24806201550387597
EMA cross,"{""f"": 12, ""s"": 200}",1h,0,0.0,0.19323989147511678,-0.38575344919204935,0.02920866514547016,-0.6267068544800153,0.09403466933701998,-0.6267068544800153,0.14147762040704856,0.11433555082681156,-0.06565204950086465,0.12451382691940042,2331,0.21535821535821537
EMA cross,"{""f"": 12, ""s"": 200}",1h,0,2.5,0.16828753004285724,-0.35933977246464144,0.06924064358523863,-0.5576001545629715,0.1098862981893376,-0.5576001545629715,0.12172147663043617,0.10535399751892918,-0.05378653280897015,0.1114918021857443,2332,0.18696397941680962
EMA cross,"{""f"": 12, ""s"": 200}",1h,1,0.0,0.1207594309932285,-0.213842775171184,0.28362042505691565,-0.24557883694953775,0.21791819069389406,-0.24557883694953775,0.05487659242097977,0.1002859480796466,-0.021780583637299275,0.08325743970764653,1128,0.2127659574468085
EMA cross,"{""f"": 12, ""s"": 200}",1h,1,2.5,0.07760583210189331,-0.2588341962822902,0.26812583411652136,-0.2093239967479289,0.1902120875653872,-0.2588341962822902,0.04692020770165087,0.09273171471135884,-0.019817633265210424,0.07555239958271832,1129,0.18069087688219662
EMA cross,"{""f"": 12, ""s"": 200}",4h,0,0.0,0.21419340544457044,-0.3893986709078404,0.12419455115967071,-0.4627164512277352,0.16957491385452284,-0.4627164512277352,0.13363722954262997,0.11653268163254797,-0.05397849990970431,0.12294688709882873,535,0.2261682242990654
EMA cross,"{""f"": 12, ""s"": 200}",4h,0,2.5,0.2115328862877961,-0.3494799724861065,0.11182564025200348,-0.46344890999313304,0.16082946633034423,-0.46344890999313304,0.13031521139165209,0.10551255374092655,-0.04889608316921047,0.11481355035994863,537,0.19925512104283055
EMA cross,"{""f"": 12, ""s"": 200}",4h,1,0.0,0.16979192733892967,-0.21336604598790943,0.264462294734777,-0.3120770084684038,0.2330679398518407,-0.3120770084684038,0.057707297983855654,0.1092336993892487,-0.022145174221650063,0.0899112988622263,303,0.2607260726072607
EMA cross,"{""f"": 12, ""s"": 200}",4h,1,2.5,0.12971223894252404,-0.23477174195929318,0.24493742686054865,-0.2994428920146256,0.2046981520847635,-0.2994428920146256,0.051330382634082565,0.1021422745294414,-0.019978979081252957,0.08308781506868183,303,0.22442244224422442
EMA cross,"{""f"": 21, ""s"": 50}",1h,0,0.0,0.1173069190476348,-0.3732112025901976,0.023009038436254015,-0.6432860707420299,0.06300435706970653,-0.6432860707420299,0.1319384590327887,0.09799110529032003,-0.06728591240490818,0.1107213629437458,3727,0.275825060370271
EMA cross,"{""f"": 21, ""s"": 50}",1h,0,2.5,0.08250736494504829,-0.34028856078472214,0.004758892655017943,-0.6168778715787113,0.03737122953922145,-0.6168778715787113,0.11442010289140647,0.08730800165991702,-0.06140231750550546,0.09747503962172556,3728,0.24570815450643776
EMA cross,"{""f"": 21, ""s"": 50}",1h,1,0.0,0.15207435383680612,-0.20586058921118844,0.18408567825142375,-0.283356598105023,0.17465550398976237,-0.283356598105023,0.05589526553255929,0.08010292530834708,-0.022467395400147937,0.07102505289242665,1810,0.28895027624309394
EMA cross,"{""f"": 21, ""s"": 50}",1h,1,2.5,0.09147724252561718,-0.22013390302334823,0.1614176427051237,-0.2786419846302177,0.13519872585098947,-0.2786419846302177,0.04562419381307411,0.07207661165487206,-0.020913906345791135,0.06215695496419782,1811,0.2506902263942573
EMA cross,"{""f"": 21, ""s"": 50}",4h,0,0.0,0.2521399044770172,-0.3690390974247675,0.04065043599544116,-0.5871370127547676,0.12459524358242402,-0.5871370127547676,0.13693873598360945,0.11999141667263843,-0.06550382629946835,0.12634666141425255,923,0.26327193932827736
EMA cross,"{""f"": 21, ""s"": 50}",4h,0,2.5,0.19513453530864333,-0.37546516407372366,0.055064416377713865,-0.5624506000309459,0.11295204033603645,-0.5624506000309459,0.12558665477804176,0.10468117753163243,-0.056004126460382816,0.11252073149903592,923,0.23943661971830985
EMA cross,"{""f"": 21, ""s"": 50}",4h,1,0.0,0.16606073403701638,-0.1901297864908572,0.2842706021449375,-0.3291484608401334,0.23979756904495653,-0.3291484608401334,0.057468526179041274,0.10529549444277005,-0.021909692444662454,0.08736038134387177,437,0.2768878718535469
EMA cross,"{""f"": 21, ""s"": 50}",4h,1,2.5,0.13576229862113087,-0.1890578398407896,0.24949575012771885,-0.2996436710786706,0.2067893666154066,-0.2996436710786706,0.05293256320774885,0.09083573054458695,-0.017654168274419124,0.07662204279327266,437,0.2494279176201373
EMA cross,"{""f"": 21, ""s"": 100}",1h,0,0.0,0.12595165250534412,-0.42351079029331284,0.007563339445551653,-0.6540636795657896,0.05481122149881856,-0.6540636795657896,0.1374913251406157,0.10685033525192836,-0.06783686559780383,0.11834070646018612,2588,0.2534775888717156
EMA cross,"{""f"": 21, ""s"": 100}",1h,0,2.5,0.01809611092679142,-0.40173180817568943,0.031535482320180774,-0.5857868946317895,0.02752040325043348,-0.5857868946317895,0.0976101338214474,0.09048493952477317,-0.05534564862247828,0.09315688738602601,2589,0.21398223252220935
EMA cross,"{""f"": 21, ""s"": 100}",1h,1,0.0,0.12478927898915848,-0.19463597828321433,0.1951246624866283,-0.2564518027343744,0.16793240863037218,-0.2564518027343744,0.049630409356830905,0.08858744773306335,-0.02054457839713037,0.07397855834197618,1253,0.2601755786113328
EMA cross,"{""f"": 21, ""s"": 100}",1h,1,2.5,0.008515669357923361,-0.20269044827317106,0.2024216637852141,-0.23253222447001365,0.12210867127165392,-0.23253222447001365,0.02708120609390087,0.07906851573578529,-0.017539702864067974,0.059573274620078616,1254,0.22009569377990432
EMA cross,"{""f"": 21, ""s"": 100}",4h,0,0.0,0.2550631220078359,-0.38839725367193545,0.11820722619393598,-0.4743650223701483,0.17745196833077048,-0.4743650223701483,0.13950796035691196,0.11564914632253741,-0.05290455887670255,0.12459620158542788,607,0.2553542009884679
EMA cross,"{""f"": 21, ""s"": 100}",4h,0,2.5,0.2623568042919311,-0.3244987100675695,0.1078064222466979,-0.44782150178649704,0.17247990766706622,-0.44782150178649704,0.13135705350867646,0.09201405641866466,-0.0430251687934164,0.10676768032741908,608,0.21875
EMA cross,"{""f"": 21, ""s"": 100}",4h,1,0.0,0.22098685098389503,-0.19159571335069403,0.3234725284041018,-0.274374828460055,0.2860524277017209,-0.274374828460055,0.06390757178085171,0.10835585786888499,-0.01999522109700181,0.09168775058587252,305,0.2819672131147541
EMA cross,"{""f"": 21, ""s"": 100}",4h,1,2.5,0.20109570408400845,-0.1653654961733534,0.27103787943168123,-0.24795028118940987,0.24585577657083357,-0.24795028118940987,0.05934876879158778,0.08822703893893633,-0.013694790765297574,0.07739768763368061,305,0.23934426229508196
EMA cross,"{""f"": 21, ""s"": 200}",1h,0,0.0,0.26064890391165907,-0.3764770092706827,0.034587976791901065,-0.6174129935640611,0.1223918753169082,-0.6174129935640611,0.1424926491935824,0.11904678693054514,-0.0666138360254889,0.12783898527918414,1803,0.2257348863006101
EMA cross,"{""f"": 21, ""s"": 200}",1h,0,2.5,0.3006742602013861,-0.2896298871671693,0.05500598333510043,-0.5430584525379551,0.1495969752734847,-0.5430584525379551,0.12400701590545347,0.0990890718929355,-0.04738357235777203,0.10843330089762974,1804,0.17849223946784923
EMA cross,"{""f"": 21, ""s"": 200}",1h,1,0.0,0.14955400228599847,-0.17533684754028944,0.3139312871375859,-0.2264538819617019,0.24826086131061698,-0.2264538819617019,0.051283979102169565,0.10490025039918391,-0.019659876745022488,0.08479414866280353,863,0.23290845886442643
EMA cross,"{""f"": 21, ""s"": 200}",1h,1,2.5,0.1139214749796007,-0.18534746043140937,0.2723782572135647,-0.20347082554206686,0.20879508635416077,-0.20347082554206686,0.04651407924820947,0.08916418222130926,-0.01508406624469056,0.07317039360639684,864,0.18171296296296297
EMA cross,"{""f"": 21, ""s"": 200}",4h,0,0.0,0.18869434564325882,-0.409422576725587,0.09810284159559979,-0.4973238314716454,0.14413402530391184,-0.4973238314716454,0.13087068792528542,0.11656487661206436,-0.05911551261595246,0.12192955585452227,416,0.23557692307692307
EMA cross,"{""f"": 21, ""s"": 200}",4h,0,2.5,0.182785144351703,-0.32125337152336697,0.09471227273749006,-0.4585476899086226,0.13793321526275415,-0.4585476899086226,0.1120819186788764,0.09366229904801063,-0.0445311112818798,0.10056965640958528,420,0.19285714285714287
EMA cross,"{""f"": 21, ""s"": 200}",4h,1,0.0,0.17379985600053072,-0.20150734505096368,0.23509529699813547,-0.3256112318252319,0.21820001783708975,-0.3256112318252319,0.05959040102946641,0.10859205633737999,-0.02383921820678115,0.09021643559691239,232,0.2974137931034483
EMA cross,"{""f"": 21, ""s"": 200}",4h,1,2.5,0.08805443887459763,-0.19776583438069928,0.2341707415854155,-0.311268369891915,0.17934483401331058,-0.311268369891915,0.039114660434920547,0.0940895573988514,-0.017706954676956335,0.07347397103737734,233,0.2446351931330472
EMA cross,"{""f"": 50, ""s"": 50}",1h,0,0.0,0.0,0.0,0.0,0.0,0.0,0.0,0.0,0.0,0.0,0.0,0,0.0
EMA cross,"{""f"": 50, ""s"": 50}",1h,0,2.5,0.0,0.0,0.0,0.0,0.0,0.0,0.0,0.0,0.0,0.0,0,0.0
EMA cross,"{""f"": 50, ""s"": 50}",1h,1,0.0,0.0,0.0,0.0,0.0,0.0,0.0,0.0,0.0,0.0,0.0,0,0.0
EMA cross,"{""f"": 50, ""s"": 50}",1h,1,2.5,0.0,0.0,0.0,0.0,0.0,0.0,0.0,0.0,0.0,0.0,0,0.0
EMA cross,"{""f"": 50, ""s"": 50}",4h,0,0.0,0.0,0.0,0.0,0.0,0.0,0.0,0.0,0.0,0.0,0.0,0,0.0
EMA cross,"{""f"": 50, ""s"": 50}",4h,0,2.5,0.0,0.0,0.0,0.0,0.0,0.0,0.0,0.0,0.0,0.0,0,0.0
EMA cross,"{""f"": 50, ""s"": 50}",4h,1,0.0,0.0,0.0,0.0,0.0,0.0,0.0,0.0,0.0,0.0,0.0,0,0.0
EMA cross,"{""f"": 50, ""s"": 50}",4h,1,2.5,0.0,0.0,0.0,0.0,0.0,0.0,0.0,0.0,0.0,0.0,0,0.0
EMA cross,"{""f"": 50, ""s"": 100}",1h,0,0.0,0.17872596679905617,-0.4380553861376608,-0.00726212229772405,-0.6815323162208169,0.0641955926942559,-0.6815323162208169,0.1394602973059279,0.12234025943107066,-0.07456665386603334,0.1287602736341421,1743,0.26391279403327594
EMA cross,"{""f"": 50, ""s"": 100}",1h,0,2.5,0.14750291023139117,-0.3659414252551212,0.028870995199299143,-0.5365979519758042,0.07561750615374896,-0.5365979519758042,0.09437248996328465,0.0856610526290553,-0.046024900986478684,0.08892784162939131,1744,0.19438073394495411
EMA cross,"{""f"": 50, ""s"": 100}",1h,1,0.0,0.1723821733646591,-0.19914703212911233,0.2827889352681421,-0.2845271423958734,0.23817692456751272,-0.2845271423958734,0.05785103987733198,0.1059374461790372,-0.024610135415154756,0.08790504381589774,817,0.2741738066095471
EMA cross,"{""f"": 50, ""s"": 100}",1h,1,2.5,0.15054707637962617,-0.1635074100874756,0.19891402537308545,-0.18980764376089787,0.18010076386405593,-0.18980764376089787,0.04538584888681009,0.07633955097157417,-0.016179639630927445,0.06473191268978763,818,0.20048899755501223
EMA cross,"{""f"": 50, ""s"": 100}",4h,0,0.0,0.15756050143617784,-0.4417874630722576,0.08431500380083734,-0.5179642120999766,0.12285994948021628,-0.5179642120999766,0.13753672101931336,0.11427888401064236,-0.06319776366064722,0.12300057288889399,409,0.2567237163814181
EMA cross,"{""f"": 50, ""s"": 100}",4h,0,2.5,0.2385458338881501,-0.28498940529329664,0.09848296574621207,-0.444253953809022,0.16037800823848647,-0.444253953809022,0.11701718360714199,0.08823854127167019,-0.04122866642815419,0.09903053214747214,413,0.20581113801452786
EMA cross,"{""f"": 50, ""s"": 100}",4h,1,0.0,0.20798489924548869,-0.18521047142719815,0.28050299050402727,-0.31984417070673377,0.258491826937971,-0.31984417070673377,0.06487572099368763,0.10667095486996475,-0.02213390909406248,0.09099774216636082,209,0.33014354066985646
EMA cross,"{""f"": 50, ""s"": 100}",4h,1,2.5,0.10909833225391008,-0.19145259914499724,0.24647567647406254,-0.2693757530224442,0.19433883785130068,-0.2693757530224442,0.03963432718140839,0.0843726085478187,-0.014491339700131257,0.06759575303541483,211,0.24170616113744076
EMA cross,"{""f"": 50, ""s"": 200}",1h,0,0.0,0.33507933039827376,-0.32581109904484695,-0.018481666393436735,-0.667873340366892,0.11245949901673158,-0.667873340366892,0.146868401858513,0.11745831086231269,-0.06464199997790557,0.1284870949858878,1192,0.2651006711409396
EMA cross,"{""f"": 50, ""s"": 200}",1h,0,2.5,0.166887690264228,-0.2745375982887054,0.07424263973354783,-0.5565742093193409,0.11096306835159853,-0.5565742093193409,0.08223312162121893,0.08688741577830217,-0.033762331043906225,0.08514205546939596,1194,0.18090452261306533
EMA cross,"{""f"": 50, ""s"": 200}",1h,1,0.0,0.20156335000521497,-0.16394086222908,0.2827976875304774,-0.3264773205071755,0.2520674796259996,-0.3264773205071755,0.06274156151348438,0.10679386112398472,-0.02193050287570921,0.0902742487700471,574,0.28222996515679444
EMA cross,"{""f"": 50, ""s"": 200}",1h,1,2.5,0.11088608145099199,-0.12001060647780049,0.24822264992100407,-0.27937803661758986,0.1918181331460207,-0.27937803661758986,0.03906744035937742,0.08005163123705573,-0.010762000894683037,0.06468255965792637,576,0.1840277777777778
EMA cross,"{""f"": 50, ""s"": 200}",4h,0,0.0,0.0921872811660891,-0.4654757502630833,0.16230266570962848,-0.4407603430078678,0.14433479219404677,-0.4654757502630833,0.11367841323205753,0.1191333943070613,-0.06104596711476546,0.1170877764039349,270,0.25925925925925924
EMA cross,"{""f"": 50, ""s"": 200}",4h,0,2.5,0.18191294907094213,-0.29992604698472436,0.16168558333331706,-0.3562584484582736,0.1788254059178127,-0.3562584484582736,0.0912674281102696,0.08804252285476563,-0.03532758272646683,0.08925186232557962,273,0.19047619047619047
EMA cross,"{""f"": 50, ""s"": 200}",4h,1,0.0,0.1475233996171441,-0.20607999299774238,0.19081170211404408,-0.285461247161676,0.18007466583875087,-0.285461247161676,0.059175228209398925,0.08727054344659309,-0.02363168042446541,0.07673480023264528,159,0.34591194968553457
EMA cross,"{""f"": 50, ""s"": 200}",4h,1,2.5,0.09510428783799107,-0.17907265843046372,0.17363419528843815,-0.249626305436076,0.1463070904177186,-0.249626305436076,0.03945799390982715,0.06683485150626237,-0.015840194894241787,0.05656852990759915,160,0.26875
MACD trend,"{""tf"": 0}",1h,0,0.0,-0.3471581890887534,-0.655804971725112,-0.36330987384876123,-0.7866703161972084,-0.3526023254313895,-0.890743577617756,0.046681926417007885,0.06010265895671214,-0.11838563170584984,0.05506988425432304,15491,0.32121877219030404
MACD trend,"{""tf"": 0}",1h,0,2.5,-0.3339583073949949,-0.6315699075387191,-0.36591872566175565,-0.7811241820554682,-0.34899822382041923,-0.8856268124322096,0.04429420267067927,0.05012613158015436,-0.10931608410617563,0.0479391582391012,15492,0.3167441260005164
MACD trend,"{""tf"": 0}",1h,1,0.0,0.036291817359469514,-0.26003704108211767,-0.21161112436276275,-0.5855748056165171,-0.11468355388353679,-0.5855748056165171,0.045811140173193016,0.03467768104053112,-0.041565788102035,0.03885272821527933,7935,0.32262129804662887
MACD trend,"{""tf"": 0}",1h,1,2.5,0.011346959501316256,-0.2907326072904196,-0.234445015563559,-0.6079458324907567,-0.13857898893674592,-0.6079458324907567,0.04445894054206428,0.025774179230426117,-0.0406234794647734,0.032780964722290425,7936,0.31741431451612906
MACD trend,"{""tf"": 0}",4h,0,0.0,0.003719214666320303,-0.4152570897347141,0.02245374572986414,-0.579067144642052,0.020384493213690513,-0.579067144642052,0.11078552390387086,0.09564976930647337,-0.08158815950044973,0.10132567728049745,3894,0.3312788906009245
MACD trend,"{""tf"": 0}",4h,0,2.5,-0.047362977207634493,-0.40302486488742395,-0.012156088809882282,-0.5737890781684228,-0.021132705669395402,-0.5737890781684228,0.1049182169126454,0.0922993397510876,-0.08093442428932085,0.09703141868667177,3894,0.3253723677452491
MACD trend,"{""tf"": 0}",4h,1,0.0,0.009703762150993223,-0.30304247256516803,0.13540567125821634,-0.3521099599930104,0.08908941227098954,-0.3521099599930104,0.030032778238890685,0.07289556430053659,-0.030977278619356598,0.05682201952741939,1930,0.3217616580310881
MACD trend,"{""tf"": 0}",4h,1,2.5,-0.05067099484778248,-0.335274541640709,0.10758338048599825,-0.36194558519030084,0.04686452160617782,-0.36194558519030084,0.023915038682364616,0.07071743610437031,-0.03172549415545769,0.05316653707111818,1930,0.31191709844559584
MACD trend,"{""tf"": 50}",1h,0,0.0,-0.04265932889342616,-0.2745822545073272,-0.07660536349463853,-0.4539672674543225,-0.059560269585434256,-0.4539672674543225,0.05056729374355821,0.03765268390706833,-0.039459713522806444,0.04249566259575203,7609,0.30017085030884477
MACD trend,"{""tf"": 50}",1h,0,2.5,-0.03971018170360541,-0.2582442047398493,-0.08418513904037572,-0.4402205523944558,-0.06304051838350355,-0.4402205523944558,0.04645560371728582,0.03368659552543262,-0.0367520591325847,0.03847497359737757,7609,0.29767380733342097
MACD trend,"{""tf"": 50}",1h,1,0.0,0.015238463456132889,-0.17444974758629728,0.029785950166314468,-0.230328083024675,0.027812379518812547,-0.230328083024675,0.023721026605866072,0.032723661777502626,-0.014256010180847926,0.029347673588138917,4115,0.30741190765492105
MACD trend,"{""tf"": 50}",1h,1,2.5,0.00239955991723817,-0.1684002430452064,0.009963434155813466,-0.23257416504679962,0.010750390346943917,-0.23257416504679962,0.01896145554055119,0.028726661244866218,-0.013979444675072936,0.02506470910574808,4115,0.3040097205346294
MACD trend,"{""tf"": 50}",4h,0,0.0,0.1785217799784513,-0.17204742776914572,0.07856702345599498,-0.25250248457056423,0.1175954990986825,-0.25250248457056423,0.05742304033621342,0.037629659010782295,-0.012732856854921523,0.045052177007818967,1789,0.32811626607043043
MACD trend,"{""tf"": 50}",4h,0,2.5,0.14382063473367035,-0.18223583103785723,0.062024993861786726,-0.26021439225966336,0.0941272681237697,-0.26021439225966336,0.05296888200589758,0.035104161907410315,-0.012806644078855615,0.04180343194434304,1789,0.32308552263834545
MACD trend,"{""tf"": 50}",4h,1,0.0,0.0988871197998813,-0.1681565507111059,0.048025563549972894,-0.2226935952142871,0.06819083637655843,-0.2226935952142871,0.034463555201867946,0.02940014459290006,-0.01227039912311715,0.031298923571263015,1067,0.30740393626991563
MACD trend,"{""tf"": 50}",4h,1,2.5,0.06468063343478625,-0.18203857644998167,0.03579608902020115,-0.22553483862244428,0.04736431421283771,-0.22553483862244428,0.029963473608873907,0.027345167563273744,-0.0122603244369782,0.028327032330373803,1067,0.29990627928772257
MACD trend,"{""tf"": 100}",1h,0,0.0,-0.04326795205618217,-0.24122755388528905,-0.019774054245299322,-0.3743530170480872,-0.027329911520872385,-0.3743530170480872,0.043884383037002324,0.038687660783656416,-0.03389975150870529,0.04063643162866113,7334,0.30583583310608126
MACD trend,"{""tf"": 100}",1h,0,2.5,-0.05003595783902348,-0.22675674569752513,-0.03322317052077073,-0.36274435926104975,-0.038085207413464106,-0.36274435926104975,0.04027129257060697,0.03438274118433578,-0.032096772745367264,0.03659094795418747,7335,0.3025221540558964
MACD trend,"{""tf"": 100}",1h,1,0.0,0.03464777592027901,-0.12493668416814874,0.06270602410897386,-0.2140161321554095,0.053409894767935784,-0.2140161321554095,0.020880412784203876,0.034416148179927504,-0.011831585413974985,0.029340247406531142,4183,0.31245517571121206
MACD trend,"{""tf"": 100}",1h,1,2.5,0.02084596944935635,-0.1181090884183158,0.041185292112309924,-0.21534981083628546,0.03499782186560041,-0.21534981083628546,0.01721288190751265,0.030000479091000114,-0.011504547657011449,0.025205130147192317,4184,0.30807839388145314
MACD trend,"{""tf"": 100}",4h,0,0.0,0.21271879257488568,-0.1708466356272581,0.06314898734480168,-0.29568415489842637,0.1225971196743727,-0.29568415489842637,0.05766742859243722,0.037605796680718034,-0.012142830239995385,0.04512890864761273,1757,0.3284006829823563
MACD trend,"{""tf"": 100}",4h,0,2.5,0.17299544251813392,-0.19120944271788243,0.049348289813837765,-0.2965322949207829,0.09909445683994611,-0.2965322949207829,0.0528610824704265,0.03521829952039283,-0.01183262250792242,0.04183434312665546,1757,0.32270916334661354
MACD trend,"{""tf"": 100}",4h,1,0.0,0.08474379019007539,-0.1696563416824599,0.0622792382287376,-0.2232268857817037,0.0730654503624768,-0.2232268857817037,0.030334866258811752,0.02971321484603294,-0.01136553413719904,0.029946334125824994,1155,0.31341991341991343
MACD trend,"{""tf"": 100}",4h,1,2.5,0.04715657842769416,-0.19324346180565632,0.05064070512764318,-0.22360798467534737,0.05106518859319076,-0.22360798467534737,0.02528846814496201,0.02764163973499072,-0.011055940522833603,0.02675920038872995,1155,0.30562770562770564
MACD trend,"{""tf"": 200}",1h,0,0.0,-0.010166607646378889,-0.2755363939927694,-0.07008851414541661,-0.40395964348416036,-0.04686249608759785,-0.40395964348416036,0.05052795946406208,0.03504498705021119,-0.03789712773434104,0.04085110170540527,7189,0.3113089442203366
MACD trend,"{""tf"": 200}",1h,0,2.5,-0.030920597162601093,-0.26099365939106545,-0.09397443218096335,-0.39983766529846887,-0.0695329021860489,-0.39983766529846887,0.045037396031636576,0.028732363535898246,-0.0354566171158125,0.03484675072180012,7190,0.30778859527121
MACD trend,"{""tf"": 200}",1h,1,0.0,0.09642747530680307,-0.12111178284742907,0.01811603729334732,-0.2817576625013518,0.04836806136838656,-0.2817576625013518,0.034736419495231825,0.029859793232255686,-0.010767129857019095,0.03168852808087174,4378,0.3193238921882138
MACD trend,"{""tf"": 200}",1h,1,2.5,0.06999697418152961,-0.12920000741452298,-0.009981668836964386,-0.28616953945076284,0.020916080560131833,-0.28616953945076284,0.029730992110148093,0.02438758545823729,-0.010287537140948315,0.026391362952703844,4379,0.3146837177437771
MACD trend,"{""tf"": 200}",4h,0,0.0,0.09928905108659225,-0.18858851878764782,0.06567539668274525,-0.3082938182403674,0.08458074238972135,-0.3082938182403674,0.047399035658219776,0.04353739974623442,-0.017621023760403566,0.04498551321322893,1738,0.3193325661680092
MACD trend,"{""tf"": 200}",4h,0,2.5,0.07144279247451735,-0.1955009418631023,0.0508954955646268,-0.31075310659943556,0.0645544698686451,-0.31075310659943556,0.043287194075979904,0.04088257731395749,-0.016596648689587934,0.0417843085997159,1738,0.3135788262370541
MACD trend,"{""tf"": 200}",4h,1,0.0,0.03606411821484223,-0.23249869718206118,0.1037630294748142,-0.21407405433726534,0.08169151226935623,-0.23249869718206118,0.028774476504707585,0.040842824899519695,-0.012915129591580997,0.03631719425146515,1283,0.3133281371784879
MACD trend,"{""tf"": 200}",4h,1,2.5,0.009090874752084144,-0.24068822134298062,0.09007670066172624,-0.21157134984625126,0.06235924807203319,-0.24068822134298062,0.024635869662590397,0.03864315624654547,-0.012086426193985124,0.033390423777562316,1283,0.3063133281371785
Supertrend,"{""n"": 7, ""m"": 2.0}",1h,0,0.0,-0.3649524067216501,-0.6595157800923543,-0.09779008857515159,-0.6882314984380964,-0.2118094887007892,-0.7551454593557068,0.04066518452396168,0.08556602887617125,-0.09670374570304698,0.06872821224409266,8168,0.332639569049951
Supertrend,"{""n"": 7, ""m"": 2.0}",1h,0,2.5,-0.34618590295902374,-0.6246278672527951,-0.06985602452459794,-0.6552725592272882,-0.18786560848981648,-0.7169588739062733,0.03711992293604792,0.07801569062574323,-0.08476892425408544,0.06267977774210749,8168,0.32394711067580806
Supertrend,"{""n"": 7, ""m"": 2.0}",1h,1,0.0,-0.1572938737768277,-0.4414786768361103,0.050005522276064696,-0.3562346689492698,-0.03331761253353793,-0.4414786768361103,0.01771697678426238,0.059992638639776025,-0.03032480228903975,0.04413926544395841,4133,0.3278490200822647
Supertrend,"{""n"": 7, ""m"": 2.0}",1h,1,2.5,-0.16752302650043926,-0.4292573967501304,0.023369017079057475,-0.36326424602274243,-0.052727975593369614,-0.4366298529804006,0.012030561548560748,0.051784709805124854,-0.026964210056747102,0.03687690420891331,4133,0.317928865231067
Supertrend,"{""n"": 7, ""m"": 2.0}",4h,0,0.0,0.02403354719619344,-0.4391637444018758,0.03298295798721429,-0.5819197303428928,0.03044323795074133,-0.5819197303428928,0.12393564340623289,0.09818464144376651,-0.08356222639835095,0.10784126717969139,2010,0.34228855721393037
Supertrend,"{""n"": 7, ""m"": 2.0}",4h,0,2.5,-0.031609037391166606,-0.43404384920438066,0.003283010179168988,-0.5887457112543737,-0.00980285466029962,-0.5887457112543737,0.1187700307730819,0.09024348170067388,-0.07869778661923184,0.1009409376028269,2010,0.3283582089552239
Supertrend,"{""n"": 7, ""m"": 2.0}",4h,1,0.0,0.015931589265837376,-0.31914723380436616,0.13350796184619984,-0.3342115393833508,0.08594663122571822,-0.3342115393833508,0.034225286618443124,0.07999747552918988,-0.03240920215372874,0.06283290468765985,948,0.33860759493670883
Supertrend,"{""n"": 7, ""m"": 2.0}",4h,1,2.5,-0.05221790852857289,-0.3406711598047484,0.12343295704937107,-0.3038139444230642,0.05054747708913476,-0.3406711598047484,0.02763547909851347,0.07717103160333245,-0.03027171079858918,0.05859519941402533,948,0.32383966244725737
Supertrend,"{""n"": 7, ""m"": 3.0}",1h,0,0.0,-0.26510862347281106,-0.6259359431836902,-0.07462970989024131,-0.6685657447351021,-0.1521850744736497,-0.6685657447351021,0.09182840357093586,0.08020358016048941,-0.10152207383803886,0.08456288893940683,4600,0.3247826086956522
Supertrend,"{""n"": 7, ""m"": 3.0}",1h,0,2.5,-0.29273667649887114,-0.6028512842756968,-0.028797531293911605,-0.5897446912219619,-0.1420289484361037,-0.6110061798474797,0.06998916078336083,0.06589370457773229,-0.0804506840985405,0.06742950065484299,4608,0.2912326388888889
Supertrend,"{""n"": 7, ""m"": 3.0}",1h,1,0.0,-0.11772866698901197,-0.43446660298714734,0.04318993743780686,-0.3383205507352557,-0.01993065372535674,-0.43446660298714734,0.029578798694477857,0.0658534449396727,-0.041066339068042364,0.05225045259772463,2276,0.31370826010544817
Supertrend,"{""n"": 7, ""m"": 3.0}",1h,1,2.5,-0.1312007815762295,-0.38452382502943694,0.035703075267367046,-0.30904920182705864,-0.03180857064229947,-0.4232735069111472,0.019349774853638882,0.05404196524494666,-0.02982809771644932,0.04103239384820624,2284,0.27802101576182137
Supertrend,"{""n"": 7, ""m"": 3.0}",4h,0,0.0,0.10713730957640633,-0.44303144321488286,0.043176243869329056,-0.5725464355009772,0.07029685610982206,-0.5725464355009772,0.14338130513364428,0.11809385673792507,-0.07748352012749846,0.12757664988631978,1143,0.34120734908136485
Supertrend,"{""n"": 7, ""m"": 3.0}",4h,0,2.5,0.01870048766039112,-0.41330217224940136,0.04951126095900249,-0.5645148617928757,0.037380986279325956,-0.5645148617928757,0.1166425476058322,0.10827578149139644,-0.06864519256685016,0.11141331878430984,1143,0.2983377077865267
Supertrend,"{""n"": 7, ""m"": 3.0}",4h,1,0.0,0.056746647293459684,-0.21423761774431826,0.21724574568020394,-0.3171473801328648,0.15229444461197517,-0.3171473801328648,0.04352396497943799,0.09698418852438799,-0.02837752120879288,0.07693660469503173,528,0.3371212121212121
Supertrend,"{""n"": 7, ""m"": 3.0}",4h,1,2.5,-0.022291393275136517,-0.21754094870674523,0.23891369250500571,-0.23802876314437083,0.12712297156126384,-0.23802876314437083,0.027239320987965037,0.09287610859745571,-0.024388157787990507,0.06826231324389671,528,0.30113636363636365
Supertrend,"{""n"": 10, ""m"": 3.0}",1h,0,0.0,-0.30627743813878905,-0.6603912201542104,-0.05926069312894422,-0.6410843457366908,-0.1632930967111107,-0.6670280359098802,0.08766050910157276,0.07362610698752765,-0.1022510630630446,0.07888900778029456,4622,0.3312418866291649
Supertrend,"{""n"": 10, ""m"": 3.0}",1h,0,2.5,-0.29914023723147753,-0.6088369010155044,-0.04495924160883635,-0.5834387144321638,-0.15368474392984155,-0.632672590250561,0.0705805663591988,0.054030667988799255,-0.08076355660217274,0.06023687987769908,4627,0.29695266911605794
Supertrend,"{""n"": 10, ""m"": 3.0}",1h,1,0.0,-0.13577707717862986,-0.45317422767874194,0.04136240912721734,-0.32437283958700114,-0.029009911242249387,-0.45317422767874194,0.02693309704821793,0.05898889957772572,-0.03864086515955397,0.046967973629160296,2304,0.3194444444444444
Supertrend,"{""n"": 10, ""m"": 3.0}",1h,1,2.5,-0.13834779128457653,-0.3905746366833889,0.0018061397143402935,-0.30759988051879716,-0.05403806493804686,-0.4309260681765581,0.017470591589439,0.04273613589155808,-0.029008255640902987,0.033261556778263424,2309,0.2828064097011693
Supertrend,"{""n"": 10, ""m"": 3.0}",4h,0,0.0,0.08857499642999045,-0.42539776554914843,0.060856315090782154,-0.5752104295598206,0.07393930515212532,-0.5752104295598206,0.13951246019132185,0.1184249640322785,-0.07361913235403963,0.12633277509191976,1134,0.3527336860670194
Supertrend,"{""n"": 10, ""m"": 3.0}",4h,0,2.5,-0.005457636325222337,-0.41480729302354846,0.037006307095199364,-0.5774131846912667,0.020208643544163518,-0.5774131846912667,0.10373752970706716,0.10418817393723515,-0.06417723716795037,0.10401918235092215,1134,0.31040564373897706
Supertrend,"{""n"": 10, ""m"": 3.0}",4h,1,0.0,0.04056913641393556,-0.22629347425766944,0.21945520020813603,-0.29909801776041145,0.14655543303420426,-0.29909801776041145,0.042106610629874086,0.09325875695571799,-0.025973778410731604,0.07407670208352653,521,0.36084452975047987
Supertrend,"{""n"": 10, ""m"": 3.0}",4h,1,2.5,-0.010499990058644992,-0.17997449688017253,0.20351187343123,-0.24676556225791724,0.11314767212520449,-0.24676556225791724,0.026496960008857103,0.08407884607900672,-0.023474490856015558,0.062485638802700604,521,0.32053742802303264
Supertrend,"{""n"": 10, ""m"": 4.0}",1h,0,0.0,-0.11213640427717042,-0.4989656497007432,0.002126232053273114,-0.5668620123162065,-0.04299746464036569,-0.5668620123162065,0.11514633932390869,0.0800743735332566,-0.07509687563675715,0.09322636070475114,2875,0.3318260869565217
Supertrend,"{""n"": 10, ""m"": 4.0}",1h,0,2.5,-0.1280838721389279,-0.4205114900266145,-0.04744940045098811,-0.5721238912127615,-0.0792490418746028,-0.5721238912127615,0.0829596372616932,0.05292106758372104,-0.06146580093853718,0.0641855312129606,2881,0.26240888580354044
Supertrend,"{""n"": 10, ""m"": 4.0}",1h,1,0.0,-0.08335840502920766,-0.37582634711864005,0.05214812920828216,-0.3358845980295231,-0.0019950273040073574,-0.37582634711864005,0.02882303412089704,0.06628076730175397,-0.03178670228638897,0.05223411735893262,1416,0.3086158192090395
Supertrend,"{""n"": 10, ""m"": 4.0}",1h,1,2.5,-0.06119706160466121,-0.2784618130372897,0.037357875191946555,-0.29595042391421167,-0.0018792235876199381,-0.29595042391421167,0.019920560490595082,0.04707497086414801,-0.02232271382257861,0.03689206697406566,1422,0.2440225035161744
Supertrend,"{""n"": 10, ""m"": 4.0}",4h,0,0.0,0.39377501910006685,-0.37629776057329534,0.00879205600492483,-0.6078270958314353,0.15496119583571155,-0.6078270958314353,0.15858154005717132,0.11875304748787635,-0.06962167526161578,0.133688732201362,694,0.3472622478386167
Supertrend,"{""n"": 10, ""m"": 4.0}",4h,0,2.5,0.39979816259751644,-0.2982880435103923,0.07836110806458119,-0.487374781508377,0.19965221608193917,-0.487374781508377,0.13760678478517674,0.10216517883218681,-0.047891550146506784,0.11545578106455802,694,0.27953890489913547
Supertrend,"{""n"": 10, ""m"": 4.0}",4h,1,0.0,0.27617519065752316,-0.16978443334186788,0.25522817358381733,-0.31036236071899725,0.2709209087129787,-0.31036236071899725,0.06913677167185452,0.10252216095611408,-0.020708280428356464,0.09000263997451674,303,0.3696369636963696
Supertrend,"{""n"": 10, ""m"": 4.0}",4h,1,2.5,0.24643264786087182,-0.13537382801361453,0.2862783485685223,-0.22657241036432052,0.2728085539614209,-0.22657241036432052,0.058672313502042335,0.09133444383014405,-0.012497631269769653,0.07908614495710588,303,0.31353135313531355
Supertrend,"{""n"": 7, ""m"": 4.0}",1h,0,0.0,-0.13381526570819147,-0.5229525705906053,0.01959211419227902,-0.5410224779554057,-0.04243006555561735,-0.5410224779554057,0.11658270366181779,0.08620526735526664,-0.07385257608460663,0.09759680597022331,2917,0.32533424751456974
Supertrend,"{""n"": 7, ""m"": 4.0}",1h,0,2.5,-0.14281062619673035,-0.44328500673588334,-0.03177857592086719,-0.544856683731251,-0.07639628554316702,-0.544856683731251,0.08765439033839204,0.054879067971209006,-0.05892909478837808,0.06716981385890264,2922,0.25838466803559207
Supertrend,"{""n"": 7, ""m"": 4.0}",1h,1,0.0,-0.07564182379184414,-0.3665844206670015,0.07253894437871322,-0.3159456019243111,0.013077629834930882,-0.3665844206670015,0.032745674536699854,0.07005685279989114,-0.029685778327918494,0.056065160951194425,1428,0.31022408963585435
Supertrend,"{""n"": 7, ""m"": 4.0}",1h,1,2.5,-0.06425124316707653,-0.2921606200394298,0.050077499788940605,-0.2702801460496991,0.004260275308447081,-0.2921606200394298,0.0234343289187638,0.04834021945964051,-0.020263973189354717,0.03900051050681174,1433,0.24424284717376135
Supertrend,"{""n"": 7, ""m"": 4.0}",4h,0,0.0,0.4005234186416182,-0.36366491086901365,0.01335041932484149,-0.608564431919035,0.1603386077459863,-0.608564431919035,0.1613971388263598,0.12137028380081802,-0.0656517776904301,0.13638035443539617,707,0.3451202263083451
Supertrend,"{""n"": 7, ""m"": 4.0}",4h,0,2.5,0.42847414105452986,-0.2836593880039634,0.04373092747912666,-0.5300611909503001,0.18807509302612413,-0.5300611909503001,0.14407790713246837,0.09905163086107142,-0.04887848071752574,0.11593648446284528,707,0.272984441301273
Supertrend,"{""n"": 7, ""m"": 4.0}",4h,1,0.0,0.2672179686684535,-0.17704250806582877,0.26804454267121436,-0.3100754253662805,0.2750940522691341,-0.3100754253662805,0.06933813144228236,0.10568495163647958,-0.020143875712103444,0.09205489406365563,306,0.369281045751634
Supertrend,"{""n"": 7, ""m"": 4.0}",4h,1,2.5,0.26245488269139283,-0.14230127428716466,0.27073128694537707,-0.22675339316443277,0.2722606340156237,-0.22675339316443277,0.0635529604767453,0.09026421419931835,-0.012717144803895075,0.08024749405335346,306,0.3137254901960784
Supertrend,"{""n"": 10, ""m"": 2.0}",1h,0,0.0,-0.37495462852787065,-0.6599388315304162,-0.04946649503264389,-0.6345288282124211,-0.1914765944087834,-0.7268798780285923,0.0386157359599677,0.08624727542483097,-0.09558271199399543,0.06838544812550724,8201,0.33947079624436044
Supertrend,"{""n"": 10, ""m"": 2.0}",1h,0,2.5,-0.37505060964373627,-0.6529230364678646,-0.01788082591862561,-0.6045127496210223,-0.1755352618862599,-0.698889950282326,0.03510081477960257,0.07835768253231329,-0.08503659823102025,0.06213635712504676,8201,0.33154493354468967
Supertrend,"{""n"": 10, ""m"": 2.0}",1h,1,0.0,-0.14753371606190413,-0.41940104696188496,0.05300185860432438,-0.34672252955610305,-0.026645801955774817,-0.41940104696188496,0.01730780837527173,0.059757082542481604,-0.03015362406604221,0.04383860472977791,4176,0.33381226053639845
Supertrend,"{""n"": 10, ""m"": 2.0}",1h,1,2.5,-0.1504566012641232,-0.4110646564787718,0.03468050933830158,-0.34557491285467434,-0.038151777570630485,-0.4110646564787718,0.014759797292194947,0.05186880034627144,-0.0274348628966892,0.037952924200992756,4176,0.32590996168582376
Supertrend,"{""n"": 10, ""m"": 2.0}",4h,0,0.0,0.02236489399746988,-0.43131019881367283,0.05520958397220643,-0.5481006041534734,0.042480552432228924,-0.5481006041534734,0.12286051497078947,0.10062645643718506,-0.08552817687183142,0.1089642283872867,2016,0.3506944444444444
Supertrend,"{""n"": 10, ""m"": 2.0}",4h,0,2.5,-0.020782770155345465,-0.4202386920214978,0.021741326662274796,-0.5593470454575418,0.005066689321825413,-0.5593470454575418,0.11991867125963775,0.09216186286024998,-0.08122287019717547,0.10257066601002036,2016,0.33779761904761907
Supertrend,"{""n"": 10, ""m"": 2.0}",4h,1,0.0,0.014408978585505716,-0.3024137460299593,0.10265991315995149,-0.3687518221148436,0.06697870830780239,-0.3687518221148436,0.03344244252905251,0.08043826464577358,-0.03675511477012334,0.06281483135200319,957,0.34691745036572624
Supertrend,"{""n"": 10, ""m"": 2.0}",4h,1,2.5,-0.03788800364247391,-0.31786161164517257,0.08539011271129437,-0.3404919350507779,0.03480060916281946,-0.3404919350507779,0.029643074766515693,0.07642174056830703,-0.03472761817260039,0.058879740892635285,957,0.3322884012539185
Supertrend,"{""n"": 14, ""m"": 2.0}",1h,0,0.0,-0.3583495773566153,-0.6375660495496056,-0.019575284984471697,-0.6055038086092234,-0.16761280627234987,-0.6840568180198341,0.036443645433314215,0.08545366205622919,-0.09585548973276267,0.06707490582263607,8235,0.3476624165148755
Supertrend,"{""n"": 14, ""m"": 2.0}",1h,0,2.5,-0.3726096202150794,-0.6418312297435873,0.014947031525420096,-0.5674196365288466,-0.15778356315996067,-0.6604038181233534,0.030223046541339463,0.07646055766919967,-0.08533802526206888,0.05912149099625208,8235,0.33989071038251367
Supertrend,"{""n"": 14, ""m"": 2.0}",1h,1,0.0,-0.11920535751765038,-0.3811051576966985,0.04649389769709389,-0.3541572964682971,-0.017441270193925718,-0.3811051576966985,0.015059841864751733,0.05700239056248947,-0.028830989791309762,0.04127393480083782,4208,0.34125475285171103
Supertrend,"{""n"": 14, ""m"": 2.0}",1h,1,2.5,-0.13594775656907543,-0.3798529012958046,0.029793558763304473,-0.3484486967829843,-0.03431254943962414,-0.3798529012958046,0.012070805832172928,0.04790227002782431,-0.026735109901427585,0.03446547095445504,4208,0.3334125475285171
Supertrend,"{""n"": 14, ""m"": 2.0}",4h,0,0.0,0.02216686641830501,-0.4363170678235647,0.08421736823888115,-0.5301558075651938,0.05967419195670165,-0.5301558075651938,0.12078544083721103,0.1002982756036459,-0.08468965091446277,0.10798096256623281,2023,0.36826495304003953
Supertrend,"{""n"": 14, ""m"": 2.0}",4h,0,2.5,-0.01003933898316356,-0.41912442895312074,0.05489829148571013,-0.5300399422309399,0.029160422319100876,-0.5300399422309399,0.11805311722413656,0.09359747150135338,-0.08010870743947174,0.10276833864739705,2023,0.35491843796342065
Supertrend,"{""n"": 14, ""m"": 2.0}",4h,1,0.0,0.04774960035469267,-0.30127896972592527,0.1269023024311109,-0.3602331194882258,0.09525973803384136,-0.3602331194882258,0.03949441495573388,0.07973253685854022,-0.03559916211230714,0.06464324114498785,967,0.3650465356773526
Supertrend,"{""n"": 14, ""m"": 2.0}",4h,1,2.5,0.001170554494759335,-0.3153783500742732,0.10912914847522481,-0.33189807332933174,0.06533208603002905,-0.33189807332933174,0.03605235225631499,0.07631709419406148,-0.033696215126677954,0.06121781596740653,967,0.34953464322647365
Supertrend,"{""n"": 14, ""m"": 3.0}",1h,0,0.0,-0.2882116018013575,-0.6465261144224429,-0.048202620080985414,-0.6347062289916414,-0.14936970551443263,-0.6465261144224429,0.0859370628014763,0.07398997192248082,-0.10121957967289139,0.07847013100210411,4652,0.3409286328460877
Supertrend,"{""n"": 14, ""m"": 3.0}",1h,0,2.5,-0.2813220925454516,-0.5743796944460378,-0.036410638768156645,-0.5752359427396756,-0.1397608100629043,-0.6008290902463804,0.06725495612064562,0.051978449922076765,-0.08014970728797988,0.05770713974654009,4656,0.30670103092783507
Supertrend,"{""n"": 14, ""m"": 3.0}",1h,1,0.0,-0.1353215093844028,-0.45810918377947585,0.05903240402488774,-0.32675378831813073,-0.019737004346418452,-0.45810918377947585,0.024844770601153383,0.05900342813479473,-0.038120958698680804,0.04619393155967922,2323,0.32587171760654327
Supertrend,"{""n"": 14, ""m"": 3.0}",1h,1,2.5,-0.1395794956944053,-0.3905830856849496,0.012219227178357883,-0.30048729888893666,-0.04781758713980033,-0.41617612028307593,0.013713366803260518,0.039162491272805286,-0.028880969293473994,0.029619069596726,2327,0.2896433175762785
Supertrend,"{""n"": 14, ""m"": 3.0}",4h,0,0.0,0.06896920081633917,-0.4492909049112662,0.023074627119482827,-0.608929929513855,0.04211104911428287,-0.608929929513855,0.13910299951417626,0.11103381932972617,-0.0809456948730196,0.12155976189889495,1144,0.36276223776223776
Supertrend,"{""n"": 14, ""m"": 3.0}",4h,0,2.5,-0.02262999221398687,-0.44334908367892123,0.008241828524897743,-0.5985716026375929,-0.0038111318436564456,-0.5985716026375929,0.10144949059663072,0.09773563100704512,-0.07017954640765084,0.09912832835313971,1144,0.32167832167832167
Supertrend,"{""n"": 14, ""m"": 3.0}",4h,1,0.0,0.05337180856127932,-0.20660325075341257,0.17851874613006946,-0.29235620699485754,0.12762633204149632,-0.29235620699485754,0.04240323999166291,0.08546213231086867,-0.02917058775563984,0.06931504769116652,531,0.3691148775894539
Supertrend,"{""n"": 14, ""m"": 3.0}",4h,1,2.5,-0.014263084652204605,-0.16776721644245585,0.15163179031873453,-0.2653745566541674,0.08249135849365463,-0.2653745566541674,0.02147904554863901,0.07577210797076035,-0.025912649290257668,0.05541220956246486,531,0.3258003766478343
Supertrend,"{""n"": 14, ""m"": 4.0}",1h,0,0.0,-0.09392957596494678,-0.4784047215419629,-0.05204946896803597,-0.6096595045492286,-0.06672854237222525,-0.6096595045492286,0.11448280531731905,0.07949725700024385,-0.08218920832306906,0.09261683761914703,2904,0.3378099173553719
Supertrend,"{""n"": 14, ""m"": 4.0}",1h,0,2.5,-0.16596049272229985,-0.4733239122314574,-0.0680313712311571,-0.5793208068117375,-0.1071742379172822,-0.5793208068117375,0.07648190215315369,0.053338062678214934,-0.06524411502446306,0.06201700248131697,2909,0.2677896184255758
Supertrend,"{""n"": 14, ""m"": 4.0}",1h,1,0.0,-0.0681709875421318,-0.3553240878031867,0.016005315849995982,-0.3727574771682769,-0.01616650499949246,-0.3727574771682769,0.027364291469668765,0.0674225320548071,-0.03472935431790842,0.05240069183538021,1436,0.314066852367688
Supertrend,"{""n"": 14, ""m"": 4.0}",1h,1,2.5,-0.08742069834185695,-0.30939934421000514,-0.00030976670722671074,-0.338772798960733,-0.03469920426413353,-0.338772798960733,0.01677790976096554,0.045762011582544865,-0.025437744211295042,0.03489297339945262,1441,0.2477446217904233
Supertrend,"{""n"": 14, ""m"": 4.0}",4h,0,0.0,0.3714768280662766,-0.40912661586238974,0.06661584147737387,-0.5674600507933762,0.1834477017258367,-0.5674600507933762,0.15524060241443827,0.11900346705870758,-0.0647925994251041,0.13259239281710658,687,0.34934497816593885
Supertrend,"{""n"": 14, ""m"": 4.0}",4h,0,2.5,0.403670094419484,-0.32924509235771804,0.06899639851213935,-0.4694021169619518,0.1945955645874029,-0.4694021169619518,0.1410591425971829,0.10049104668028891,-0.04676147542237684,0.11570408264912417,687,0.2765647743813683
Supertrend,"{""n"": 14, ""m"": 4.0}",4h,1,0.0,0.31737677641847006,-0.16467413469038938,0.2570931336779314,-0.311588956058628,0.2850187989029722,-0.311588956058628,0.07324550568243969,0.09994277992393913,-0.022095413509073514,0.08993130208337681,312,0.36538461538461536
Supertrend,"{""n"": 14, ""m"": 4.0}",4h,1,2.5,0.25645911818010303,-0.15117312670109628,0.26885297011317477,-0.24642455459732038,0.266372614135332,-0.24642455459732038,0.061790302752796095,0.08864794307950694,-0.014288456951556332,0.07857632795699038,312,0.3076923076923077
Supertrend,"{""n"": 20, ""m"": 2.0}",1h,0,0.0,-0.3171689065476694,-0.606697149709853,0.016292694449252743,-0.5801970235321693,-0.12805829941004176,-0.606697149709853,0.042089746822687055,0.08603071055443354,-0.09270930070045999,0.0695528491550286,8294,0.3529057149746805
Supertrend,"{""n"": 20, ""m"": 2.0}",1h,0,2.5,-0.30841437185956944,-0.5911020916161022,0.044617818337020276,-0.5524303990302777,-0.10904651793245457,-0.5911020916161022,0.04129239763464945,0.07693786623033416,-0.08420526000642531,0.06357081550695239,8294,0.3448275862068966
Supertrend,"{""n"": 20, ""m"": 2.0}",1h,1,0.0,-0.06626142074699226,-0.33840726484925165,0.06582016590874651,-0.3807738253530285,0.016872552107605188,-0.3807738253530285,0.022897671859349863,0.05984626690292137,-0.02600327563605251,0.04599054376158205,4244,0.3480207351555137
Supertrend,"{""n"": 20, ""m"": 2.0}",1h,1,2.5,-0.0753806471850238,-0.33956947164907403,0.0530823706786725,-0.3705469950953162,0.005615571096082128,-0.3705469950953162,0.02144856521966538,0.05149565001131591,-0.02397481150493836,0.04022799321444696,4244,0.339066918001885
Supertrend,"{""n"": 20, ""m"": 2.0}",4h,0,0.0,-0.01169498713130368,-0.46651744922010097,0.058759124311687394,-0.5713943311893489,0.030263839156325245,-0.5713943311893489,0.11614416585254483,0.0945062584865537,-0.08352543928754524,0.10262047374880039,2059,0.36668285575522097
Supertrend,"{""n"": 20, ""m"": 2.0}",4h,0,2.5,-0.05846174262021653,-0.46278479984752086,0.04649741526246065,-0.559546043627118,0.003439153590775401,-0.559546043627118,0.10962642630083363,0.0888288080773478,-0.07789965052310631,0.09662791491115497,2059,0.3530840213695969
Supertrend,"{""n"": 20, ""m"": 2.0}",4h,1,0.0,0.01818407064632721,-0.3268230222633216,0.1012174265150394,-0.3234243453537672,0.06747308223891135,-0.3268230222633216,0.03872746073890573,0.07426143769170988,-0.03471171189186442,0.060936196334408325,1007,0.36047666335650447
Supertrend,"{""n"": 20, ""m"": 2.0}",4h,1,2.5,-0.04559757625515859,-0.36034540440030693,0.08663923535201357,-0.29765204864891337,0.03191645504481211,-0.36034540440030693,0.03135989793778858,0.0709489336967068,-0.032836672444448343,0.05610304528711246,1007,0.3426017874875869
Supertrend,"{""n"": 20, ""m"": 3.0}",1h,0,0.0,-0.2642478311156303,-0.6347575421041094,0.009543782620940133,-0.5901174454762267,-0.10705740756825999,-0.6347575421041094,0.08973033036681204,0.07297705684980825,-0.09787940573399145,0.07925953441868466,4653,0.34945196647324306
Supertrend,"{""n"": 20, ""m"": 3.0}",1h,0,2.5,-0.27037805263664594,-0.5957380792994327,-0.009322898959465364,-0.5700956934445054,-0.12004545739809958,-0.5957380792994327,0.06995976819079458,0.05168912524705718,-0.08002765256887548,0.05854061635095872,4656,0.31486254295532645
Supertrend,"{""n"": 20, ""m"": 3.0}",1h,1,0.0,-0.10671126644770135,-0.440243933017053,0.10181020452728262,-0.31312719623159246,0.016962664933516614,-0.440243933017053,0.028705696936566303,0.05932249650546271,-0.03359527061979539,0.04784119666712655,2333,0.3364766395199314
Supertrend,"{""n"": 20, ""m"": 3.0}",1h,1,2.5,-0.09437734872693926,-0.3754225111941495,0.03937455271915802,-0.2799164711616625,-0.012563988414515781,-0.3754225111941495,0.023361774174423065,0.040855320172711776,-0.025434836785129797,0.03429524042335351,2336,0.2996575342465753
Supertrend,"{""n"": 20, ""m"": 3.0}",4h,0,0.0,0.03225999215334863,-0.4628630702679456,0.029877721766418786,-0.5784467379288709,0.031726386991501876,-0.5784467379288709,0.12957257644814096,0.10534666588773577,-0.08204714909674857,0.1144313823478877,1150,0.36695652173913046
Supertrend,"{""n"": 20, ""m"": 3.0}",4h,0,2.5,-0.02798505326859091,-0.4516560917248923,0.003245300163287501,-0.5939403872585635,-0.008953695023444008,-0.5939403872585635,0.10042474809291113,0.09049142319652816,-0.07091102437108972,0.09421642003267178,1151,0.3266724587315378
Supertrend,"{""n"": 20, ""m"": 3.0}",4h,1,0.0,0.02772743815377532,-0.20338471184708562,0.1290846107473771,-0.3198640397766944,0.08825510993819852,-0.3198640397766944,0.03691530803178659,0.07910323553643445,-0.03092544035932051,0.06328276272219148,542,0.36531365313653136
Supertrend,"{""n"": 20, ""m"": 3.0}",4h,1,2.5,-0.034819895578888205,-0.1925036155288894,0.10977841799713883,-0.2957408605933092,0.04985231655605071,-0.2957408605933092,0.018403472269214807,0.07058602027969059,-0.0263807561010707,0.05101756477576217,543,0.32044198895027626
Supertrend,"{""n"": 20, ""m"": 4.0}",1h,0,0.0,-0.08964826786200375,-0.4843794212561815,-0.0500631365347014,-0.6174175236871375,-0.06388169269937205,-0.6174175236871375,0.11253168878256885,0.07749662168132872,-0.0821663991841329,0.09063477184429376,2961,0.3458291117865586
Supertrend,"{""n"": 20, ""m"": 4.0}",1h,0,2.5,-0.19103818203874157,-0.4736393193235925,-0.060482766227346496,-0.5782077825501553,-0.11382856866290825,-0.5782077825501553,0.06592168389022675,0.04973338097801166,-0.06366001418332683,0.05580399457009232,2966,0.27545515846257584
Supertrend,"{""n"": 20, ""m"": 4.0}",1h,1,0.0,-0.04360924751121442,-0.3548460600731993,0.022548709331431827,-0.3528276430691911,-0.0021319410476913214,-0.3548460600731993,0.029717264783506916,0.06529234200169615,-0.03283628831936773,0.05195168804487518,1469,0.32675289312457456
Supertrend,"{""n"": 20, ""m"": 4.0}",1h,1,2.5,-0.09764606370391238,-0.3219165272336796,-0.0002753708136323807,-0.3082499654770917,-0.03911488841770072,-0.3560884430411828,0.012199246943293366,0.042629244361639916,-0.02364400342901829,0.031217995329759957,1474,0.26119402985074625
Supertrend,"{""n"": 20, ""m"": 4.0}",4h,0,0.0,0.3438771439148549,-0.42917877002751836,0.0655240168195812,-0.5565319749595949,0.1742504818072459,-0.5565319749595949,0.1504523102259292,0.11399507166022156,-0.06620803255233351,0.12766653612236192,691,0.36468885672937773
Supertrend,"{""n"": 20, ""m"": 4.0}",4h,0,2.5,0.3332566802003416,-0.3458510471360068,0.05325659611165512,-0.47763316916577203,0.15743609565816485,-0.47763316916577203,0.1316177165829765,0.09282341447989675,-0.04784865124236612,0.10737127776855165,691,0.2894356005788712
Supertrend,"{""n"": 20, ""m"": 4.0}",4h,1,0.0,0.27719088460575136,-0.14741147034586732,0.22071927567235838,-0.31500776550954857,0.24823429651412465,-0.31500776550954857,0.06824539261756477,0.09371883247473892,-0.026127179803578954,0.08416629252829862,316,0.37341772151898733
Supertrend,"{""n"": 20, ""m"": 4.0}",4h,1,2.5,0.1933955993345331,-0.1355882985236757,0.26399968943825525,-0.2545349969269872,0.23508033709279896,-0.2545349969269872,0.052619665490606406,0.08402345024214002,-0.016386772979263206,0.07224703096031491,316,0.3227848101265823
Donchian breakout,"{""n"": 10}",1h,0,0.0,-0.43224573984223924,-0.7076235853185667,-0.174518304275478,-0.5977300509812522,-0.2858783828255408,-0.8317306293617854,0.02636635178382929,0.05358322370437894,-0.08543408402757814,0.043376896734172825,9873,0.3287754481920389
Donchian breakout,"{""n"": 10}",1h,0,2.5,-0.4179517390776252,-0.6834482333574402,-0.20701885680072785,-0.6063303197577345,-0.2958875320788751,-0.8404440189318404,0.024318325656388067,0.04205578972384227,-0.07905397358991262,0.03540424069854694,10058,0.3185523961026049
Donchian breakout,"{""n"": 10}",1h,1,0.0,-0.06908899367772992,-0.3196599351307695,-0.04720753670446298,-0.40305575528644966,-0.051483209591622225,-0.4293908267036337,0.031425558033067506,0.0449090548263401,-0.03038728457289444,0.03985274352886287,5218,0.33403602912993485
Donchian breakout,"{""n"": 10}",1h,1,2.5,-0.0858052778033297,-0.3237507340916017,-0.08900078465250305,-0.40969162162769057,-0.08330794748168335,-0.4830532261826347,0.026124702077111248,0.03346731840743158,-0.027892579008815283,0.030713837283561456,5332,0.32051762940735185
Donchian breakout,"{""n"": 10}",4h,0,0.0,-0.12352843560424331,-0.5156574579484862,0.07169519745840658,-0.4890797055199959,-0.009243750589351563,-0.5156574579484862,0.1001219129033082,0.06913149787567259,-0.06357135231624321,0.08075290351103594,2404,0.3323627287853577
Donchian breakout,"{""n"": 10}",4h,0,2.5,-0.15641102241705962,-0.5318290997186625,0.05593532357325404,-0.49552633411692104,-0.032914036960945414,-0.5318290997186625,0.09339083552809103,0.06514430066211413,-0.060825946011110806,0.07573675123685546,2440,0.3241803278688525
Donchian breakout,"{""n"": 10}",4h,1,0.0,0.07020217385827898,-0.28264233161490604,0.15874062908753217,-0.25914929922342356,0.12460328998902903,-0.28264233161490604,0.05733568429701167,0.05811644743700461,-0.02579236287490501,0.057823661259507254,1319,0.3510235026535254
Donchian breakout,"{""n"": 10}",4h,1,2.5,0.014557698107315886,-0.3278814372225607,0.13941692260954253,-0.27198330253344205,0.08978830677583649,-0.3278814372225607,0.04993772747078911,0.0554065641384013,-0.024748361597504556,0.053355750388046734,1344,0.3392857142857143
Donchian breakout,"{""n"": 20}",1h,0,0.0,-0.2696415133205836,-0.5739111013016462,-0.05884497851717596,-0.47929808981867084,-0.14628459460869414,-0.6431933274195238,0.044370168411344224,0.06225875824253884,-0.0654587256290092,0.055550537055840864,5606,0.3414199072422405
Donchian breakout,"{""n"": 20}",1h,0,2.5,-0.33865574627458617,-0.608672316464639,-0.07330032789441276,-0.46783536277986704,-0.1871100605350572,-0.7103994739294281,0.030149658341287196,0.054112229119204526,-0.06190689190972767,0.045126265077485524,5911,0.3126374555912705
Donchian breakout,"{""n"": 20}",1h,1,0.0,-0.03945239674621126,-0.30707849361727135,0.0067859946214379185,-0.34332824820982,-0.008081954768348831,-0.3704202595250039,0.03600991234542014,0.04957636267427957,-0.03431884298614454,0.04448894380095728,3025,0.3315702479338843
Donchian breakout,"{""n"": 20}",1h,1,2.5,-0.11287546379444935,-0.33989443195405,-0.02716788801426373,-0.34892344389366703,-0.05870290474510376,-0.48297044492154095,0.020727626976729745,0.041067120090941364,-0.02816188500571811,0.033439810173112004,3212,0.30043586550435863
Donchian breakout,"{""n"": 20}",4h,0,0.0,0.01284275414802405,-0.4007683868431787,0.024956263145620605,-0.5068974361966097,0.023011808827239966,-0.5068974361966097,0.10098267022520596,0.0718515777843658,-0.056659908716913794,0.08277573744968085,1402,0.33737517831669045
Donchian breakout,"{""n"": 20}",4h,0,2.5,0.0009553363195800024,-0.38335060023479084,0.0017957327544593227,-0.5056229196739238,0.0024250720858303154,-0.5056229196739238,0.0941911373434173,0.06598628218576523,-0.052257756054876335,0.07656310286988476,1467,0.31356509884117245
Donchian breakout,"{""n"": 20}",4h,1,0.0,0.11814834641397831,-0.2329118633402264,0.12419984512753057,-0.32408946444171827,0.1249240863281198,-0.32408946444171827,0.05162219389798244,0.058067416287482396,-0.024562400654800205,0.05565045789141992,818,0.36185819070904646
Donchian breakout,"{""n"": 20}",4h,1,2.5,0.0746823147932103,-0.27281051021810443,0.09649857419820562,-0.3225627962120238,0.08870441781581029,-0.3225627962120238,0.04565954228980667,0.053721522384485805,-0.022517763155953656,0.05069827984898113,861,0.32868757259001163
Donchian breakout,"{""n"": 40}",1h,0,0.0,-0.20787246651664826,-0.5636193547759739,-0.04830933495537759,-0.5050358283221964,-0.11335787356406413,-0.5636193547759739,0.07004605216820672,0.05487512457487417,-0.060637421099527605,0.06056422242237388,3088,0.33063471502590674
Donchian breakout,"{""n"": 40}",1h,0,2.5,-0.19143748486018508,-0.48652429520663554,0.0088304400765018,-0.4651419258697216,-0.0746697295213633,-0.48652429520663554,0.05346927371691427,0.05589390609170326,-0.050028253058156134,0.05498466895115739,3434,0.2833430401863716
Donchian breakout,"{""n"": 40}",1h,1,0.0,0.005519968770424377,-0.3254701885185243,0.05287039253094039,-0.31057278173814773,0.03633965693275121,-0.3254701885185243,0.0469143127908466,0.04947417595600686,-0.027891575777235535,0.048514227269071765,1710,0.33157894736842103
Donchian breakout,"{""n"": 40}",1h,1,2.5,-0.016908872185790624,-0.2844452595031377,0.07403385265142282,-0.25146171117239335,0.03888206396110272,-0.2844452595031377,0.03483391734782985,0.047399992001218874,-0.022487872970387943,0.042687714006197995,1931,0.2791299844640083
Donchian breakout,"{""n"": 40}",4h,0,0.0,0.17528906375289544,-0.34353223762110197,0.04220157440380756,-0.4706339923004147,0.09814151859906772,-0.4706339923004147,0.10894358989714695,0.08983780878289262,-0.049563081709886575,0.09700247670073799,737,0.34599728629579374
Donchian breakout,"{""n"": 40}",4h,0,2.5,0.1260162260829789,-0.3602178269180697,0.09070385270328107,-0.4267655425674258,0.10476936487234556,-0.4267655425674258,0.0958891764516123,0.07921520265827356,-0.04062027619991964,0.08546794283077559,839,0.2908224076281287
Donchian breakout,"{""n"": 40}",4h,1,0.0,0.21599999285835603,-0.20003556934824884,0.16341480365771766,-0.3139742932715498,0.1890692579843467,-0.3139742932715498,0.06980928894800206,0.07635791005987196,-0.02526484794587773,0.07390217714292074,475,0.391578947368421
Donchian breakout,"{""n"": 40}",4h,1,2.5,0.14485826280491843,-0.24523620675408542,0.18324104524885643,-0.27946833075053124,0.16774071954580494,-0.27946833075053124,0.05412021002798985,0.06857871218849694,-0.01849922218504596,0.06315677387830677,537,0.3258845437616387
Donchian breakout,"{""n"": 55}",1h,0,0.0,-0.12814111311421805,-0.46676388409964764,0.09367691506333431,-0.48643907230670125,0.0007476193839293099,-0.48643907230670125,0.08388582769448874,0.08376475871499353,-0.05119998203964132,0.08381015958230424,2253,0.3333333333333333
Donchian breakout,"{""n"": 55}",1h,0,2.5,-0.14388880058237896,-0.4093196988480565,0.0619896480676998,-0.4857387799620736,-0.023874433960519137,-0.4857387799620736,0.05966958256424536,0.07026487204452313,-0.040287892141555814,0.06629163848941896,2664,0.256006006006006
Donchian breakout,"{""n"": 55}",1h,1,0.0,0.04324886199031286,-0.3200745357210617,0.18976540184081414,-0.23995098851149166,0.13092203539017033,-0.3200745357210617,0.04735520489664654,0.07179655753111525,-0.02179772853016862,0.06263105029318948,1263,0.3428345209817894
Donchian breakout,"{""n"": 55}",1h,1,2.5,-0.03330472426371334,-0.3028197427577133,0.14785677134900044,-0.2349080753031385,0.07362909315762689,-0.3028197427577133,0.02907879875297259,0.061411141470128695,-0.016619596261803316,0.049286512951195155,1524,0.26115485564304464
Donchian breakout,"{""n"": 55}",4h,0,0.0,0.12859218841765485,-0.3751022169973336,0.08513674706891727,-0.4549592519334007,0.10691966181755563,-0.4549592519334007,0.10176086314148475,0.09067917033896708,-0.044262162137474824,0.0948348051399112,578,0.3494809688581315
Donchian breakout,"{""n"": 55}",4h,0,2.5,0.05966527726924209,-0.3778504229264775,0.05747204935946959,-0.4377854371581996,0.05843328049120533,-0.4377854371581996,0.0880020245969466,0.07050234432195619,-0.03831762206951219,0.0770647244250776,707,0.25742574257425743
Donchian breakout,"{""n"": 55}",4h,1,0.0,0.2555433039760957,-0.20268112651065062,0.17937588884076594,-0.30054272504205426,0.21427049640043472,-0.30054272504205426,0.08202236687877831,0.08095797878337786,-0.022945053506016236,0.08135712431915303,382,0.39267015706806285
Donchian breakout,"{""n"": 55}",4h,1,2.5,0.12154287465031066,-0.27424677489676774,0.14619628574249455,-0.2762520261728487,0.13630009763467288,-0.2762520261728487,0.058728308415484536,0.06376842703856149,-0.01839251337851469,0.06187838255490763,470,0.28085106382978725
Keltner breakout,"{""n"": 20, ""k"": 1.0}",1h,0,0.0,-0.3381218504080826,-0.6250272581475211,-0.1643586637511698,-0.5980512449663686,-0.23501428471459762,-0.7790168209551536,0.03957516927093996,0.05071748769417791,-0.07869175433393807,0.04653911828546368,9274,0.2919991373733017
Keltner breakout,"{""n"": 20, ""k"": 1.0}",1h,0,2.5,-0.36155944442994525,-0.6269971924435049,-0.18296542018851614,-0.606300613928339,-0.2560786105320574,-0.802926872849278,0.03027939377107637,0.04786545552689465,-0.07879808382789544,0.04127068236846279,9327,0.28883885493727884
Keltner breakout,"{""n"": 20, ""k"": 1.0}",1h,1,0.0,-0.09113520881651715,-0.34728678280589564,-0.008801952326316309,-0.37351569323561307,-0.03795134521121557,-0.40319790752897555,0.025088448649584903,0.04090611444830874,-0.027907899241371027,0.0349744897737873,4917,0.2920479967459833
Keltner breakout,"{""n"": 20, ""k"": 1.0}",1h,1,2.5,-0.12344901977062439,-0.35566033170195255,-0.0326143387558131,-0.3810218373943417,-0.06550539819565171,-0.46589026464122085,0.01629518051721384,0.03785426383866277,-0.029071075172268583,0.02976960759311942,4950,0.2876767676767677
Keltner breakout,"{""n"": 20, ""k"": 1.0}",4h,0,0.0,0.04436761701018077,-0.3547982149643052,0.04453527306607663,-0.5472365726263557,0.04496480100347067,-0.5472365726263557,0.09249673506143641,0.08000955376012062,-0.04609858742141231,0.08469224674811404,2263,0.31418471056120195
Keltner breakout,"{""n"": 20, ""k"": 1.0}",4h,0,2.5,0.04211757711425501,-0.3408517362199478,0.04439419817572454,-0.5366987312925449,0.043978658589616915,-0.5366987312925449,0.08902063634676134,0.07897886593970681,-0.04485275518651855,0.08274452984235225,2270,0.31233480176211453
Keltner breakout,"{""n"": 20, ""k"": 1.0}",4h,1,0.0,0.08830949286029899,-0.22749064622053727,0.1952331517790995,-0.23198431170650935,0.1516865886172345,-0.23198431170650935,0.043301365408577874,0.06573134715686382,-0.017039457000859494,0.05732010400125659,1250,0.3352
Keltner breakout,"{""n"": 20, ""k"": 1.0}",4h,1,2.5,0.07192014442962003,-0.23747333098352308,0.18282020073994953,-0.22410185033497698,0.1375754061114407,-0.23747333098352308,0.04052504200081054,0.06418038817710135,-0.01725559847173947,0.055309633360992295,1256,0.3320063694267516
Keltner breakout,"{""n"": 20, ""k"": 1.5}",1h,0,0.0,-0.2536529029341039,-0.5230972694560503,-0.06976664943633737,-0.48739607625467063,-0.14568015363068443,-0.6554170273023993,0.0346527927192383,0.04565694847886015,-0.05285253107643241,0.04153039006900196,6102,0.31792854801704357
Keltner breakout,"{""n"": 20, ""k"": 1.5}",1h,0,2.5,-0.2646790640506186,-0.5184708390951711,-0.0871495080210658,-0.4863285970712803,-0.16029858601445635,-0.677467679005405,0.028495598069785324,0.04192132406880329,-0.05251460355044893,0.03688667681917155,6155,0.31275385865150285
Keltner breakout,"{""n"": 20, ""k"": 1.5}",1h,1,0.0,-0.04697632656651718,-0.26399233898818264,0.015599490786359693,-0.3174348762023911,-0.006981244867405922,-0.3174348762023911,0.023763940759263344,0.038970627317885254,-0.021503507132882002,0.033268119858402036,3285,0.31993911719939117
Keltner breakout,"{""n"": 20, ""k"": 1.5}",1h,1,2.5,-0.06526957844693715,-0.269901035072861,-0.0033229247321057143,-0.3235273303209436,-0.02569587094448833,-0.3619545424361996,0.017903927962516893,0.035790222999830014,-0.02222024446303761,0.029082862360837593,3319,0.3136486893642663
Keltner breakout,"{""n"": 20, ""k"": 1.5}",4h,0,0.0,0.08855992283047587,-0.2553873439011559,0.11219329612553253,-0.39690853516658264,0.10293637492138341,-0.39690853516658264,0.08374202258429737,0.07210581518309737,-0.031671038252412825,0.07646939295854738,1528,0.33965968586387435
Keltner breakout,"{""n"": 20, ""k"": 1.5}",4h,0,2.5,0.08286154582174121,-0.24572410282476365,0.10174485829398949,-0.3900272576221945,0.0944149965673362,-0.3900272576221945,0.08055818171743485,0.06927995789149037,-0.030840652717296795,0.07350929182621956,1541,0.3354964308890331
Keltner breakout,"{""n"": 20, ""k"": 1.5}",4h,1,0.0,0.07085831001081377,-0.2152347058215004,0.2258575541721981,-0.2072445556460013,0.16150511015555713,-0.2152347058215004,0.039465243503893924,0.061409049056031055,-0.013441993733488408,0.05318012197397962,892,0.35650224215246634
Keltner breakout,"{""n"": 20, ""k"": 1.5}",4h,1,2.5,0.051007732205681,-0.21641621326333005,0.20685771647693518,-0.21453189028330866,0.14209979872610368,-0.21641621326333005,0.03663681642896044,0.058809801883267995,-0.014404042290730681,0.050494932337902663,903,0.34994462901439644
Donchian breakout,"{""n"": 80}",1h,0,0.0,-0.021424915286366697,-0.37149358657149856,0.07805054732123251,-0.45327612914463555,0.03757068156865073,-0.45327612914463555,0.08585090860147294,0.07747604687270408,-0.04889805841811086,0.0806166200209924,1630,0.34049079754601225
Donchian breakout,"{""n"": 80}",1h,0,2.5,-0.010604363719708076,-0.2974741236135503,0.10539191119495217,-0.37412238334250414,0.05790425810163291,-0.37412238334250414,0.07222011248493937,0.06886662363058088,-0.03490946543635517,0.07012418195096531,2023,0.24369747899159663
Donchian breakout,"{""n"": 80}",1h,1,0.0,0.11674763390327669,-0.23142085954989633,0.15072659377592545,-0.2616139807981046,0.13750122329870895,-0.2616139807981046,0.04800347813745779,0.06560263713512908,-0.02153966818897085,0.05900295251100235,952,0.3550420168067227
Donchian breakout,"{""n"": 80}",1h,1,2.5,0.038944744307650714,-0.24240547485638764,0.15163065748162596,-0.21629665985378632,0.10561442806160759,-0.24240547485638764,0.03564790730825534,0.05833343493827771,-0.014518442263327457,0.04982636207701932,1206,0.24792703150912107
Donchian breakout,"{""n"": 80}",4h,0,0.0,0.20888375337594867,-0.40864781891675894,0.08329432008648441,-0.46397935086474695,0.1380861167562617,-0.46397935086474695,0.12162138103765446,0.09312064435851869,-0.04480455516233317,0.1038084206131946,389,0.35989717223650386
Donchian breakout,"{""n"": 80}",4h,0,2.5,0.20708139465950426,-0.31257960466940415,0.04364442021564319,-0.4456655326099268,0.11058666753588775,-0.4456655326099268,0.10842796871656989,0.06721034417649606,-0.03425732121531733,0.08266695337902374,510,0.2411764705882353
Donchian breakout,"{""n"": 80}",4h,1,0.0,0.34047378583591525,-0.174106912461076,0.19428330843535346,-0.29660570103929784,0.2575245503211907,-0.29660570103929784,0.09465165730163422,0.0883463244382967,-0.02459241142765562,0.09071082426204825,273,0.41025641025641024
Donchian breakout,"{""n"": 80}",4h,1,2.5,0.2274357657855104,-0.24399844639734913,0.11693075283459886,-0.30908649677331534,0.16444409912852098,-0.30908649677331534,0.07387308157586217,0.0636733352840711,-0.017639914886649413,0.06749824014349275,358,0.276536312849162
Donchian breakout,"{""n"": 120}",1h,0,0.0,0.11151071827128023,-0.36547814344268814,0.04989830555043895,-0.5381875850018443,0.07493975350922644,-0.5381875850018443,0.1091402332339679,0.09430526763835625,-0.0559154939682731,0.09986837973671063,1125,0.34755555555555556
Donchian breakout,"{""n"": 120}",1h,0,2.5,0.049016914897787034,-0.360147067485993,0.13331524386137872,-0.3942549216631027,0.0988333206306482,-0.3942549216631027,0.08326644064712219,0.07870970772949887,-0.03461494498602967,0.0804184825736076,1482,0.21794871794871795
Donchian breakout,"{""n"": 120}",1h,1,0.0,0.18561676976768515,-0.18564102283560635,0.2265308021425938,-0.24676277333237118,0.21078031218186322,-0.24676277333237118,0.06487226509165131,0.0830256518477755,-0.02293540581965877,0.07621813181422893,674,0.38427299703264095
Donchian breakout,"{""n"": 120}",1h,1,2.5,0.10477912703391756,-0.22339681325618677,0.23520332217732598,-0.19845594878825135,0.181233478000977,-0.22339681325618677,0.04775414237563699,0.07053842010289252,-0.012398188184923532,0.06199431595517171,887,0.24689966178128522
Donchian breakout,"{""n"": 120}",4h,0,0.0,0.26099539836556707,-0.29066862038748664,0.06541046767023384,-0.45983484321327994,0.14927177999333274,-0.45983484321327994,0.11798174830120484,0.09076902535508026,-0.04573024776127205,0.10097379645987697,270,0.3333333333333333
Donchian breakout,"{""n"": 120}",4h,0,2.5,0.2566798168744171,-0.2493799220384405,0.11185657880125044,-0.4011303167711108,0.17666291388882782,-0.4011303167711108,0.10889196680072824,0.08177196355662214,-0.03286499225034855,0.09194196477316192,360,0.23055555555555557
Donchian breakout,"{""n"": 120}",4h,1,0.0,0.2662472653476071,-0.2281767114507025,0.15206310337585882,-0.3133544965150693,0.20639473927820973,-0.3133544965150693,0.09297528028449067,0.08761271614376001,-0.028755877289425497,0.089623677696534,213,0.36619718309859156
Donchian breakout,"{""n"": 120}",4h,1,2.5,0.1877002838870223,-0.2849539371866858,0.14708749813417077,-0.2899470653651568,0.17206984051583496,-0.2899470653651568,0.07789431340662407,0.07664242467869646,-0.019182387870763068,0.0771118829516693,283,0.24381625441696114
Keltner breakout,"{""n"": 20, ""k"": 2.0}",1h,0,0.0,-0.1205530323847972,-0.33904413153773094,0.08154902073632231,-0.24379379477504903,-0.0027470382440584196,-0.33904413153773094,0.03365761758481086,0.04990664103243356,-0.025441369870044687,0.04381325723957504,4015,0.34097135740971357
Keltner breakout,"{""n"": 20, ""k"": 2.0}",1h,0,2.5,-0.12383005626457666,-0.32843488039845636,0.06598641264683591,-0.23411351429526983,-0.012845871606010806,-0.33090590919352647,0.030667934695214092,0.047801262170756496,-0.025010998671415173,0.04137626436742809,4060,0.33275862068965517
Keltner breakout,"{""n"": 20, ""k"": 2.0}",1h,1,0.0,-0.024991834599743634,-0.22139665328493663,0.09083750508972566,-0.2095332506535441,0.04462564659500923,-0.22139665328493663,0.01874505127563835,0.045163874097095325,-0.012915662089238,0.03525681553904896,2239,0.34167038856632426
Keltner breakout,"{""n"": 20, ""k"": 2.0}",1h,1,2.5,-0.027001568263313125,-0.20282236839397694,0.08201091728115317,-0.2095945093560263,0.03869472136788055,-0.22343628122658343,0.01545370021476221,0.04331217163200216,-0.012500513953845944,0.03286524485053718,2264,0.33480565371024734
Keltner breakout,"{""n"": 20, ""k"": 2.0}",4h,0,0.0,0.13846037906068465,-0.1778694631488057,0.18564686079449033,-0.30626813498474503,0.16639981025611794,-0.30626813498474503,0.07297996239680138,0.0722392504477091,-0.022839579328934517,0.0725170174286187,1029,0.3722060252672498
Keltner breakout,"{""n"": 20, ""k"": 2.0}",4h,0,2.5,0.11738047277956487,-0.16797556580967488,0.1650923487387912,-0.300042248848144,0.14563985061677998,-0.300042248848144,0.06707643167117473,0.06804655045354926,-0.021811575564388508,0.06768275591015882,1045,0.3617224880382775
Keltner breakout,"{""n"": 20, ""k"": 2.0}",4h,1,0.0,0.07487934861230605,-0.18262412398508754,0.25021459766630927,-0.17574431631839282,0.176674825238623,-0.18262412398508754,0.0325838470808074,0.059158104262497166,-0.009491386271700236,0.049192757819363504,632,0.3860759493670886
Keltner breakout,"{""n"": 20, ""k"": 2.0}",4h,1,2.5,0.04028443620007094,-0.16955291313502197,0.2159753893801406,-0.17425752285052698,0.14220547475781609,-0.17425752285052698,0.027109391360096602,0.055063439999089,-0.010219877739246284,0.044580671759466846,645,0.37209302325581395
Keltner breakout,"{""n"": 20, ""k"": 2.5}",1h,0,0.0,-0.0045821404964744294,-0.1624067699771362,0.18727155631390002,-0.20002967115303205,0.10728328968994516,-0.20002967115303205,0.03403501043375708,0.04987150104864759,-0.0056599283948632895,0.04393281706806365,2669,0.36680404645934805
Keltner breakout,"{""n"": 20, ""k"": 2.5}",1h,0,2.5,-0.019294970870664008,-0.1458197644917022,0.18401766817245369,-0.19359795466163465,0.09889515542203653,-0.19359795466163465,0.026811676930803514,0.04727853213021802,-0.00461916432483872,0.03960346143043758,2710,0.35202952029520296
Keltner breakout,"{""n"": 20, ""k"": 2.5}",1h,1,0.0,0.03367125458183495,-0.1336290229240905,0.15440559595257053,-0.1355245753406188,0.10537255010118218,-0.1355245753406188,0.017934707851010034,0.04649918731675652,-0.005402451611903773,0.03578750751710159,1523,0.36309914642153646
Keltner breakout,"{""n"": 20, ""k"": 2.5}",1h,1,2.5,0.01894103512698897,-0.10133189709893076,0.14904901761885525,-0.12696584944973055,0.09598245080329693,-0.12696584944973055,0.011094472765830409,0.04343132917047043,-0.004427897238938605,0.03130500801873042,1548,0.3481912144702842
Keltner breakout,"{""n"": 20, ""k"": 2.5}",4h,0,0.0,0.16036114649625,-0.15445889233581056,0.13899384480750188,-0.2524912683719215,0.14739701036216202,-0.2524912683719215,0.06037952363138334,0.05713226314039794,-0.01767076649071648,0.05834998582451747,713,0.3688639551192146
Keltner breakout,"{""n"": 20, ""k"": 2.5}",4h,0,2.5,0.13201517345993863,-0.13716517829675723,0.12484693248225054,-0.23469385946155785,0.12761941681658517,-0.23469385946155785,0.05579091302233324,0.05309078809812939,-0.017841638489378822,0.05410333494470584,727,0.3562585969738652
Keltner breakout,"{""n"": 20, ""k"": 2.5}",4h,1,0.0,0.11315743552424196,-0.14426500506994355,0.1891008293224885,-0.12745075397015526,0.1579705526994608,-0.14426500506994355,0.03357617007619927,0.046034119971603414,-0.00536939063690469,0.04136238876082686,464,0.39655172413793105
Keltner breakout,"{""n"": 20, ""k"": 2.5}",4h,1,2.5,0.07909789805339029,-0.13175334875748113,0.16311271762881474,-0.1269361104177471,0.1286151924675094,-0.13175334875748113,0.028377634914035284,0.04212681532573454,-0.006131936541773415,0.03697087267134732,476,0.38235294117647056
Keltner breakout,"{""n"": 50, ""k"": 1.0}",1h,0,0.0,-0.1805658813847929,-0.5373706168224225,-0.037684742215239986,-0.598518335164572,-0.09413592391551695,-0.598518335164572,0.0790688768181066,0.07815456449574061,-0.07042737100588993,0.07849743161662785,6418,0.26067310688688067
Keltner breakout,"{""n"": 50, ""k"": 1.0}",1h,0,2.5,-0.17997806124483273,-0.5264246370618151,-0.05399350288308313,-0.6005053998291736,-0.1031084346003679,-0.6005053998291736,0.07459370288595933,0.0756107745113307,-0.06828660467258621,0.07522937265181644,6492,0.25693160813308685
Keltner breakout,"{""n"": 50, ""k"": 1.0}",1h,1,0.0,-0.03997838975881318,-0.3483493320009565,0.11682902339994161,-0.2959273482379091,0.055197523355489775,-0.3483493320009565,0.03780390107338633,0.06431168441832918,-0.0272539676650611,0.05437126566397562,3468,0.2629757785467128
Keltner breakout,"{""n"": 50, ""k"": 1.0}",1h,1,2.5,-0.052109549285242696,-0.3505319988525549,0.09860797450800485,-0.2994959902715747,0.03954407404824467,-0.3505319988525549,0.03383919654609061,0.061635971345630695,-0.02684012522945771,0.05121218079580316,3514,0.2581104154809334
Keltner breakout,"{""n"": 50, ""k"": 1.0}",4h,0,0.0,0.2309608024952592,-0.3044639839199359,0.12862485255499556,-0.4956899889565237,0.16930500487643263,-0.4956899889565237,0.12487435914061064,0.10674486103792015,-0.04876458056367115,0.11354342282642908,1537,0.27260897852960314
Keltner breakout,"{""n"": 50, ""k"": 1.0}",4h,0,2.5,0.2467351068269008,-0.2848912236008836,0.10682911893281344,-0.4956629143461041,0.16162721676932623,-0.4956629143461041,0.12302383519402056,0.10370187604007867,-0.047113406847032586,0.1109476107228069,1548,0.2680878552971576
Keltner breakout,"{""n"": 50, ""k"": 1.0}",4h,1,0.0,0.10870857270143053,-0.2751477219202212,0.28774059032000965,-0.21993680376727365,0.21357211446764857,-0.2751477219202212,0.053685217964404536,0.09247905853096104,-0.021046598880379387,0.07793136831850234,898,0.267260579064588
Keltner breakout,"{""n"": 50, ""k"": 1.0}",4h,1,2.5,0.10226396475859034,-0.27454634757527907,0.25638687790774206,-0.2305062577853021,0.19299389755981844,-0.27454634757527907,0.05134590122085558,0.08954573073149735,-0.021096309147040034,0.07522079466500668,905,0.26077348066298345
Keltner breakout,"{""n"": 50, ""k"": 1.5}",1h,0,0.0,-0.11370598241875562,-0.46259854472945017,0.03919291978310646,-0.5257321155416517,-0.022484368455752746,-0.5257321155416517,0.07450291372605716,0.07498020954303906,-0.05138365741294113,0.07480122361167085,4709,0.2858356338925462
Keltner breakout,"{""n"": 50, ""k"": 1.5}",1h,0,2.5,-0.12085441114038964,-0.4591271957534263,0.021806186490362256,-0.5215582690088197,-0.03544809873624488,-0.5215582690088197,0.06858005839721065,0.07123261996306238,-0.04862128213024023,0.07023790937586798,4820,0.2773858921161826
Keltner breakout,"{""n"": 50, ""k"": 1.5}",1h,1,0.0,-0.007311105840458576,-0.3047524648951113,0.1614060357153546,-0.2316393236724963,0.09335694868724875,-0.3047524648951113,0.03644926285707496,0.0629676492488029,-0.01979951151228114,0.05302325435190492,2574,0.2925407925407925
Keltner breakout,"{""n"": 50, ""k"": 1.5}",1h,1,2.5,-0.01598652016263391,-0.3082376932741633,0.14282509685792655,-0.2244615370379509,0.07904482047537598,-0.3082376932741633,0.03271545793984602,0.05931994285000483,-0.01810993549193375,0.04934326100869527,2643,0.2833900870223231
Keltner breakout,"{""n"": 50, ""k"": 1.5}",4h,0,0.0,0.2554481586920785,-0.2764133896188474,0.13862179522102136,-0.4796083958286549,0.18442694064144227,-0.4796083958286549,0.11841539298809778,0.09964346541434926,-0.04267576760306364,0.10668293825450496,1157,0.2999135695764909
Keltner breakout,"{""n"": 50, ""k"": 1.5}",4h,0,2.5,0.26989554590233844,-0.254339099419559,0.12590225520291676,-0.4686817289525137,0.18188153877399516,-0.4686817289525137,0.11648849686444374,0.09602908026972545,-0.04007682850545438,0.10370136149274482,1173,0.29241261722080136
Keltner breakout,"{""n"": 50, ""k"": 1.5}",4h,1,0.0,0.13100403824666684,-0.29046159264248717,0.2841969742050128,-0.2233784752323157,0.22087495116112876,-0.29046159264248717,0.05418093790128426,0.0867387587900408,-0.019918758190321774,0.07452957595675709,709,0.3032440056417489
Keltner breakout,"{""n"": 50, ""k"": 1.5}",4h,1,2.5,0.11740372647354858,-0.3017618835967977,0.25612356802427505,-0.22261999762777007,0.19899334620859577,-0.3017618835967977,0.05162050919664163,0.08294458268177449,-0.019138507741616108,0.07119805512484968,720,0.29305555555555557
Keltner breakout,"{""n"": 50, ""k"": 2.0}",1h,0,0.0,-0.07914066212644832,-0.3750780131402144,0.08379193998834844,-0.46941028019464814,0.016993863444705326,-0.46941028019464814,0.062415787993343304,0.071503241186432,-0.03692899456685273,0.06809544623902374,3598,0.30711506392440246
Keltner breakout,"{""n"": 50, ""k"": 2.0}",1h,0,2.5,-0.07753913397983059,-0.37065196046194226,0.06428654428243741,-0.4613545703421892,0.006687239409088441,-0.4613545703421892,0.05679689423862005,0.06639910790584816,-0.03253008454202522,0.06279827778063761,3740,0.293048128342246
Keltner breakout,"{""n"": 50, ""k"": 2.0}",1h,1,0.0,-0.0023927259416256508,-0.28037710655684167,0.1294847414493585,-0.22773422109183583,0.07641275656655333,-0.28037710655684167,0.033790208485806765,0.055664645931795334,-0.018925812527298386,0.04746173188954963,2040,0.3088235294117647
Keltner breakout,"{""n"": 50, ""k"": 2.0}",1h,1,2.5,-0.005538049857912175,-0.2816476418317161,0.09556528738899317,-0.2143859645883499,0.055591162027483154,-0.2816476418317161,0.0303533939326797,0.04968324138622351,-0.017484179093802323,0.04243454859114457,2132,0.29174484052532834
Keltner breakout,"{""n"": 50, ""k"": 2.0}",4h,0,0.0,0.2161464723152975,-0.24620920481988173,0.15582756779124107,-0.4395744763269498,0.17963284352617293,-0.4395744763269498,0.09968391476251466,0.09479662816744663,-0.03607043331785291,0.09662936064059714,911,0.30954994511525796
Keltner breakout,"{""n"": 50, ""k"": 2.0}",4h,0,2.5,0.18124105771740195,-0.2544834929497565,0.1301088878281922,-0.44406469884397626,0.15034845011179265,-0.44406469884397626,0.09833694936123599,0.0906246135324961,-0.03511023733029796,0.09351673946827355,942,0.291932059447983
Keltner breakout,"{""n"": 50, ""k"": 2.0}",4h,1,0.0,0.1674867275212295,-0.24717776087577592,0.27519382266512227,-0.21793618285040117,0.2309013257900414,-0.24717776087577592,0.051061548494349976,0.08261118948221927,-0.014984922624141576,0.07078007411176829,570,0.3280701754385965
Keltner breakout,"{""n"": 50, ""k"": 2.0}",4h,1,2.5,0.1186224150472579,-0.2952310185869763,0.24530385910614938,-0.21468350347029852,0.19294253484144308,-0.2952310185869763,0.0504069684234472,0.0793425321748277,-0.015326390944576648,0.06849169576806001,592,0.3091216216216216
Keltner breakout,"{""n"": 50, ""k"": 2.5}",1h,0,0.0,-0.07592887948289251,-0.3582888450334448,0.10426394983070608,-0.42169359736139256,0.0293379443735744,-0.42169359736139256,0.05711839736516246,0.07217030567301737,-0.03390999293202415,0.06652584005757177,2848,0.3237359550561798
Keltner breakout,"{""n"": 50, ""k"": 2.5}",1h,0,2.5,-0.07595648787091847,-0.3095871503207416,0.08497194286391685,-0.39671516434909837,0.018512957808395125,-0.39671516434909837,0.0467367555289199,0.06581547851023152,-0.028970000944451457,0.058660957392239664,3001,0.3015661446184605
Keltner breakout,"{""n"": 50, ""k"": 2.5}",1h,1,0.0,0.024132425547904512,-0.23334162788163937,0.1616528462888871,-0.1664341688076405,0.10563713597267377,-0.23334162788163937,0.03372845026541622,0.06077154308138343,-0.016210250294135232,0.05063038327539573,1632,0.33455882352941174
Keltner breakout,"{""n"": 50, ""k"": 2.5}",1h,1,2.5,0.002644029878433596,-0.20699168735686524,0.1275651592325684,-0.1677398371164026,0.0769032033215109,-0.20699168735686524,0.02433878526840842,0.0545850802212898,-0.014559860035230188,0.04324271961395928,1734,0.30565167243367936
Keltner breakout,"{""n"": 50, ""k"": 2.5}",4h,0,0.0,0.17068201282201945,-0.24397134026695055,0.14410686061749467,-0.42503624572340537,0.15470738319169386,-0.42503624572340537,0.08935081004352628,0.0862637324083453,-0.03566255134604392,0.08742138652153818,747,0.32663989290495316
Keltner breakout,"{""n"": 50, ""k"": 2.5}",4h,0,2.5,0.12980007932703597,-0.26700599288028537,0.14732847313799446,-0.40825212786512954,0.14031543751478015,-0.40825212786512954,0.08655962125806742,0.08341016573848352,-0.03384852020011152,0.0845912115583275,784,0.30739795918367346
Keltner breakout,"{""n"": 50, ""k"": 2.5}",4h,1,0.0,0.16176516584008493,-0.2471455388082061,0.2608520339992222,-0.22410030649488943,0.22018628924276196,-0.2471455388082061,0.05302505581007038,0.07521593761896357,-0.014030766125812076,0.06689435694062862,490,0.35918367346938773
Keltner breakout,"{""n"": 50, ""k"": 2.5}",4h,1,2.5,0.12219753451870408,-0.27857522596494777,0.24640724452358143,-0.23678643706516878,0.19510102375080085,-0.27857522596494777,0.052751055247998474,0.07327501074811948,-0.01410710265496671,0.06557852743557412,516,0.3372093023255814
Bollinger breakout,"{""n"": 20, ""k"": 1.5}",1h,0,0.0,-0.3261784632316297,-0.6327318946436469,-0.08564466022828798,-0.5711528461698812,-0.18697356742639515,-0.7222182886091972,0.03805974592573972,0.06700059111921718,-0.0745554949050152,0.05614777417166313,9876,0.3030579181855002
Bollinger breakout,"{""n"": 20, ""k"": 1.5}",1h,0,2.5,-0.3439907830540382,-0.6344741062172996,-0.11121535029874341,-0.5643909210519411,-0.2091991406758753,-0.7510962292713252,0.031067073016018815,0.06274493233774275,-0.07369987831242458,0.05086573509209628,9936,0.3001207729468599
Bollinger breakout,"{""n"": 20, ""k"": 1.5}",1h,1,0.0,-0.03813347760714603,-0.3347511303943125,0.04586837847668335,-0.331219064714933,0.016103564921542635,-0.3347511303943125,0.03331364806372382,0.053444978534575444,-0.027344233616406248,0.045895729608006086,5180,0.30637065637065636
Bollinger breakout,"{""n"": 20, ""k"": 1.5}",1h,1,2.5,-0.0705615399946542,-0.34988449029915103,0.011503911882754014,-0.33700514779340107,-0.01761165072341364,-0.39237557835875214,0.025998983958759388,0.04897406032296873,-0.028774020652899364,0.04035840668639023,5222,0.30218307162006897
Bollinger breakout,"{""n"": 20, ""k"": 1.5}",4h,0,0.0,-0.027505792283603614,-0.3575214932401758,0.08100828625222767,-0.5606545117216892,0.03782268608298667,-0.5606545117216892,0.08915816592060721,0.08757705843622038,-0.05121092274721922,0.08816997374286543,2406,0.3092269326683292
Bollinger breakout,"{""n"": 20, ""k"": 1.5}",4h,0,2.5,-0.05238440902112451,-0.3519684633231115,0.07674249372013353,-0.545482606145145,0.02468333768926989,-0.545482606145145,0.08528728599145242,0.08551294283428826,-0.0507181397523027,0.08542832151822483,2420,0.30578512396694213
Bollinger breakout,"{""n"": 20, ""k"": 1.5}",4h,1,0.0,0.056547493533947835,-0.24609363844441456,0.18442469478598644,-0.20082035399671672,0.1331996646673328,-0.24609363844441456,0.04089303007403523,0.06867127764077997,-0.018218933784552208,0.05825443480325069,1329,0.3235515425131678
Bollinger breakout,"{""n"": 20, ""k"": 1.5}",4h,1,2.5,0.025514520299017462,-0.26901480863872596,0.16366383472255275,-0.20573617603802374,0.10795706850775288,-0.26901480863872596,0.037235513512212735,0.06575774591349288,-0.017866305244597834,0.05506190876301281,1342,0.3174366616989568
Bollinger breakout,"{""n"": 20, ""k"": 2.0}",1h,0,0.0,-0.28708997958769233,-0.5600464614942624,0.07111898804089556,-0.3876007701542661,-0.08722421661686963,-0.5600464614942624,0.03354537179253292,0.06678620042362322,-0.055714513098071246,0.05432088968696436,7115,0.32312016865776527
Bollinger breakout,"{""n"": 20, ""k"": 2.0}",1h,0,2.5,-0.3073845054964318,-0.5595338370823175,0.04483433605365561,-0.3715662424478945,-0.11104667052843531,-0.5805964539288833,0.027191798866740193,0.06305027925106757,-0.056101193633700454,0.049603349106944805,7176,0.31828316610925306
Bollinger breakout,"{""n"": 20, ""k"": 2.0}",1h,1,0.0,-0.04617646560412614,-0.26639655210568314,0.15931169078888474,-0.2495542792228279,0.07536626114485512,-0.26639655210568314,0.028828867237326496,0.058454558689509065,-0.021700455441313563,0.0473449243949406,3747,0.33066453162530024
Bollinger breakout,"{""n"": 20, ""k"": 2.0}",1h,1,2.5,-0.07192983042838874,-0.26767008500043954,0.13106017121924052,-0.26202005260853456,0.04804259879145434,-0.3171733947976343,0.022602279142949235,0.05538560758515373,-0.022777683389849077,0.04309185941932705,3784,0.32558139534883723
Bollinger breakout,"{""n"": 20, ""k"": 2.0}",4h,0,0.0,-0.005181821994667657,-0.32589605771986363,0.11092158441292788,-0.4026394816667941,0.06413311059860383,-0.4026394816667941,0.0804056235214782,0.07538916417614246,-0.041005549365503206,0.07727033643064336,1762,0.32406356413166854
Bollinger breakout,"{""n"": 20, ""k"": 2.0}",4h,0,2.5,-0.020968055602176294,-0.3141824684057817,0.08415415977639173,-0.3970719836258021,0.04200306533133613,-0.3970719836258021,0.0769517927371231,0.06869911124756263,-0.0398097339419806,0.07179386680614781,1779,0.31815626756604837
Bollinger breakout,"{""n"": 20, ""k"": 2.0}",4h,1,0.0,0.08063080725282679,-0.21133111665406767,0.18975855337146297,-0.21639137413799947,0.1460890213447681,-0.21639137413799947,0.038635392585027364,0.060045132296961436,-0.013223040566963398,0.05201647990498617,975,0.3384615384615385
Bollinger breakout,"{""n"": 20, ""k"": 2.0}",4h,1,2.5,0.04645584975408035,-0.21605226572400138,0.138533776262856,-0.24105315307783604,0.10199767507035129,-0.24105315307783604,0.03488909335222126,0.05212374143796789,-0.01352758687353408,0.045660748405812905,990,0.3282828282828283
Bollinger breakout,"{""n"": 20, ""k"": 2.5}",1h,0,0.0,-0.1090501216566323,-0.30614959142981857,0.18466931001878084,-0.18676723961458463,0.057794257918688086,-0.30614959142981857,0.03410940308800503,0.056446583967147516,-0.02233334666108011,0.04807014113746908,4312,0.3559833024118738
Bollinger breakout,"{""n"": 20, ""k"": 2.5}",1h,0,2.5,-0.1243388527282917,-0.3066011730046808,0.16550427478132512,-0.16962606965186344,0.04027580035043421,-0.334393856381487,0.02962452098622174,0.05271041903197728,-0.020934469422257948,0.044053207264818955,4332,0.3490304709141274
Bollinger breakout,"{""n"": 20, ""k"": 2.5}",1h,1,0.0,0.03140064751323601,-0.17919655067498608,0.11448819694636048,-0.21946543043147582,0.08132247270163662,-0.21946543043147582,0.024151752869637236,0.04293100455905013,-0.013083306059832711,0.03588878517552029,2328,0.3543814432989691
Bollinger breakout,"{""n"": 20, ""k"": 2.5}",1h,1,2.5,0.013600396731964448,-0.1712676831986354,0.08163748065688448,-0.2130703593137192,0.05473605160991535,-0.24275598117979724,0.019937274965946956,0.0380230036509614,-0.012346507309235442,0.031240855394080985,2341,0.3464331482272533
Bollinger breakout,"{""n"": 20, ""k"": 2.5}",4h,0,0.0,0.0976242243524783,-0.20651194174590237,0.17395829745295965,-0.2748839842036399,0.1434364066968956,-0.2748839842036399,0.07359293124263042,0.07014525089602627,-0.023262632272927006,0.07143813102600283,1073,0.3634669151910531
Bollinger breakout,"{""n"": 20, ""k"": 2.5}",4h,0,2.5,0.07669565554588287,-0.19232596427259718,0.15183476500104875,-0.2668279496744288,0.12179925377173184,-0.2668279496744288,0.06988847769095147,0.0638718451196939,-0.021952497612882885,0.06612808233391548,1083,0.3536472760849492
Bollinger breakout,"{""n"": 20, ""k"": 2.5}",4h,1,0.0,0.0989185417688041,-0.16302270392946971,0.25259561948085163,-0.16631671102517132,0.1892913150321076,-0.16631671102517132,0.03167011644419145,0.059282931246845645,-0.006352151863586897,0.04892812569585032,598,0.40301003344481606
Bollinger breakout,"{""n"": 20, ""k"": 2.5}",4h,1,2.5,0.06036854225241739,-0.16509944081048777,0.20979246621197878,-0.1764509547471682,0.14824270754792357,-0.1764509547471682,0.028047185218165196,0.05300207561579779,-0.007180769167680477,0.043643991716685565,606,0.38613861386138615
Bollinger breakout,"{""n"": 50, ""k"": 1.5}",1h,0,0.0,-0.08767733900583341,-0.4281044836337078,0.11782061816526634,-0.4567701006136018,0.03422730209620162,-0.4567701006136018,0.08761287599988092,0.07821158678442922,-0.04921627471863397,0.0817370702402236,4507,0.2897714666074995
Bollinger breakout,"{""n"": 50, ""k"": 1.5}",1h,0,2.5,-0.11288537418277356,-0.4245045127136773,0.09631618635006012,-0.4720749450657473,0.010905549856912833,-0.4720749450657473,0.07882623966680698,0.07343632372170257,-0.04836679575674006,0.07545754220111674,4680,0.2775641025641026
Bollinger breakout,"{""n"": 50, ""k"": 1.5}",1h,1,0.0,0.057017881430518,-0.22677052103325857,0.18381382405786528,-0.2347877689727863,0.13535261596717918,-0.2347877689727863,0.05004428857024495,0.06573557549409673,-0.02309345327270848,0.05985134289765231,2448,0.29411764705882354
Bollinger breakout,"{""n"": 50, ""k"": 1.5}",1h,1,2.5,0.029449568354456224,-0.2262404629557535,0.171856196848446,-0.23328275289493916,0.11664481194609033,-0.23328275289493916,0.04238322483437059,0.06114692937819984,-0.02115162439483699,0.054110540174263866,2540,0.2803149606299213
Bollinger breakout,"{""n"": 50, ""k"": 1.5}",4h,0,0.0,0.23144401682931703,-0.2986817398459639,0.22658395995335723,-0.41892418511489105,0.22889920732660873,-0.41892418511489105,0.11093605673550425,0.10463495326166158,-0.04014453776657544,0.10699786706435259,1067,0.3177132146204311
Bollinger breakout,"{""n"": 50, ""k"": 1.5}",4h,0,2.5,0.2175397146799709,-0.2775629000345141,0.20148985059664248,-0.4041955144459478,0.20826911386004232,-0.4041955144459478,0.10664175184827418,0.10050738974562438,-0.03724932154446389,0.10280777553411806,1103,0.3055303717135086
Bollinger breakout,"{""n"": 50, ""k"": 1.5}",4h,1,0.0,0.15641834840786983,-0.28224703925962646,0.3434514272715843,-0.21630522454426926,0.26552759273917537,-0.28224703925962646,0.056693012854626024,0.08893899319676464,-0.017381247755267434,0.07684675056846267,636,0.3490566037735849
Bollinger breakout,"{""n"": 50, ""k"": 1.5}",4h,1,2.5,0.12123268800482156,-0.3057895082606016,0.297167083828771,-0.22331090064210335,0.22398988013741739,-0.3057895082606016,0.05235871973886778,0.08434441721443439,-0.017288035967306478,0.07234978066109692,667,0.328335832083958
Bollinger breakout,"{""n"": 50, ""k"": 2.0}",1h,0,0.0,-0.09292530136704336,-0.41026334517837515,0.14485573177371958,-0.43017026681791615,0.04527819293426005,-0.43017026681791615,0.08210826099823454,0.07337104669771095,-0.04232517401676065,0.0766475020604073,3507,0.3082406615340747
Bollinger breakout,"{""n"": 50, ""k"": 2.0}",1h,0,2.5,-0.12476821567024632,-0.4052807961808138,0.11966757989055776,-0.4230858278791294,0.016790025418305543,-0.4230858278791294,0.06980253495399993,0.06701704945415977,-0.03993215023768853,0.06806160651659983,3680,0.2888586956521739
Bollinger breakout,"{""n"": 50, ""k"": 2.0}",1h,1,0.0,0.05410657067024438,-0.21725774861901492,0.20717031967992905,-0.19765433076519823,0.14587036543901388,-0.21725774861901492,0.04350684542315311,0.06575246789593703,-0.018161720693256958,0.057410359468643056,1915,0.3174934725848564
Bollinger breakout,"{""n"": 50, ""k"": 2.0}",1h,1,2.5,0.030522253256481946,-0.20435088830982584,0.1820696993743014,-0.2066853575071056,0.12133308079964267,-0.2066853575071056,0.03712585411292271,0.06000766077234864,-0.016445415032076652,0.05142698327506392,2008,0.2968127490039841
Bollinger breakout,"{""n"": 50, ""k"": 2.0}",4h,0,0.0,0.20598188441608523,-0.3125760771846984,0.17464506012304115,-0.3624391076551081,0.1871079622782552,-0.3624391076551081,0.10093368615014592,0.09182009201587582,-0.03496773836100521,0.09523768981622711,862,0.3375870069605568
Bollinger breakout,"{""n"": 50, ""k"": 2.0}",4h,0,2.5,0.18411654226448415,-0.3026713843100882,0.1487976652916252,-0.3613432755650995,0.1628400975498141,-0.3613432755650995,0.09505865239330806,0.08320920342388813,-0.03218292266802909,0.08765274678742059,899,0.3192436040044494
Bollinger breakout,"{""n"": 50, ""k"": 2.0}",4h,1,0.0,0.21187381876887645,-0.20187502188464268,0.23424126643487142,-0.22044135427691502,0.22522384296528553,-0.22044135427691502,0.06093034756582702,0.0746231652980904,-0.01605747039681043,0.06948835864849164,527,0.3738140417457306
Bollinger breakout,"{""n"": 50, ""k"": 2.0}",4h,1,2.5,0.16245112549540597,-0.23360129629007054,0.20405371731435484,-0.2176825726934034,0.1872290438351003,-0.23360129629007054,0.054184104367006984,0.06816169992598405,-0.015004868131373854,0.06292010159136766,555,0.34774774774774775
Bollinger breakout,"{""n"": 50, ""k"": 2.5}",1h,0,0.0,-0.05983500342641124,-0.3060999734587876,0.20301941711195348,-0.27731265866901544,0.09205000958935594,-0.3060999734587876,0.06712544082729931,0.06753870949836664,-0.025219902296969028,0.0673837337467164,2527,0.3371586861891571
Bollinger breakout,"{""n"": 50, ""k"": 2.5}",1h,0,2.5,-0.07680014435155669,-0.3022013487742422,0.19607276904621895,-0.25806383622124585,0.0803646867864003,-0.3022013487742422,0.05439350142330569,0.06334894066682513,-0.022585862529045084,0.05999065095050534,2646,0.3072562358276644
Bollinger breakout,"{""n"": 50, ""k"": 2.5}",1h,1,0.0,0.03369343784962675,-0.1902696520409508,0.18947206272225436,-0.14482125514757294,0.12662794709306024,-0.1902696520409508,0.034834114862356214,0.05489705682051568,-0.011572163393127312,0.04737345358620588,1398,0.34048640915593703
Bollinger breakout,"{""n"": 50, ""k"": 2.5}",1h,1,2.5,0.01933418424520128,-0.16713378513569543,0.181873413817917,-0.14374660553003604,0.11604410625996775,-0.16713378513569543,0.028043935344646873,0.05223018706758191,-0.00960765589263915,0.04316034267148128,1473,0.3075356415478615
Bollinger breakout,"{""n"": 50, ""k"": 2.5}",4h,0,0.0,0.2063891638091091,-0.2935833404522271,0.22565017038330604,-0.28215576833976364,0.21789373373824383,-0.2935833404522271,0.090349015710278,0.07891043512416004,-0.029382514448959896,0.08319990284395427,645,0.35348837209302325
Bollinger breakout,"{""n"": 50, ""k"": 2.5}",4h,0,2.5,0.16844064577839557,-0.28012412001280074,0.21073017515340653,-0.26619407738688805,0.19362174230714624,-0.28012412001280074,0.0820894227777313,0.07143920802329153,-0.027077894351410607,0.07543303855620645,667,0.3268365817091454
Bollinger breakout,"{""n"": 50, ""k"": 2.5}",4h,1,0.0,0.178087339561817,-0.19132713509969568,0.2432991770463111,-0.1818978577720377,0.21675526420723878,-0.19132713509969568,0.051484432431937455,0.062389736258184766,-0.011356013071963648,0.058300247323342026,395,0.389873417721519
Bollinger breakout,"{""n"": 50, ""k"": 2.5}",4h,1,2.5,0.1340270783038724,-0.2063551970390599,0.21710802246411598,-0.17739793101038226,0.18314363871091444,-0.2063551970390599,0.046142689416242284,0.055735659990634255,-0.010471553177417797,0.052138296025237264,413,0.34624697336561744
Ichimoku,"{""f"": 1}",1h,0,0.0,-0.06760610347638396,-0.3028353611453163,0.00046030457616996756,-0.343125995458028,-0.026570151865584313,-0.343125995458028,0.0249658337449366,0.03703986208031799,-0.025642067312531526,0.03251210145454997,3927,0.2897886427298192
Ichimoku,"{""f"": 1}",1h,0,2.5,-0.10022587393644777,-0.33741114439484854,-0.022114829492046018,-0.3436551644872171,-0.053379983896954974,-0.3436551644872171,0.016663282702313344,0.03348973420577755,-0.02512790243493706,0.027179814891978474,3937,0.28498856997713995
Ichimoku,"{""f"": 1}",1h,1,0.0,0.038095374786781155,-0.1791488098130959,0.07680304280729633,-0.12041182334480904,0.06195490416664318,-0.1791488098130959,0.022184064764656335,0.029046936806390457,-0.009750067439616178,0.02647335979074016,2121,0.30221593587930223
Ichimoku,"{""f"": 1}",1h,1,2.5,-0.007721907346851853,-0.2162082198498484,0.05128283505129971,-0.12942507188196872,0.028060186692082212,-0.2162082198498484,0.012617246381497872,0.02567416339947645,-0.010291483119939493,0.020777819517734483,2130,0.29389671361502345
Ichimoku,"{""f"": 1}",4h,0,0.0,0.09822028307313713,-0.16987866253447126,0.10233892497267028,-0.24672553805261244,0.10062457031577732,-0.24672553805261244,0.0379437368523399,0.04272554594068887,-0.015120897311939371,0.040932367532558,874,0.3295194508009153
Ichimoku,"{""f"": 1}",4h,0,2.5,0.07866827912620833,-0.19312461281737392,0.09677736836161444,-0.2429433004504179,0.08943307892674501,-0.2429433004504179,0.035237528303705745,0.04176161182111034,-0.014979266187044808,0.03931508050208361,875,0.32457142857142857
Ichimoku,"{""f"": 1}",4h,1,0.0,0.029794667754740933,-0.15115834687385632,0.1422512333656203,-0.10949181460660518,0.09575125419206554,-0.15115834687385632,0.016681597644182915,0.0372846049720541,-0.009044168808990706,0.029558477224102406,541,0.32717190388170053
Ichimoku,"{""f"": 1}",4h,1,2.5,0.010846738575580828,-0.1746366491475987,0.1353070094112967,-0.10831307784293343,0.08367023385760497,-0.1746366491475987,0.014023224297286172,0.036330311081211805,-0.009222776183100544,0.027965153537239693,542,0.3210332103321033
Ichimoku,"{""f"": 2}",1h,0,0.0,0.023788220640716284,-0.17324701032915613,0.12475517816373816,-0.24330728018465897,0.08332673303129057,-0.24330728018465897,0.023884416162953424,0.033077846561641894,-0.0031613841994219335,0.029630310162133716,1919,0.31474726420010424
Ichimoku,"{""f"": 2}",1h,0,2.5,-0.015721933684150424,-0.163001868740135,0.10385319572518648,-0.22168513900859255,0.05447734062356058,-0.22168513900859255,0.013478507064410672,0.02925615941474511,-0.0026142807925883735,0.023339539783369695,1924,0.301975051975052
Ichimoku,"{""f"": 2}",1h,1,0.0,0.03775711913173385,-0.1670632347503207,0.1277250442440825,-0.10773764786326068,0.09094104175593998,-0.1670632347503207,0.01585412449877239,0.025134819526452357,-0.001209152348654631,0.02165455889107237,1099,0.3221110100090992
Ichimoku,"{""f"": 2}",1h,1,2.5,-0.010810521453300304,-0.15870709364412572,0.11646750948336071,-0.1041827548063069,0.06379801474766222,-0.15870709364412572,0.004439167697290087,0.02307652167650808,-0.000816309471468997,0.016087513934301332,1103,0.3073436083408885
Ichimoku,"{""f"": 2}",4h,0,0.0,0.09760572511588772,-0.22890642343005896,0.23218410150122026,-0.21382646750988077,0.1764316476157124,-0.22890642343005896,0.03339050639947402,0.06470320152391543,-0.013172334652366842,0.052960940852249894,455,0.3802197802197802
Ichimoku,"{""f"": 2}",4h,0,2.5,0.05985046704625607,-0.2388449106043481,0.21352726353114004,-0.2034223759515572,0.14950870130568394,-0.2388449106043481,0.03219345112751096,0.061002849063326356,-0.01361269832771446,0.05019932483739559,455,0.3516483516483517
Ichimoku,"{""f"": 2}",4h,1,0.0,0.0478990057310551,-0.1367509147478997,0.25340941084380764,-0.14197096434212064,0.1666895891892768,-0.14197096434212064,0.016447651088729944,0.05908492144886783,-0.00687193807876476,0.04309594506381612,313,0.38338658146964855
Ichimoku,"{""f"": 2}",4h,1,2.5,0.025552505618970267,-0.14441560358989758,0.229370541546142,-0.13067156181857753,0.14332425923425873,-0.14441560358989758,0.013184920666679423,0.05562802611461763,-0.006569160183119815,0.039711861571640805,313,0.3514376996805112
Heikin-Ashi trend,"{""k"": 1, ""tf"": 0}",1h,0,0.0,-0.8620571529634042,-0.973582082845605,-0.862417558333604,-0.9959338942987025,-0.8615530099317953,-0.9998901520854211,-0.06364249047621119,-0.09232410165295825,-0.21978237455808688,-0.08156849746167809,51334,0.2716328359371956
Heikin-Ashi trend,"{""k"": 1, ""tf"": 0}",1h,0,2.5,-0.8672059067794415,-0.9753626404220096,-0.8699395569409801,-0.9965148914954695,-0.8681618346475923,-0.9999121938279832,-0.07042019704451384,-0.09862322206518599,-0.2202642102193276,-0.08804708768243392,51334,0.27104842794249423
Heikin-Ashi trend,"{""k"": 1, ""tf"": 0}",1h,1,0.0,-0.4857094080596348,-0.7180237721032299,-0.6420368431588428,-0.9438239235811468,-0.5842409375428315,-0.9838013628358537,-0.02270018788675539,-0.05828211434432218,-0.07070086373812456,-0.044938891922734626,26260,0.2785605483625286
Heikin-Ashi trend,"{""k"": 1, ""tf"": 0}",1h,1,2.5,-0.5057044081581464,-0.7378067919453992,-0.6566651334830476,-0.9498948914251543,-0.6008907670257053,-0.9865656077882041,-0.026967879838450108,-0.06407084383873414,-0.07223027639838674,-0.05015723233862762,26260,0.27764661081492764
Heikin-Ashi trend,"{""k"": 1, ""tf"": 0}",4h,0,0.0,-0.46134660623936685,-0.7656960374992574,-0.12251011912297805,-0.6300880200193475,-0.2738677732013758,-0.826262806838481,0.03934966360038708,0.08593122371505862,-0.11142954802166999,0.06846313867205679,12342,0.3162372386971318
Heikin-Ashi trend,"{""k"": 1, ""tf"": 0}",4h,0,2.5,-0.4823549495394023,-0.7693142971431,-0.12515174355048186,-0.626768737409721,-0.2866279118865712,-0.839136449059277,0.032614532731646495,0.08523863814082228,-0.11348418825513895,0.06550459861238135,12342,0.3160751904067412
Heikin-Ashi trend,"{""k"": 1, ""tf"": 0}",4h,1,0.0,-0.1011797257976258,-0.43408462787783897,0.048305126496404505,-0.4275724379835242,-0.008490264968018746,-0.4807444822037157,0.03739934743521648,0.06778906793339277,-0.04026734299760086,0.05639292274657667,6224,0.3259961439588689
Heikin-Ashi trend,"{""k"": 1, ""tf"": 0}",4h,1,2.5,-0.1342004503426122,-0.44197849928791466,0.04269188818595593,-0.4207569148391994,-0.02637028984060097,-0.51355202453528,0.031163339093603606,0.0666380744594563,-0.041456851003793704,0.05333504869726154,6224,0.32567480719794345
Heikin-Ashi trend,"{""k"": 1, ""tf"": 100}",1h,0,0.0,-0.5618686282930623,-0.7813530568834086,-0.5484026839895034,-0.8984503044514258,-0.5529721137688393,-0.9775001072162693,-0.034888224942342144,-0.04667867371345878,-0.06831499933580087,-0.04225725542429004,24688,0.26984769928710306
Heikin-Ashi trend,"{""k"": 1, ""tf"": 100}",1h,0,2.5,-0.5740484721786454,-0.7910159553310893,-0.5623030414180914,-0.9054309339329877,-0.5661908747529019,-0.9801028577293861,-0.04134481011957933,-0.050917321368754334,-0.06892989036355672,-0.04732762965031371,24688,0.2692806221646144
Heikin-Ashi trend,"{""k"": 1, ""tf"": 100}",1h,1,0.0,-0.25483961958274837,-0.4448980352581041,-0.36202374559406025,-0.7229263076279904,-0.31992893856814986,-0.8441429435488054,-0.01703369168943991,-0.026497557566800323,-0.02419478492204475,-0.02294860786279017,13988,0.27766657134686873
Heikin-Ashi trend,"{""k"": 1, ""tf"": 100}",1h,1,2.5,-0.270638248092569,-0.46280651837076026,-0.3789074475063827,-0.7425296431899678,-0.3364858503274142,-0.8607528086643964,-0.02158382707606922,-0.030857021276460714,-0.02475696399287837,-0.027379573451313904,13988,0.276737203317129
Heikin-Ashi trend,"{""k"": 1, ""tf"": 100}",4h,0,0.0,-0.03461304576906232,-0.34112142957400826,0.010978539404939314,-0.396128321348015,-0.004767815225226513,-0.396128321348015,0.05167154866809885,0.056297361328635914,-0.03142055728912222,0.05456268158093452,5560,0.32823741007194246
Heikin-Ashi trend,"{""k"": 1, ""tf"": 100}",4h,0,2.5,-0.05808773341888185,-0.33418678370567334,0.007476686150601708,-0.40289015137896145,-0.016571999035697282,-0.40289015137896145,0.04442949063330275,0.055679334714781814,-0.03112979279672312,0.05146064318422716,5560,0.3278776978417266
Heikin-Ashi trend,"{""k"": 1, ""tf"": 100}",4h,1,0.0,0.0169670939906863,-0.2674954345932249,0.090815710504768,-0.24233374925462814,0.06353078574855986,-0.2674954345932249,0.036577702542605346,0.04639654314232814,-0.013378725749247297,0.042714477917432096,3673,0.33814320718758506
Heikin-Ashi trend,"{""k"": 1, ""tf"": 100}",4h,1,2.5,-0.011483339916128044,-0.26483854757090364,0.0844929241900303,-0.25357129113977084,0.04786485088929582,-0.26483854757090364,0.029341423760980465,0.045737478406489035,-0.013142479633190922,0.03958895791442332,3673,0.33759869316634905
Heikin-Ashi trend,"{""k"": 1, ""tf"": 200}",1h,0,0.0,-0.5679493457005986,-0.7854940406782082,-0.5630141487211751,-0.9026640281161623,-0.5645341942614553,-0.9790373712708632,-0.04785110848850408,-0.051439237049052094,-0.06573933930961731,-0.050093688838846594,24026,0.2692083576125864
Heikin-Ashi trend,"{""k"": 1, ""tf"": 200}",1h,0,2.5,-0.579067788931251,-0.7955110670873426,-0.5755585157078549,-0.908918683398637,-0.576509961881448,-0.9813004084977852,-0.05446957713152419,-0.05574386634440201,-0.06585307201302354,-0.05526600788957283,24026,0.26850079080995587
Heikin-Ashi trend,"{""k"": 1, ""tf"": 200}",1h,1,0.0,-0.2941293199456053,-0.4957256902469406,-0.37630273737093434,-0.737470314270029,-0.34407248257235734,-0.8670836908578949,-0.020938461247387654,-0.032333976514984895,-0.02339432379077097,-0.02806065828963593,14567,0.279535937392737
Heikin-Ashi trend,"{""k"": 1, ""tf"": 200}",1h,1,2.5,-0.30683884679174145,-0.5122558804949651,-0.3936528570289386,-0.7569996606570362,-0.35974004477027943,-0.8810041178262309,-0.02551692545823503,-0.03676701257718052,-0.023863883182713007,-0.032548229907575964,14567,0.27843756435779504
Heikin-Ashi trend,"{""k"": 1, ""tf"": 200}",4h,0,0.0,-0.015064578941039852,-0.32190855572473753,0.03686177218565456,-0.33009876292731377,0.02100740393325884,-0.33009876292731377,0.0507805174335699,0.05393128007947363,-0.02796031528339034,0.05274974408725972,5462,0.3246063712925668
Heikin-Ashi trend,"{""k"": 1, ""tf"": 200}",4h,0,2.5,-0.04117813864524156,-0.3193555950539346,0.03574329707829227,-0.3369532201509551,0.00943259594908974,-0.3369532201509551,0.04409024770417902,0.053119416567723315,-0.027008480439404153,0.0497334782438942,5462,0.3242402050530941
Heikin-Ashi trend,"{""k"": 1, ""tf"": 200}",4h,1,0.0,-0.004556930790210023,-0.2944993220486366,0.11454471280568934,-0.2679902327884479,0.07071330656739261,-0.2944993220486366,0.039221575793149555,0.049128792683863526,-0.01459420180486834,0.04541358634984579,4036,0.3330029732408325
Heikin-Ashi trend,"{""k"": 1, ""tf"": 200}",4h,1,2.5,-0.032889851832703765,-0.29443062396365527,0.11243808487958118,-0.275181436977862,0.05721108378588613,-0.29443062396365527,0.03252974036398293,0.04824876969371412,-0.013819810183005543,0.04235413369506492,4036,0.33250743310208125
Heikin-Ashi trend,"{""k"": 2, ""tf"": 0}",1h,0,0.0,-0.7732112384095948,-0.9374138214854218,-0.7871205149687698,-0.9859631846800392,-0.7808112036748551,-0.9990626501423355,-0.051326668006721046,-0.07096234810799344,-0.16724819036491864,-0.06359896807001629,40186,0.27141292987607624
Heikin-Ashi trend,"{""k"": 2, ""tf"": 0}",1h,0,2.5,-0.7785982493888928,-0.9382060736899345,-0.7950916475647265,-0.98734225295233,-0.7878177565685693,-0.9991912059513747,-0.05711137984573608,-0.07661453610569899,-0.16728332889983805,-0.0693008525082129,40186,0.271064549843229
Heikin-Ashi trend,"{""k"": 2, ""tf"": 0}",1h,1,0.0,-0.3842605260176799,-0.6173134771071671,-0.5573944551756866,-0.8952399095897825,-0.49313049876442816,-0.9572246344423653,-0.01707464178001651,-0.04768256344232746,-0.05236778642888801,-0.03620459281896085,20631,0.27555620183219426
Heikin-Ashi trend,"{""k"": 2, ""tf"": 0}",1h,1,2.5,-0.40019262355981455,-0.6236624297006298,-0.5748059967423499,-0.9060418967780345,-0.51033833248549,-0.9634365168402612,-0.022448390397039893,-0.05298751869390815,-0.053436965342949075,-0.04153534558258255,20631,0.27497455285735056
Heikin-Ashi trend,"{""k"": 2, ""tf"": 0}",4h,0,0.0,-0.3732185945010881,-0.6711885852190693,0.030435724581857615,-0.5189905899016484,-0.1520711392259272,-0.6711885852190693,0.024110217413040966,0.08386450812049631,-0.08222458950642204,0.06145664910520055,9666,0.32153941651148354
Heikin-Ashi trend,"{""k"": 2, ""tf"": 0}",4h,0,2.5,-0.4000462850300749,-0.678652583408845,0.025612260704090284,-0.5248640233409341,-0.16912705543599305,-0.6793485441693092,0.01511770189778546,0.08333426459980896,-0.08275412707530572,0.05775305358655014,9666,0.32133250569004757
Heikin-Ashi trend,"{""k"": 2, ""tf"": 0}",4h,1,0.0,-0.0667376589146238,-0.33659357997542416,0.11985282637628947,-0.3094626904041604,0.045224510184819655,-0.33659357997542416,0.024882368434070608,0.07197065346980966,-0.035744466964131145,0.0543125465814075,4876,0.32649712879409354
Heikin-Ashi trend,"{""k"": 2, ""tf"": 0}",4h,1,2.5,-0.1010574490367967,-0.34362746365196295,0.11618575951761279,-0.3006680437776764,0.02764587472398805,-0.3599720233080105,0.01685645337947967,0.0709223333082197,-0.035257045684689785,0.050647628334942185,4876,0.32608695652173914
Heikin-Ashi trend,"{""k"": 2, ""tf"": 100}",1h,0,0.0,-0.43091739475338753,-0.6571764587514652,-0.4549526882697803,-0.82601647529109,-0.44432280395650825,-0.937661373581782,-0.02604572136041783,-0.024319533491060537,-0.045058529064826165,-0.02496685394206952,20246,0.2736342981329645
Heikin-Ashi trend,"{""k"": 2, ""tf"": 100}",1h,0,2.5,-0.43730883878220894,-0.6552199000164629,-0.47302198380237714,-0.8383860646018575,-0.45789109884088297,-0.9432808159991626,-0.03072824840363701,-0.02816999189505281,-0.04590986850386744,-0.029129338085771884,20246,0.27314037340709274
Heikin-Ashi trend,"{""k"": 2, ""tf"": 100}",1h,1,0.0,-0.16928120843631977,-0.32873167560806904,-0.27219766388670275,-0.5939765635071795,-0.2311956363611749,-0.7151437687912986,-0.011471469985300872,-0.011731384209717961,-0.018599564143349394,-0.011633916375561553,11473,0.2799616490891659
Heikin-Ashi trend,"{""k"": 2, ""tf"": 100}",1h,1,2.5,-0.18543190356865458,-0.33514839764012994,-0.29144359726770885,-0.6227121590094102,-0.24936386042590852,-0.7446672597125095,-0.016354874009722513,-0.01532881002003709,-0.01938494586563328,-0.015713584016169124,11473,0.27926435980127257
Heikin-Ashi trend,"{""k"": 2, ""tf"": 100}",4h,0,0.0,-0.08160470985799151,-0.33184804693331615,0.12405447932077784,-0.38402873584450725,0.03836342937816872,-0.38402873584450725,0.024916890292721792,0.06398889294307522,-0.02308340065619486,0.049336891949192684,4585,0.3302071973827699
Heikin-Ashi trend,"{""k"": 2, ""tf"": 100}",4h,0,2.5,-0.11558445316776211,-0.3393294335648659,0.1200495378191575,-0.38852194251061145,0.020627765029495038,-0.38852194251061145,0.016637178882648436,0.06359894552139775,-0.02319125517040587,0.04598828303186676,4585,0.3297709923664122
Heikin-Ashi trend,"{""k"": 2, ""tf"": 100}",4h,1,0.0,-0.0003459071771602096,-0.23063189007588825,0.19132119742118903,-0.220841604492505,0.1122694725691673,-0.23063189007588825,0.02474888970441791,0.06001086888725049,-0.01440512112388221,0.04678762669368827,3007,0.33588293980711675
Heikin-Ashi trend,"{""k"": 2, ""tf"": 100}",4h,1,2.5,-0.036282817372070286,-0.237654659844882,0.1848456069871851,-0.22846425502027723,0.0925161751449648,-0.237654659844882,0.016478306940727508,0.059245005644433094,-0.014265834582548369,0.04320749363054349,3007,0.3352178250748254
Heikin-Ashi trend,"{""k"": 2, ""tf"": 200}",1h,0,0.0,-0.45297215553808534,-0.6874818414876169,-0.48233901927531364,-0.8454069946577925,-0.4707926774447706,-0.9489763057618306,-0.038830059577434066,-0.03422922583719393,-0.05010688769041712,-0.03595453848978398,19413,0.27270385823932414
Heikin-Ashi trend,"{""k"": 2, ""tf"": 200}",1h,0,2.5,-0.45963781274642024,-0.6873943266548456,-0.49560729673500026,-0.8533879681766691,-0.4815125732640947,-0.9526865459193053,-0.043493663025055085,-0.038209448203342676,-0.05028206854743547,-0.04019102876148483,19413,0.27229176325142945
Heikin-Ashi trend,"{""k"": 2, ""tf"": 200}",1h,1,0.0,-0.20159921137349257,-0.3882343007698261,-0.2941608310026279,-0.6245832292625494,-0.25863297048393663,-0.7574475892702476,-0.015602173759757353,-0.02252516258932007,-0.017153098146799557,-0.01992904177823405,11772,0.28126061841658173
Heikin-Ashi trend,"{""k"": 2, ""tf"": 200}",1h,1,2.5,-0.21284216949710189,-0.3902165062327173,-0.3124142018771714,-0.6506322802066421,-0.27431132848651407,-0.7800739742887074,-0.020245242041035713,-0.02620255377811671,-0.017854937714053137,-0.02396856187671134,11772,0.2805810397553517
Heikin-Ashi trend,"{""k"": 2, ""tf"": 200}",4h,0,0.0,-0.04881835755895825,-0.29106248904397825,0.13698724115355798,-0.3110842646235801,0.06235165479765725,-0.3110842646235801,0.03285336780979696,0.060013647935046564,-0.020286821056985843,0.049828542888077955,4409,0.3288727602630982
Heikin-Ashi trend,"{""k"": 2, ""tf"": 200}",4h,0,2.5,-0.08379581343992004,-0.2999697333354706,0.13508609573091634,-0.31472474283914487,0.045491414865341806,-0.31472474283914487,0.02521738945612373,0.05902873475629454,-0.019832682242690608,0.04634948026873048,4409,0.3284191426627353
Heikin-Ashi trend,"{""k"": 2, ""tf"": 200}",4h,1,0.0,-0.014996183361849935,-0.2374264966576164,0.18275226389666743,-0.20039635590928995,0.1030883324985783,-0.2374264966576164,0.026407565660949088,0.05610143983408247,-0.012045408153298992,0.04496623701915745,3230,0.33126934984520123
Heikin-Ashi trend,"{""k"": 2, ""tf"": 200}",4h,1,2.5,-0.0487244928167897,-0.24337447143898439,0.1804161424051589,-0.2073043698308641,0.08652460414072172,-0.24337447143898439,0.018783209753883937,0.05504383123152719,-0.011351507384368846,0.04144609817741097,3230,0.3306501547987616
Heikin-Ashi trend,"{""k"": 3, ""tf"": 0}",1h,0,0.0,-0.6379229093675738,-0.8577831257420367,-0.6543309478535015,-0.9467218392894,-0.6467556352459445,-0.9916022925857074,-0.0184695773344883,-0.04658083454011126,-0.1153208449631376,-0.03603911308800265,29370,0.2730677562138236
Heikin-Ashi trend,"{""k"": 3, ""tf"": 0}",1h,0,2.5,-0.6432604526459237,-0.8563062590805194,-0.6612906791528502,-0.9492068215043297,-0.6531025062064519,-0.9922091351736434,-0.02278704575777278,-0.05175649925917365,-0.11452696909403545,-0.04089295419614832,29370,0.27269322437861765
Heikin-Ashi trend,"{""k"": 3, ""tf"": 0}",1h,1,0.0,-0.2785503870247439,-0.49554767288046864,-0.45502139205161607,-0.812924574405449,-0.38853051966992924,-0.8956038858097348,0.001152956869125273,-0.03559972428478435,-0.03823511778199839,-0.021817468852068242,15303,0.27269162909233485
Heikin-Ashi trend,"{""k"": 3, ""tf"": 0}",1h,1,2.5,-0.2898302683233347,-0.491923430332582,-0.4699784647968389,-0.8262909088429476,-0.4024226123117629,-0.9057906205895715,-0.0026320484928218247,-0.04020530321813077,-0.038546780313615074,-0.026115332696139915,15303,0.27216885577991246
Heikin-Ashi trend,"{""k"": 3, ""tf"": 0}",4h,0,0.0,-0.35686892546655546,-0.6321508889531269,0.12144051155644076,-0.44020182653497664,-0.10108978162597348,-0.6571873922042377,0.014010443568314244,0.07460965955374749,-0.06756693203851284,0.051884953559210016,7133,0.3141735595121267
Heikin-Ashi trend,"{""k"": 3, ""tf"": 0}",4h,0,2.5,-0.3797665384232949,-0.6372211956765748,0.11575748253654194,-0.44388258221043175,-0.11673134173512667,-0.6789653115528026,0.006718099531567002,0.07405047167757692,-0.06826126254422094,0.04880083212282319,7133,0.3140333660451423
Heikin-Ashi trend,"{""k"": 3, ""tf"": 0}",4h,1,0.0,-0.10294050344450911,-0.32830899584388507,0.16638875248133167,-0.24314455107339283,0.05144250126572292,-0.37014076197044865,0.007870737182982306,0.06829372064780023,-0.027612777507889825,0.04563510184849351,3648,0.31414473684210525
Heikin-Ashi trend,"{""k"": 3, ""tf"": 0}",4h,1,2.5,-0.1401399890960615,-0.34574981435016094,0.1609417549661647,-0.2404303026198198,0.030874269067624915,-0.41739671941189105,-6.82881560124033e-05,0.06754693054882767,-0.027665401267792045,0.042191223534512635,3648,0.3138706140350877
Heikin-Ashi trend,"{""k"": 3, ""tf"": 100}",1h,0,0.0,-0.2976768160075336,-0.4946582034034822,-0.36642646029939974,-0.7420890200166181,-0.3379363446371306,-0.8631442320017159,-0.008995949195490023,-0.013784738521460959,-0.031880646278518936,-0.011988942524221858,15748,0.2779400558801118
Heikin-Ashi trend,"{""k"": 3, ""tf"": 100}",1h,0,2.5,-0.3053122214552948,-0.49094236167394933,-0.3855730250045607,-0.7579133429912656,-0.35283538142976,-0.8741885806580048,-0.01222292346331323,-0.018802965142034035,-0.03254378448428546,-0.01633544951251373,15748,0.2773685547371095
Heikin-Ashi trend,"{""k"": 3, ""tf"": 100}",1h,1,0.0,-0.13760707147203144,-0.2652708955785552,-0.22748887332023793,-0.5314905898587992,-0.19056693621394327,-0.6385455163067579,-0.00585227766479357,-0.009423023065707555,-0.013801172553646185,-0.008083993540364811,9020,0.2796008869179601
Heikin-Ashi trend,"{""k"": 3, ""tf"": 100}",1h,1,2.5,-0.1480935520665666,-0.26136714614079204,-0.24757985684266048,-0.5555416487647594,-0.20713849662829797,-0.6648479022899272,-0.009021476407978853,-0.013898954483219532,-0.013888084130515718,-0.012069900205004277,9020,0.27893569844789357
Heikin-Ashi trend,"{""k"": 3, ""tf"": 100}",4h,0,0.0,-0.09562808147552881,-0.3037688191863729,0.20746119202670865,-0.3070075194783999,0.07647638334377116,-0.3070075194783999,0.008333541932536721,0.06259924125590588,-0.012334386273338507,0.04224960400964245,3620,0.3270718232044199
Heikin-Ashi trend,"{""k"": 3, ""tf"": 100}",4h,0,2.5,-0.1311076289223987,-0.31941076028807114,0.2027273866965189,-0.30927456310607704,0.05688018935372363,-0.31941076028807114,0.000568492667183778,0.06203235960373572,-0.012817563480554912,0.038983409502528744,3620,0.32679558011049725
Heikin-Ashi trend,"{""k"": 3, ""tf"": 100}",4h,1,0.0,-0.06415384298182192,-0.25323310380653463,0.24111350150201427,-0.17722985890936893,0.10944051235673191,-0.25323310380653463,0.006629902340822996,0.05874319129908501,-0.007857137635380075,0.039200707939736755,2362,0.32387806943268416
Heikin-Ashi trend,"{""k"": 3, ""tf"": 100}",4h,1,2.5,-0.10003704116884027,-0.2696590128922055,0.236045652950454,-0.17962682247369577,0.08954036791250286,-0.2696590128922055,-0.0009684061756632204,0.05803366020676569,-0.007948779370091627,0.03590788531335485,2362,0.32345469940728194
Heikin-Ashi trend,"{""k"": 3, ""tf"": 200}",1h,0,0.0,-0.2930827850875194,-0.50771671513435,-0.38301750476187046,-0.7522905426310815,-0.34796486798617865,-0.868433432142218,-0.01400018738894324,-0.02082594289139642,-0.0329998553219183,-0.018266284577976476,14770,0.27569397427217335
Heikin-Ashi trend,"{""k"": 3, ""tf"": 200}",1h,0,2.5,-0.299751050694832,-0.5045264176706501,-0.3991916184199299,-0.7650217505673516,-0.36069057266230065,-0.877346420498031,-0.017188285201598652,-0.02560361688985421,-0.03357766297015189,-0.022447867506758378,14770,0.27508463100880165
Heikin-Ashi trend,"{""k"": 3, ""tf"": 200}",1h,1,0.0,-0.1256106642622037,-0.2734506388640904,-0.2325332239415685,-0.5248269198523667,-0.19086618681075995,-0.6275184021648397,-0.0036580184701245663,-0.015680916077392616,-0.011917840403413558,-0.011172329474667097,9007,0.28178083712667923
Heikin-Ashi trend,"{""k"": 3, ""tf"": 200}",1h,1,2.5,-0.1320427461916578,-0.2656602268931849,-0.25116347583075116,-0.5536248294374384,-0.2050453301986589,-0.6546741102268924,-0.0065410726880779585,-0.01996408774928941,-0.012095767696841841,-0.014930457101335115,9007,0.28111468857555233
Heikin-Ashi trend,"{""k"": 3, ""tf"": 200}",4h,0,0.0,-0.08780373469107072,-0.2853129267129164,0.2012907514379214,-0.30453991128814695,0.0773449800762851,-0.30453991128814695,0.012381397601182176,0.060683320278874256,-0.0120433785190064,0.042570099274739724,3392,0.31957547169811323
Heikin-Ashi trend,"{""k"": 3, ""tf"": 200}",4h,0,2.5,-0.12362838512324104,-0.3015510782648785,0.1988739692202719,-0.3064870104181463,0.05892843276652515,-0.3064870104181463,0.004867387007105083,0.06011000362051772,-0.01214528893905957,0.03939402239048798,3392,0.31928066037735847
Heikin-Ashi trend,"{""k"": 3, ""tf"": 200}",4h,1,0.0,-0.07375211758403133,-0.2634317764654225,0.21201305596267894,-0.21565456078565304,0.08974334462851408,-0.2634317764654225,0.007767136287315562,0.05342763301556116,-0.0075094460768867985,0.036304946742469056,2512,0.31488853503184716
Heikin-Ashi trend,"{""k"": 3, ""tf"": 200}",4h,1,2.5,-0.10770962235115056,-0.2774878736219275,0.20817059019251172,-0.2187861094977852,0.07153330024593707,-0.2774878736219275,0.0004427139443903889,0.052712910764628064,-0.00735599843835541,0.03311158695703894,2512,0.3144904458598726
Momentum (ROC),"{""n"": 10}",1h,0,0.0,-0.6296599297783066,-0.8674883248669795,-0.6300400088064689,-0.9408698101410812,-0.6271365159117888,-0.9901365791974179,-0.010208880750817927,-0.00047776018654618706,-0.1461665413104299,-0.004126930398148089,30479,0.26362413465008694
Momentum (ROC),"{""n"": 10}",1h,0,2.5,-0.6411883541512229,-0.8681521479553916,-0.6329696256510245,-0.9411828432047852,-0.6335758093476415,-0.990741750184692,-0.017944301284899336,-0.004367623336689645,-0.14519058391496203,-0.009458877567268278,30482,0.2626468079522341
Momentum (ROC),"{""n"": 10}",1h,1,0.0,-0.27231124181649213,-0.5778054437133117,-0.3812209063509887,-0.7488257765711479,-0.33503369837649954,-0.8668918585708761,0.012483249832223006,0.0014238813091330682,-0.051908761763563585,0.005571144505291795,15732,0.26341215357233666
Momentum (ROC),"{""n"": 10}",1h,1,2.5,-0.28609425153936197,-0.5703344501837246,-0.4041214144484968,-0.7730224674602947,-0.35484699729026137,-0.8838930957668918,0.0067712749620606845,-0.003698153742988201,-0.0531756784708633,0.000227882021405131,15733,0.261806394203267
Momentum (ROC),"{""n"": 10}",4h,0,0.0,-0.14040741087502973,-0.5586660553890204,-0.11977839642594601,-0.6148936194984924,-0.12354326679302241,-0.6148936194984924,0.10953852646933865,0.06216997788844476,-0.09176640364118685,0.07993318360627998,7473,0.28689950488425
Momentum (ROC),"{""n"": 10}",4h,0,2.5,-0.18614842001278298,-0.5875525430829751,-0.13869713212898505,-0.6180610714022905,-0.15360704421817284,-0.660264919691273,0.10156672649563567,0.05861510438091926,-0.09184565048705953,0.07472196267393792,7474,0.2851217554187851
Momentum (ROC),"{""n"": 10}",4h,1,0.0,0.014460252356987668,-0.3550021533497848,-0.01285484675935411,-0.4148397888030366,0.003128058921553878,-0.4148397888030366,0.04710221282224877,0.04761060272286037,-0.036414250335199676,0.04741995651013101,3821,0.28605077204920176
Momentum (ROC),"{""n"": 10}",4h,1,2.5,-0.03800834048049573,-0.39773600225881045,-0.02656868395913836,-0.4077167082355213,-0.026165772313800573,-0.4077167082355213,0.04001908276352165,0.046474694507688555,-0.03704030200216603,0.04405384010362597,3822,0.28283621140764
Momentum (ROC),"{""n"": 30}",1h,0,0.0,-0.603638987240454,-0.8626231312806508,-0.43513171795327743,-0.8379131971447368,-0.5073590898936778,-0.9692293769269179,0.032497209682564566,0.04206068823437485,-0.14269595338875732,0.038474383777446,17250,0.2363478260869565
Momentum (ROC),"{""n"": 30}",1h,0,2.5,-0.6148411768262012,-0.8611290297137408,-0.450205412036215,-0.843894768090985,-0.5208087778014454,-0.9730408178175618,0.02226883040206197,0.03431863241433718,-0.13998250161626108,0.029799956659733975,17268,0.23337966180217745
Momentum (ROC),"{""n"": 30}",1h,1,0.0,-0.25383467084699274,-0.5708146209087408,-0.23806592837420681,-0.5888785472794931,-0.24078076164094953,-0.7609298339001958,0.014287386398091732,0.03271758370180466,-0.05123181128351004,0.02580625971291231,8910,0.2361391694725028
Momentum (ROC),"{""n"": 30}",1h,1,2.5,-0.3026265728958272,-0.5969178815964991,-0.2699690422166262,-0.6208669304309127,-0.2797517966913,-0.8131705365236833,0.002150284572137901,0.024562825378157963,-0.050819537781063295,0.01615812257590044,8917,0.23214085454749356
Momentum (ROC),"{""n"": 30}",4h,0,0.0,0.08527689160233232,-0.472422777443234,0.060365616462426885,-0.6000255034956451,0.07144412321147975,-0.6000255034956451,0.13975795403753036,0.11105835792835003,-0.08224438146785466,0.12182070646929266,4142,0.2981651376146789
Momentum (ROC),"{""n"": 30}",4h,0,2.5,0.04653915321462376,-0.4708603108571521,0.043008435530336175,-0.5962673131188587,0.045579429225618195,-0.5962673131188587,0.13126003459042457,0.10678374296180385,-0.07863391988095668,0.11596235232253664,4143,0.29374849143132997
Momentum (ROC),"{""n"": 30}",4h,1,0.0,0.18350089679850257,-0.20844225478960288,0.2833699172167048,-0.2656539934657258,0.2436498895488881,-0.2656539934657258,0.06043017749814542,0.09301888899423187,-0.022643745434370276,0.08079812218319947,1998,0.31681681681681684
Momentum (ROC),"{""n"": 30}",4h,1,2.5,0.137300287231511,-0.2328624774559659,0.25643785025737054,-0.2739964022229192,0.2085310786445691,-0.2739964022229192,0.05320749908834657,0.08802516271025745,-0.021396613392930815,0.07496853885204087,1998,0.3098098098098098
Momentum (ROC),"{""n"": 60}",1h,0,0.0,-0.22779798411252283,-0.61351957403289,-0.23219329676688893,-0.7532496992319423,-0.22731213950632734,-0.777749014918762,0.10915061821385202,0.08718721833173654,-0.09799636446934604,0.09542349328752985,11838,0.24303091738469337
Momentum (ROC),"{""n"": 60}",1h,0,2.5,-0.2534029688805055,-0.6285924197801862,-0.2946591520625833,-0.7687943149526455,-0.275460906425424,-0.8330428613884066,0.09812885779378332,0.07545677324301467,-0.1023851344342969,0.08395880494955292,11854,0.2355323097688544
Momentum (ROC),"{""n"": 60}",1h,1,0.0,-0.05148786919187953,-0.3923916938103784,-0.0019494932188185432,-0.3760737692132893,-0.018262617578760354,-0.3923916938103784,0.04061379206642658,0.06854696459607698,-0.03159953375562599,0.05807202489745809,5996,0.24166110740493663
Momentum (ROC),"{""n"": 60}",1h,1,2.5,-0.05541977917295471,-0.38253711196701323,-0.06325294320770158,-0.4234298543060261,-0.0564211559431379,-0.4234298543060261,0.04021793585116262,0.05731846725119411,-0.03277852178404317,0.05090576797618231,6007,0.2330614283336108
Momentum (ROC),"{""n"": 60}",4h,0,0.0,0.1422100691503243,-0.44945063100927285,-0.06979072741316439,-0.6650249080206012,0.013783800096270893,-0.6650249080206012,0.1346181212957887,0.11258327137010289,-0.07809551495547999,0.12084634009223509,2918,0.2854694996572995
Momentum (ROC),"{""n"": 60}",4h,0,2.5,0.10102487680482697,-0.4130317960656238,-0.0784621058365601,-0.6433254748282468,-0.006582484456549853,-0.6433254748282468,0.1254004075187308,0.09952300287184643,-0.07342656031313462,0.10922702961442805,2922,0.2758384668035592
Momentum (ROC),"{""n"": 60}",4h,1,0.0,0.09603095902378156,-0.2987434423426836,0.17288760551594273,-0.3335327148334215,0.14575837815668957,-0.3335327148334215,0.063877734040513,0.08989313675705637,-0.02799584901890545,0.0801373607383526,1411,0.2969525159461375
Momentum (ROC),"{""n"": 60}",4h,1,2.5,0.05062356610113117,-0.32966407970025613,0.14247777670663053,-0.32533026851227154,0.1089440447351615,-0.32966407970025613,0.0566828756600504,0.07777954522365434,-0.02529722386498843,0.06986829413730287,1412,0.2847025495750708
Momentum (ROC),"{""n"": 90}",1h,0,0.0,-0.11735940677778345,-0.5541278823492324,-0.23139384030758026,-0.8037528828224609,-0.18468887539981493,-0.8037528828224609,0.11046776978926755,0.08475083110150546,-0.0948596106541846,0.09439468310941623,9614,0.24776367796962762
Momentum (ROC),"{""n"": 90}",1h,0,2.5,-0.09085230292325552,-0.4953008842748947,-0.22495239503146847,-0.7637097641762872,-0.1708400119105986,-0.7637097641762872,0.10588781938874342,0.07135274689214326,-0.08753548015763997,0.08430339907836833,9627,0.2396385166718604
Momentum (ROC),"{""n"": 90}",1h,1,0.0,0.04942690545387296,-0.31431303200452154,-0.004953970915188677,-0.4696475605600293,0.019995956923833935,-0.4696475605600293,0.04856331895134389,0.06730477574395251,-0.03174599039330682,0.06027672944672428,4915,0.2500508646998983
Momentum (ROC),"{""n"": 90}",1h,1,2.5,0.054332557662583936,-0.2585446729095139,-0.021158193486553123,-0.42114037050554365,0.01189784362989088,-0.42114037050554365,0.04335024708906454,0.056730196268429796,-0.028026985831722376,0.05171271532616783,4919,0.2415125025411669
Momentum (ROC),"{""n"": 90}",4h,0,0.0,0.2577692952055308,-0.3646778789823907,0.04517839983305105,-0.5803110510972994,0.13306473378789563,-0.5803110510972994,0.16524981787329385,0.10707254299505423,-0.0622318334174104,0.12888902107439412,2303,0.2930959617889709
Momentum (ROC),"{""n"": 90}",4h,0,2.5,0.2531056411353767,-0.31088165092711106,0.05270462454409186,-0.5248070171741552,0.1362556940178432,-0.5248070171741552,0.15413450237717863,0.09631654736135999,-0.05736703801379451,0.11799828049229195,2306,0.2844752818733738
Momentum (ROC),"{""n"": 90}",4h,1,0.0,0.2498773443309117,-0.23184495418262074,0.20273872861940556,-0.3852811484923552,0.22941400090619934,-0.3852811484923552,0.07739669629812795,0.09374572263087794,-0.01720981715813913,0.08761483775609669,1130,0.2938053097345133
Momentum (ROC),"{""n"": 90}",4h,1,2.5,0.20568891236950715,-0.23626787448686748,0.22363369091314778,-0.317887026792111,0.22440019578259385,-0.317887026792111,0.06824731894045406,0.08755279832304937,-0.015779842322944868,0.08031324355457613,1130,0.28584070796460176
Momentum (ROC),"{""n"": 180}",1h,0,0.0,0.12356304408860219,-0.41780922910391993,-0.10636866571959991,-0.6832781133506532,-0.019023574415809485,-0.6832781133506532,0.1254409861570217,0.10215583853300175,-0.07466185770788586,0.11088776889200924,6598,0.24931797514398302
Momentum (ROC),"{""n"": 180}",1h,0,2.5,0.029867489289139293,-0.38909174591778706,-0.07883326370302557,-0.6366384996593113,-0.035238446463620954,-0.6366384996593113,0.09364184736705321,0.08937901442612449,-0.06528325442347012,0.09097757677897277,6611,0.23793677204658903
Momentum (ROC),"{""n"": 180}",1h,1,0.0,0.11514021752298476,-0.27897387940616714,0.077257918298957,-0.3985168471122995,0.09390475484926619,-0.3985168471122995,0.06165623220005797,0.08283870722824167,-0.032003222372278345,0.07489527909267278,3300,0.2409090909090909
Momentum (ROC),"{""n"": 180}",1h,1,2.5,0.07023096847588017,-0.24422909662436665,0.0667011948905516,-0.3589745051793156,0.06972436322236764,-0.3589745051793156,0.04937522965628581,0.07157293040185819,-0.028314851412615367,0.06324879262226855,3309,0.2302810516772439
Momentum (ROC),"{""n"": 180}",4h,0,0.0,0.29511058869140294,-0.31568898636360176,0.06258504307817447,-0.5639548307307747,0.15998375780724494,-0.5639548307307747,0.14495672357462622,0.11804032295204711,-0.06713134018229128,0.1281339731855143,1627,0.28395820528580207
Momentum (ROC),"{""n"": 180}",4h,0,2.5,0.29153382962024144,-0.29140706736194977,-0.04391030360264314,-0.5670240630039415,0.08765338458081451,-0.5670240630039415,0.14125593839679848,0.08260283114632509,-0.0609688327331937,0.10459774636525261,1629,0.2694904849600982
Momentum (ROC),"{""n"": 180}",4h,1,0.0,0.2121640905569775,-0.18974763499846614,0.11235014069438853,-0.32521653195950084,0.15795775593708106,-0.32521653195950084,0.0618307759018191,0.07541736691433784,-0.019686116779310883,0.07032239528464333,814,0.28992628992628994
Momentum (ROC),"{""n"": 180}",4h,1,2.5,0.2029657423512774,-0.16831003635766617,0.06920312624226388,-0.3561999835512557,0.12739020247810884,-0.3561999835512557,0.060080866983763866,0.06665077154689075,-0.018929244881723074,0.06418705733571817,814,0.27764127764127766
ADX / DI cross,"{""a"": 15}",1h,0,0.0,-0.4714315604592597,-0.7367857400746074,-0.31513846827456315,-0.708849864940652,-0.3812401741485898,-0.9059738841366396,0.007613716944287906,0.02561436119996576,-0.0914300977989189,0.018864119604086568,11444,0.23654316672492134
ADX / DI cross,"{""a"": 15}",1h,0,2.5,-0.4660873571347919,-0.7333801463877099,-0.30693409504758296,-0.6897559727453975,-0.37429521679259137,-0.9009909089642063,0.008438164422772712,0.02502155362941618,-0.08813613156602358,0.01880278267692488,11444,0.23453337993708492
ADX / DI cross,"{""a"": 15}",1h,1,0.0,-0.1833955525347094,-0.4291439328830693,-0.14028217094502604,-0.4453348327656683,-0.1560810079597822,-0.612322341410771,0.004952548350139067,0.02198541477954737,-0.028851396483218772,0.015598089868519257,5785,0.23768366464995677
ADX / DI cross,"{""a"": 15}",1h,1,2.5,-0.17959965653683974,-0.4277189214614602,-0.15323187826247908,-0.44123912524389775,-0.16216686635729727,-0.6178748451828755,0.006252753757812991,0.019736419173289107,-0.029534561503341994,0.014680044642485563,5785,0.23474503025064822
ADX / DI cross,"{""a"": 15}",4h,0,0.0,0.08586002741988685,-0.38992964866975277,-0.07193436204831827,-0.5837983365923216,-0.01050893615165105,-0.5837983365923216,0.10722945156940683,0.06392650393498106,-0.057584942700628985,0.08016510929789072,2793,0.25921947726459005
ADX / DI cross,"{""a"": 15}",4h,0,2.5,0.07034218292508965,-0.3849531657368237,-0.08066472580927941,-0.5778597259710812,-0.021748612976895454,-0.5778597259710812,0.10476675919384815,0.061251638722717675,-0.056578734772316855,0.07756980889939159,2793,0.2570712495524526
ADX / DI cross,"{""a"": 15}",4h,1,0.0,0.07779901461046301,-0.17133980732832987,0.09960855841147254,-0.25091568031683475,0.09207062573579905,-0.25091568031683475,0.036765266723871246,0.059873641914333704,-0.013711048162386275,0.05120800121791028,1396,0.2714899713467049
ADX / DI cross,"{""a"": 15}",4h,1,2.5,0.05811161506440787,-0.18458721488689311,0.08136798539509837,-0.26092109270152297,0.07323198155306399,-0.26092109270152297,0.034287676804861306,0.0568192614189912,-0.013514939371488843,0.04836991718869249,1396,0.2686246418338109
ADX / DI cross,"{""a"": 20}",1h,0,0.0,-0.39212600874239756,-0.6396396353868699,-0.2509220141104358,-0.615803542093251,-0.3103655133932878,-0.8398952512755997,-0.015863189176478294,0.0036181256942321364,-0.05769020846674811,-0.0036873673822842754,6585,0.23766135155656795
ADX / DI cross,"{""a"": 20}",1h,0,2.5,-0.3880158527308052,-0.637662495876879,-0.2513910186536409,-0.6075074438270806,-0.30876241913176183,-0.8381740725972575,-0.015369472900116575,0.0018510328485205729,-0.0551672329894286,-0.004606656807218358,6585,0.23538344722854973
ADX / DI cross,"{""a"": 20}",1h,1,0.0,-0.11775501334117233,-0.28640164705007576,-0.15209301161384536,-0.46005467988045146,-0.13778499059515548,-0.5543895154829357,-0.001486069440273716,0.003704580168501607,-0.018886852032784784,0.0017580865652108608,3274,0.23946243127672573
ADX / DI cross,"{""a"": 20}",1h,1,2.5,-0.1170182033878272,-0.29042265879918616,-0.16180888033391827,-0.46465926410404723,-0.14343213740649918,-0.5675874141554613,-0.0009946168299521663,0.001783658830730735,-0.019298088682171685,0.0007418054579746471,3274,0.23549175320708612
ADX / DI cross,"{""a"": 20}",4h,0,0.0,-0.006478584183471581,-0.2932058504920595,-0.024348124379074076,-0.43591491402232985,-0.01722047057548559,-0.43591491402232985,0.04868010842500982,0.03715351892412733,-0.03365719748365331,0.04147598998695826,1642,0.26004872107186355
ADX / DI cross,"{""a"": 20}",4h,0,2.5,-0.0161023610889236,-0.2886249028242187,-0.029127521961129776,-0.427068167336913,-0.023917934162575816,-0.427068167336913,0.04700363075722263,0.03548178441034879,-0.03315292561816484,0.039802476790426485,1642,0.25761266747868455
ADX / DI cross,"{""a"": 20}",4h,1,0.0,0.0718280966136422,-0.10275959469376172,0.06510568318275167,-0.16196200878583844,0.06775094735131093,-0.16196200878583844,0.02552002144077819,0.03624192468376276,-0.008864693019635661,0.03222121096764355,803,0.26650062266500624
ADX / DI cross,"{""a"": 20}",4h,1,2.5,0.05871812568386847,-0.11482817475590346,0.05469520660035809,-0.16757548835482095,0.05626989585605524,-0.16757548835482095,0.02372481447534495,0.03410709249124796,-0.008734648210412636,0.030213738235284327,803,0.2640099626400996
ADX / DI cross,"{""a"": 25}",1h,0,0.0,-0.30203058345226386,-0.4905870487819549,-0.18520273735016268,-0.46937813790187755,-0.2340483253345198,-0.7257047434703846,-0.020018243945132765,-0.010672138640224982,-0.034123680111240805,-0.0141769281295654,3319,0.23892738776739983
ADX / DI cross,"{""a"": 25}",1h,0,2.5,-0.2906930885890324,-0.47581629266278846,-0.18274543087449246,-0.4615414283986784,-0.2277005147474741,-0.713552906068841,-0.020436109813241447,-0.01133156607013781,-0.03163778006816461,-0.014745769973801675,3319,0.23681831877071408
ADX / DI cross,"{""a"": 25}",1h,1,0.0,-0.10783206944932755,-0.2006480050362912,-0.15206946938616173,-0.40800032705048106,-0.1345482110259285,-0.5197993918510763,-0.009651600285628972,-0.010656827195295867,-0.012469786658091182,-0.010279867104170781,1614,0.23358116480793062
ADX / DI cross,"{""a"": 25}",1h,1,2.5,-0.1125714468160226,-0.2085028215264313,-0.15596742833039368,-0.4116953598905566,-0.1387721269183133,-0.5274364150060518,-0.011029465412179454,-0.01140806950665368,-0.01256636330732061,-0.011266092971225846,1614,0.22924411400247832
ADX / DI cross,"{""a"": 25}",4h,0,0.0,-0.03310934191913684,-0.1837811257051032,-0.03426187710781803,-0.3140604540109425,-0.033780630429550484,-0.3140604540109425,0.02014445272289826,0.018576051677693304,-0.020882035289400823,0.01916420206964516,817,0.24969400244798043
ADX / DI cross,"{""a"": 25}",4h,0,2.5,-0.037547707738561864,-0.18008609692494038,-0.037943351079965715,-0.3089152706249342,-0.037762784096524116,-0.3089152706249342,0.020090521604600134,0.017715041292020683,-0.020767031955929632,0.018605846409237976,817,0.24479804161566707
ADX / DI cross,"{""a"": 25}",4h,1,0.0,0.03720873832853577,-0.08647037794827417,0.023402567524110296,-0.11316458582627109,0.028891921288330735,-0.11316458582627109,0.0164293410637177,0.019784621306270664,-0.005834425287382067,0.0185263912153133,399,0.2531328320802005
ADX / DI cross,"{""a"": 25}",4h,1,2.5,0.03256930975734584,-0.09220117631071034,0.017961893503268156,-0.11561937125675881,0.023772495199561483,-0.12382451343993506,0.016109698240259627,0.018620493956095788,-0.0057414032120331054,0.017678945562657228,399,0.24812030075187969
ADX / DI cross,"{""a"": 30}",1h,0,0.0,-0.23566508269928266,-0.3939710531482439,-0.1316764147588395,-0.3447648854406752,-0.17482543849263832,-0.5997812342187963,-0.01904541982922921,-0.011799094294564886,-0.02293237798452822,-0.014516466370064008,1586,0.23455233291298866
ADX / DI cross,"{""a"": 30}",1h,0,2.5,-0.2221224091413474,-0.37428757338584817,-0.12762247257438053,-0.33558361850199203,-0.16668210262313354,-0.580885864615142,-0.018690122329208428,-0.011092285522418078,-0.021181104922810723,-0.013941474324964459,1586,0.23329129886506936
ADX / DI cross,"{""a"": 30}",1h,1,0.0,-0.06894835613251749,-0.1361934306124366,-0.11808427337406047,-0.31621320060826075,-0.09866966562155555,-0.40468869330580226,-0.00650345965563242,-0.01127403436767959,-0.008283047735328994,-0.009485068850661901,738,0.22493224932249323
ADX / DI cross,"{""a"": 30}",1h,1,2.5,-0.06955469423887695,-0.13744411802126244,-0.11584299925299335,-0.3106560982224752,-0.09753324796273788,-0.40056737585541036,-0.0067005086546800445,-0.010683358348226084,-0.008366950059716771,-0.009189789713146318,738,0.2222222222222222
ADX / DI cross,"{""a"": 30}",4h,0,0.0,-0.02446924698912545,-0.0865263036826982,0.026387277000221143,-0.1772845511584581,0.005706162265922243,-0.1772845511584581,0.010650558985213079,0.01699496896185415,-0.012011126898813992,0.014615815220613749,376,0.2526595744680851
ADX / DI cross,"{""a"": 30}",4h,0,2.5,-0.031796967431660605,-0.09903300135358506,0.025277101470815744,-0.17667425080390642,0.0020258145906528746,-0.17667425080390642,0.010174580440640728,0.016865112969583256,-0.01208191159056806,0.014356163271229808,376,0.2473404255319149
ADX / DI cross,"{""a"": 30}",4h,1,0.0,0.015950967371083147,-0.06107191767857767,0.047897014902854806,-0.07909785967552052,0.03496320628449956,-0.0926570838213937,0.008142115650118291,0.01737691237040213,-0.0030676089026698272,0.013913863600295692,180,0.25
ADX / DI cross,"{""a"": 30}",4h,1,2.5,0.012417689723627001,-0.06592999641759612,0.04769910969172897,-0.07937643241401349,0.033404126277592816,-0.09757408013943081,0.008142115650118254,0.017247056378131242,-0.0030464499826187777,0.013832703605126373,180,0.24444444444444444
OBV trend,"{""n"": 20, ""tf"": 0}",1h,0,0.0,-0.7195424309323217,-0.9144129695946999,-0.5753297622785954,-0.9200547967322678,-0.6388351867438773,-0.9921099768435161,-0.004571251651825974,0.0028075508124025595,-0.15656780952231011,4.049988831685928e-05,28986,0.2172083074587732
OBV trend,"{""n"": 20, ""tf"": 0}",1h,0,2.5,-0.7223231464998504,-0.9128612587487329,-0.5835632623126741,-0.9239480550994712,-0.6444678811493827,-0.9926301605921688,-0.009810893337788482,-0.0012931821628153909,-0.15338632671728722,-0.0044873238534303,28986,0.21617332505347409
OBV trend,"{""n"": 20, ""tf"": 0}",1h,1,0.0,-0.3153220122238217,-0.5783267763646984,-0.35877307541504166,-0.7283734583576016,-0.3391969782147336,-0.868139019367923,0.004064423965659659,0.00134290678319647,-0.04771235938259308,0.002363475726620166,15089,0.21823845185234278
OBV trend,"{""n"": 20, ""tf"": 0}",1h,1,2.5,-0.3307306744155183,-0.5802817896466048,-0.3787950391144024,-0.7506771408783057,-0.35751809389984845,-0.8838595285991353,-0.0009501360353080493,-0.0031831401196985207,-0.04806275629417561,-0.002345763588052094,15089,0.21664788919080125
OBV trend,"{""n"": 20, ""tf"": 0}",4h,0,0.0,-0.22418552228374367,-0.5925082303296626,-0.06929979642061701,-0.6522738402556878,-0.13264575644313947,-0.6522738402556878,0.08485186127744478,0.0934582335806033,-0.0896898165291952,0.09023084396691887,7434,0.23688458434221146
OBV trend,"{""n"": 20, ""tf"": 0}",4h,0,2.5,-0.27314234197305975,-0.6053206073680315,-0.08392511583208262,-0.6462703499455087,-0.16296273560474817,-0.6750214070165357,0.07254049566489548,0.0886321303643888,-0.08979441003589264,0.08259776735207881,7434,0.2355394135055152
OBV trend,"{""n"": 20, ""tf"": 0}",4h,1,0.0,-0.015305953155384855,-0.35864125509473754,0.118372006105675,-0.33613910259933577,0.06521626904660893,-0.35864125509473754,0.04189298495914679,0.07657563790780904,-0.032583792190322564,0.06356964305206071,3755,0.23834886817576564
OBV trend,"{""n"": 20, ""tf"": 0}",4h,1,2.5,-0.08267514309125701,-0.3852166849336782,0.09303119635726875,-0.3419379705175194,0.021304540032664354,-0.3852166849336782,0.030912535506582253,0.07193743708247417,-0.033476833563703824,0.0565530989915147,3755,0.23568575233022637
OBV trend,"{""n"": 20, ""tf"": 200}",1h,0,0.0,-0.3550254844061189,-0.6068081888155816,-0.32581646887007676,-0.6796599676299967,-0.33773413408065367,-0.8598823114440175,0.010186191326734866,-0.0011375018958162879,-0.057401929639232636,0.003108883062640395,14001,0.21762731233483323
OBV trend,"{""n"": 20, ""tf"": 200}",1h,0,2.5,-0.3643888430200234,-0.6049811731004969,-0.34240239352207225,-0.7000156807006637,-0.3513525210066255,-0.8721075622680733,0.0039950631270243685,-0.00480338721037831,-0.056347552943650146,-0.0015039683338523059,14001,0.21619884293979003
OBV trend,"{""n"": 20, ""tf"": 200}",1h,1,0.0,-0.17369250451145934,-0.39306692721944025,-0.20766420584186995,-0.4840835513494317,-0.1944031361995079,-0.6515234665133433,0.0018854569117008459,-0.0020446092483166717,-0.019911033451833232,-0.0005708344383101027,8630,0.21877172653534183
OBV trend,"{""n"": 20, ""tf"": 200}",1h,1,2.5,-0.18979897725982342,-0.3962601822880104,-0.22606150842917527,-0.5156851115504479,-0.21189696979844064,-0.6843165817336732,-0.003339417013454576,-0.005731839040812766,-0.019968448461742026,-0.004834680780553445,8630,0.2168018539976825
OBV trend,"{""n"": 20, ""tf"": 200}",4h,0,0.0,0.06330908320318018,-0.22265724267420461,0.18223772872450605,-0.28329675540670385,0.13560833823862506,-0.28329675540670385,0.059893695772603554,0.06830858775311774,-0.023033130675573533,0.06515300326042493,3325,0.24481203007518798
OBV trend,"{""n"": 20, ""tf"": 200}",4h,0,2.5,0.010613435608248567,-0.22916182844772626,0.15967823674230242,-0.2806923257014968,0.09996819665446655,-0.2806923257014968,0.049089276712376395,0.06390985310225199,-0.022336722843992796,0.05835213695604865,3325,0.24240601503759399
OBV trend,"{""n"": 20, ""tf"": 200}",4h,1,0.0,0.035114451892374055,-0.25992237948891606,0.19981277557619492,-0.22094504796356051,0.13343642085098528,-0.25992237948891606,0.0396674518440357,0.060368291788683456,-0.014191590302675292,0.052605476809440554,2486,0.24577634754625904
OBV trend,"{""n"": 20, ""tf"": 200}",4h,1,2.5,-0.019358573250684352,-0.27044429200956044,0.1759427956506363,-0.22452642686211532,0.09590075540389487,-0.27044429200956044,0.029177623067801348,0.05606744556494576,-0.01384136154890897,0.045983762128516605,2486,0.24255832662912308
OBV trend,"{""n"": 50, ""tf"": 0}",1h,0,0.0,-0.5271217963763066,-0.8140966198970819,-0.37253191066467883,-0.786659008903361,-0.4370910795551899,-0.9441886978060603,0.04749421001562341,0.034849591283128485,-0.11787927946509097,0.039591323307814084,17145,0.19428404782735492
OBV trend,"{""n"": 50, ""tf"": 0}",1h,0,2.5,-0.5329888023488599,-0.807543080208901,-0.39075946691831165,-0.790606279890248,-0.4495312165972204,-0.9484028727763781,0.04216420145916817,0.029423044558834963,-0.11499069137814619,0.03420097839645991,17145,0.19130941965587636
OBV trend,"{""n"": 50, ""tf"": 0}",1h,1,0.0,-0.17658341481224438,-0.48570491046685804,-0.15021528999511857,-0.4535367906680713,-0.15712336441196417,-0.609054412458782,0.019834042389635265,0.028845961442812405,-0.02990962221205709,0.025466491797870975,8892,0.1942195231668916
OBV trend,"{""n"": 50, ""tf"": 0}",1h,1,2.5,-0.19979375212212913,-0.48329182568414475,-0.1666159547217052,-0.4668825637996311,-0.17613038514880908,-0.6471052699496185,0.014742638925035368,0.0250309896810503,-0.029286790829902376,0.0211728581475447,8892,0.19140800719748088
OBV trend,"{""n"": 50, ""tf"": 0}",4h,0,0.0,-0.043544958317453863,-0.46977510729287875,-0.008003902535751672,-0.6237966143820597,-0.020276524107415206,-0.6237966143820597,0.10785929481357362,0.10117647823078758,-0.0719523465013351,0.10368253444933234,4411,0.21809113579687145
OBV trend,"{""n"": 50, ""tf"": 0}",4h,0,2.5,-0.040502569388664034,-0.45612027218499107,-0.025711941537176486,-0.6226877930280232,-0.02956033757507326,-0.6226877930280232,0.10510555204169228,0.09642049687785897,-0.07021513503449117,0.09967739256429646,4411,0.21627748809793698
OBV trend,"{""n"": 50, ""tf"": 0}",4h,1,0.0,0.05960305620982265,-0.2963372749715999,0.19719867146462433,-0.292821891010692,0.14243385912560358,-0.2963372749715999,0.05495202885473167,0.08816833787674713,-0.02764345586253942,0.07571222199349135,2195,0.220501138952164
OBV trend,"{""n"": 50, ""tf"": 0}",4h,1,2.5,0.06388238500741106,-0.2853183833750458,0.1665037100548299,-0.2948044162536956,0.12660849967880194,-0.2948044162536956,0.053620052052618696,0.08373041474890192,-0.02690994283777943,0.07243902873779572,2195,0.21776765375854215
OBV trend,"{""n"": 50, ""tf"": 200}",1h,0,0.0,-0.14591450315826804,-0.4504110569152897,-0.19694530480096262,-0.5286108231993869,-0.17676434766003069,-0.6178475825821583,0.04858750172314531,0.009913343290533802,-0.03555640577927407,0.02441615270276312,8547,0.1967941967941968
OBV trend,"{""n"": 50, ""tf"": 200}",1h,0,2.5,-0.15566988751526334,-0.4336523515861205,-0.2057141910356738,-0.5189256259587175,-0.18591388930020114,-0.6366445677198943,0.04112472440726552,0.009304212239045125,-0.033800797728437075,0.02123690430212777,8547,0.19386919386919388
OBV trend,"{""n"": 50, ""tf"": 200}",1h,1,0.0,-0.04854710741272339,-0.3269505619206794,-0.10671864890614846,-0.3714186672614529,-0.08378591873603336,-0.3814683914104031,0.01970184885118594,0.010394260392121258,-0.011274247945992168,0.013884606064270513,5225,0.1957894736842105
OBV trend,"{""n"": 50, ""tf"": 200}",1h,1,2.5,-0.06567280637040962,-0.31507444433661946,-0.11292965260573884,-0.36697580913717265,-0.09421699542328299,-0.41319884552112385,0.01420446129140914,0.009289350099285701,-0.010497828177629266,0.01113251679633199,5225,0.19311004784688995
OBV trend,"{""n"": 50, ""tf"": 200}",4h,0,0.0,0.14439080010303829,-0.2134727917088709,0.15834187268359634,-0.3069123451394238,0.15511658240988324,-0.3069123451394238,0.07175549855403841,0.07488220068636046,-0.021416907304582546,0.0737096873867397,2021,0.22513607125185553
OBV trend,"{""n"": 50, ""tf"": 200}",4h,0,2.5,0.14952841703721553,-0.20711624663866168,0.1299301270043458,-0.31870637994986395,0.1400984209919074,-0.31870637994986395,0.07034063780994881,0.07063083963642977,-0.021116794031989718,0.07052201395149942,2021,0.22216724393864423
OBV trend,"{""n"": 50, ""tf"": 200}",4h,1,0.0,0.12932179258135235,-0.20326133121156875,0.1775975354725785,-0.2369612632941368,0.16041110020174676,-0.2369612632941368,0.053039876795730065,0.06331229727150557,-0.011755475506856308,0.059460139593089746,1468,0.21662125340599456
OBV trend,"{""n"": 50, ""tf"": 200}",4h,1,2.5,0.13687028131078938,-0.19296455765352283,0.14765458545188026,-0.24057039177215211,0.1456917546216041,-0.24057039177215211,0.05248118810962451,0.05920991310483261,-0.011305362728696207,0.056686641231629566,1468,0.21321525885558584
OBV trend,"{""n"": 100, ""tf"": 0}",1h,0,0.0,-0.3300251641563803,-0.6596883279088865,-0.20066942444697022,-0.7244212796903096,-0.2517686621913515,-0.8030906943900029,0.0798640599030306,0.06431953883654035,-0.09356201831245689,0.07014873423647419,11212,0.18712094184801997
OBV trend,"{""n"": 100, ""tf"": 0}",1h,0,2.5,-0.3245631235515144,-0.6322927186889599,-0.20316474001028806,-0.7059528073108328,-0.2505041169419985,-0.799609070000361,0.07425286323657107,0.061018002004760055,-0.09067126141324991,0.06598107496668919,11212,0.18364252586514448
OBV trend,"{""n"": 100, ""tf"": 0}",1h,1,0.0,-0.08298076372823548,-0.355507261283448,8.673174674345141e-05,-0.38618262776067547,-0.0297094323166619,-0.3979850678821676,0.02755963597517086,0.04979581100746851,-0.02181111181832849,0.04145724537035689,5812,0.18651066758430832
OBV trend,"{""n"": 100, ""tf"": 0}",1h,1,2.5,-0.11040784567842654,-0.3541968392873861,-0.01790389125357117,-0.39711682972980333,-0.05150369305251745,-0.43898056609620295,0.019551510824072176,0.04544908930725113,-0.022077099891366622,0.035737497376059024,5812,0.18255333792154163
OBV trend,"{""n"": 100, ""tf"": 0}",4h,0,0.0,0.07431803082573607,-0.42376512923251874,0.08361679914244813,-0.5563553968444435,0.08359689951416382,-0.5563553968444435,0.12288146049960272,0.10568911897779995,-0.060682711995072226,0.11213624704847598,2978,0.2088650100738751
OBV trend,"{""n"": 100, ""tf"": 0}",4h,0,2.5,0.08222689735467825,-0.40522557544399496,0.002476280402970321,-0.5547643368742018,0.037265643105558244,-0.5547643368742018,0.1205802660644374,0.08448032310184048,-0.059037048119202636,0.09801780171281431,2978,0.20517125587642712
OBV trend,"{""n"": 100, ""tf"": 0}",4h,1,0.0,0.12388671058811807,-0.23733171305520973,0.28925678483985306,-0.2287126943596981,0.2244002486583676,-0.23733171305520973,0.05951297146399908,0.0970548131276429,-0.02223280515435362,0.08297662250377646,1481,0.21944632005401757
OBV trend,"{""n"": 100, ""tf"": 0}",4h,1,2.5,0.11455978633974895,-0.24461521539928166,0.1969949690485988,-0.22419568805495282,0.16722232718216734,-0.24461521539928166,0.057311993908940276,0.07771559118419161,-0.021593428477792824,0.07006424220597236,1481,0.21336934503713706
OBV trend,"{""n"": 100, ""tf"": 200}",1h,0,0.0,-0.02476490678260279,-0.3301468242471697,-0.0660996047708351,-0.46822772941671276,-0.0496185427723006,-0.46822772941671276,0.0645169904501268,0.041064424711920476,-0.039060651643734866,0.04985913686374784,6140,0.18843648208469055
OBV trend,"{""n"": 100, ""tf"": 200}",1h,0,2.5,-0.024016648012642694,-0.3110287028284294,-0.05929880190167258,-0.4412428057877922,-0.045184815854403704,-0.4412428057877922,0.05887439455184164,0.04086243699224547,-0.036430188167813994,0.04761692107709403,6140,0.18485342019543974
OBV trend,"{""n"": 100, ""tf"": 200}",1h,1,0.0,0.01516173385245323,-0.23674574957352934,0.03015615226547852,-0.29914590275455444,0.02423203902634241,-0.29914590275455444,0.025535581189401184,0.033754966507676204,-0.010100255532426876,0.030672697013323074,3614,0.18511344770337576
OBV trend,"{""n"": 100, ""tf"": 200}",1h,1,2.5,-0.006909400741054839,-0.23163526981927152,0.02378851152738015,-0.30063426135530835,0.011495826969077916,-0.30063426135530835,0.018328486269880165,0.032449848540690204,-0.010307096244317734,0.02715433768913644,3614,0.18068622025456557
OBV trend,"{""n"": 100, ""tf"": 200}",4h,0,0.0,0.1522287982219217,-0.24898792746847076,0.2805229467454242,-0.275102698179686,0.23160755304107505,-0.275102698179686,0.06941963402325245,0.08584212559862021,-0.020130700201414636,0.0796836912578573,1426,0.22931276297335204
OBV trend,"{""n"": 100, ""tf"": 200}",4h,0,2.5,0.15687050238111566,-0.24182050734364913,0.22352655932946908,-0.28192010379812193,0.20039265253208227,-0.28192010379812193,0.06946433483041532,0.07879144672120483,-0.019720751562153152,0.07529377976215877,1426,0.22300140252454417
OBV trend,"{""n"": 100, ""tf"": 200}",4h,1,0.0,0.16858212049020538,-0.16483841499731755,0.288128092302522,-0.17487674774568684,0.24297636831642122,-0.17487674774568684,0.05417067761479447,0.08016682896309349,-0.011845389423824543,0.07041827220748136,996,0.23092369477911648
OBV trend,"{""n"": 100, ""tf"": 200}",4h,1,2.5,0.1636020029886902,-0.1682998046502696,0.24312501017357468,-0.19630719150806464,0.21469399789553578,-0.19630719150806464,0.05343548822650752,0.07510376855208648,-0.011252996074746412,0.06697816342999437,996,0.22389558232931728
Volume-breakout,"{""n"": 20, ""k"": 1.5}",1h,0,0.0,-0.2292050949858654,-0.4362817095343555,-0.031829167032552785,-0.2486775164597439,-0.11339788387811389,-0.5183637446550142,0.01811827632410791,0.014011687747062867,-0.024323575201322382,0.015551658463454757,6387,0.3419445749178018
Volume-breakout,"{""n"": 20, ""k"": 1.5}",1h,0,2.5,-0.24320061792190573,-0.44062421062725254,-0.05338565331379885,-0.2633780791364676,-0.13167067925031894,-0.5481259153262905,0.013464147732681318,0.010443553422586006,-0.02370784159394658,0.011576276288871748,6402,0.3388003748828491
Volume-breakout,"{""n"": 20, ""k"": 1.5}",1h,1,0.0,-0.028072741150029,-0.17148613963916637,-0.03996764105810735,-0.23962715807282597,-0.03209175930150032,-0.27450829187153203,0.017610667616614412,0.01267255421768266,-0.013904154187830572,0.014524346742282068,3520,0.3392045454545455
Volume-breakout,"{""n"": 20, ""k"": 1.5}",1h,1,2.5,-0.04371763025947217,-0.17386677763029967,-0.06575698456015022,-0.25104174318146644,-0.05392026252016935,-0.3093997892328355,0.013145171339836614,0.009023632464154118,-0.014271677311153058,0.010569209542535055,3530,0.3351274787535411
Volume-breakout,"{""n"": 20, ""k"": 1.5}",4h,0,0.0,-0.14362497261459728,-0.36240136785445165,0.13364345470526673,-0.27912107524209917,0.013187537188619425,-0.36240136785445165,0.025529679490680437,0.04601920818005383,-0.015480677080441235,0.03833563492153881,1646,0.3402187120291616
Volume-breakout,"{""n"": 20, ""k"": 1.5}",4h,0,2.5,-0.14741756793420047,-0.3457931531189917,0.12350004356516142,-0.27938009465916613,0.005957336282299774,-0.34894114202851634,0.021323179323554653,0.044739922127218855,-0.01425913632503116,0.03595864357584478,1650,0.336969696969697
Volume-breakout,"{""n"": 20, ""k"": 1.5}",4h,1,0.0,-0.06346792485384134,-0.24105155132123857,0.1769373506686216,-0.19682337710461606,0.07397727692593326,-0.250856989877112,0.0126243835950229,0.041227681706640956,-0.007565293865996872,0.030501444914784185,992,0.35685483870967744
Volume-breakout,"{""n"": 20, ""k"": 1.5}",4h,1,2.5,-0.07531219537693246,-0.2338534300324473,0.16342651481772497,-0.20549172377057845,0.061153771833656556,-0.2847407061388626,0.008515306622392626,0.03976073794739722,-0.007253115371104318,0.028043701200520497,995,0.35175879396984927
Volume-breakout,"{""n"": 20, ""k"": 2.0}",1h,0,0.0,-0.15256953418057073,-0.3209659165264912,-0.0012159520078310893,-0.19257528798431212,-0.06319199720110802,-0.3791518168693231,0.01935911579923486,0.01216573776149923,-0.014858179919622315,0.01486325452565009,4929,0.3509839724081964
Volume-breakout,"{""n"": 20, ""k"": 2.0}",1h,0,2.5,-0.14936672725036948,-0.30686091859611964,-0.016828524821582924,-0.20404766388544138,-0.07059152874170349,-0.3875737263667772,0.01686759998935832,0.009763936523493588,-0.014969032086447238,0.012427810323192864,4940,0.347165991902834
Volume-breakout,"{""n"": 20, ""k"": 2.0}",1h,1,0.0,-0.014572372421281732,-0.15128380645997141,-0.0493886868524287,-0.19030158150302545,-0.033923994174057004,-0.20989842691435634,0.014891080227431809,0.009761129261682688,-0.011715712956019315,0.01168486087383861,2734,0.3372348207754206
Volume-breakout,"{""n"": 20, ""k"": 2.0}",1h,1,2.5,-0.012256654978961778,-0.13473925927256347,-0.0653534252269351,-0.21540859856462513,-0.04277924555243551,-0.2272034675427157,0.012186143125489848,0.007223327902508385,-0.011777807132254958,0.009084383611126434,2741,0.33272528274352425
Volume-breakout,"{""n"": 20, ""k"": 2.0}",4h,0,0.0,-0.05557964247154967,-0.2555661062354333,0.19157793001778733,-0.22353642283905428,0.08560043707142606,-0.2555661062354333,0.03390705172053764,0.047021500321788215,-0.009131605475342947,0.04210358209631925,1184,0.37753378378378377
Volume-breakout,"{""n"": 20, ""k"": 2.0}",4h,0,2.5,-0.05558042184383416,-0.2380152600243184,0.19046716737954417,-0.21915970307461474,0.08499362805498567,-0.2380152600243184,0.03083467063640086,0.04687940127662255,-0.007651735048972173,0.040862627286539416,1186,0.37352445193929174
Volume-breakout,"{""n"": 20, ""k"": 2.0}",4h,1,0.0,-0.021727607647164082,-0.1904776728756512,0.21275949338829836,-0.1213413924829101,0.11269564102071983,-0.1904776728756512,0.013483248799295942,0.04149607123751663,-0.003026895603332823,0.03099126282318387,724,0.4005524861878453
Volume-breakout,"{""n"": 20, ""k"": 2.0}",4h,1,2.5,-0.030712515015692388,-0.1801748213875516,0.20795748481431087,-0.11996310907075092,0.10596191812977263,-0.1801748213875516,0.010438183930809938,0.04120389981199899,-0.0026470971860134626,0.029666756356553095,725,0.39448275862068966
Volume-breakout,"{""n"": 20, ""k"": 3.0}",1h,0,0.0,-0.04604829331535232,-0.18462940309829456,0.04905091506485726,-0.0967242835786003,0.010067239191581034,-0.18462940309829456,0.019827095095500735,0.007460491750447162,-0.002613671877564963,0.012097968004842252,2559,0.37319265338022667
Volume-breakout,"{""n"": 20, ""k"": 3.0}",1h,0,2.5,-0.042703148000312274,-0.16679954828310306,0.03818306748624911,-0.0929572852347027,0.00519183483723884,-0.16679954828310306,0.018204425857243627,0.004791699409366967,-0.0020353972844846246,0.009821471827320715,2569,0.36590112884390813
Volume-breakout,"{""n"": 20, ""k"": 3.0}",1h,1,0.0,0.020128984899180358,-0.11654347219100647,-0.012962071179792867,-0.12010457437747346,0.0003528663523779674,-0.12010457437747346,0.010342628880446188,0.005735026310645819,-0.006353890886554706,0.007462877274320957,1406,0.3662873399715505
Volume-breakout,"{""n"": 20, ""k"": 3.0}",1h,1,2.5,0.022895324555006535,-0.0981238572314348,-0.028549025900706737,-0.13791931524830403,-0.008067879437050451,-0.13791931524830403,0.008817532068937354,0.0024392688811057345,-0.005989941828892342,0.004831117576542592,1411,0.35790219702338766
Volume-breakout,"{""n"": 20, ""k"": 3.0}",4h,0,0.0,-0.06653048327872657,-0.1720219332760775,0.08720304539868184,-0.20175891328318107,0.022795810360253688,-0.20175891328318107,0.005225726234942181,0.024932881959231098,-0.004857218294368602,0.017542698562622753,496,0.3649193548387097
Volume-breakout,"{""n"": 20, ""k"": 3.0}",4h,0,2.5,-0.07574788105976538,-0.17988176823446467,0.08508910875755205,-0.20199746025562182,0.01755429056349267,-0.20199746025562182,0.0037001108171837746,0.02520296300171584,-0.005202013382240238,0.017139393432516317,498,0.357429718875502
Volume-breakout,"{""n"": 20, ""k"": 3.0}",4h,1,0.0,-0.03699197044724012,-0.11595326825246843,0.1096599840122181,-0.0562522072292877,0.04839324360745634,-0.11595326825246843,-0.00041575689605687235,0.021380348201575358,-0.0016809417528954873,0.01320680878996327,284,0.3873239436619718
Volume-breakout,"{""n"": 20, ""k"": 3.0}",4h,1,2.5,-0.044768389672126485,-0.12373119278329181,0.10753084871093899,-0.05480828367629187,0.04379478954600824,-0.12373119278329181,-0.0016545494992901515,0.021479595259001272,-0.0016757856996172035,0.012804290974641988,285,0.37894736842105264
Volume-breakout,"{""n"": 50, ""k"": 1.5}",1h,0,0.0,-0.07204330766869049,-0.2469306737199991,0.13749744451706913,-0.2344850947417454,0.050476163940808005,-0.2469306737199991,0.0349475971785944,0.05215401984795186,-0.017022748171331196,0.04570161134694281,3247,0.34216199568832767
Volume-breakout,"{""n"": 50, ""k"": 1.5}",1h,0,2.5,-0.11218412599931749,-0.2561471273061281,0.10545272346484236,-0.21963617939056668,0.014527720625503004,-0.3256157154956184,0.02254105031211093,0.045503172711436134,-0.015290751975446978,0.036892376811689186,3321,0.32640770852152967
Volume-breakout,"{""n"": 50, ""k"": 1.5}",1h,1,0.0,0.0146842488288208,-0.14073211603676306,0.16068435285094318,-0.16819940272130018,0.1019646155907723,-0.16819940272130018,0.023359880724435438,0.049732956399882365,-0.010875592852823107,0.03984305302158977,1862,0.3506981740064447
Volume-breakout,"{""n"": 50, ""k"": 1.5}",1h,1,2.5,-0.025543813577238117,-0.15167348607788345,0.13139698251171072,-0.1982334920974531,0.06778994017122186,-0.24063261526277868,0.012529411773313804,0.04400877899903138,-0.009304503899491619,0.03220401628938729,1914,0.3322884012539185
Volume-breakout,"{""n"": 50, ""k"": 1.5}",4h,0,0.0,0.15424498841283496,-0.23110665222493,0.13294998354354193,-0.22605481720035026,0.14134039929940068,-0.23110665222493,0.06435954609853853,0.0486844333367908,-0.01496497577434324,0.0545626006224462,802,0.3541147132169576
Volume-breakout,"{""n"": 50, ""k"": 1.5}",4h,0,2.5,0.11389853335740718,-0.23757911582332303,0.11049420650301056,-0.22098718854704247,0.11178589170160858,-0.23757911582332303,0.05898480147164223,0.044269278154554,-0.01414760962574338,0.049787599398462085,826,0.3353510895883777
Volume-breakout,"{""n"": 50, ""k"": 1.5}",4h,1,0.0,0.1080833089531068,-0.2165351141147248,0.15357178187616904,-0.19462069153838935,0.13504871409056962,-0.2165351141147248,0.04013516614233924,0.040829091185690204,-0.009848923836900142,0.04056886929443359,544,0.36580882352941174
Volume-breakout,"{""n"": 50, ""k"": 1.5}",4h,1,2.5,0.06252351168619641,-0.21033036203141453,0.12566794519107005,-0.17990352650289798,0.09987896719746625,-0.21033036203141453,0.03430284920668203,0.03625509930821567,-0.009945141212188945,0.03552300552014055,565,0.34513274336283184
Volume-breakout,"{""n"": 50, ""k"": 2.0}",1h,0,0.0,-0.07313716590087771,-0.22652941614200006,0.1654453510138294,-0.21692931590418574,0.06497418160483814,-0.22652941614200006,0.027811321483476942,0.05074430741608449,-0.012161385084957503,0.04214443769135665,2824,0.35092067988668557
Volume-breakout,"{""n"": 50, ""k"": 2.0}",1h,0,2.5,-0.08560413004118939,-0.2098603183230482,0.14956549625612325,-0.19289383106497426,0.05054644104931505,-0.23853949046069212,0.020582881212635493,0.045833558265964476,-0.010541002628365749,0.036364554370966105,2876,0.3344923504867872
Volume-breakout,"{""n"": 50, ""k"": 2.0}",1h,1,0.0,0.009792431005661628,-0.13577718393821558,0.1800661859443209,-0.15863488956828398,0.11039825985080864,-0.15863488956828398,0.01788457779828687,0.04911939230702219,-0.008492233056758308,0.03740633686624644,1615,0.36160990712074303
Volume-breakout,"{""n"": 50, ""k"": 2.0}",1h,1,2.5,-0.010487132812445621,-0.12931037574410675,0.16700018025826968,-0.15363267321053553,0.09409536790805206,-0.16210403110119376,0.01080895110019078,0.04521085485043063,-0.007234672198655714,0.03231014094409069,1652,0.34261501210653755
Volume-breakout,"{""n"": 50, ""k"": 2.0}",4h,0,0.0,0.19249114415514756,-0.19441221811791365,0.10231061612454484,-0.23226931661579076,0.13748937364866864,-0.23226931661579076,0.06649674033787563,0.03912914291380997,-0.014681008983227113,0.04939199194783459,655,0.3648854961832061
Volume-breakout,"{""n"": 50, ""k"": 2.0}",4h,0,2.5,0.14294234051300259,-0.20807507992003604,0.0803460545733079,-0.22481737587715733,0.10492616584464498,-0.22481737587715733,0.061243277777965135,0.03480249886659512,-0.013992063232132465,0.04471779095835887,679,0.3402061855670103
Volume-breakout,"{""n"": 50, ""k"": 2.0}",4h,1,0.0,0.1292174870323659,-0.1781795056251121,0.11513447686904588,-0.16566409443294572,0.12067688507321472,-0.1781795056251121,0.03998983467074822,0.03129667611558644,-0.007459034898160362,0.03455661057377211,444,0.38513513513513514
Volume-breakout,"{""n"": 50, ""k"": 2.0}",4h,1,2.5,0.07968073938285936,-0.1766771465827498,0.0920482824600255,-0.1637719662023185,0.08702421605466437,-0.1766771465827498,0.03505513511441197,0.02715482761054459,-0.007500766056324597,0.030117442924494853,464,0.3599137931034483
Volume-breakout,"{""n"": 50, ""k"": 3.0}",1h,0,0.0,-0.04353056200569527,-0.1461126538566766,0.16577964565259462,-0.15802516436657854,0.07715083008423518,-0.15802516436657854,0.023009309694147766,0.03827601822910409,-0.006065376607073257,0.03255100252849547,1865,0.37158176943699733
Volume-breakout,"{""n"": 50, ""k"": 3.0}",1h,0,2.5,-0.038300327562665326,-0.13298536024185137,0.1540772389236722,-0.14726221168198517,0.07299857079376593,-0.169582343191641,0.020047820862303993,0.034450077144310226,-0.005183718696190075,0.029049231038557888,1905,0.34750656167979005
Volume-breakout,"{""n"": 50, ""k"": 3.0}",1h,1,0.0,-0.005405983251650093,-0.1066813639691373,0.1584236648531474,-0.11652953459432835,0.08999208690162064,-0.11652953459432835,0.008974757083163766,0.034284829719802005,-0.004042185355576981,0.02479355248106267,1089,0.3820018365472911
Volume-breakout,"{""n"": 50, ""k"": 3.0}",1h,1,2.5,-0.0073875010955508635,-0.10013556054377759,0.14977802414373742,-0.11609604593652212,0.08424484887768569,-0.11609604593652212,0.006084113068509521,0.030848381819417774,-0.0033885911557595613,0.021561781037827178,1116,0.35304659498207885
Volume-breakout,"{""n"": 50, ""k"": 3.0}",4h,0,0.0,0.12482813556718364,-0.14232574744371196,0.11428659160663535,-0.14470193468336556,0.11842151671801981,-0.14470193468336556,0.042567335734365636,0.030291191627262883,-0.008376462404565882,0.03489474566742642,376,0.4095744680851064
Volume-breakout,"{""n"": 50, ""k"": 3.0}",4h,0,2.5,0.10888799289905826,-0.14128844584494427,0.08152769962513351,-0.13973143565906354,0.09234523859676802,-0.14128844584494427,0.03906097086040799,0.024408233949355783,-0.006744486002389964,0.02990301029100036,388,0.37371134020618557
Volume-breakout,"{""n"": 50, ""k"": 3.0}",4h,1,0.0,0.04605794353157999,-0.12942017240872816,0.13030189194503583,-0.09399306481355307,0.0957189045712663,-0.12942017240872816,0.014241118260189613,0.026673980102789555,-0.0015814987045061901,0.022011656911814576,254,0.4409448818897638
Volume-breakout,"{""n"": 50, ""k"": 3.0}",4h,1,2.5,0.022833439071776818,-0.12104671198518036,0.09510999789522168,-0.1008527156926643,0.06553067529819212,-0.12104671198518036,0.01177111687882684,0.020449310260733326,-0.0016937005919474765,0.017194987742518392,263,0.40304182509505704
Volume-breakout,"{""n"": 100, ""k"": 1.5}",1h,0,0.0,-0.09458026013381005,-0.3068825842777275,0.2174311678640215,-0.3186876866072217,0.08180992882238125,-0.3186876866072217,0.03642650404102191,0.06864905373558103,-0.01942645503208864,0.056565597600121365,1858,0.34768568353067814
Volume-breakout,"{""n"": 100, ""k"": 1.5}",1h,0,2.5,-0.0948866024706505,-0.2790313185728772,0.20573557155401745,-0.2734188299603516,0.07542528318559327,-0.2790313185728772,0.031244761248976252,0.06302563985255479,-0.01865878795859313,0.051107810376212835,1973,0.30866700456158136
Volume-breakout,"{""n"": 100, ""k"": 1.5}",1h,1,0.0,0.03378743529362249,-0.17611655872244292,0.26291461403062555,-0.13926663396790595,0.1661157462254199,-0.17611655872244292,0.023241295238571213,0.0600762026269874,-0.005833165624248848,0.04626311235633133,1110,0.3675675675675676
Volume-breakout,"{""n"": 100, ""k"": 1.5}",1h,1,2.5,0.0048072548513919955,-0.16258519714196074,0.24100097309484503,-0.13229842941405034,0.14089204422233048,-0.16258519714196074,0.017461630479859627,0.05560851670910108,-0.007204732126418041,0.041303434373135536,1191,0.32073887489504616
Volume-breakout,"{""n"": 100, ""k"": 1.5}",4h,0,0.0,0.24957676608622958,-0.19413810303624734,0.2537730815045023,-0.24547850518918835,0.25206383104191077,-0.24547850518918835,0.08282771329025856,0.07270722059123633,-0.01693096691837214,0.07650240535336968,439,0.3895216400911162
Volume-breakout,"{""n"": 100, ""k"": 1.5}",4h,0,2.5,0.19344881268581915,-0.21927698801688145,0.22170904692466942,-0.2449641406833959,0.2103103902685275,-0.2449641406833959,0.07492433858211212,0.06636347172772611,-0.017035662278633512,0.06957379679812087,474,0.33755274261603374
Volume-breakout,"{""n"": 100, ""k"": 1.5}",4h,1,0.0,0.20052599202685917,-0.17817327385710768,0.2902733051945048,-0.17074982991821952,0.253525012830502,-0.17817327385710768,0.05690119475151705,0.0667560220423112,-0.008767897818451359,0.06306046180826338,317,0.416403785488959
Volume-breakout,"{""n"": 100, ""k"": 1.5}",4h,1,2.5,0.13600981022959235,-0.21408595786934337,0.23574388813014746,-0.18552666868467038,0.19480000847984846,-0.21408595786934337,0.04808681281168213,0.05885676016515015,-0.009106625142985499,0.054818029907599646,351,0.3418803418803419
Volume-breakout,"{""n"": 100, ""k"": 2.0}",1h,0,0.0,-0.047525746193029184,-0.23928029970776865,0.22963822994377603,-0.30490083978263194,0.11026361725219669,-0.30490083978263194,0.0410185702225935,0.06776146804178922,-0.016315905426580492,0.057732881359590815,1680,0.35833333333333334
Volume-breakout,"{""n"": 100, ""k"": 2.0}",1h,0,2.5,-0.059451259737796525,-0.22635772888903916,0.21820244497206787,-0.2503648196604805,0.09851169489375189,-0.2503648196604805,0.0327268001589113,0.06256343211794504,-0.016387407631859655,0.05137469513330739,1783,0.31519910263600676
Volume-breakout,"{""n"": 100, ""k"": 2.0}",1h,1,0.0,0.042442645379854094,-0.1705555921743963,0.26544987839532896,-0.1328012172065145,0.17107624815118117,-0.1705555921743963,0.024580879807501135,0.058505703843253334,-0.005957721518982814,0.04578389482984626,1015,0.3812807881773399
Volume-breakout,"{""n"": 100, ""k"": 2.0}",1h,1,2.5,0.01221478119038566,-0.15163728031810753,0.2488355238469544,-0.12789300986460217,0.14823636957719577,-0.15163728031810753,0.016918902472623856,0.05468182024424347,-0.0073516093829246384,0.04052072607988611,1084,0.32933579335793356
Volume-breakout,"{""n"": 100, ""k"": 2.0}",4h,0,0.0,0.22750077711699968,-0.1981610153049822,0.2597495907819227,-0.23125466241259018,0.24671041091378054,-0.23125466241259018,0.07929780533838665,0.07165379261893069,-0.017493163465575008,0.07452029738872668,397,0.3929471032745592
Volume-breakout,"{""n"": 100, ""k"": 2.0}",4h,0,2.5,0.1755963538268306,-0.2006377981505042,0.22509601712507932,-0.2287738167194473,0.20502860677177126,-0.2287738167194473,0.06947785480044913,0.06421934792264568,-0.016689734107405617,0.06619128800182197,428,0.3341121495327103
Volume-breakout,"{""n"": 100, ""k"": 2.0}",4h,1,0.0,0.19777790765167969,-0.16854552388723243,0.2980396056922965,-0.15542386442350664,0.25688692085368636,-0.16854552388723243,0.05431635949535396,0.06576167584732623,-0.007452871349874074,0.06146968221533663,285,0.43157894736842106
Volume-breakout,"{""n"": 100, ""k"": 2.0}",4h,1,2.5,0.12660099740037256,-0.18997292929267307,0.24010920593692675,-0.1694730364628162,0.19334813249289695,-0.18997292929267307,0.043430833268307684,0.05682928406181644,-0.00748695335551941,0.051804865014250655,315,0.346031746031746
Volume-breakout,"{""n"": 100, ""k"": 3.0}",1h,0,0.0,0.04403480581519492,-0.1654838853815892,0.2554523969533491,-0.2253918531347887,0.165971632329464,-0.2253918531347887,0.046701480923836844,0.06396805526098494,-0.009746164822704323,0.0574930898845544,1255,0.3784860557768924
Volume-breakout,"{""n"": 100, ""k"": 3.0}",1h,0,2.5,0.02478846832637549,-0.1566918899409082,0.23734834352182443,-0.19196211988623924,0.14729227341103202,-0.19196211988623924,0.037708779283884386,0.057470791827733334,-0.009090863512378977,0.05006003712378998,1331,0.33283245679939893
Volume-breakout,"{""n"": 100, ""k"": 3.0}",1h,1,0.0,0.07727346675567714,-0.14543751841473185,0.2809856612086026,-0.12617132035925116,0.19501877677516366,-0.14543751841473185,0.026548357425710697,0.054909825931438755,-0.002443212431519827,0.04427427524179073,756,0.40343915343915343
Volume-breakout,"{""n"": 100, ""k"": 3.0}",1h,1,2.5,0.04527128737111075,-0.13575606741334711,0.26226000253570825,-0.11646239848285811,0.17030996453845426,-0.13575606741334711,0.018656182433415564,0.05058766707426942,-0.0032449198045884434,0.03861336033394922,803,0.35242839352428396
Volume-breakout,"{""n"": 100, ""k"": 3.0}",4h,0,0.0,0.2722275283567024,-0.12908863971311613,0.2636157515549462,-0.19220495085793454,0.26702099201233387,-0.19220495085793454,0.06949100912609765,0.0631652543358351,-0.01082565374099273,0.06553741238218357,260,0.43846153846153846
Volume-breakout,"{""n"": 100, ""k"": 3.0}",4h,0,2.5,0.2330902083484363,-0.1462605486596199,0.24304337162581025,-0.17195228009018393,0.23902852442392386,-0.17195228009018393,0.0631250673857947,0.056509637271322063,-0.008988206934976525,0.0589904235642493,272,0.4007352941176471
Volume-breakout,"{""n"": 100, ""k"": 3.0}",4h,1,0.0,0.1540144735887894,-0.1187493877093817,0.26999287073621203,-0.15092039313096306,0.2221997757888594,-0.15092039313096306,0.03833538540718324,0.057563511769228984,-0.004431126658051829,0.050352964383461825,196,0.42857142857142855
Volume-breakout,"{""n"": 100, ""k"": 3.0}",4h,1,2.5,0.09913582480344685,-0.1373233940552966,0.2397509957264088,-0.140914585322509,0.18141328417688918,-0.140914585322509,0.03132767553843273,0.05050247143188181,-0.0042441216947295,0.04331192297183841,207,0.37681159420289856
Taker-flow,"{""f"": 3, ""n"": 50, ""th"": 1.0, ""tf"": 0}",1h,0,0.0,-0.3813029108340985,-0.5855275084158528,-0.37867994198734645,-0.7472982925912739,-0.37919942190164324,-0.8937744826624575,-0.014124358702106857,-0.018590226996040123,-0.06449789325217709,-0.016915526385815147,10814,0.35333826521176254
Taker-flow,"{""f"": 3, ""n"": 50, ""th"": 1.0, ""tf"": 0}",1h,0,2.5,-0.3763371796253481,-0.5807088227854006,-0.3845610565853612,-0.7518514654733293,-0.3807487825854472,-0.8941475557655363,-0.01438911887622036,-0.02245749808524601,-0.06085894051021463,-0.01943185588186139,10913,0.35031613671767614
Taker-flow,"{""f"": 3, ""n"": 50, ""th"": 1.0, ""tf"": 0}",1h,1,0.0,-0.1588783623921699,-0.2939101616560307,-0.2154518279355857,-0.5144102440440407,-0.1927015875217858,-0.6522601644665043,-0.0030676554881386617,-0.014272163675248594,-0.020492183947608322,-0.01007047310508237,5575,0.35623318385650227
Taker-flow,"{""f"": 3, ""n"": 50, ""th"": 1.0, ""tf"": 0}",1h,1,2.5,-0.1518077482900405,-0.2821243408369001,-0.21945384548562563,-0.5192951626003461,-0.19247048055109595,-0.6489239749419509,-0.003879875656240064,-0.017060733429987728,-0.018208656925784487,-0.012117911764832354,5623,0.35337008714209495
Taker-flow,"{""f"": 3, ""n"": 50, ""th"": 1.0, ""tf"": 0}",4h,0,0.0,-0.17680649469988885,-0.316305870762831,-0.002898573775847346,-0.19618932706397463,-0.07622407664761877,-0.41513331813990684,0.008893649462110785,0.02287166676313622,-0.03339514994457837,0.01762991027525168,2631,0.3941467122767009
Taker-flow,"{""f"": 3, ""n"": 50, ""th"": 1.0, ""tf"": 0}",4h,0,2.5,-0.18697221703119027,-0.3245830846289751,-0.02120178608132961,-0.19821364627172555,-0.09095421477867627,-0.43579508968808456,0.006929285161143834,0.01992338641547047,-0.03406334932465071,0.01505059844509798,2652,0.391025641025641
Taker-flow,"{""f"": 3, ""n"": 50, ""th"": 1.0, ""tf"": 0}",4h,1,0.0,-0.055430114770979144,-0.125567340585503,0.0359252692199461,-0.21119538624748502,-0.0013498865442665986,-0.2682583356807495,0.008133963631794848,0.018324576252460763,-0.01361560990176823,0.014503096519711045,1312,0.40777439024390244
Taker-flow,"{""f"": 3, ""n"": 50, ""th"": 1.0, ""tf"": 0}",4h,1,2.5,-0.06492143140441176,-0.13199747370808923,0.02242119219407157,-0.21048355753676273,-0.013167313072939058,-0.28865819323413355,0.005828535987304139,0.0158789686091765,-0.013471614585607722,0.012110056375974365,1323,0.40438397581254726
Taker-flow,"{""f"": 3, ""n"": 50, ""th"": 1.0, ""tf"": 200}",1h,0,0.0,-0.14802826409648728,-0.27200338300035953,-0.13506297309709292,-0.3659524940080957,-0.1402619056048815,-0.5262795993741166,-0.004047537891569444,-0.005653726967726317,-0.018635695797363988,-0.0050514060641674895,5086,0.3558788832088085
Taker-flow,"{""f"": 3, ""n"": 50, ""th"": 1.0, ""tf"": 200}",1h,0,2.5,-0.14831215220075045,-0.2769360039496114,-0.1456444028506796,-0.38731999119249816,-0.1466931737259981,-0.5425238052883985,-0.004376909129872443,-0.006612640216980107,-0.018518143573561727,-0.005774241059314733,5105,0.3527913809990206
Taker-flow,"{""f"": 3, ""n"": 50, ""th"": 1.0, ""tf"": 200}",1h,1,0.0,-0.06162086271804568,-0.16045961195219705,-0.05435655854067467,-0.1973303369743492,-0.05730585096999141,-0.30840893950367254,0.0005604773135465443,-0.0020851446414639875,-0.003510740941829092,-0.001093036408335038,3079,0.36602793114647614
Taker-flow,"{""f"": 3, ""n"": 50, ""th"": 1.0, ""tf"": 200}",1h,1,2.5,-0.053772032969043315,-0.14752590317077785,-0.06758426776328619,-0.2299631592235165,-0.062107477029062386,-0.3221232352247644,0.0010917732180755941,-0.003500838539222495,-0.0034944869017478272,-0.0017786091302357115,3089,0.36257688572353514
Taker-flow,"{""f"": 3, ""n"": 50, ""th"": 1.0, ""tf"": 200}",4h,0,0.0,-0.053407125674744926,-0.14481953344514065,0.0035531970201450047,-0.1677772751032156,-0.01952401357273792,-0.20850961027015513,0.007232029317901876,0.014092360947833497,-0.0100020102332464,0.011519736586609139,1185,0.3957805907172996
Taker-flow,"{""f"": 3, ""n"": 50, ""th"": 1.0, ""tf"": 200}",4h,0,2.5,-0.05926793023459975,-0.14904837073218447,-0.0027357827103120513,-0.1632882675611319,-0.025635190821154508,-0.22156916805735283,0.004256303991406751,0.011517767839777086,-0.00865996586647997,0.00879471889663821,1193,0.3914501257334451
Taker-flow,"{""f"": 3, ""n"": 50, ""th"": 1.0, ""tf"": 200}",4h,1,0.0,-0.0547436197345732,-0.1280116244199634,0.04542802968468629,-0.13966743762476952,0.004219768614620145,-0.2006575849856307,0.0036657544282586102,0.014725327470585992,-0.006048006326766081,0.010577987579713224,857,0.4130688448074679
Taker-flow,"{""f"": 3, ""n"": 50, ""th"": 1.0, ""tf"": 200}",4h,1,2.5,-0.0622261474824678,-0.13105354576012984,0.03578931840330246,-0.13733327342963908,-0.004509592526433348,-0.21236292594895456,0.0006961544593602702,0.012278772248458865,-0.005437832058518478,0.007935290577546892,864,0.4085648148148148
Taker-flow,"{""f"": 3, ""n"": 50, ""th"": 1.5, ""tf"": 0}",1h,0,0.0,-0.12899137599977528,-0.23385420911718557,-0.0797549759927465,-0.22297218050265444,-0.09941133464995011,-0.3956855325342644,-0.0037957142021683,-0.0012584494445548877,-0.017512040656164435,-0.0022099237286599175,2067,0.3468795355587808
Taker-flow,"{""f"": 3, ""n"": 50, ""th"": 1.5, ""tf"": 0}",1h,0,2.5,-0.1206223451544064,-0.21997883108137573,-0.07388508830234308,-0.20815267331668308,-0.09250720114217592,-0.3732621517289365,-0.003444275012616682,-0.0018165459457559097,-0.015006367252457818,-0.0024269443458286993,2072,0.34314671814671815
Taker-flow,"{""f"": 3, ""n"": 50, ""th"": 1.5, ""tf"": 0}",1h,1,0.0,-0.05676194379750987,-0.11329698540694766,-0.03577047554518353,-0.1289159061753703,-0.04385557221537806,-0.2159328256156524,-0.0014220918629450506,-0.00038145080118804725,-0.00729245586069472,-0.0007716911993469235,1113,0.3557951482479784
Taker-flow,"{""f"": 3, ""n"": 50, ""th"": 1.5, ""tf"": 0}",1h,1,2.5,-0.057549264337586115,-0.11429342808866272,-0.03336417201390207,-0.11814380877339081,-0.04274659165399286,-0.20745174574384762,-0.0017463208762353978,-0.0009498415250485115,-0.005897207662273127,-0.0012485212817435938,1117,0.35004476275738583
Taker-flow,"{""f"": 3, ""n"": 50, ""th"": 1.5, ""tf"": 0}",4h,0,0.0,-0.08272061452890611,-0.15136655960952472,-0.005198777466202342,-0.05761248973164679,-0.036786840555799394,-0.16313134777305782,-0.0030740610793456146,0.0020508770833187547,-0.0044620550931802755,0.00012902527231961614,506,0.383399209486166
Taker-flow,"{""f"": 3, ""n"": 50, ""th"": 1.5, ""tf"": 0}",4h,0,2.5,-0.09155166017605065,-0.16466150892044862,-0.014247282915238468,-0.07925420188084786,-0.045747807375736804,-0.19511163414809218,-0.005010511182641484,0.0022473731486022754,-0.0061176672719356825,-0.00047433347561413414,507,0.3767258382642998
Taker-flow,"{""f"": 3, ""n"": 50, ""th"": 1.5, ""tf"": 0}",4h,1,0.0,-0.03286452396273809,-0.06484380541654189,-0.003817191859672331,-0.03641781996378357,-0.015346776010494279,-0.07780807715679738,-0.0025864502426420233,0.002164314018362109,-0.001677039089174874,0.00038277742048555924,262,0.3969465648854962
Taker-flow,"{""f"": 3, ""n"": 50, ""th"": 1.5, ""tf"": 0}",4h,1,2.5,-0.03708087161207463,-0.07049295595991134,-0.003896375385925799,-0.032324134083975165,-0.0171139541728198,-0.0860386874253376,-0.0033704297258626437,0.002362351221078152,-0.001848110005507636,0.00021255836597535346,262,0.3969465648854962
Taker-flow,"{""f"": 3, ""n"": 50, ""th"": 1.5, ""tf"": 200}",1h,0,0.0,-0.03788200567910538,-0.08790923398215644,-0.02272123145162941,-0.07820438396107288,-0.02880429443049426,-0.14096940999572471,-0.001112627171440154,-5.346302405134414e-05,-0.0037280492209909727,-0.00045064957932214783,915,0.3453551912568306
Taker-flow,"{""f"": 3, ""n"": 50, ""th"": 1.5, ""tf"": 200}",1h,0,2.5,-0.04060574366467051,-0.09275577275900171,-0.0266422000972365,-0.08832478900686203,-0.032239571669740674,-0.15459605542547838,-0.0015258646814452462,-0.0005872922217351843,-0.003752393108188999,-0.0009392568941264575,916,0.34170305676855894
Taker-flow,"{""f"": 3, ""n"": 50, ""th"": 1.5, ""tf"": 200}",1h,1,0.0,-0.01986243167939128,-0.056092900163533965,-0.008957102187404864,-0.05892843419965044,-0.013331024755074083,-0.09241389916614218,-0.0009341193045295545,0.0008163249256107156,-0.0012918644151260206,0.0001599083393081143,580,0.35517241379310344
Taker-flow,"{""f"": 3, ""n"": 50, ""th"": 1.5, ""tf"": 200}",1h,1,2.5,-0.023091658038245644,-0.062143835738632136,-0.012876419969142683,-0.06985063285730009,-0.016970104054667257,-0.10836143892836791,-0.0012241303086659963,0.00015741756456763383,-0.0011548461134208432,-0.00036066288789497747,581,0.3493975903614458
Taker-flow,"{""f"": 3, ""n"": 50, ""th"": 1.5, ""tf"": 200}",4h,0,0.0,-0.03925085501366565,-0.07384800374825073,-0.033185781765794564,-0.09650762339683128,-0.03559839951930943,-0.15337905974687893,-0.0019422354856330297,-0.0011377027787822457,-0.004418266281054108,-0.0014394025438512897,210,0.3523809523809524
Taker-flow,"{""f"": 3, ""n"": 50, ""th"": 1.5, ""tf"": 200}",4h,0,2.5,-0.042460445256825574,-0.07771299312771851,-0.03212045717056289,-0.09377114625273997,-0.03625346189999601,-0.15601145111978942,-0.002839606185999704,-0.0010585698147047647,-0.004106799233075595,-0.001726458453940367,210,0.3523809523809524
Taker-flow,"{""f"": 3, ""n"": 50, ""th"": 1.5, ""tf"": 200}",4h,1,0.0,-0.025356505969721943,-0.049130460129597875,-0.019688916580324345,-0.0614482414034917,-0.021949633435481397,-0.09705476667798685,-0.0019833826939621066,-0.0003412559024885464,-0.0022322817437199285,-0.0009570534492911315,153,0.35947712418300654
Taker-flow,"{""f"": 3, ""n"": 50, ""th"": 1.5, ""tf"": 200}",4h,1,2.5,-0.029686014580299513,-0.05501726486287373,-0.018852763492947733,-0.05924828453345887,-0.02319198836926728,-0.10229949174147701,-0.0028868258437034283,-0.0002621229384110801,-0.0020826314217646247,-0.0012463865278957108,153,0.35947712418300654
Taker-flow,"{""f"": 3, ""n"": 50, ""th"": 2.0, ""tf"": 0}",1h,0,0.0,-0.024720763584426653,-0.044878475865532286,-0.001602602115799212,-0.013256962464896271,-0.010919498223618151,-0.05136885821337667,-0.0015831625981553978,-5.1973671262654326e-05,-0.0011777869407681718,-0.0006261695188474331,204,0.3627450980392157
Taker-flow,"{""f"": 3, ""n"": 50, ""th"": 2.0, ""tf"": 0}",1h,0,2.5,-0.026281848689447274,-0.04768100853910662,-0.0019874086701220373,-0.013256962464895605,-0.01178173317618414,-0.053922241041841734,-0.001954783425227887,-5.757468986015516e-05,-0.0012604828353607253,-0.0007690279656230545,204,0.35294117647058826
Taker-flow,"{""f"": 3, ""n"": 50, ""th"": 2.0, ""tf"": 0}",1h,1,0.0,-0.013972032081195906,-0.02548022947325257,0.0010609109807879769,-0.009751764999496482,-0.0049838031008528905,-0.03210242963985843,-0.0012832693702426888,0.00012270464718244038,-0.00017538440848788306,-0.00040453560935198307,120,0.38333333333333336
Taker-flow,"{""f"": 3, ""n"": 50, ""th"": 2.0, ""tf"": 0}",1h,1,2.5,-0.014188093086221043,-0.025871901619708204,0.0012799039976216786,-0.009751764999496038,-0.004940669941898346,-0.03225606491368227,-0.0016212707765192519,0.0002045844123354327,-0.00017932960856945068,-0.00048011128348507404,120,0.36666666666666664
Taker-flow,"{""f"": 3, ""n"": 50, ""th"": 2.0, ""tf"": 0}",4h,0,0.0,-0.015787447547558342,-0.039026652234644854,0.003989211985137464,-0.013089628564717626,-0.003975800560080067,-0.045176914828274795,-0.0011396504590159224,0.000919577367249295,0.00044956003018878365,0.00014736693239983853,60,0.35
Taker-flow,"{""f"": 3, ""n"": 50, ""th"": 2.0, ""tf"": 0}",4h,0,2.5,-0.018402254395614714,-0.041908158295812625,0.0009679053545701422,-0.01676185956470977,-0.006830820951249206,-0.05025446972233172,-0.0014595546969531975,0.000919577367249332,-0.0003175974248606009,2.740284317338341e-05,60,0.3333333333333333
Taker-flow,"{""f"": 3, ""n"": 50, ""th"": 2.0, ""tf"": 0}",4h,1,0.0,-0.005945241315463257,-0.012733384595382313,0.0032451605677812356,-0.010163515953683588,-0.00044528528746856644,-0.016288352912828707,-0.0005619338637783904,0.0008993311733518657,3.1384554086584526e-05,0.00035135678442801965,31,0.3548387096774194
Taker-flow,"{""f"": 3, ""n"": 50, ""th"": 2.0, ""tf"": 0}",4h,1,2.5,-0.007508588866174004,-0.01373029292362482,0.003080248568753774,-0.010163515953684255,-0.0011731438771468428,-0.019567092224436866,-0.0008818381017156658,0.0008993311733518139,3.2542940414936883e-06,0.00023139269520150904,31,0.3548387096774194
Taker-flow,"{""f"": 3, ""n"": 50, ""th"": 2.0, ""tf"": 200}",1h,0,0.0,-0.011934392734955335,-0.02181595034691075,-0.0015906747244083252,-0.014485202645685868,-0.005742621680506654,-0.026082820001886664,-0.0013156209175943451,0.00016117086799138924,-0.00039108570761425127,-0.0003926260516032611,74,0.32432432432432434
Taker-flow,"{""f"": 3, ""n"": 50, ""th"": 2.0, ""tf"": 200}",1h,0,2.5,-0.009147193038588908,-0.01674839897571412,-0.0022288244636449184,-0.015239553864906275,-0.005002277793616172,-0.02275468233510569,-0.0012299296703297423,8.709748623449975e-05,-0.0003910857076143068,-0.00040678769747709104,74,0.32432432432432434
Taker-flow,"{""f"": 3, ""n"": 50, ""th"": 2.0, ""tf"": 200}",1h,1,0.0,-0.008547160982155022,-0.01562263885176507,0.0013559986476749941,-0.009980953489714395,-0.00262025642022079,-0.01862153537182043,-0.001186253128291126,0.00033917554835261786,7.994647800294019e-05,-0.00023286020538878607,50,0.38
Taker-flow,"{""f"": 3, ""n"": 50, ""th"": 2.0, ""tf"": 200}",1h,1,2.5,-0.005750406362265759,-0.01052300259411909,0.001122091441430051,-0.009980953489714395,-0.0016349020307412365,-0.014513570978172075,-0.0011005618810265478,0.0003391755483525734,7.994647800296101e-05,-0.00020072598766459707,50,0.38
Taker-flow,"{""f"": 3, ""n"": 50, ""th"": 2.0, ""tf"": 200}",4h,0,0.0,-0.002908643472209649,-0.007194159512390996,-0.0024098486050556644,-0.008250187385022034,-0.0026080781275685805,-0.013535245972992715,-0.00017723448817569883,-7.324630028610427e-05,-0.00011211705552679335,-0.00011224187074470222,19,0.3684210526315789
Taker-flow,"{""f"": 3, ""n"": 50, ""th"": 2.0, ""tf"": 200}",4h,0,2.5,-0.00447676667311403,-0.008196661162164998,-0.0024098486050554424,-0.008250187385021479,-0.003236187639815369,-0.01637922455666674,-0.0004971387261129618,-7.324630028606726e-05,-0.00011211705552677947,-0.0002322059599711527,19,0.3684210526315789
Taker-flow,"{""f"": 3, ""n"": 50, ""th"": 2.0, ""tf"": 200}",4h,1,0.0,-0.002552893151844815,-0.006544293407209967,-0.002472431999673841,-0.00842102992219751,-0.002503161378926144,-0.013059573932440394,-0.00014886364537193398,-8.474720223195694e-05,-0.00011211705552679335,-0.00010879086840944834,14,0.2857142857142857
Taker-flow,"{""f"": 3, ""n"": 50, ""th"": 2.0, ""tf"": 200}",4h,1,2.5,-0.00412157584043038,-0.00754745126972578,-0.002472431999673841,-0.008421029922197731,-0.003131336962700626,-0.015904923878944932,-0.000468767883309197,-8.474720223195694e-05,-0.00011211705552680029,-0.00022875495763592194,14,0.2857142857142857
Taker-flow,"{""f"": 3, ""n"": 200, ""th"": 1.0, ""tf"": 0}",1h,0,0.0,-0.34236001820160344,-0.5407146170355157,-0.36809942337863466,-0.7404399349443549,-0.35676264226885424,-0.8798199192208727,-0.0066679691570760025,-0.012737869892045358,-0.06565610942026712,-0.01046165711643185,10992,0.3463427947598253
Taker-flow,"{""f"": 3, ""n"": 200, ""th"": 1.0, ""tf"": 0}",1h,0,2.5,-0.3487290711982336,-0.5475303200923112,-0.36947150877632495,-0.7388428625029232,-0.36009719954040953,-0.8808748733511923,-0.007864598685965847,-0.01645666469541311,-0.06174295740126197,-0.013234639941870385,11091,0.34352177441168513
Taker-flow,"{""f"": 3, ""n"": 200, ""th"": 1.0, ""tf"": 0}",1h,1,0.0,-0.1282113168752924,-0.24061592339342075,-0.19024138794303813,-0.47598489727674653,-0.16458217691273258,-0.5988403131854001,0.0004567878971159573,-0.008233981102610265,-0.019673709927677335,-0.004974942727712932,5601,0.3579717907516515
Taker-flow,"{""f"": 3, ""n"": 200, ""th"": 1.0, ""tf"": 0}",1h,1,2.5,-0.12822059896399463,-0.23942087369338116,-0.2057992857698947,-0.4972096697113353,-0.17424017331244457,-0.6144831966010493,0.0006427620379551641,-0.012126754223769758,-0.018203957120203333,-0.007338185625622912,5648,0.35375354107648727
Taker-flow,"{""f"": 3, ""n"": 200, ""th"": 1.0, ""tf"": 0}",4h,0,0.0,-0.10930574478052657,-0.22589420315736886,-0.004828192356086003,-0.21193514126183643,-0.047758742420595746,-0.31796919616667463,0.010503487873878312,0.02051087145806812,-0.023349873590163953,0.016758102613996944,2669,0.39265642562757586
Taker-flow,"{""f"": 3, ""n"": 200, ""th"": 1.0, ""tf"": 0}",4h,0,2.5,-0.1189810692937644,-0.2361866250551823,-0.013094614826029805,-0.21066616449027653,-0.056638824620475314,-0.339065956858809,0.007648369289435452,0.018969694069272847,-0.022875130262498558,0.014724197276833823,2697,0.39154616240266965
Taker-flow,"{""f"": 3, ""n"": 200, ""th"": 1.0, ""tf"": 0}",4h,1,0.0,-0.01652742631243098,-0.11653658038003678,0.011240179498847036,-0.23234981217344253,0.00031930834506765926,-0.24178278471574732,0.009878249977928917,0.015493123206290822,-0.01187492351362296,0.013387545745655108,1341,0.3982102908277405
Taker-flow,"{""f"": 3, ""n"": 200, ""th"": 1.0, ""tf"": 0}",4h,1,2.5,-0.023261367952227108,-0.12880651963319423,0.0045448053670715804,-0.22898664512473732,-0.006390366682702209,-0.26364598245358783,0.0076581700959472325,0.014449524907537429,-0.011422272544091082,0.011902766853191105,1351,0.3982235381199112
Taker-flow,"{""f"": 3, ""n"": 200, ""th"": 1.0, ""tf"": 200}",1h,0,0.0,-0.14454894479654357,-0.25065887691241107,-0.1344617567246209,-0.37757076827092295,-0.13845658796281524,-0.533294640368116,-0.003312479221022747,-0.0018761514240860737,-0.02068679002398551,-0.0024147743479373263,5371,0.3487246322844908
Taker-flow,"{""f"": 3, ""n"": 200, ""th"": 1.0, ""tf"": 200}",1h,0,2.5,-0.14225727175738967,-0.24671149785189428,-0.14575441404190237,-0.39478547552552135,-0.14429345471534905,-0.5433101515299317,-0.0031071154449304503,-0.004572343549934655,-0.019643870326448598,-0.0040228830105580775,5392,0.3456973293768546
Taker-flow,"{""f"": 3, ""n"": 200, ""th"": 1.0, ""tf"": 200}",1h,1,0.0,-0.058190744741599576,-0.1433030764619735,-0.03890005428364984,-0.17041025219967842,-0.04666486723585639,-0.2888457260191605,0.0010779184918013514,0.002465875839267118,-0.0037341661042567253,0.0019453918339674553,3189,0.36375039197240516
Taker-flow,"{""f"": 3, ""n"": 200, ""th"": 1.0, ""tf"": 200}",1h,1,2.5,-0.05222602324272185,-0.1342829167338242,-0.058710393780393444,-0.2143716083160505,-0.056105675475144,-0.3186914566630299,0.0020908665605529433,-0.0004044268048353598,-0.0034231766208931563,0.000531308207185254,3206,0.3593262632563943
Taker-flow,"{""f"": 3, ""n"": 200, ""th"": 1.0, ""tf"": 200}",4h,0,0.0,-0.02038795467003729,-0.09508598456169748,0.0034267707578417017,-0.1416315453135164,-0.006084123347714021,-0.1487672594278594,0.009962288988860942,0.015019660394349448,-0.00866809010717521,0.013123146117291257,1225,0.37387755102040815
Taker-flow,"{""f"": 3, ""n"": 200, ""th"": 1.0, ""tf"": 200}",4h,0,2.5,-0.02289308602262674,-0.10646732325313146,0.003447034531282478,-0.1372566199997891,-0.00709018205528944,-0.16035628791312428,0.007488824061145939,0.014034029895954155,-0.007002670260949098,0.011579577707901073,1234,0.3727714748784441
Taker-flow,"{""f"": 3, ""n"": 200, ""th"": 1.0, ""tf"": 200}",4h,1,0.0,-0.026385643748756293,-0.1027657712215897,0.025760617634546845,-0.15699417621684342,0.00463970617084275,-0.17109709060632883,0.005778724342732942,0.013593815788355383,-0.00558761779531422,0.010663156496246967,866,0.3833718244803695
Taker-flow,"{""f"": 3, ""n"": 200, ""th"": 1.0, ""tf"": 200}",4h,1,2.5,-0.033730892580047134,-0.10932675438247019,0.023050582745949955,-0.15224348475034166,1.293061082496827e-05,-0.1775821871645007,0.003476284112832394,0.012493270967820151,-0.005104477785008339,0.009111900897199742,874,0.38215102974828374
Taker-flow,"{""f"": 3, ""n"": 200, ""th"": 1.5, ""tf"": 0}",1h,0,0.0,-0.11087060432157447,-0.19443909230324585,-0.09067539115677126,-0.2553157104615347,-0.09836754196239117,-0.397191185982974,-0.006075788532300125,-0.004675051737684218,-0.015368343391974515,-0.005200328035665183,2617,0.3607183798242262
Taker-flow,"{""f"": 3, ""n"": 200, ""th"": 1.5, ""tf"": 0}",1h,0,2.5,-0.11178363109021039,-0.19595538845925742,-0.09751372031381866,-0.26955369923306105,-0.10280531450042141,-0.40982988837903933,-0.006632150606596005,-0.005518831205323505,-0.014759261110813715,-0.0059363259808006925,2634,0.3572513287775247
Taker-flow,"{""f"": 3, ""n"": 200, ""th"": 1.5, ""tf"": 0}",1h,1,0.0,-0.051188096582121645,-0.0940313493902939,-0.0398612770950213,-0.14389487842526638,-0.04396978842913335,-0.22061995041797666,-0.0046066811617513975,-0.003894560468313372,-0.004239691365335502,-0.004161605728352631,1343,0.3678332092330603
Taker-flow,"{""f"": 3, ""n"": 200, ""th"": 1.5, ""tf"": 0}",1h,1,2.5,-0.0502351237188271,-0.09154007360482119,-0.048859944180973613,-0.1633301334334647,-0.04896647879606686,-0.23621931036504396,-0.0044549729437956855,-0.004820537895212921,-0.004249973976411865,-0.004683451038431458,1350,0.3622222222222222
Taker-flow,"{""f"": 3, ""n"": 200, ""th"": 1.5, ""tf"": 0}",4h,0,0.0,-0.09572953775423887,-0.17522207480077623,-0.002433450805887305,-0.06507496002447,-0.040700161097137144,-0.22424620912450222,-0.0010998773621066554,0.0039798308454437915,-0.008058410715930345,0.002074940267612374,683,0.3850658857979502
Taker-flow,"{""f"": 3, ""n"": 200, ""th"": 1.5, ""tf"": 0}",4h,0,2.5,-0.09804268553785556,-0.17635434019870133,-0.010299485388361895,-0.06586114621950301,-0.04621785516132515,-0.22802318327322157,-0.0034649555776894315,0.00404719325248748,-0.00887343630726043,0.001230137441171138,689,0.37590711175616837
Taker-flow,"{""f"": 3, ""n"": 200, ""th"": 1.5, ""tf"": 0}",4h,1,0.0,-0.05325436319555743,-0.10419184021929784,-0.010156011887776706,-0.07065588767807285,-0.027452397109123394,-0.16246753173547657,-0.0026504063301860206,0.00390641096691906,-0.004943376468199846,0.001447604480504655,355,0.36338028169014086
Taker-flow,"{""f"": 3, ""n"": 200, ""th"": 1.5, ""tf"": 0}",4h,1,2.5,-0.05395821268192458,-0.10243401834486887,-0.011056687958243439,-0.07093570020615325,-0.028272008593305697,-0.16331002732972755,-0.0034630559014396933,0.0039490511254079465,-0.004898766156971428,0.0011695109903400818,357,0.3585434173669468
Taker-flow,"{""f"": 3, ""n"": 200, ""th"": 2.0, ""tf"": 200}",1h,0,0.0,-0.002109670843952971,-0.014644845139348606,-0.004953943240202374,-0.025803097525703644,-0.003813573594302677,-0.025803097525703644,0.0011666858211909987,-0.00015175615198616358,-0.0011840984491023818,0.00034265958795527224,178,0.33707865168539325
Taker-flow,"{""f"": 3, ""n"": 200, ""th"": 2.0, ""tf"": 200}",1h,0,2.5,-0.002097270729665257,-0.014117201111544908,-0.005885209670109748,-0.028304786444569574,-0.0043673471781269235,-0.028304786444569574,0.0006718837133496599,-0.0003659085729235049,-0.0011586520294499733,2.3263534428931882e-05,179,0.329608938547486
Taker-flow,"{""f"": 3, ""n"": 200, ""th"": 2.0, ""tf"": 200}",1h,1,0.0,0.0017782096133009961,-0.010114715013586295,-0.0010664355060576725,-0.016484317333799958,7.176891245963546e-05,-0.016484317333799958,0.0006835138647402791,3.612787669166432e-05,0.00024605635618322325,0.0002788976222098949,111,0.35135135135135137
Taker-flow,"{""f"": 3, ""n"": 200, ""th"": 2.0, ""tf"": 200}",1h,1,2.5,0.0020214807785663425,-0.0056769393896530795,-0.0017133238140991658,-0.018231594861235156,-0.00021915912736025778,-0.018231594861235156,0.00024755314904931523,-0.00010395116248881711,0.0002447437136611566,2.786295433798251e-05,112,0.3392857142857143
Taker-flow,"{""f"": 3, ""n"": 200, ""th"": 2.0, ""tf"": 200}",4h,0,0.0,-0.016392226496658613,-0.03704108488252256,-0.007908226855544376,-0.024452619516860397,-0.011307912571570378,-0.05330268860198928,-0.0011431902022344736,-3.344272797511187e-05,-0.0023696064742959044,-0.00044959803082237254,46,0.32608695652173914
Taker-flow,"{""f"": 3, ""n"": 200, ""th"": 2.0, ""tf"": 200}",4h,0,2.5,-0.01395247569683844,-0.025444774418822313,-0.007447404740915431,-0.023207770618746015,-0.01005170187243698,-0.04777725503006991,-0.002035523396371598,6.744382343441361e-06,-0.0014965908839127615,-0.0007591060346746984,46,0.30434782608695654
Taker-flow,"{""f"": 3, ""n"": 200, ""th"": 2.0, ""tf"": 200}",4h,1,0.0,-0.00835807224752494,-0.018525720108196086,-0.006657203248482846,-0.020247437180850425,-0.007334346291243299,-0.03492770581971538,-0.0009703896914472118,-2.7892186571028727e-05,-0.00136024924915467,-0.00038132875089959734,37,0.32432432432432434
Taker-flow,"{""f"": 3, ""n"": 200, ""th"": 2.0, ""tf"": 200}",4h,1,2.5,-0.012901648607877458,-0.023538798220623658,-0.00643839069843144,-0.019654670596848778,-0.009026478450058883,-0.042444453135127014,-0.0018627228855843977,1.2294923747539303e-05,-0.0013276578509317238,-0.0006908367547519371,37,0.2972972972972973
Taker-flow,"{""f"": 6, ""n"": 50, ""th"": 1.0, ""tf"": 0}",1h,0,0.0,-0.1396425598643236,-0.24412874846321808,-0.07442584430351562,-0.25812188206242226,-0.10068348228032242,-0.42838877181119916,-0.005261651790032647,0.0034059598748473973,-0.02479683522739981,0.00015560550051738065,2304,0.37890625
Taker-flow,"{""f"": 6, ""n"": 50, ""th"": 1.0, ""tf"": 0}",1h,0,2.5,-0.13578637848848418,-0.23574676060090116,-0.08274061201100447,-0.2663634869570014,-0.10393037726044319,-0.4362967035126367,-0.006984898354144065,0.0029122941140191576,-0.021987773050205578,-0.0007991530615420508,2336,0.3694349315068493
Taker-flow,"{""f"": 6, ""n"": 50, ""th"": 1.0, ""tf"": 0}",1h,1,0.0,-0.04918777492383564,-0.08983966923272035,-0.013237702170569743,-0.1614822237868273,-0.02737187053650414,-0.2220520540733666,-0.0048163780572364106,0.002924627419602488,-0.007676825875333075,2.1750365787900905e-05,1216,0.39226973684210525
Taker-flow,"{""f"": 6, ""n"": 50, ""th"": 1.0, ""tf"": 0}",1h,1,2.5,-0.05910162902880489,-0.10662353318946072,-0.018428077815471622,-0.1450474796987704,-0.0344993179461498,-0.2320925988411744,-0.005532094001202347,0.0030992984947691687,-0.00690742713973002,-0.00013747369122014963,1231,0.3809910641754671
Taker-flow,"{""f"": 6, ""n"": 50, ""th"": 1.0, ""tf"": 0}",4h,0,0.0,-0.10273361431663453,-0.1870692666898096,0.042453893320799185,-0.06963599039116697,-0.01810882507201428,-0.21657509958692944,-0.00697636474488788,0.014261988928533077,-0.005717818641497251,0.006297606301000218,556,0.4064748201438849
Taker-flow,"{""f"": 6, ""n"": 50, ""th"": 1.0, ""tf"": 0}",4h,0,2.5,-0.11401562499774032,-0.20115661372423466,0.03131652239048677,-0.07680160697171834,-0.02933608958577405,-0.24161486637738006,-0.00903970595020593,0.011102690864094397,-0.004909212418369072,0.003549292058731774,566,0.392226148409894
Taker-flow,"{""f"": 6, ""n"": 50, ""th"": 1.0, ""tf"": 0}",4h,1,0.0,-0.04798771424466153,-0.09478566022661661,0.04711900882727127,-0.044687206837205506,0.008137699738310245,-0.11819246884774082,-0.005831092046529429,0.01125701137148188,0.00022998596325548432,0.004848972589727639,288,0.4340277777777778
Taker-flow,"{""f"": 6, ""n"": 50, ""th"": 1.0, ""tf"": 0}",4h,1,2.5,-0.056127150141040416,-0.1080660712472633,0.03847613378132597,-0.050203468109895955,-0.00029782445947679204,-0.13051788368005712,-0.007304937382462456,0.009127712644092244,0.00046926181384786964,0.002965468884134232,292,0.4212328767123288
Taker-flow,"{""f"": 3, ""n"": 200, ""th"": 1.5, ""tf"": 200}",1h,0,0.0,-0.04742110695509549,-0.09013592383410507,-0.016344191079326498,-0.07669727046240382,-0.028961279587643718,-0.14887966248249296,-0.004414648297949464,-0.001872885748230028,-0.0035283395408123655,-0.0028260467043748163,1204,0.36212624584717606
Taker-flow,"{""f"": 3, ""n"": 200, ""th"": 1.5, ""tf"": 200}",1h,0,2.5,-0.04521354695787194,-0.08661084178755107,-0.019034933798806386,-0.08063474934022707,-0.029655096822841398,-0.15207527098729734,-0.004036732351334554,-0.0018604518423005923,-0.0038294687505012193,-0.002676557033188328,1205,0.36099585062240663
Taker-flow,"{""f"": 3, ""n"": 200, ""th"": 1.5, ""tf"": 200}",1h,1,0.0,-0.026987848632951228,-0.05608098421358343,0.008216371320311833,-0.04849944811794271,-0.006099138118647596,-0.09005716390977236,-0.0042109682819440174,0.0003279694124759554,0.0007883906448704556,-0.0013741322229315345,701,0.3880171184022825
Taker-flow,"{""f"": 3, ""n"": 200, ""th"": 1.5, ""tf"": 200}",1h,1,2.5,-0.021233892856999503,-0.04819772112151555,0.00532476609375121,-0.051968275383793894,-0.005463864701843457,-0.08886448493975185,-0.0036083814285238335,0.000140223901865677,0.0007179299615884815,-0.0012655030970303894,702,0.38746438746438744
Taker-flow,"{""f"": 3, ""n"": 200, ""th"": 1.5, ""tf"": 200}",4h,0,0.0,-0.05031665636347138,-0.09352503600353401,-0.0104941469353238,-0.06761104059107048,-0.0266401103336672,-0.14248855832608098,-0.0031151122843483784,0.0045458984715612384,-0.005448324242356521,0.001673019438095132,297,0.3333333333333333
Taker-flow,"{""f"": 3, ""n"": 200, ""th"": 1.5, ""tf"": 200}",4h,0,2.5,-0.04433151932630808,-0.08174409998774435,-0.011782133615871437,-0.0662464153530804,-0.0249507606583107,-0.13269733308335474,-0.003945371101743422,0.004128775105012772,-0.0043316585538396915,0.001100970277479199,298,0.3288590604026846
Taker-flow,"{""f"": 3, ""n"": 200, ""th"": 1.5, ""tf"": 200}",4h,1,0.0,-0.03953784919471237,-0.07845819542212518,-0.003628482815258516,-0.05714501840985042,-0.018174197544660875,-0.11915467729237228,-0.0026498141544472054,0.004301255293849911,-0.0037540281242659443,0.0016946042507384924,206,0.33495145631067963
Taker-flow,"{""f"": 3, ""n"": 200, ""th"": 1.5, ""tf"": 200}",4h,1,2.5,-0.040372749618214576,-0.07864880386382866,-0.0056598651245942655,-0.05842671634716068,-0.01971531401876858,-0.12070893511439851,-0.003486145421216724,0.0038844838048013902,-0.0035495040462034805,0.0011204978450445973,207,0.3285024154589372
Taker-flow,"{""f"": 3, ""n"": 200, ""th"": 2.0, ""tf"": 0}",1h,0,0.0,-0.03000346726060199,-0.054347117986543014,-0.009261542163716108,-0.035081166274052,-0.0176105181884445,-0.07820369388830661,-0.0001162650099732549,-0.0006746130023585669,-0.0020874257579128683,-0.0004652325052140749,409,0.3374083129584352
Taker-flow,"{""f"": 3, ""n"": 200, ""th"": 2.0, ""tf"": 0}",1h,0,2.5,-0.03060206638044094,-0.05541733141065486,-0.010745401338379201,-0.03993185850237935,-0.0187348359982068,-0.08302889100206601,-0.0006637358498822311,-0.0007711538054299879,-0.0022249432595314936,-0.000730872072099579,410,0.33170731707317075
Taker-flow,"{""f"": 3, ""n"": 200, ""th"": 2.0, ""tf"": 0}",1h,1,0.0,-0.01423683283702637,-0.025960246408315513,-0.00126313791682664,-0.015129790170515633,-0.006475334670774435,-0.03775369781188198,2.8210301411510682e-05,9.423046761850944e-06,-0.0005449615234668428,1.6468267255473346e-05,226,0.3407079646017699
Taker-flow,"{""f"": 3, ""n"": 200, ""th"": 2.0, ""tf"": 0}",1h,1,2.5,-0.012794218445006056,-0.023343847387482963,-0.0016849865262215102,-0.017564850350685335,-0.006145259049393115,-0.033910456076097995,-0.0003642484937880466,1.181684372831467e-05,-0.00042746557591106377,-0.00012920765784032082,227,0.33480176211453744
Taker-flow,"{""f"": 3, ""n"": 200, ""th"": 2.0, ""tf"": 0}",4h,0,0.0,-0.03558318848138531,-0.06738733030877486,-0.0040674404238006945,-0.04325962434956143,-0.016800638520317324,-0.10054390726437967,-0.002655746468226688,0.0005367175945842388,-0.0026008345265718935,-0.0006604564289698587,135,0.362962962962963
Taker-flow,"{""f"": 3, ""n"": 200, ""th"": 2.0, ""tf"": 0}",4h,0,2.5,-0.03452512962024157,-0.06241758498244354,-0.012481182142072611,-0.05105906840365326,-0.0213564603702755,-0.10608016943560172,-0.0035480796623638,0.0005769047049027402,-0.003546896371113932,-0.0009699644328222123,135,0.34814814814814815
Taker-flow,"{""f"": 3, ""n"": 200, ""th"": 2.0, ""tf"": 0}",4h,1,0.0,-0.010129128714776447,-0.021738768697283528,-0.00842005396121881,-0.02931566008224884,-0.009099440907359146,-0.042767532573836364,-0.0010041477825314022,0.0004059180873579408,-0.0020775071606499926,-0.00012285661385056287,77,0.37662337662337664
Taker-flow,"{""f"": 3, ""n"": 200, ""th"": 2.0, ""tf"": 0}",4h,1,2.5,-0.014805424779370635,-0.026990596594053784,-0.008968781370561008,-0.030790034581094305,-0.011303651167686612,-0.05248772082072706,-0.0018964809766685267,0.00044610519767650144,-0.0021931262858485706,-0.0004323646177028841,77,0.36363636363636365
Taker-flow,"{""f"": 6, ""n"": 50, ""th"": 1.0, ""tf"": 200}",1h,0,0.0,-0.04809928500877292,-0.09447018350218395,-0.0009171186362302297,-0.0886101803376016,-0.020075108338273417,-0.1450540810245462,-0.0034436652586845584,0.003926356782272903,-0.0063418901600873975,0.0011625985169138552,1049,0.3775023832221163
Taker-flow,"{""f"": 6, ""n"": 50, ""th"": 1.0, ""tf"": 200}",1h,0,2.5,-0.05341348923614997,-0.10409076385551808,-0.00821790634032138,-0.09377806559304402,-0.026555528441490672,-0.169622821955547,-0.005122682449782336,0.0031337438315417834,-0.00538892317429613,3.758397604523844e-05,1054,0.36527514231499053
Taker-flow,"{""f"": 6, ""n"": 50, ""th"": 1.0, ""tf"": 200}",1h,1,0.0,-0.01912398153375683,-0.043267247968531874,0.02779623515646934,-0.05360544078639473,0.00873687786649091,-0.06201781085309366,-0.0033906387427672996,0.0044399765377307835,0.0004582670882000567,0.001503495807544002,643,0.40279937791601866
Taker-flow,"{""f"": 6, ""n"": 50, ""th"": 1.0, ""tf"": 200}",1h,1,2.5,-0.025620535232397823,-0.05524781627142128,0.018687368975205176,-0.05983288047947799,0.000705723162572669,-0.09155260489535155,-0.004279276712521152,0.0041993736956902564,0.0003214534812917072,0.0010198797926109782,646,0.38854489164086686
Taker-flow,"{""f"": 6, ""n"": 50, ""th"": 1.0, ""tf"": 200}",4h,0,0.0,-0.03831213890256169,-0.07669890914414046,0.009658036172414342,-0.08251377703841078,-0.009827883242402802,-0.12132113782270004,-0.004484373582394483,0.008163430872245041,-0.0018295350684766828,0.0034205042017552193,248,0.38306451612903225
Taker-flow,"{""f"": 6, ""n"": 50, ""th"": 1.0, ""tf"": 200}",4h,0,2.5,-0.040478486047880735,-0.08005484073535762,0.0020889767082559185,-0.08400835007169527,-0.015171492191894509,-0.13328877745342915,-0.005147811550997737,0.005521001597565012,-0.0010723371194027373,0.0015201966668539808,250,0.372
Taker-flow,"{""f"": 6, ""n"": 50, ""th"": 1.0, ""tf"": 200}",4h,1,0.0,-0.0342021804350604,-0.06777393138369014,0.024587517616734944,-0.06067103153582054,0.0006253261101736296,-0.10832077706495502,-0.0039937625551631495,0.00803369478652381,-0.00014949948133603091,0.003523398283391201,178,0.4044943820224719
Taker-flow,"{""f"": 6, ""n"": 50, ""th"": 1.0, ""tf"": 200}",4h,1,2.5,-0.03685260190028994,-0.0671236503228132,0.016882247755699797,-0.057288948022667485,-0.004985236744653232,-0.10811900338884173,-0.004951088187414422,0.005587081568597803,0.0005095052604117897,0.0016352679100932188,180,0.3888888888888889
Taker-flow,"{""f"": 6, ""n"": 50, ""th"": 1.5, ""tf"": 0}",1h,0,0.0,-0.011573600789481553,-0.02351040602514154,0.0073050144706801046,-0.014359415891058935,-0.0002981855075555595,-0.027657281210397233,-0.00110969895932542,0.0013322546453635434,-0.0004398099709791159,0.00041652204360518214,79,0.4177215189873418
Taker-flow,"{""f"": 6, ""n"": 50, ""th"": 1.5, ""tf"": 0}",1h,0,2.5,-0.015169465437268825,-0.02765001723936611,0.007070685021672851,-0.01423130381509119,-0.001894544658961328,-0.034878539820035415,-0.0015218939238295587,0.0014436996875626755,-0.00043728544009580955,0.00033160208329058766,79,0.3924050632911392
Taker-flow,"{""f"": 6, ""n"": 50, ""th"": 1.5, ""tf"": 0}",1h,1,0.0,-0.0004964745407816107,-0.005066911829202936,0.010470815468182959,-0.007252751175988115,0.006060648341890795,-0.009982963815774015,-0.0005430202940100869,0.0015837762636865982,0.0005414024064995665,0.0007862275545503413,46,0.5
Taker-flow,"{""f"": 6, ""n"": 50, ""th"": 1.5, ""tf"": 0}",1h,1,2.5,-0.0040181726216856894,-0.009037590717245858,0.010393620852135577,-0.007434074879238972,0.004594392663020308,-0.014737788713085065,-0.0010348380564509313,0.001695221305885693,0.0005414024064995526,0.000671449045009459,46,0.45652173913043476
Taker-flow,"{""f"": 6, ""n"": 50, ""th"": 1.5, ""tf"": 0}",4h,0,0.0,0.0004723974581595236,-0.011824056185138487,0.00885291580073777,-0.01340906460927005,0.005485018959442423,-0.01340906460927005,-0.0005455246471469789,0.0015316548328338545,0.0008103804734538311,0.000752712527841042,24,0.4166666666666667
Taker-flow,"{""f"": 6, ""n"": 50, ""th"": 1.5, ""tf"": 0}",4h,0,2.5,0.00012887711129194734,-0.011824056185138376,0.008892940264739524,-0.013301576470565624,0.005370723318215864,-0.013301576470565624,-0.0005455246471470159,0.0015316548328338693,0.0007707549554058571,0.0007527125278410374,24,0.4166666666666667
Taker-flow,"{""f"": 6, ""n"": 50, ""th"": 1.5, ""tf"": 0}",4h,1,0.0,0.001117137574226268,-0.004163569954677704,0.008087321810562154,-0.01549776361577837,0.005286939624786102,-0.01549776361577837,0.0,0.001509785670254223,0.0002880202313519861,0.0009436160439088894,12,0.4166666666666667
Taker-flow,"{""f"": 6, ""n"": 50, ""th"": 1.5, ""tf"": 0}",4h,1,2.5,0.001117137574226268,-0.004163569954677704,0.0081273159009696,-0.015390503038832604,0.005310835873936881,-0.015390503038832604,0.0,0.0015097856702542157,0.0002880202313519861,0.0009436160439088848,12,0.4166666666666667
Taker-flow,"{""f"": 6, ""n"": 50, ""th"": 1.5, ""tf"": 200}",1h,0,0.0,-0.0026390708914001415,-0.008137563750099552,-0.00028363071601156253,-0.012845288990504078,-0.001226867297631662,-0.014632063540102713,-0.0005070151194586586,0.0004442954867179901,-0.00031501292652302837,8.755400940174685e-05,24,0.375
Taker-flow,"{""f"": 6, ""n"": 50, ""th"": 1.5, ""tf"": 200}",1h,0,2.5,-0.0027277117101812687,-0.00809803513809626,-0.00045075678141892617,-0.012293247333222679,-0.0013624371697256166,-0.015244913803531657,-0.0005295198909507236,0.0004815181102732602,-0.00031253371142582476,0.00010237885981426627,24,0.375
Taker-flow,"{""f"": 6, ""n"": 50, ""th"": 1.5, ""tf"": 200}",1h,1,0.0,-0.00039374649315049304,-0.00349983631904649,0.0012741327930922974,-0.008652632629012724,0.0006054876774574947,-0.008652632629012724,-0.0005670189983529861,0.00044429548671794567,0.000145975646473534,6.505255481634627e-05,19,0.42105263157894735
Taker-flow,"{""f"": 6, ""n"": 50, ""th"": 1.5, ""tf"": 200}",1h,1,2.5,-0.0005043015011263474,-0.00349983631904649,0.0011067463109368791,-0.008098246333205328,0.00046096970857356645,-0.008098246333205328,-0.0005895237698450635,0.0004815181102732528,0.000145975646473534,7.98774052288842e-05,19,0.42105263157894735
Taker-flow,"{""f"": 6, ""n"": 50, ""th"": 1.5, ""tf"": 200}",4h,0,0.0,0.0011720854597410124,-0.0005511965574376276,-0.003244794374509641,-0.008885192984362411,-0.0014773920165330745,-0.008965048094354278,8.463761286877276e-05,-4.725293284677523e-05,-0.00014777324183588847,2.2060217965552686e-06,8,0.625
Taker-flow,"{""f"": 6, ""n"": 50, ""th"": 1.5, ""tf"": 200}",4h,0,2.5,0.0011720854597410124,-0.0005511965574376276,-0.0032052498658688977,-0.008777211974171362,-0.001453656559438521,-0.00885707578430106,8.463761286877276e-05,-4.7252932846738224e-05,-0.00014777324183588847,2.206021796578398e-06,8,0.625
Taker-flow,"{""f"": 6, ""n"": 50, ""th"": 1.5, ""tf"": 200}",4h,1,0.0,0.0007565820642794208,-0.0005511965574376276,-0.003931625009079287,-0.010759473207079928,-0.0020555153334759213,-0.011304739179926027,0.0,-0.0001735053817630246,-0.00014777324183588847,-0.00010844086360189038,5,0.4
Taker-flow,"{""f"": 6, ""n"": 50, ""th"": 1.5, ""tf"": 200}",4h,1,2.5,0.0007565820642794208,-0.0005511965574376276,-0.0038921077492353184,-0.010651696397926624,-0.002031793618705424,-0.011197021776978788,0.0,-0.00017350538176303203,-0.00014777324183588847,-0.00010844086360189502,5,0.4
Taker-flow,"{""f"": 6, ""n"": 50, ""th"": 2.0, ""tf"": 0}",1h,0,0.0,0.0002943634802006212,0.0,0.0,0.0,0.00011780533141059202,0.0,6.000387889436453e-05,0.0,0.0,2.2501454585386698e-05,1,1.0
Taker-flow,"{""f"": 6, ""n"": 50, ""th"": 2.0, ""tf"": 0}",1h,0,2.5,0.0002943634802006212,0.0,0.0,0.0,0.00011780533141059202,0.0,6.000387889436453e-05,0.0,0.0,2.2501454585386698e-05,1,1.0
Taker-flow,"{""f"": 6, ""n"": 50, ""th"": 2.0, ""tf"": 0}",1h,1,0.0,0.0,0.0,0.0,0.0,0.0,0.0,0.0,0.0,0.0,0.0,0,0.0
Taker-flow,"{""f"": 6, ""n"": 50, ""th"": 2.0, ""tf"": 0}",1h,1,2.5,0.0,0.0,0.0,0.0,0.0,0.0,0.0,0.0,0.0,0.0,0,0.0
Taker-flow,"{""f"": 6, ""n"": 50, ""th"": 2.0, ""tf"": 0}",4h,0,0.0,0.0,0.0,0.0,0.0,0.0,0.0,0.0,0.0,0.0,0.0,0,0.0
Taker-flow,"{""f"": 6, ""n"": 50, ""th"": 2.0, ""tf"": 0}",4h,0,2.5,0.0,0.0,0.0,0.0,0.0,0.0,0.0,0.0,0.0,0.0,0,0.0
Taker-flow,"{""f"": 6, ""n"": 50, ""th"": 2.0, ""tf"": 0}",4h,1,0.0,0.0,0.0,0.0,0.0,0.0,0.0,0.0,0.0,0.0,0.0,0,0.0
Taker-flow,"{""f"": 6, ""n"": 50, ""th"": 2.0, ""tf"": 0}",4h,1,2.5,0.0,0.0,0.0,0.0,0.0,0.0,0.0,0.0,0.0,0.0,0,0.0
Taker-flow,"{""f"": 6, ""n"": 50, ""th"": 2.0, ""tf"": 200}",1h,0,0.0,0.0002943634802006212,0.0,0.0,0.0,0.00011780533141059202,0.0,6.000387889436453e-05,0.0,0.0,2.2501454585386698e-05,1,1.0
Taker-flow,"{""f"": 6, ""n"": 50, ""th"": 2.0, ""tf"": 200}",1h,0,2.5,0.0002943634802006212,0.0,0.0,0.0,0.00011780533141059202,0.0,6.000387889436453e-05,0.0,0.0,2.2501454585386698e-05,1,1.0
Taker-flow,"{""f"": 6, ""n"": 50, ""th"": 2.0, ""tf"": 200}",1h,1,0.0,0.0,0.0,0.0,0.0,0.0,0.0,0.0,0.0,0.0,0.0,0,0.0
Taker-flow,"{""f"": 6, ""n"": 50, ""th"": 2.0, ""tf"": 200}",1h,1,2.5,0.0,0.0,0.0,0.0,0.0,0.0,0.0,0.0,0.0,0.0,0,0.0
Taker-flow,"{""f"": 6, ""n"": 50, ""th"": 2.0, ""tf"": 200}",4h,0,0.0,0.0,0.0,0.0,0.0,0.0,0.0,0.0,0.0,0.0,0.0,0,0.0
Taker-flow,"{""f"": 6, ""n"": 50, ""th"": 2.0, ""tf"": 200}",4h,0,2.5,0.0,0.0,0.0,0.0,0.0,0.0,0.0,0.0,0.0,0.0,0,0.0
Taker-flow,"{""f"": 6, ""n"": 50, ""th"": 2.0, ""tf"": 200}",4h,1,0.0,0.0,0.0,0.0,0.0,0.0,0.0,0.0,0.0,0.0,0.0,0,0.0
Taker-flow,"{""f"": 6, ""n"": 50, ""th"": 2.0, ""tf"": 200}",4h,1,2.5,0.0,0.0,0.0,0.0,0.0,0.0,0.0,0.0,0.0,0.0,0,0.0
Taker-flow,"{""f"": 6, ""n"": 200, ""th"": 1.0, ""tf"": 0}",1h,0,0.0,-0.13047203416840725,-0.2262987861108292,-0.0890473347755083,-0.2770722255774264,-0.10534582446432894,-0.4392749891460137,-0.008979956538524951,0.004036952441626059,-0.02029356731419999,-0.0008443884259305701,2873,0.3755656108597285
Taker-flow,"{""f"": 6, ""n"": 200, ""th"": 1.0, ""tf"": 0}",1h,0,2.5,-0.12961611143050733,-0.2248344179996632,-0.09535590445736497,-0.2840863029355224,-0.10871232656045504,-0.4437122570686173,-0.00996142307663972,0.004198995108826968,-0.019136097075259574,-0.00111116171072304,2945,0.3643463497453311
Taker-flow,"{""f"": 6, ""n"": 200, ""th"": 1.0, ""tf"": 0}",1h,1,0.0,-0.041249175627322665,-0.08024560502060962,-0.0058215880396289554,-0.16480852365706633,-0.019644555506094896,-0.22991322601249997,-0.002671410601087677,0.0026418663552773597,-0.0039228486649923525,0.0006493874966404708,1466,0.37994542974079126
Taker-flow,"{""f"": 6, ""n"": 200, ""th"": 1.0, ""tf"": 0}",1h,1,2.5,-0.04446031957483265,-0.0823068619365197,-0.020490424404713714,-0.1683004297700348,-0.029641038767302397,-0.23491744528974468,-0.003337890208954771,0.0021505766743014445,-0.004198955917827214,9.240159308036382e-05,1506,0.3652058432934927
Taker-flow,"{""f"": 6, ""n"": 200, ""th"": 1.0, ""tf"": 0}",4h,0,0.0,-0.09518732820576226,-0.18665911917537803,0.07373167814005255,-0.07891144002845007,0.0037668441015459297,-0.18665911917537803,0.006927388747303562,0.02075657006301049,-0.010147658017878397,0.015570627069620391,745,0.40268456375838924
Taker-flow,"{""f"": 6, ""n"": 200, ""th"": 1.0, ""tf"": 0}",4h,0,2.5,-0.11067832461545524,-0.1958857619052201,0.04772067207902797,-0.07229481024073336,-0.017687002550613506,-0.2027542027615855,0.0025425400901608977,0.015243715622856431,-0.007736750915422905,0.010480774798095607,761,0.38370565045992117
Taker-flow,"{""f"": 6, ""n"": 200, ""th"": 1.0, ""tf"": 0}",4h,1,0.0,-0.045039291437711126,-0.10556812378025437,0.07540352000201866,-0.09291733010764569,0.026630170094261718,-0.10556812378025437,0.0011036184220685073,0.01934641445573144,-0.004120762117205953,0.012505365943107841,412,0.4029126213592233
Taker-flow,"{""f"": 6, ""n"": 200, ""th"": 1.0, ""tf"": 0}",4h,1,2.5,-0.06184071227927446,-0.11690187474988067,0.04821197760036866,-0.08948674691189551,0.0038400370132727346,-0.12444496621163448,-0.0015941957481148252,0.015050114037021648,-0.0036896937453611486,0.008808497867595471,418,0.3803827751196172
Taker-flow,"{""f"": 6, ""n"": 200, ""th"": 1.0, ""tf"": 200}",1h,0,0.0,-0.04981858889229995,-0.09554187447793039,-0.01171416681675208,-0.10736830037683398,-0.027206956436734653,-0.15612506190846276,-0.0033723786862131077,0.0025816859776197484,-0.003761146380979463,0.00034891172868242726,1411,0.38058114812189936
Taker-flow,"{""f"": 6, ""n"": 200, ""th"": 1.0, ""tf"": 200}",1h,0,2.5,-0.05280748904546573,-0.09472760386971435,-0.013911017099503264,-0.09997035369328933,-0.02972743867701888,-0.16554362918405374,-0.004260869269891023,0.0019713294981400066,-0.003934691005863494,-0.0003657450398716298,1433,0.3705512909979065
Taker-flow,"{""f"": 6, ""n"": 200, ""th"": 1.0, ""tf"": 200}",1h,1,0.0,-0.010455273132052634,-0.05333136449472076,0.023060102037723684,-0.06910298534952031,0.009426762655862841,-0.10211367203939326,-0.0008401547099983321,0.0035288641967541334,0.0021708314101439308,0.001890482106721959,814,0.3906633906633907
Taker-flow,"{""f"": 6, ""n"": 200, ""th"": 1.0, ""tf"": 200}",1h,1,2.5,-0.009227915018625854,-0.04031353997775311,0.02014026067977648,-0.06786302415224721,0.008199687655539023,-0.09599402931729051,-0.0011121043025027972,0.0031186870946994017,0.0017297469139898256,0.0015321403207485772,831,0.37906137184115524
Taker-flow,"{""f"": 6, ""n"": 200, ""th"": 1.0, ""tf"": 200}",4h,0,0.0,-0.04056259251811567,-0.10029124419946145,0.062111413367469614,-0.0706834503124103,0.020713850177424886,-0.10029124419946145,0.0018902230496172666,0.01811777078349514,-0.005755824769093226,0.012032440383290937,379,0.38522427440633245
Taker-flow,"{""f"": 6, ""n"": 200, ""th"": 1.0, ""tf"": 200}",4h,0,2.5,-0.049511782767626134,-0.09436121878936132,0.035986919116059335,-0.06915358318048126,0.0018313886106318122,-0.09729028276850471,-0.0017812457681579315,0.01227368609980987,-0.0036582598447115824,0.007003086649321945,382,0.3717277486910995
Taker-flow,"{""f"": 6, ""n"": 200, ""th"": 1.0, ""tf"": 200}",4h,1,0.0,-0.024016807171145738,-0.06902753711796561,0.07114951132009306,-0.07778356232082995,0.03295402464985897,-0.07778356232082995,0.0022888369255530763,0.018422505353853102,-0.0026657030135883164,0.012372379693240593,272,0.39705882352941174
Taker-flow,"{""f"": 6, ""n"": 200, ""th"": 1.0, ""tf"": 200}",4h,1,2.5,-0.04193412850218625,-0.08222558316847417,0.04991931783371606,-0.07137756834624509,0.013097053687880944,-0.0851938968505882,-0.0013828397556604724,0.013800223071478783,-0.0019542811366068044,0.008106574511301562,273,0.38095238095238093
Taker-flow,"{""f"": 6, ""n"": 200, ""th"": 1.5, ""tf"": 0}",1h,0,0.0,-0.017728455753854733,-0.032279614648813126,0.003304436242996589,-0.01841552103194599,-0.005118203120874076,-0.04391880066390941,-0.00038570416210682705,0.0006749668253679471,-0.0010776359471865171,0.0002772152050649068,300,0.4033333333333333
Taker-flow,"{""f"": 6, ""n"": 200, ""th"": 1.5, ""tf"": 0}",1h,0,2.5,-0.029248422913956684,-0.05299641578594405,-0.00400196276490794,-0.02742099306246759,-0.014131519374241286,-0.07242103889427765,-0.0016031759580768215,-0.0002316477504990718,-0.0020819929003407928,-0.0007459708283407279,303,0.36633663366336633
Taker-flow,"{""f"": 6, ""n"": 200, ""th"": 1.5, ""tf"": 0}",1h,1,0.0,-0.008188394344957994,-0.01607115087552169,0.0031191599644895263,-0.018714032523305613,-0.0013725954670082974,-0.029634409609640033,-0.0007751952714466245,-5.774851859440637e-05,0.0001316919757712101,-0.0003267910509139882,167,0.39520958083832336
Taker-flow,"{""f"": 6, ""n"": 200, ""th"": 1.5, ""tf"": 0}",1h,1,2.5,-0.012796523759837974,-0.023348030970580025,-0.0009017476852446471,-0.02645551459342399,-0.005628071251677191,-0.04769632215553066,-0.0012292950251594616,-0.0006242460928707653,-0.00019240189915982475,-0.0008511394424790264,170,0.37058823529411766
Taker-flow,"{""f"": 6, ""n"": 200, ""th"": 1.5, ""tf"": 0}",4h,0,0.0,-0.029862141394734976,-0.06190881838749729,0.017343021664967706,-0.06245456585510223,-0.0008609726906891879,-0.06245456585510223,-0.0037447165436993815,0.0017820558468320277,-0.0003933241069722995,-0.00029048379961725085,100,0.4
Taker-flow,"{""f"": 6, ""n"": 200, ""th"": 1.5, ""tf"": 0}",4h,0,2.5,-0.029067510794681506,-0.06050417658879437,0.011653667819445879,-0.05922838513442574,-0.0038862214283761354,-0.06050417658879437,-0.003096924301469412,0.001540905164598875,-0.0014480241441577543,-0.0001982808851767326,101,0.37623762376237624
Taker-flow,"{""f"": 6, ""n"": 200, ""th"": 1.5, ""tf"": 0}",4h,1,0.0,-0.016124706478886197,-0.03237085981951715,0.0016652940931638494,-0.06415790536968224,-0.004528585083199532,-0.06415790536968224,-0.0019644112613744274,0.0017744088871995375,-0.0025573524513700027,0.0003723513314843006,64,0.359375
Taker-flow,"{""f"": 6, ""n"": 200, ""th"": 1.5, ""tf"": 0}",4h,1,2.5,-0.017263768433563143,-0.034314971421980145,0.002102381176008805,-0.06303608308252617,-0.004729891645308126,-0.06303608308252617,-0.0021427612641171778,0.00153325820496637,-0.0022663929075753264,0.00015475090406003958,65,0.3384615384615385
Taker-flow,"{""f"": 6, ""n"": 200, ""th"": 1.5, ""tf"": 200}",1h,0,0.0,-0.004145779012692086,-0.012174089017867207,0.0002745860459736349,-0.01507715554653244,-0.0014971300983088742,-0.017093864883423238,0.0005407309429301429,2.6174064194139923e-05,1.2155164692211062e-05,0.00021913289372014108,127,0.4251968503937008
Taker-flow,"{""f"": 6, ""n"": 200, ""th"": 1.5, ""tf"": 200}",1h,0,2.5,-0.005912763065461735,-0.018219705602890213,-0.003166750670307805,-0.02450104257321528,-0.004264834399630435,-0.03009856519777665,-1.586988936928978e-05,-0.00024512210247230973,-0.00023681500973587316,-0.00015915252255867726,129,0.3875968992248062
Taker-flow,"{""f"": 6, ""n"": 200, ""th"": 1.5, ""tf"": 200}",1h,1,0.0,-0.004370096944661728,-0.01065827488433091,0.0020476683087968794,-0.012661622605193434,-0.0005271429593893817,-0.015585600122410947,-0.00044332696156495425,-1.0385674328376264e-05,0.0008726352414193811,-0.000172738657042093,76,0.40789473684210525
Taker-flow,"{""f"": 6, ""n"": 200, ""th"": 1.5, ""tf"": 200}",1h,1,2.5,-0.006168087127298216,-0.011556411167018332,0.0023827721357980725,-0.012558926629228528,-0.0010498299963369595,-0.016010821759454008,-0.0009538938658009268,2.9062659046319438e-05,0.0008776339043952974,-0.00033954603777139786,78,0.3974358974358974
Taker-flow,"{""f"": 6, ""n"": 200, ""th"": 1.5, ""tf"": 200}",4h,0,0.0,-0.006970999888009866,-0.01864566558705394,0.005963965676041738,-0.04297874827181247,0.0017349554414782808,-0.04297874827181247,-0.0014894936266014334,0.00203799953759789,-0.0010687426068120773,0.0007151896010231437,37,0.40540540540540543
Taker-flow,"{""f"": 6, ""n"": 200, ""th"": 1.5, ""tf"": 200}",4h,0,2.5,-0.007123886868593998,-0.018867214801654653,0.005571676065305953,-0.04400324082456264,0.0014391633573906937,-0.04400324082456264,-0.0015020729873243112,0.0017968488553647818,-0.0008980134419441094,0.0005597531643563719,37,0.3783783783783784
Taker-flow,"{""f"": 6, ""n"": 200, ""th"": 1.5, ""tf"": 200}",4h,1,0.0,-0.007367564002557225,-0.016513725083007635,0.0054793875391196956,-0.044244157581682875,0.0012857216069928068,-0.044244157581682875,-0.0010368349240090656,0.0020537311211601406,-0.0010687426068120703,0.0008947688542216883,31,0.3548387096774194
Taker-flow,"{""f"": 6, ""n"": 200, ""th"": 1.5, ""tf"": 200}",4h,1,2.5,-0.007520389928036164,-0.016679612301636393,0.005087286896354293,-0.045267295512044003,0.0009900621725760228,-0.045267295512044003,-0.0010494142847318816,0.0018125804389269805,-0.0008980134419441163,0.0007393324175549073,31,0.3225806451612903
Taker-flow,"{""f"": 6, ""n"": 200, ""th"": 2.0, ""tf"": 0}",1h,0,0.0,-0.006743038150689884,-0.01233435146925066,0.0005318161442369185,-0.0026896664448521346,-0.002386554179636846,-0.014342582039208573,-0.0001552181326468628,1.522263486011995e-05,-0.0004711800000952379,-4.869265295499858e-05,21,0.38095238095238093
Taker-flow,"{""f"": 6, ""n"": 200, ""th"": 2.0, ""tf"": 0}",1h,0,2.5,-0.004589246250106482,-0.008402208543061729,-0.0002692118531698595,-0.004880726206882957,-0.002000343108566671,-0.012592514278504385,-0.00015521813264685047,1.5222634860134753e-05,-0.00028319937006904966,-4.8692652954984705e-05,21,0.38095238095238093
Taker-flow,"{""f"": 6, ""n"": 200, ""th"": 2.0, ""tf"": 0}",1h,1,0.0,-0.0017430185830283884,-0.00402363870054212,0.0017623460969420357,-0.0007783813628337022,0.00035683543628328707,-0.0041828988422007995,-8.984866933191437e-05,-1.066023571422529e-05,1.1189844864908927e-05,-4.0355898320858695e-05,10,0.5
Taker-flow,"{""f"": 6, ""n"": 200, ""th"": 2.0, ""tf"": 0}",1h,1,2.5,-0.0017397076373151243,-0.00401757910114342,0.0017623460969420357,-0.0007783813628337022,0.00035816339191474533,-0.004176840211753685,-8.98486693319267e-05,-1.0660235714232692e-05,1.618878496539855e-05,-4.0355898320867944e-05,10,0.5
Taker-flow,"{""f"": 6, ""n"": 200, ""th"": 2.0, ""tf"": 0}",4h,0,0.0,-0.0042716281889668695,-0.008522594159057983,-0.000472250124122775,-0.006117641954694442,-0.0019943645118341014,-0.010080469292780392,2.4671622769447922e-17,-0.00010438328633661046,-0.00017408722820765055,-6.523955396037229e-05,6,0.16666666666666666
Taker-flow,"{""f"": 6, ""n"": 200, ""th"": 2.0, ""tf"": 0}",4h,0,2.5,-0.004550886696943035,-0.008347930272950776,-0.000472250124122775,-0.0061176419546942196,-0.002106399688605709,-0.00990607985016867,0.0,-0.00010438328633663266,-0.00031473963516608083,-6.523955396039542e-05,6,0.16666666666666666
Taker-flow,"{""f"": 6, ""n"": 200, ""th"": 2.0, ""tf"": 0}",4h,1,0.0,-0.00319184768637093,-0.00809205577959815,9.826939611312646e-05,-0.004268998658851775,-0.0012199236337390174,-0.00809205577959815,0.0,-7.401486830834377e-18,-4.995281963213194e-05,-4.625929269271485e-18,4,0.25
Taker-flow,"{""f"": 6, ""n"": 200, ""th"": 2.0, ""tf"": 0}",4h,1,2.5,-0.0022442717776048893,-0.006361719301229085,9.826939611312646e-05,-0.004268998658852108,-0.0008400248615009209,-0.006361719301229085,2.4671622769447922e-17,-7.401486830834377e-18,-4.995281963213194e-05,4.625929269271485e-18,4,0.25
Taker-flow,"{""f"": 6, ""n"": 200, ""th"": 2.0, ""tf"": 200}",1h,0,0.0,-0.006093750456306446,-0.011149705729705528,-0.00085737259286911,-0.0023912063638670267,-0.0029559671622173544,-0.013476112881573687,-6.536946331487443e-05,-2.60413393896967e-05,-0.00043623251634871546,-4.078938586163835e-05,12,0.25
Taker-flow,"{""f"": 6, ""n"": 200, ""th"": 2.0, ""tf"": 200}",1h,0,2.5,-0.0037749160373224955,-0.006913647885659291,-0.0015689271000538518,-0.004340968387658073,-0.002451499815090963,-0.011186377862977714,-6.536946331488676e-05,-2.6041339389741107e-05,-0.00024825310401921374,-4.0789385861670725e-05,12,0.25
Taker-flow,"{""f"": 6, ""n"": 200, ""th"": 2.0, ""tf"": 200}",1h,1,0.0,-0.0009634050070050915,-0.0020659199851709165,1.4078314098942002e-05,-0.0007788631494614062,-0.00037727172723078795,-0.002843174065686127,0.0,-5.1924209964093746e-05,4.613732861144526e-05,-3.245263122755859e-05,4,0.5
Taker-flow,"{""f"": 6, ""n"": 200, ""th"": 2.0, ""tf"": 200}",1h,1,2.5,-0.000794754082221627,-0.0017568731172113994,1.4078314098942002e-05,-0.0007788631494615172,-0.0003097348747130857,-0.0025343679029435906,0.0,-5.1924209964086346e-05,5.113505101517202e-05,-3.2452631227553964e-05,4,0.5
Taker-flow,"{""f"": 6, ""n"": 200, ""th"": 2.0, ""tf"": 200}",4h,0,0.0,-0.002757575164042514,-0.00728338033983611,0.0,0.0,-0.001104603016898742,-0.00728338033983611,0.0,0.0,0.0,0.0,1,0.0
Taker-flow,"{""f"": 6, ""n"": 200, ""th"": 2.0, ""tf"": 200}",4h,0,2.5,-0.0018095864314255916,-0.0055516331654235085,0.0,0.0,-0.0007246603809895058,-0.0055516331654235085,2.4671622769447922e-17,0.0,1.3877787807814457e-17,9.25185853854297e-18,1,0.0
Taker-flow,"{""f"": 6, ""n"": 200, ""th"": 2.0, ""tf"": 200}",4h,1,0.0,-0.002757575164042514,-0.00728338033983611,0.0,0.0,-0.001104603016898742,-0.00728338033983611,0.0,0.0,0.0,0.0,1,0.0
Taker-flow,"{""f"": 6, ""n"": 200, ""th"": 2.0, ""tf"": 200}",4h,1,2.5,-0.0018095864314255916,-0.0055516331654235085,0.0,0.0,-0.0007246603809895058,-0.0055516331654235085,2.4671622769447922e-17,0.0,1.3877787807814457e-17,9.25185853854297e-18,1,0.0
MFI reversie,"{""n"": 14, ""lo"": 10, ""tf"": 0}",1h,0,0.0,-0.03151611574049784,-0.1116397387791368,-0.05823623208922013,-0.21671321777149932,-0.047597304681127106,-0.28565491694182177,-0.00017957537703223233,-0.00038013174960992065,-0.007310731058528766,-0.0003049231098932875,775,0.5458064516129032
MFI reversie,"{""n"": 14, ""lo"": 10, ""tf"": 0}",1h,0,2.5,-0.04662382688357436,-0.11445338139784322,-0.06451497983184751,-0.2081359274633976,-0.05735734525231728,-0.2784060613541507,0.0006800171869744379,-0.0040520277914064835,-0.0076076361008942245,-0.002277510924513638,969,0.49019607843137253
MFI reversie,"{""n"": 14, ""lo"": 10, ""tf"": 0}",1h,1,0.0,-0.03211335409465643,-0.06315216087368336,-0.029395955809501495,-0.11532529192908769,-0.03046719854399227,-0.15139443689604626,0.00026218672584602903,-0.002426556374240807,-0.004835631696445068,-0.0014182777117082435,368,0.529891304347826
MFI reversie,"{""n"": 14, ""lo"": 10, ""tf"": 0}",1h,1,2.5,-0.02915484850842498,-0.0555894267854572,-0.03647789364774323,-0.13320581898983874,-0.033532125373501254,-0.15682011259004736,-0.0005434676128104456,-0.005335548454057156,-0.002987507184560201,-0.0035385181385896394,436,0.48853211009174313
MFI reversie,"{""n"": 14, ""lo"": 10, ""tf"": 0}",4h,0,0.0,-0.07472450182184787,-0.24296158268114088,0.09784882541757778,-0.11026529237575078,0.02516078199430205,-0.24296158268114088,0.001882963536524408,0.004634401515043004,-0.007456367656157245,0.00360261227309853,212,0.6273584905660378
MFI reversie,"{""n"": 14, ""lo"": 10, ""tf"": 0}",4h,0,2.5,-0.06386096150216969,-0.1829403159576416,0.06123582672426986,-0.14004139255237957,0.009240916291975099,-0.1829403159576416,0.0012308063556943053,0.004626190383181838,-0.007557962879460901,0.0033529213728740134,269,0.550185873605948
MFI reversie,"{""n"": 14, ""lo"": 10, ""tf"": 0}",4h,1,0.0,0.006855476623021106,-0.022327672103541252,0.01099968823564823,-0.0662408363195296,0.009332373913276681,-0.0662408363195296,0.0014300645198617795,0.0008553782702347857,-0.0014775871327607076,0.0010708856138449084,75,0.5466666666666666
MFI reversie,"{""n"": 14, ""lo"": 10, ""tf"": 0}",4h,1,2.5,0.009530981598334876,-0.013682580645946407,0.012966823447011278,-0.0648960209466859,0.011582479044490945,-0.0648960209466859,0.001215652231234506,0.0007021739282230415,0.0005001722008459372,0.0008947282918523406,94,0.5319148936170213
MFI reversie,"{""n"": 14, ""lo"": 10, ""tf"": 200}",1h,0,0.0,-0.00805741212452471,-0.02492499166355011,-0.011390283011823543,-0.05905311592263518,-0.010050909967509791,-0.07499497303149605,0.00011671413257813907,-0.0009737976222337889,-0.0007934418828920362,-0.0005648557141793159,109,0.5871559633027523
MFI reversie,"{""n"": 14, ""lo"": 10, ""tf"": 200}",1h,0,2.5,-0.008072836672785688,-0.02445366610474542,-0.014633284012628645,-0.05853658368668635,-0.012004061062695692,-0.0740341243661794,0.00010070267979204554,-0.0014026132160434616,-0.0015919094258079677,-0.0008388697551051464,115,0.5391304347826087
MFI reversie,"{""n"": 14, ""lo"": 10, ""tf"": 200}",1h,1,0.0,-0.001893342514220353,-0.008554957334357072,-0.015105786657466203,-0.061219859802283616,-0.00982977160099896,-0.0646134495497569,-0.00020828964960622413,-0.0013083334751521347,-0.00053722892660827,-0.0008958170405724183,70,0.5142857142857142
MFI reversie,"{""n"": 14, ""lo"": 10, ""tf"": 200}",1h,1,2.5,-0.008171895319313283,-0.015085163565828119,-0.013580399756541017,-0.05304339742170083,-0.0114111796287788,-0.06413477126170475,-0.000224301102392256,-0.0015219157625723752,-0.001006009830846942,-0.0010353102650048306,76,0.47368421052631576
MFI reversie,"{""n"": 14, ""lo"": 10, ""tf"": 200}",4h,0,0.0,0.00794104864919376,-0.019286468677057078,0.0037020420375701857,-0.01282505276101431,0.005394294316778403,-0.019286468677057078,0.0011314906352441047,-7.304789753693382e-05,6.850539484513918e-05,0.0003786540522559556,26,0.5769230769230769
MFI reversie,"{""n"": 14, ""lo"": 10, ""tf"": 200}",4h,0,2.5,0.00861676867082073,-0.013839744215067507,0.006072960605058242,-0.008210567427350046,0.00708667824802367,-0.013839744215067507,0.001131490635244117,-1.5263498958795196e-05,0.00014451327204818842,0.0004147693013672969,26,0.5769230769230769
MFI reversie,"{""n"": 14, ""lo"": 10, ""tf"": 200}",4h,1,0.0,0.01679213934784074,-0.0035152402722533616,0.0023252190233995496,-0.012825052761014866,0.008089174737906157,-0.012825052761014866,0.0016436543543234291,-0.0003237939967664527,0.0007781162799732205,0.000413999134892253,21,0.6666666666666666
MFI reversie,"{""n"": 14, ""lo"": 10, ""tf"": 200}",4h,1,2.5,0.01679213934784074,-0.0035152402722533616,0.004934028195220819,-0.010410997781706288,0.009660448130001331,-0.010410997781706288,0.0016436543543234291,-0.00022226942402969,0.0007781162799732205,0.0004774519928527297,21,0.6666666666666666
MFI reversie,"{""n"": 14, ""lo"": 20, ""tf"": 0}",1h,0,0.0,-0.10495425756420551,-0.3026497502602131,-0.21295055860304202,-0.5643168679158646,-0.17061511870171187,-0.6217440628421291,0.009491641585894686,0.016230227554437815,-0.05057502707286554,0.013703257816234141,3697,0.570733026778469
MFI reversie,"{""n"": 14, ""lo"": 20, ""tf"": 0}",1h,0,2.5,-0.1743283775326251,-0.3792812939293858,-0.22770508181783478,-0.5677858186297149,-0.20602255738488318,-0.6798507153120206,0.009433467293705668,-0.0032009466088899724,-0.049479201442042466,0.0015369586045833928,5277,0.5057797991282926
MFI reversie,"{""n"": 14, ""lo"": 20, ""tf"": 0}",1h,1,0.0,-0.019287917405052757,-0.16446480819880893,-0.08436272609165463,-0.3197196586806007,-0.058062639659615,-0.3197196586806007,0.011324914079548411,0.007601763133927279,-0.019932867350396018,0.008997944738535204,1879,0.572645023948909
MFI reversie,"{""n"": 14, ""lo"": 20, ""tf"": 0}",1h,1,2.5,-0.0460462033038368,-0.1899228165781618,-0.10480899204753957,-0.3567443176893531,-0.08095446628881575,-0.37817422299540504,0.00917709955289995,-0.009454420174312143,-0.015296393958592752,-0.0024676002766076074,2559,0.5181711606096131
MFI reversie,"{""n"": 14, ""lo"": 20, ""tf"": 0}",4h,0,0.0,-0.27660635066637873,-0.4847598381665118,-0.04470622187312834,-0.3024060124514515,-0.14412232624578514,-0.5973426213678713,0.009645275087095364,0.020141401139030433,-0.06467629231853891,0.01620535386955478,917,0.5539803707742639
MFI reversie,"{""n"": 14, ""lo"": 20, ""tf"": 0}",4h,0,2.5,-0.2531285615837413,-0.47038892090859186,-0.07657747073357513,-0.3136414637496723,-0.15055764781047654,-0.5746890989884412,0.012066151745749962,0.015235984222177423,-0.06351099549830952,0.014047297043517126,1340,0.505223880597015
MFI reversie,"{""n"": 14, ""lo"": 20, ""tf"": 0}",4h,1,0.0,-0.03413218281381014,-0.11485256719797243,-0.008771568807531938,-0.1405907018512773,-0.01764702155716036,-0.16620588200551012,0.009220256055879013,0.010013959307779182,-0.018615396708651602,0.009716320588316618,436,0.5389908256880734
MFI reversie,"{""n"": 14, ""lo"": 20, ""tf"": 0}",4h,1,2.5,-0.013477092813753755,-0.08943200624577541,-0.012519250488221001,-0.15793120189157717,-0.011538264545560173,-0.1672675302084785,0.01124522518243756,0.006749932866132672,-0.014474589626859859,0.008435667484747006,570,0.5157894736842106
MFI reversie,"{""n"": 14, ""lo"": 20, ""tf"": 200}",1h,0,0.0,-0.009822654133090691,-0.08334259494650831,-0.04176932095086405,-0.19773947426668248,-0.02906485931269087,-0.19773947426668248,0.007801529192331113,0.006994063307229699,-0.0060132966676089,0.007296863014142729,1018,0.5599214145383105
MFI reversie,"{""n"": 14, ""lo"": 20, ""tf"": 200}",1h,0,2.5,-0.010247009719363986,-0.09239156822102357,-0.04750651338343792,-0.162402471839581,-0.032718109611666546,-0.1998897515679775,0.006071182254182227,0.0009312254969617777,-0.004172011826309302,0.002858709280919446,1128,0.5177304964539007
MFI reversie,"{""n"": 14, ""lo"": 20, ""tf"": 200}",1h,1,0.0,0.03268585366289112,-0.032379829304384544,-0.0113458011116927,-0.13642280015758013,0.006074015382494746,-0.13642280015758013,0.007267693861986101,0.005652650819095983,-0.0031400383127410114,0.006258291960179778,625,0.5824
MFI reversie,"{""n"": 14, ""lo"": 20, ""tf"": 200}",1h,1,2.5,0.0013433404747309474,-0.060566482929335086,-0.016979393353294236,-0.08660603836826652,-0.00965697335481075,-0.09533619666640991,0.00496698855965674,0.00046203823609199574,-0.0018285163344440233,0.002151394607428775,703,0.5334281650071123
MFI reversie,"{""n"": 14, ""lo"": 20, ""tf"": 200}",4h,0,0.0,-0.0035073029917686016,-0.1031868870217082,-0.009906408522204369,-0.11316080485617308,-0.006323828802682674,-0.11316080485617308,0.008882632088149236,0.004031763312135239,-0.009719299670055595,0.005850839103140488,246,0.5365853658536586
MFI reversie,"{""n"": 14, ""lo"": 20, ""tf"": 200}",4h,0,2.5,-0.000884924473596671,-0.0711293157497298,-0.02565220078610342,-0.11835173387282782,-0.014786888513162788,-0.11835173387282782,0.009353835572695448,0.001368852592924282,-0.0076715999106871935,0.004363221210338469,261,0.49808429118773945
MFI reversie,"{""n"": 14, ""lo"": 20, ""tf"": 200}",4h,1,0.0,0.008906064666623914,-0.07766863938691992,0.013989127951868907,-0.05521369430959855,0.01298350292449335,-0.07766863938691992,0.010096802867557418,0.0036613067274927635,-0.006525829545718891,0.006074617780017009,188,0.5691489361702128
MFI reversie,"{""n"": 14, ""lo"": 20, ""tf"": 200}",4h,1,2.5,0.009615652283185616,-0.05233434639342183,-0.00273815761351881,-0.07949617936240605,0.0032199649680908493,-0.07949617936240605,0.009609029351645933,0.0018440955011363189,-0.005626020733040214,0.004755945695077424,201,0.5323383084577115
MFI reversie,"{""n"": 14, ""lo"": 30, ""tf"": 0}",1h,0,0.0,-0.2965939764455626,-0.5897605082425214,-0.3710455845250964,-0.7594291072039602,-0.340770035736506,-0.8627809090336305,0.028185296493362703,0.013816895835689132,-0.09402580572322125,0.019205046082316723,7291,0.5687834316280346
MFI reversie,"{""n"": 14, ""lo"": 30, ""tf"": 0}",1h,0,2.5,-0.3713862232192292,-0.6403666170011204,-0.5083291877558903,-0.8704155996930303,-0.4562253097490606,-0.941851541720283,0.02185076618330586,-0.013658229167650767,-0.10632436625547544,-0.0003423559110420314,11170,0.5060877350044762
MFI reversie,"{""n"": 14, ""lo"": 30, ""tf"": 0}",1h,1,0.0,-0.09797608023311333,-0.35733386142750523,-0.14955705764835803,-0.445955735733537,-0.12748366986173343,-0.5066403708731793,0.0173259078626448,0.007757148448667861,-0.033584476946034475,0.011345433228909213,3848,0.5657484407484408
MFI reversie,"{""n"": 14, ""lo"": 30, ""tf"": 0}",1h,1,2.5,-0.1305391170047041,-0.35921995391828054,-0.2649766336130912,-0.6090790670594175,-0.2121761980627317,-0.6877862953857993,0.011387882532939184,-0.015504635111827914,-0.03467968677996501,-0.005419940995040252,5626,0.5158194098826875
MFI reversie,"{""n"": 14, ""lo"": 30, ""tf"": 0}",4h,0,0.0,-0.3756210213231742,-0.6283646607088449,-0.18981529198344915,-0.5611079245690888,-0.2676831150012311,-0.8044011262426078,0.023748483736744725,0.02594112139823553,-0.1008643060357225,0.025118882275176477,1822,0.5702524698133918
MFI reversie,"{""n"": 14, ""lo"": 30, ""tf"": 0}",4h,0,2.5,-0.42224786676837034,-0.6748028248802695,-0.24378136897641012,-0.6063846613546725,-0.3188051705898862,-0.8523566712009671,0.01968698973095611,0.017350368034005782,-0.11092596328603219,0.018226601170362153,2788,0.5129124820659972
MFI reversie,"{""n"": 14, ""lo"": 30, ""tf"": 0}",4h,1,0.0,-0.0611852427607984,-0.20175161216594184,-0.09811867406964825,-0.32495397682550686,-0.08062160206822377,-0.3747503984671794,0.01902689967471695,0.012026947419216711,-0.03158245187655836,0.0146519295150293,940,0.5691489361702128
MFI reversie,"{""n"": 14, ""lo"": 30, ""tf"": 0}",4h,1,2.5,-0.06959259513736682,-0.20560104234235332,-0.11320258560998875,-0.3389634898637591,-0.09313675157715162,-0.41308979939615686,0.019091183910741976,0.0048921574080637836,-0.03030927741911709,0.010216792346568105,1323,0.5185185185185185
MFI reversie,"{""n"": 14, ""lo"": 30, ""tf"": 200}",1h,0,0.0,-0.018933393950142596,-0.17352090698622646,-0.16321146841232304,-0.4452750066939881,-0.10809197140348192,-0.4452750066939881,0.021533437503485686,0.007407032923186378,-0.021050482240547487,0.012704434640798618,2877,0.5613486270420577
MFI reversie,"{""n"": 14, ""lo"": 30, ""tf"": 200}",1h,0,2.5,-0.0662005635848113,-0.19682261500865028,-0.20837655144060852,-0.4871511211062747,-0.15413918615805866,-0.5417652129620882,0.01423786414967628,-0.011844734491307385,-0.020566894336917454,-0.002063760000938511,3407,0.5115937775168771
MFI reversie,"{""n"": 14, ""lo"": 30, ""tf"": 200}",1h,1,0.0,0.06058869997483374,-0.12991664061087171,-0.029590651340505758,-0.24598478661702916,0.005581570744748632,-0.24598478661702916,0.018474171426766908,0.006062167938815207,-0.008235938486940493,0.010716669246797095,1796,0.5818485523385301
MFI reversie,"{""n"": 14, ""lo"": 30, ""tf"": 200}",1h,1,2.5,-0.016149896665860863,-0.1559099132443137,-0.09205247011117335,-0.25269850297881424,-0.06233021870497579,-0.29841243217770275,0.010521474759425331,-0.010584280024436359,-0.008607498743976823,-0.0026696219804882245,2133,0.5264885138302859
MFI reversie,"{""n"": 14, ""lo"": 30, ""tf"": 200}",4h,0,0.0,-0.07585536046523111,-0.24074901356544331,-0.09200461778597013,-0.2870474791410734,-0.08300802026504184,-0.3769557320160737,0.022653224789755733,0.004607627374822906,-0.028198032890520565,0.011374726405422716,653,0.5712098009188361
MFI reversie,"{""n"": 14, ""lo"": 30, ""tf"": 200}",4h,0,2.5,-0.09998974890154944,-0.2334762535396142,-0.09664092244518419,-0.2825543936943318,-0.09544762705887366,-0.40669973250304625,0.021596717548434213,-0.0010439491663512064,-0.023783447408447546,0.0074463008516933256,773,0.5161707632600259
MFI reversie,"{""n"": 14, ""lo"": 30, ""tf"": 200}",4h,1,0.0,-0.0020404721259000835,-0.10185583748010063,-0.05633719603379905,-0.2041449056306719,-0.032282426792204166,-0.21253760186344628,0.01982227398759669,0.0036477434587146363,-0.012099105702056419,0.009713192407045407,497,0.5774647887323944
MFI reversie,"{""n"": 14, ""lo"": 30, ""tf"": 200}",4h,1,2.5,-0.025028832762567288,-0.13808881176775611,-0.07236824639935224,-0.22849288988371608,-0.05105895529273641,-0.2834264404266369,0.019489287743339183,-0.0010853109127296609,-0.011617829657917092,0.006630163583296156,600,0.535
CMF trend,"{""n"": 20, ""th"": 0.0}",1h,0,0.0,-0.5556164905340175,-0.8202502255103771,-0.5376332173341551,-0.9071081847507199,-0.5419160986398452,-0.978379670371157,0.04001297682347555,0.02092929640444497,-0.13190628796924558,0.028085676561581438,22885,0.3090670745029495
CMF trend,"{""n"": 20, ""th"": 0.0}",1h,0,2.5,-0.5910111605922013,-0.8298135952651112,-0.5502331922170995,-0.9068993899770652,-0.564334571706185,-0.9825860103105293,0.02441752725114045,0.008916927770265596,-0.12968086718583946,0.014729652575593666,22886,0.2998339596259722
CMF trend,"{""n"": 20, ""th"": 0.0}",1h,1,0.0,-0.18917882695337518,-0.48396159073665124,-0.3874195957568559,-0.787981341411129,-0.3102717735764797,-0.8584115520638647,0.023499666880789267,0.010038204055614664,-0.05026018944536168,0.01508625261505514,11816,0.30729519295870006
CMF trend,"{""n"": 20, ""th"": 0.0}",1h,1,2.5,-0.2802269056913431,-0.5358538695363313,-0.42132504917050495,-0.8011789602867971,-0.36469502984082125,-0.8985766462126363,0.0056687955982846665,-0.002564006707564788,-0.04930499513050468,0.0005232941571287573,11817,0.29643733604129646
CMF trend,"{""n"": 20, ""th"": 0.0}",4h,0,0.0,-0.22966594853986977,-0.6595029175400605,-0.11541688104594672,-0.7040331925257066,-0.15794296656894513,-0.7183430490811729,0.11777838051589058,0.110218182173787,-0.13632588055939432,0.11305325655207586,5770,0.3305025996533795
CMF trend,"{""n"": 20, ""th"": 0.0}",4h,0,2.5,-0.23063675499752956,-0.6441203139201717,-0.15263424722357977,-0.705636027253808,-0.17976691898078256,-0.7375421524520305,0.10421966974409153,0.09018271026478307,-0.12273698334357683,0.09544657006952374,5770,0.32218370883882147
CMF trend,"{""n"": 20, ""th"": 0.0}",4h,1,0.0,0.061078603163543965,-0.361800863274382,0.074033995723219,-0.4205613396082213,0.07522478426424417,-0.4205613396082213,0.05918835537987242,0.08239181359743161,-0.04988063835218508,0.07369051676584691,2779,0.33609211946743434
CMF trend,"{""n"": 20, ""th"": 0.0}",4h,1,2.5,0.03332298499066222,-0.3798286825333389,0.026237690992934715,-0.38131603660871705,0.0352528216664767,-0.38131603660871705,0.0537063213134642,0.06756953594142937,-0.042411324931504256,0.06237083045594242,2779,0.3256567110471393
CMF trend,"{""n"": 20, ""th"": 0.05}",1h,0,0.0,-0.333295819968904,-0.6341439625955824,-0.2888958701634726,-0.7295737370638099,-0.3033976363753884,-0.8582571706359203,0.061534984621463756,0.04239662764300425,-0.08647495993323245,0.04957351150992657,13011,0.34025055722081315
CMF trend,"{""n"": 20, ""th"": 0.05}",1h,0,2.5,-0.4117320209906047,-0.6659948641433127,-0.3442191309978967,-0.7593318087515957,-0.3687672152967304,-0.9067886645893346,0.040230592234136414,0.030626964056077958,-0.09280514527856379,0.03422832462284988,13787,0.32552404438964244
CMF trend,"{""n"": 20, ""th"": 0.05}",1h,1,0.0,-0.051549387705336236,-0.3286293419486104,-0.22093640554681548,-0.6239895442020231,-0.15276319500034397,-0.6385625657982794,0.0345001166384936,0.026614407407197036,-0.033656208426498455,0.029571548368933248,6947,0.3359723621707212
CMF trend,"{""n"": 20, ""th"": 0.05}",1h,1,2.5,-0.16070113434721645,-0.38307371467203266,-0.27067569360101773,-0.6484033554188684,-0.22442900632263763,-0.7484786313630373,0.013173143115276361,0.014938441050807298,-0.034859801749790906,0.014276454324983196,7388,0.3201136978884678
CMF trend,"{""n"": 20, ""th"": 0.05}",4h,0,0.0,-0.05093247440087956,-0.5480172169690736,-0.07491201552503723,-0.671108753759733,-0.060865557270930015,-0.671108753759733,0.11109036039282472,0.09489077223708992,-0.10436420543680769,0.10096561779549046,3212,0.3446450809464508
CMF trend,"{""n"": 20, ""th"": 0.05}",4h,0,2.5,-0.09409718452078275,-0.5297239380105723,-0.10364873587506951,-0.6660674061479501,-0.0954651266949379,-0.6660674061479501,0.09816974778263293,0.08444466601075608,-0.09826724467748663,0.08959157167520991,3414,0.333626244874048
CMF trend,"{""n"": 20, ""th"": 0.05}",4h,1,0.0,0.16388647440112325,-0.29660877229523674,0.05718284816605124,-0.37525442478659476,0.10389078453317202,-0.37525442478659476,0.06438608029012063,0.06760176907663909,-0.04294202776991005,0.06639588578169467,1684,0.35985748218527314
CMF trend,"{""n"": 20, ""th"": 0.05}",4h,1,2.5,0.11832375192003819,-0.30364858413252604,0.023790983890594752,-0.34665171508618786,0.0656954396035494,-0.34665171508618786,0.05591363115868306,0.06010575111949791,-0.038207482433854,0.05853370613419234,1791,0.34561697375767725
CMF trend,"{""n"": 20, ""th"": 0.1}",1h,0,0.0,-0.22252897386396386,-0.5344981073674424,-0.15129958023751788,-0.5856133314335061,-0.17654012865961377,-0.694568729097319,0.06814930565445977,0.042767732629416175,-0.06775571585137899,0.05228582251380753,8710,0.36073478760045924
CMF trend,"{""n"": 20, ""th"": 0.1}",1h,0,2.5,-0.3297028404490745,-0.5855488375564093,-0.18731691609776935,-0.6093886118560716,-0.24439948504225872,-0.7879459219514026,0.04635453371535465,0.03510322279338199,-0.07405125774437504,0.039322464389121736,9537,0.3411974415434623
CMF trend,"{""n"": 20, ""th"": 0.1}",1h,1,0.0,0.059456943137049745,-0.2203442935094535,-0.10901933507786943,-0.49030147008434344,-0.04041190027221031,-0.49030147008434344,0.04228423377951381,0.03141042955470577,-0.025038604407795192,0.03548810613900879,4735,0.35881731784582893
CMF trend,"{""n"": 20, ""th"": 0.1}",1h,1,2.5,-0.06046536211738196,-0.25913065587860473,-0.14659733495917493,-0.5186701989957054,-0.10934940949267236,-0.532103570209447,0.02148430899238634,0.023569671536322924,-0.025281044435091708,0.022787660582346703,5215,0.3367209971236817
CMF trend,"{""n"": 20, ""th"": 0.1}",4h,0,0.0,0.09161328815529513,-0.4308196992282316,-0.08185346169000685,-0.6515964727753748,-0.014108904687517132,-0.6515964727753748,0.09991763109568359,0.08025080689014348,-0.08131736752061419,0.08762586596722104,2131,0.3697794462693571
CMF trend,"{""n"": 20, ""th"": 0.1}",4h,0,2.5,0.04241535851621836,-0.40658505147048507,-0.08795672106214991,-0.6487654371266021,-0.03599909057445905,-0.6487654371266021,0.08433738654610838,0.07066647051482192,-0.0720149303216566,0.07579306402655435,2338,0.35543199315654406
CMF trend,"{""n"": 20, ""th"": 0.1}",4h,1,0.0,0.2467834446531587,-0.16984898466952214,0.0480725228029899,-0.33261553537672117,0.1255664806073431,-0.33261553537672117,0.060242111187585476,0.06072681176030032,-0.03306786198819559,0.060545049045532255,1165,0.3871244635193133
CMF trend,"{""n"": 20, ""th"": 0.1}",4h,1,2.5,0.14461714262106407,-0.19117350152068946,0.016801305398383093,-0.3600401147542238,0.06813912817652512,-0.3600401147542238,0.04352882766809629,0.050174692412145276,-0.029051456338615222,0.04768249313312691,1297,0.3708558211256746
CMF trend,"{""n"": 50, ""th"": 0.0}",1h,0,0.0,-0.24498936734946997,-0.65842825708996,-0.33073392794152623,-0.7628786829892283,-0.293767833515572,-0.8477215200994446,0.1083955202172366,0.06896142706087177,-0.11816720961929925,0.08374921199450858,13903,0.30799108106164136
CMF trend,"{""n"": 50, ""th"": 0.0}",1h,0,2.5,-0.2527676392429157,-0.6092860268614577,-0.3693677039728438,-0.7777331796475738,-0.3221348766261276,-0.869110904188324,0.0906663457312322,0.043737244108188585,-0.10519473055914187,0.06133565721682994,13903,0.29209523124505504
CMF trend,"{""n"": 50, ""th"": 0.0}",1h,1,0.0,-0.019249640685995772,-0.4367058511770069,-0.1542371873127939,-0.5043092087627635,-0.09776087193325578,-0.5043092087627635,0.05580177929960369,0.054079229103037404,-0.0478854511605426,0.054725185426749756,7078,0.3074314778185928
CMF trend,"{""n"": 50, ""th"": 0.0}",1h,1,2.5,-0.03845911175129091,-0.35922638357612946,-0.22899064681203107,-0.5681151546115423,-0.15419283928671323,-0.5844695239832494,0.04415448610283666,0.03157091238296529,-0.04175830361198207,0.03628975252791706,7078,0.28934727324102855
CMF trend,"{""n"": 50, ""th"": 0.0}",4h,0,0.0,0.032176551262816266,-0.5924935584111104,0.019859574088926468,-0.6537678555488404,0.034328001043395506,-0.6537678555488404,0.1440865237510526,0.11853526166267031,-0.09958929118216703,0.12811698494581367,3321,0.33182776272207165
CMF trend,"{""n"": 50, ""th"": 0.0}",4h,0,2.5,-0.1610780301884961,-0.6523396622633005,0.035296345600546175,-0.6571249469464591,-0.041961135066953315,-0.6571249469464591,0.09464387170021242,0.10893454850539001,-0.0909137386464389,0.10357554470344843,3321,0.317675398976212
CMF trend,"{""n"": 50, ""th"": 0.0}",4h,1,0.0,0.2599134245246324,-0.2267443908011202,0.20204816456531027,-0.300061969483261,0.23618325164297116,-0.300061969483261,0.07856501028805123,0.0950784691417503,-0.033611777409802014,0.08888592207161315,1479,0.36578769438810005
CMF trend,"{""n"": 50, ""th"": 0.0}",4h,1,2.5,0.1591089404088506,-0.2737660337360833,0.1867700001546151,-0.31175316992739377,0.18333928688218948,-0.31175316992739377,0.07028012732873613,0.08746524535031726,-0.030143498168772785,0.08102082609222433,1479,0.3515889114266396
CMF trend,"{""n"": 50, ""th"": 0.05}",1h,0,0.0,-0.06050415820239985,-0.44839236682360695,0.0035850601214932887,-0.4458916611044089,-0.019290754209165817,-0.44839236682360695,0.10296569769566435,0.09224235891022442,-0.07447347036760252,0.09626361095476439,4782,0.36511919698870765
CMF trend,"{""n"": 50, ""th"": 0.05}",1h,0,2.5,-0.09860985536962907,-0.4322199148143163,-0.13584612324269418,-0.5103138329231003,-0.1185484283956455,-0.5824864330184305,0.09116078468085562,0.06277197234540034,-0.067092109284421,0.07341777697119607,5824,0.31404532967032966
CMF trend,"{""n"": 50, ""th"": 0.05}",1h,1,0.0,0.030218103450277534,-0.35341193036669305,0.09203048139694969,-0.3539755515578109,0.07038799373742455,-0.3539755515578109,0.051439127367009924,0.07249164483922205,-0.02896975255551621,0.0645969507871425,2621,0.35101106447920644
CMF trend,"{""n"": 50, ""th"": 0.05}",1h,1,2.5,-0.029516539759496863,-0.34667075636316946,-0.04659539366861731,-0.37928247991589736,-0.03703111957105354,-0.4611137789879213,0.03886754790489401,0.04740439123706046,-0.027690549366754788,0.04420307498749804,3270,0.2984709480122324
CMF trend,"{""n"": 50, ""th"": 0.05}",4h,0,0.0,0.25317692453812457,-0.3586656357462815,0.023587913764581137,-0.5640588882970838,0.12028977250928508,-0.5640588882970838,0.12762585839658935,0.09660830488156355,-0.057038006626596464,0.10823988744969822,1124,0.38434163701067614
CMF trend,"{""n"": 50, ""th"": 0.05}",4h,0,2.5,0.19011998558353072,-0.3391269565080146,0.04057312002466862,-0.5375304485045193,0.10812068478227821,-0.5375304485045193,0.1206678530169216,0.08588069978440642,-0.04979871672838838,0.09892588224659961,1367,0.34162399414776884
CMF trend,"{""n"": 50, ""th"": 0.05}",4h,1,0.0,0.298397045765338,-0.19162255403784467,0.09520025525813058,-0.3704360948661747,0.1832828564292588,-0.3704360948661747,0.0731278261057611,0.07572904603519014,-0.024964068188884816,0.07475358856165425,647,0.39258114374034003
CMF trend,"{""n"": 50, ""th"": 0.05}",4h,1,2.5,0.1663091545522526,-0.22600377691124252,0.08979749521063729,-0.3720845975658882,0.1300594013859302,-0.3720845975658882,0.061883460930999085,0.06599968282211106,-0.02125768343060165,0.06445609961294407,783,0.3384418901660281
CMF trend,"{""n"": 50, ""th"": 0.1}",1h,0,0.0,-0.04744480609601964,-0.41635689756752337,0.04640751312165281,-0.40820870337176074,0.010660035228826414,-0.41635689756752337,0.07849738044546459,0.08309607560037627,-0.06062692558583606,0.08137156491728438,2665,0.3898686679174484
CMF trend,"{""n"": 50, ""th"": 0.1}",1h,0,2.5,-0.12303904816747857,-0.4087235332392166,0.03699315523526381,-0.3533053216290347,-0.02775653508002951,-0.4087742816252553,0.049838112018992464,0.057835708326854786,-0.04625431843305142,0.054836609711406414,3445,0.3201741654571843
CMF trend,"{""n"": 50, ""th"": 0.1}",1h,1,0.0,0.11121629211853312,-0.22505741272263147,0.1591352678551683,-0.22388825053173977,0.142897447020903,-0.24019031283251457,0.04989622613033862,0.071099470085114,-0.020975663219143043,0.06314825360207325,1506,0.399734395750332
CMF trend,"{""n"": 50, ""th"": 0.1}",1h,1,2.5,0.0032199413783677855,-0.23669979941872632,0.08664021233615737,-0.243248550784804,0.055174519299178826,-0.26748807600307556,0.024017844585490722,0.0499525318869607,-0.015021386137367511,0.04022702414890946,1991,0.3184329482672024
CMF trend,"{""n"": 50, ""th"": 0.1}",4h,0,0.0,0.2842963477002838,-0.2253846907393836,-0.031160274703863178,-0.5567759493227271,0.09467783983204914,-0.5567759493227271,0.09314525400035673,0.06638162923493414,-0.030390556687722226,0.07641798852196761,649,0.3898305084745763
CMF trend,"{""n"": 50, ""th"": 0.1}",4h,0,2.5,0.20816769897781584,-0.2190371230820627,-0.053836613005014855,-0.5599187192146715,0.0521871234067357,-0.5599187192146715,0.08692686872033267,0.05240266025553411,-0.027785826480426795,0.06534923842983358,871,0.31917336394948337
CMF trend,"{""n"": 50, ""th"": 0.1}",4h,1,0.0,0.24355440823277674,-0.19578353744745491,0.03885654699590391,-0.3819718935049946,0.1267813264940414,-0.3819718935049946,0.05747073802840181,0.0561462898227466,-0.016080731643772744,0.056642957899867306,420,0.4023809523809524
CMF trend,"{""n"": 50, ""th"": 0.1}",4h,1,2.5,0.1336962525167067,-0.20296282865280013,-0.016878433650660107,-0.3939092539215001,0.04955429486872398,-0.3939092539215001,0.04491352411559277,0.042839038265456084,-0.014782318477909416,0.04361697045925734,564,0.3262411347517731
VWAP trend,"{""n"": 24}",1h,0,0.0,-0.1756219769759192,-0.41964441443050615,-0.24374073319784062,-0.5926417920049598,-0.21670032295721553,-0.7294135287433161,0.02952563231426455,0.004877642189111123,-0.04633894052098939,0.01412063848604366,8731,0.19115794296186003
VWAP trend,"{""n"": 24}",1h,0,2.5,-0.18228370101553926,-0.4191244756455248,-0.2532332303974074,-0.603308747906671,-0.22512659093765952,-0.7403142302388894,0.027028334856261674,0.0031017012051612522,-0.046369105655509994,0.012074188824323909,8731,0.19024166762112016
VWAP trend,"{""n"": 24}",1h,1,0.0,-0.0367834291374709,-0.234855635857684,-0.15429208914683656,-0.3780818404663079,-0.10860062966321227,-0.45842516208740336,0.021069860915553087,-0.0014695695463374718,-0.01744973489011803,0.006982716876871488,4605,0.19001085776330076
VWAP trend,"{""n"": 24}",1h,1,2.5,-0.042596361965279494,-0.23663904931210578,-0.16499783534724277,-0.39455154189257013,-0.11751953958290173,-0.48166434111017364,0.019203092945228088,-0.0033257928715364113,-0.017501776472347116,0.005122539309750276,4605,0.18827361563517916
VWAP trend,"{""n"": 24}",4h,0,0.0,0.02543508205375744,-0.22280925856666522,-0.01201877143604757,-0.23876914935882576,0.002811908747530012,-0.23876914935882576,0.043562000540010484,0.017430075149858393,-0.021276825969129914,0.027229547171165425,2013,0.22255340288127173
VWAP trend,"{""n"": 24}",4h,0,2.5,0.015474771370194373,-0.21431244508907232,-0.005737805343111968,-0.22518365677483743,0.0027020311398726626,-0.22518365677483743,0.04104448917628339,0.017899270136633918,-0.021266746691570707,0.02657872727650247,2013,0.22106308991554893
VWAP trend,"{""n"": 24}",4h,1,0.0,0.027457358524168862,-0.13019560341525438,0.014475039124834721,-0.2114228043192773,0.019642510024302284,-0.2114228043192773,0.016927679419899255,0.009693338788793918,-0.005358678671849054,0.01240621652545842,1110,0.22432432432432434
VWAP trend,"{""n"": 24}",4h,1,2.5,0.015969272008627744,-0.12340757893629706,0.016049932576590376,-0.20186258216433417,0.01600798435358497,-0.20186258216433417,0.014298092157032224,0.009910263050082913,-0.00529359807338254,0.011555698965188904,1110,0.22252252252252253
VWAP trend,"{""n"": 72}",1h,0,0.0,-0.054051630844812015,-0.2773748653232466,-0.08082365611808295,-0.37021295765133433,-0.07015380080337463,-0.38489361867875105,0.03941721398492345,0.015045773761469827,-0.028463825295298763,0.024185063845264934,5350,0.16018691588785047
VWAP trend,"{""n"": 72}",1h,0,2.5,-0.058780682652820215,-0.2718332146445409,-0.08701566087266766,-0.3719951273592339,-0.07576777198312423,-0.4019085519595079,0.03786859289232596,0.013712764315392263,-0.027866641329916585,0.022771200031742402,5350,0.15850467289719627
VWAP trend,"{""n"": 72}",1h,1,0.0,0.0026598329834408574,-0.1775905853923544,-0.01667327821953224,-0.31680656398349183,-0.008970609763395587,-0.31680656398349183,0.010655887510004495,0.009423149625241926,-0.007143494585411546,0.009885426332027889,3032,0.1616094986807388
VWAP trend,"{""n"": 72}",1h,1,2.5,-0.008417661314782277,-0.18255052247664072,-0.02514104848146348,-0.3198605877204791,-0.018466889466424052,-0.3198605877204791,0.008912923744504512,0.007860636629760952,-0.007316775670279267,0.008255244297789788,3032,0.15897097625329815
VWAP trend,"{""n"": 72}",4h,0,0.0,0.036538414131336294,-0.14936341215428905,0.061173975527454516,-0.27570450289800386,0.05332870027960279,-0.27570450289800386,0.026495853612607694,0.03470772629399703,-0.016470861467098495,0.03162827403847603,1267,0.186266771902131
VWAP trend,"{""n"": 72}",4h,0,2.5,0.015689859919699067,-0.15850152598355016,0.0401615968286988,-0.2847792298890769,0.032352215256276295,-0.2847792298890769,0.0243932151221542,0.03270441608191128,-0.016808827270338347,0.029587715722002375,1267,0.18310970797158643
VWAP trend,"{""n"": 72}",4h,1,0.0,0.07317252098549965,-0.10969409803875785,0.08955060126633407,-0.19954990735556455,0.08509579964775549,-0.19954990735556455,0.026110704550257227,0.027554543080777243,-0.006538136909680206,0.027013103631832236,807,0.18587360594795538
VWAP trend,"{""n"": 72}",4h,1,2.5,0.0559446744636356,-0.11234039889778091,0.06768826373953885,-0.20834537958740107,0.0650761301927838,-0.20834537958740107,0.02400284998163207,0.02558156780689249,-0.006484152322462883,0.024989548622419835,807,0.1821561338289963
VWAP trend,"{""n"": 168}",1h,0,0.0,0.08441313061400013,-0.27464576046360123,-0.05926442308186908,-0.3396771588618699,-0.003914025859422132,-0.3396771588618699,0.058409903192478914,0.02855245324703192,-0.025177404387037305,0.039748996976574545,3461,0.13377636521236635
VWAP trend,"{""n"": 168}",1h,0,2.5,0.08226865218406432,-0.2621192353123637,-0.06668834632153886,-0.3425558842722971,-0.00941649062936356,-0.3425558842722971,0.05617644693664018,0.0272528009100264,-0.023897530870668926,0.03809916817000657,3461,0.1320427622074545
VWAP trend,"{""n"": 168}",1h,1,0.0,0.045848409227068565,-0.24249376939047462,0.020575268179487072,-0.22265625330983407,0.030859676665155655,-0.24249376939047462,0.03671821417376992,0.023768807577061013,-0.01041993224578077,0.028624835050826854,2155,0.13364269141531324
VWAP trend,"{""n"": 168}",1h,1,2.5,0.03609406211914834,-0.24603501029676778,0.011355556571311043,-0.22543395494682872,0.021431738992596205,-0.24603501029676778,0.034970592874771,0.022445017789934647,-0.010390640366716941,0.02714210844674828,2155,0.13178654292343386
VWAP trend,"{""n"": 168}",4h,0,0.0,0.18368380193867662,-0.21365057157217926,0.06779018290098571,-0.28455834149087966,0.11968073503266363,-0.28455834149087966,0.06495731852722944,0.0435545529181133,-0.017100680758596123,0.05158059002153185,776,0.1481958762886598
VWAP trend,"{""n"": 168}",4h,0,2.5,0.18640773964032986,-0.21076892858266227,0.05643491744009843,-0.30255518244479995,0.1135551436633413,-0.30255518244479995,0.06512405232773005,0.043084944507853294,-0.01706720980075429,0.05134960994030707,776,0.14690721649484537
VWAP trend,"{""n"": 168}",4h,1,0.0,0.07128359322658562,-0.16526871875796056,0.08648859022337096,-0.22991957551098674,0.08521808822758015,-0.22991957551098674,0.0350666128576924,0.039715893672145855,-0.011906111431311192,0.037972413366725806,570,0.14210526315789473
VWAP trend,"{""n"": 168}",4h,1,2.5,0.07457066775888999,-0.16056445313326562,0.08287401087289048,-0.2339383259015465,0.08438229916933615,-0.2339383259015465,0.035233346658192964,0.03929270838943728,-0.011787801938679891,0.037770447740220654,570,0.14210526315789473
VWAP reversie,"{""n"": 24, ""k"": 1.5, ""tf"": 0}",1h,0,0.0,-0.39978323795716,-0.7008678747714052,-0.34086540997351544,-0.7283292392705244,-0.3629083116675821,-0.8906337206417152,0.018866501253735124,0.022106412530170063,-0.10792632338869868,0.020891445801506963,9040,0.628429203539823
VWAP reversie,"{""n"": 24, ""k"": 1.5, ""tf"": 0}",1h,0,2.5,-0.5384184759733419,-0.794290269689313,-0.5105026728123825,-0.8655320421725721,-0.5201288879247403,-0.9681440023880926,-0.0034763519469792367,-0.012618498209932837,-0.1267926382627182,-0.009190193361325238,13713,0.570334718879895
VWAP reversie,"{""n"": 24, ""k"": 1.5, ""tf"": 0}",1h,1,0.0,-0.08553295532719551,-0.3525455396891386,-0.15375401755595708,-0.4435633306471011,-0.124185039208221,-0.515143849173729,0.0225653627899699,0.018578196594683998,-0.04372976752468166,0.020073383917916212,4734,0.6271651880016899
VWAP reversie,"{""n"": 24, ""k"": 1.5, ""tf"": 0}",1h,1,2.5,-0.17336393126424043,-0.41644115305996154,-0.26284201309267186,-0.586098311927927,-0.225629332353385,-0.7218369618330414,0.00693006853768204,-0.009550352858342648,-0.04055519661368128,-0.00337019483483339,6977,0.579762075390569
VWAP reversie,"{""n"": 24, ""k"": 1.5, ""tf"": 0}",4h,0,0.0,-0.3472961108477959,-0.6274712985308428,-0.20366880914283603,-0.6330621050780542,-0.26097413212252196,-0.8105586759312786,0.022620254138627845,0.04095823934868496,-0.10593527534932136,0.03408149489491354,2155,0.6176334106728538
VWAP reversie,"{""n"": 24, ""k"": 1.5, ""tf"": 0}",4h,0,2.5,-0.4155033854238964,-0.6910046013911968,-0.2709984116556122,-0.6593030114956688,-0.3293836321323661,-0.8608156960503927,0.01608429800392657,0.031700050554689434,-0.118518160165224,0.025844143348153364,3358,0.560750446694461
VWAP reversie,"{""n"": 24, ""k"": 1.5, ""tf"": 0}",4h,1,0.0,-0.027980560182978564,-0.2305950273078502,-0.07983105243372235,-0.3535064642097039,-0.05485970888386493,-0.3535064642097039,0.029408192513059053,0.021136630437592913,-0.032713748850294766,0.024238466215892717,1173,0.6163682864450127
VWAP reversie,"{""n"": 24, ""k"": 1.5, ""tf"": 0}",4h,1,2.5,-0.05158264267215984,-0.2502384746514088,-0.10589064393777792,-0.3956108981376105,-0.08011290406558313,-0.4022896221434419,0.02749197996543029,0.013585865066349238,-0.03340489862259387,0.018800658153504634,1687,0.5672791938352104
VWAP reversie,"{""n"": 24, ""k"": 1.5, ""tf"": 200}",1h,0,0.0,0.0110754923495755,-0.10880999962215343,-0.158807927793281,-0.466502147345488,-0.09442114525630774,-0.466502147345488,0.01729936671057085,0.015483027724076592,-0.028681774735006084,0.01616415484401194,3467,0.6215748485722526
VWAP reversie,"{""n"": 24, ""k"": 1.5, ""tf"": 200}",1h,0,2.5,-0.09878039086477786,-0.20578380531358054,-0.19362719202609857,-0.4493451985348248,-0.15679546829057045,-0.5485683174358049,0.0013428105597118106,-0.007346284682184886,-0.02376015555645898,-0.004087873966473625,4060,0.5896551724137931
VWAP reversie,"{""n"": 24, ""k"": 1.5, ""tf"": 200}",1h,1,0.0,0.06546476798854228,-0.09677177569885309,-0.029725193621420343,-0.3000930531376902,0.007353299580008743,-0.3000930531376902,0.021680674921660703,0.014607188048347352,-0.01735211622716583,0.01725974562583986,2188,0.6339122486288848
VWAP reversie,"{""n"": 24, ""k"": 1.5, ""tf"": 200}",1h,1,2.5,-0.04039382780482115,-0.15950243729035196,-0.09822341841704008,-0.26472579839767296,-0.07542607959869463,-0.3472471138475346,0.006661311004588999,-0.005408567104693329,-0.012732021611595472,-0.0008823628137124562,2583,0.6008517228029423
VWAP reversie,"{""n"": 24, ""k"": 1.5, ""tf"": 200}",4h,0,0.0,-0.041725688682471396,-0.2781438113628567,-0.03042272170934479,-0.2646411686370578,-0.031791067711833265,-0.2781438113628567,0.030214245793873648,0.016161407090686978,-0.031103618060307432,0.02143122160438198,791,0.6359039190897599
VWAP reversie,"{""n"": 24, ""k"": 1.5, ""tf"": 200}",4h,0,2.5,-0.06232633652145114,-0.2521634549114651,-0.10375871861692387,-0.3414430146364452,-0.08438632738779461,-0.380137395816033,0.023243752547439465,0.009158148771760695,-0.029207311490657764,0.014440250187640233,927,0.5857605177993528
VWAP reversie,"{""n"": 24, ""k"": 1.5, ""tf"": 200}",4h,1,0.0,0.046412626338001584,-0.11369096551196389,0.03360273575665618,-0.16708613802775252,0.04208458783976199,-0.16708613802775252,0.029520866858481026,0.015555001240209558,-0.012498418729978242,0.02079220084706136,617,0.653160453808752
VWAP reversie,"{""n"": 24, ""k"": 1.5, ""tf"": 200}",4h,1,2.5,0.02579777541970829,-0.11969980165868488,-0.050258732954890806,-0.23141712248393298,-0.017318534798487106,-0.23141712248393298,0.027805488290163174,0.009936269480218092,-0.016170870397568697,0.0166372265339475,728,0.6071428571428571
VWAP reversie,"{""n"": 24, ""k"": 2.0, ""tf"": 0}",1h,0,0.0,-0.28117393580880656,-0.5842378706311185,-0.15861377347049044,-0.5016610916056379,-0.20831635076738098,-0.7047890277891158,0.026817274381835256,0.0328758369170194,-0.0757660477022253,0.030603875966325345,6601,0.6233903953946371
VWAP reversie,"{""n"": 24, ""k"": 2.0, ""tf"": 0}",1h,0,2.5,-0.4435440592444625,-0.7192106132702814,-0.23992492797488407,-0.5998348653386296,-0.32764063019536027,-0.8506756463434868,0.013639220150401496,0.0029220202005238336,-0.08286498936466763,0.006940970181727957,8889,0.5619304758690516
VWAP reversie,"{""n"": 24, ""k"": 2.0, ""tf"": 0}",1h,1,0.0,-0.003715036404610128,-0.23194777052091475,-0.05537477840366134,-0.32714050811305007,-0.03304581128923911,-0.32714050811305007,0.03049857377616853,0.027042683088252386,-0.03279895348952997,0.02833864209622094,3466,0.6278130409694171
VWAP reversie,"{""n"": 24, ""k"": 2.0, ""tf"": 0}",1h,1,2.5,-0.07965485000163464,-0.2841853162821526,-0.08306348842432698,-0.3286974823873898,-0.07979799572338075,-0.36077658776549293,0.01935054959895731,0.00437054029218337,-0.023282516750663756,0.009988043782223599,4565,0.5761226725082147
VWAP reversie,"{""n"": 24, ""k"": 2.0, ""tf"": 0}",4h,0,0.0,-0.24454825558333637,-0.5007386861078262,-0.1296714443674173,-0.5200900126056915,-0.17603630568280193,-0.6841207082021015,0.02085724183119215,0.02744394499396574,-0.08404943256231136,0.024973931307925645,1551,0.5983236621534493
VWAP reversie,"{""n"": 24, ""k"": 2.0, ""tf"": 0}",4h,0,2.5,-0.2895008625658386,-0.5423591557405323,-0.1999050360502902,-0.5969059294369718,-0.23621525403268906,-0.7643977463832148,0.017705649624410322,0.018959381211264437,-0.0883605193939701,0.018489231866194143,2144,0.5443097014925373
VWAP reversie,"{""n"": 24, ""k"": 2.0, ""tf"": 0}",4h,1,0.0,-0.009479013044388251,-0.17121204301979276,-0.010696269680170789,-0.23998411442256362,-0.008391407442582488,-0.23998411442256362,0.022616973286970085,0.014618098306403335,-0.02393227900766954,0.017617676424115866,828,0.6086956521739131
VWAP reversie,"{""n"": 24, ""k"": 2.0, ""tf"": 0}",4h,1,2.5,-0.01790566998747567,-0.17069896008805485,-0.10074801960342739,-0.3987059721417693,-0.06751486224166237,-0.3987059721417693,0.020965412245344588,0.007374193913108969,-0.02954881036997406,0.012470900787697326,1079,0.5551436515291936
VWAP reversie,"{""n"": 24, ""k"": 2.0, ""tf"": 200}",1h,0,0.0,0.05586598119011077,-0.06955185867007352,-0.014524339648075202,-0.24015662960777506,0.013103457647589911,-0.24015662960777506,0.02019920201039322,0.021515775605618903,-0.011694004766330666,0.021022060507409273,2233,0.6318853560232871
VWAP reversie,"{""n"": 24, ""k"": 2.0, ""tf"": 200}",1h,0,2.5,-0.0007240991997036206,-0.0848617587610554,-0.05534773235517909,-0.20614083879499956,-0.0337939878935829,-0.20614083879499956,0.012613106373522988,0.004043258329426121,-0.009959589821871229,0.007256951345962446,2458,0.5931651749389748
VWAP reversie,"{""n"": 24, ""k"": 2.0, ""tf"": 200}",1h,1,0.0,0.0888114492312857,-0.06484107110200321,0.06611189959724961,-0.13035171545680335,0.07512783432203785,-0.13035171545680335,0.02231366353290572,0.020510633299460426,-0.007846905182338153,0.021186769637002414,1420,0.6485915492957747
VWAP reversie,"{""n"": 24, ""k"": 2.0, ""tf"": 200}",1h,1,2.5,0.022202654880510764,-0.09150684721781122,0.0009007991024987394,-0.1388347439079506,0.009399666683578278,-0.1388347439079506,0.014592492799280198,0.00527715840013272,-0.007396117040026552,0.008770408799813023,1575,0.6050793650793651
VWAP reversie,"{""n"": 24, ""k"": 2.0, ""tf"": 200}",4h,0,0.0,0.0076615742906323,-0.21016744621363204,0.00311097183842568,-0.19570375259782957,0.006348525742871036,-0.21016744621363204,0.026353454067134446,0.010578670225464088,-0.02215670298756337,0.01649421416609047,497,0.6378269617706237
VWAP reversie,"{""n"": 24, ""k"": 2.0, ""tf"": 200}",4h,0,2.5,-0.010220771259816797,-0.17817729764022128,-0.031655457297729894,-0.19483253983265825,-0.02258803019486344,-0.19483253983265825,0.021758062412777484,0.005618012071486022,-0.018258596853432237,0.01167053094947032,555,0.590990990990991
VWAP reversie,"{""n"": 24, ""k"": 2.0, ""tf"": 200}",4h,1,0.0,0.0636219668184499,-0.08515603607231081,0.03665359411624047,-0.11757503736051245,0.04882232560520139,-0.11757503736051245,0.023504006283094632,0.010701913914234052,-0.009001210356781975,0.015502698552556768,396,0.6540404040404041
VWAP reversie,"{""n"": 24, ""k"": 2.0, ""tf"": 200}",4h,1,2.5,0.04321873871343218,-0.09360111899392298,-0.010272888352953702,-0.14021941831216866,0.011349652045080871,-0.14021941831216866,0.022467458532680482,0.006171244949802502,-0.00940203704373932,0.012282325043381745,443,0.6139954853273137
VWAP reversie,"{""n"": 24, ""k"": 2.5, ""tf"": 0}",1h,0,0.0,-0.11793045598115104,-0.3342576617457118,-0.08848153866929698,-0.357781484482652,-0.09951487739504661,-0.47680598497510607,0.01049767756745633,0.024260659061162777,-0.040674914755773534,0.01909954100102286,3421,0.6030400467699503
VWAP reversie,"{""n"": 24, ""k"": 2.5, ""tf"": 0}",1h,0,2.5,-0.2693675465943798,-0.4828894176923637,-0.11343375306061299,-0.3628753368722236,-0.1786789316160644,-0.6311996872898942,0.002924164577399845,0.010992417048762844,-0.045471331615348595,0.00796682237200172,3928,0.539969450101833
VWAP reversie,"{""n"": 24, ""k"": 2.5, ""tf"": 0}",1h,1,0.0,0.04937784322872929,-0.0881080721191908,-0.015317372030230758,-0.14858818325583834,0.01101275019770731,-0.14858818325583834,0.018760958066759544,0.021901966541787332,-0.01733115956991934,0.020724088363651912,1752,0.6135844748858448
VWAP reversie,"{""n"": 24, ""k"": 2.5, ""tf"": 0}",1h,1,2.5,-0.006795591352461772,-0.10228355469297201,-0.03297818230636318,-0.2030289243654977,-0.021672651299411427,-0.2030289243654977,0.011533937352751409,0.013829673393364916,-0.014394782092947589,0.012968772378134851,1998,0.5630630630630631
VWAP reversie,"{""n"": 24, ""k"": 2.5, ""tf"": 0}",4h,0,0.0,-0.1214346715258906,-0.3523884385991064,-0.0061542034093968745,-0.19745145615531046,-0.054002836196582193,-0.3819167649935318,0.009584731959219432,0.01471023110081818,-0.03644500290861501,0.012788168922718649,822,0.6265206812652068
VWAP reversie,"{""n"": 24, ""k"": 2.5, ""tf"": 0}",4h,0,2.5,-0.10414770780800275,-0.3080590252984784,-0.10759527853285378,-0.368410868692288,-0.10615624054582351,-0.49881185401389205,0.007148491473598837,0.003708201451053106,-0.03359885598304314,0.004998310209507755,933,0.5455519828510182
VWAP reversie,"{""n"": 24, ""k"": 2.5, ""tf"": 0}",4h,1,0.0,-0.03969544558316673,-0.1629585402782857,0.01563429608170086,-0.1409025415094951,-0.006892704795868343,-0.1629585402782857,0.010523178203980854,0.007213119284692771,-0.012735773544440929,0.008454391379425802,434,0.5990783410138248
VWAP reversie,"{""n"": 24, ""k"": 2.5, ""tf"": 0}",4h,1,2.5,-0.026617381718817668,-0.12805002749977668,-0.055600265212858435,-0.25167944002928677,-0.044072563616391336,-0.25432409942776435,0.010317267427866785,0.0036824418729305493,-0.014740089108446118,0.006170501456031638,489,0.5419222903885481
VWAP reversie,"{""n"": 24, ""k"": 2.5, ""tf"": 200}",1h,0,0.0,0.028084218204568412,-0.075812681779302,0.029074752419596006,-0.09981667231930302,0.028660575983369796,-0.09981667231930302,0.007642487725267692,0.013309824162722854,-0.003840132605293832,0.011184572998677167,988,0.6163967611336032
VWAP reversie,"{""n"": 24, ""k"": 2.5, ""tf"": 200}",1h,0,2.5,-0.0028399449303009305,-0.06675940845976402,-0.009926252689661075,-0.09867534372196818,-0.007090183694509866,-0.09911556599523619,0.003072705244922042,0.004475234886457616,-0.001473207475754551,0.003949286270881776,1027,0.5764362220058422
VWAP reversie,"{""n"": 24, ""k"": 2.5, ""tf"": 200}",1h,1,0.0,0.07181840501527637,-0.03166306456458323,0.0498237743986909,-0.0506932395958587,0.05854143787067545,-0.0506932395958587,0.011099958488325075,0.013113303865373587,-0.0026928309145090312,0.012358299348980395,631,0.6402535657686212
VWAP reversie,"{""n"": 24, ""k"": 2.5, ""tf"": 200}",1h,1,2.5,0.026213957552368772,-0.03182962808496359,0.014403714157582126,-0.06269480147590567,0.019105525562528536,-0.06269480147590567,0.006297038135940107,0.005765070425025609,-0.002090464086347013,0.005964558316618546,657,0.6012176560121766
VWAP reversie,"{""n"": 24, ""k"": 2.5, ""tf"": 200}",4h,0,0.0,0.026116313395567525,-0.08788778953767451,-0.004208804995616711,-0.09569238873502184,0.00782195087605464,-0.09569238873502184,0.012115155158644475,0.0032125622056634164,-0.007263882610873372,0.006551034563031313,208,0.6153846153846154
VWAP reversie,"{""n"": 24, ""k"": 2.5, ""tf"": 200}",4h,0,2.5,0.010181592138054807,-0.06856659770997753,-0.003225835165153401,-0.09616275170033428,0.0021207823744127108,-0.09616275170033428,0.010267719715463561,0.003636321602522911,-0.005854841167883089,0.006123095894875655,217,0.576036866359447
VWAP reversie,"{""n"": 24, ""k"": 2.5, ""tf"": 200}",4h,1,0.0,0.03736841830482551,-0.054487694016588706,0.015650602428850746,-0.05505077315746343,0.024278304462509226,-0.05505077315746343,0.01101332572815017,0.00481060585005173,-0.0018986657043650254,0.007136625804338645,168,0.6369047619047619
VWAP reversie,"{""n"": 24, ""k"": 2.5, ""tf"": 200}",4h,1,2.5,0.022659317781138943,-0.059228861157040624,0.002853143219545995,-0.07540650668981663,0.010732164119748422,-0.07540650668981663,0.011249839708325778,0.003917955286396032,-0.003039170303335198,0.006667411944619686,176,0.6022727272727273
VWAP reversie,"{""n"": 72, ""k"": 1.5, ""tf"": 0}",1h,0,0.0,-0.30283807340606017,-0.5963988029537108,-0.28204083433400406,-0.6969873946396242,-0.28813449280971104,-0.829364858937746,0.0290182762844968,0.03744137403434045,-0.10341253522028371,0.03428271237814908,3452,0.6439745075318656
VWAP reversie,"{""n"": 72, ""k"": 1.5, ""tf"": 0}",1h,0,2.5,-0.4237134305113701,-0.6970440088832961,-0.4391479207865512,-0.8317417509253742,-0.4310960154602169,-0.9344810467830492,0.020640843513542118,0.012834062881735846,-0.12380926701720413,0.0157616056186632,7441,0.44590780809031044
VWAP reversie,"{""n"": 72, ""k"": 1.5, ""tf"": 0}",1h,1,0.0,0.007602635527362622,-0.20163963774695226,-0.11333605974780236,-0.43201829909035283,-0.06386744300471481,-0.43201829909035283,0.036720962889206045,0.024704612397431047,-0.03496395388501866,0.029210743831846672,1877,0.6414491209376665
VWAP reversie,"{""n"": 72, ""k"": 1.5, ""tf"": 0}",1h,1,2.5,-0.04380452910308663,-0.24108984732367833,-0.2187923903957011,-0.5647335632648187,-0.15026146683353747,-0.5766564493951309,0.03145555090804045,0.0031832394699363646,-0.035280802104000544,0.013785356259225395,3691,0.46491465727445136
VWAP reversie,"{""n"": 72, ""k"": 1.5, ""tf"": 0}",4h,0,0.0,-0.3406119843459793,-0.6064441741416646,-0.09438898125998885,-0.5067929823350237,-0.19987698766225814,-0.7378139046853314,0.022594313185339245,0.03945232996410328,-0.11170915765857348,0.03313057367206677,802,0.6134663341645885
VWAP reversie,"{""n"": 72, ""k"": 1.5, ""tf"": 0}",4h,0,2.5,-0.4179405871994032,-0.6825202292979664,-0.14126602402927924,-0.5225169764253492,-0.2627007413713738,-0.8047842791817181,0.02333954141973397,0.032132775294420685,-0.12741677088958303,0.028835312591413167,1768,0.4343891402714932
VWAP reversie,"{""n"": 72, ""k"": 1.5, ""tf"": 0}",4h,1,0.0,-0.11487625368470955,-0.2746344249494189,-0.050734810226600535,-0.2960799221460695,-0.07405987120862911,-0.36680643895063936,-0.0013290002514650709,0.021536268162226403,-0.03537109141471358,0.012961792507092099,439,0.5694760820045558
VWAP reversie,"{""n"": 72, ""k"": 1.5, ""tf"": 0}",4h,1,2.5,-0.13076741527822833,-0.29695269652435297,-0.05230158131797502,-0.2841603097164166,-0.08165896882886059,-0.3867133252378875,-0.0007197411600666534,0.016784572663670935,-0.03628472110242735,0.010220454979769339,795,0.44150943396226416
VWAP reversie,"{""n"": 72, ""k"": 1.5, ""tf"": 200}",1h,0,0.0,-0.04076643691406623,-0.24714466180439887,0.012095018583820893,-0.20207487241371802,-0.009298951825195578,-0.24714466180439887,0.01230897290505184,0.021188240342711925,-0.01625954315336596,0.017858515053589392,955,0.6534031413612565
VWAP reversie,"{""n"": 72, ""k"": 1.5, ""tf"": 200}",1h,0,2.5,-0.08096502443495857,-0.15681269960285704,-0.02428874972636008,-0.16134389208815236,-0.04725964286421269,-0.2250802408074457,0.00027188131064442226,0.00701400603806066,-0.011404366337844307,0.004485709265279571,1100,0.48454545454545456
VWAP reversie,"{""n"": 72, ""k"": 1.5, ""tf"": 200}",1h,1,0.0,0.08158883567271191,-0.056936578055652,0.052422088810359924,-0.122101993484105,0.06408720676281177,-0.122101993484105,0.01909569355903072,0.019124681786826574,-0.003891398562450625,0.019113811201403128,633,0.6919431279620853
VWAP reversie,"{""n"": 72, ""k"": 1.5, ""tf"": 200}",1h,1,2.5,-0.018254185400618517,-0.05694519784931673,0.023296087043313873,-0.10880727666660417,0.006558277868361051,-0.10880727666660417,0.004952524431200163,0.008025398327518555,-0.002995324188675201,0.0068730706163991585,726,0.512396694214876
VWAP reversie,"{""n"": 72, ""k"": 1.5, ""tf"": 200}",4h,0,0.0,-0.050313560661511825,-0.1959914792478754,-0.04349470075857187,-0.2513603024311938,-0.04380647384763747,-0.283548156081164,0.012043643571135508,0.01168449124381694,-0.03167523399157263,0.011819173366561403,212,0.660377358490566
VWAP reversie,"{""n"": 72, ""k"": 1.5, ""tf"": 200}",4h,0,2.5,-0.03786721708087326,-0.15554935620718235,-0.05834325539100682,-0.20720446466370446,-0.04777870903931947,-0.25285305050979867,0.009720673041672036,0.004630091960594148,-0.01991136784897321,0.006539059865998356,248,0.4717741935483871
VWAP reversie,"{""n"": 72, ""k"": 1.5, ""tf"": 200}",4h,1,0.0,-0.0178087856042789,-0.12877904508643045,0.012235673310479367,-0.14238619054935475,0.002609005260001629,-0.14238619054935475,0.008782170775078195,0.011019324018394968,-0.016537113381401833,0.010180391552151178,171,0.6666666666666666
VWAP reversie,"{""n"": 72, ""k"": 1.5, ""tf"": 200}",4h,1,2.5,-0.01122397441156131,-0.09801277046393175,-0.04050865749890742,-0.16654535074831212,-0.02642786086998994,-0.1741756910994341,0.007797369911024088,0.005184131237264067,-0.013162691210004449,0.006164095739924075,197,0.4873096446700508
VWAP reversie,"{""n"": 72, ""k"": 2.0, ""tf"": 0}",1h,0,0.0,-0.19733288059513332,-0.5003629727124131,-0.2009164489431765,-0.6066345799509096,-0.1975270236788158,-0.709571176611816,0.028207666279914643,0.03935232689934762,-0.0818627878482835,0.03517307916706025,2690,0.6297397769516728
VWAP reversie,"{""n"": 72, ""k"": 2.0, ""tf"": 0}",1h,0,2.5,-0.28924116315720116,-0.5697943873321212,-0.3820917844080065,-0.7804033679100164,-0.3447832786645094,-0.8743416519628985,0.02211223177891033,0.010026642010085319,-0.09717279011784268,0.014558738173394698,5364,0.42822520507084266
VWAP reversie,"{""n"": 72, ""k"": 2.0, ""tf"": 0}",1h,1,0.0,0.06709687550717702,-0.15267376704495395,-0.08839384393434735,-0.3947143668262456,-0.026785654978738638,-0.3947143668262456,0.03745216801403468,0.023834744383830604,-0.02870366787075633,0.02894127824515713,1458,0.6227709190672154
VWAP reversie,"{""n"": 72, ""k"": 2.0, ""tf"": 0}",1h,1,2.5,0.020448465017647743,-0.1904708598313306,-0.2032813044319869,-0.5406383783572108,-0.11816702133813328,-0.5406383783572108,0.034456885774490686,-8.573564667344603e-05,-0.02774383345032006,0.012867747386263104,2673,0.4478114478114478
VWAP reversie,"{""n"": 72, ""k"": 2.0, ""tf"": 0}",4h,0,0.0,-0.2848688209016069,-0.5302350706121737,0.05398403349002323,-0.38992562097827177,-0.09706659101395665,-0.5302350706121737,0.013115570370347015,0.04245823905729681,-0.0897334441051969,0.031454738299690636,634,0.6309148264984227
VWAP reversie,"{""n"": 72, ""k"": 2.0, ""tf"": 0}",4h,0,2.5,-0.3467316600139695,-0.5966648325151293,-0.016551620364428032,-0.43906494096126814,-0.1645809521031153,-0.6405195016875843,0.011760989100200452,0.038750514306524785,-0.10368194872491229,0.02862944235415316,1290,0.4263565891472868
VWAP reversie,"{""n"": 72, ""k"": 2.0, ""tf"": 0}",4h,1,0.0,-0.10381910482598766,-0.22605184672425094,0.076625088267128,-0.1757482181677945,0.0009530050032811044,-0.22605184672425094,-0.005191681554088359,0.025497693996003455,-0.023679151425470606,0.013989178164719026,339,0.5958702064896755
VWAP reversie,"{""n"": 72, ""k"": 2.0, ""tf"": 0}",4h,1,2.5,-0.09871756580328805,-0.2164072365099935,0.06575944157600477,-0.1505371049987384,-0.002849142691746076,-0.2276011447078392,-0.004297338375773051,0.022816500241675548,-0.02434246914965798,0.012648810760132323,563,0.46003552397868563
VWAP reversie,"{""n"": 72, ""k"": 2.0, ""tf"": 200}",1h,0,0.0,0.013519375220901741,-0.16303005453288488,0.025177350668703635,-0.11920702948455553,0.020765923107536333,-0.16303005453288488,0.004610318225106652,0.012007172537662562,-0.004818830458587421,0.009233352170454096,517,0.6441005802707931
VWAP reversie,"{""n"": 72, ""k"": 2.0, ""tf"": 200}",1h,0,2.5,-0.04983010471325855,-0.13515539520623387,0.00028399808957968453,-0.07491429776337966,-0.01980909341059245,-0.13830747166222468,-0.001455309518229142,0.004067703648937619,-0.004736397070191092,0.0019965737112500833,576,0.4670138888888889
VWAP reversie,"{""n"": 72, ""k"": 2.0, ""tf"": 200}",1h,1,0.0,0.07540500922030935,-0.043923719544618156,0.04056812233058338,-0.10199013626198838,0.05464381515878203,-0.10199013626198838,0.012310906160542015,0.010924886490958153,-0.0008576056232562426,0.011444643867052101,355,0.6845070422535211
VWAP reversie,"{""n"": 72, ""k"": 2.0, ""tf"": 200}",1h,1,2.5,-0.012448601036411655,-0.07073550221481584,0.019870014279290915,-0.05880896550627568,0.007079854427603616,-0.07073550221481584,0.0034479929949315555,0.004821719603292244,-0.0015581435942657249,0.004306572125156986,392,0.49744897959183676
VWAP reversie,"{""n"": 72, ""k"": 2.0, ""tf"": 200}",4h,0,0.0,-0.017520462703866424,-0.10115260818746763,0.01955961847502885,-0.10463617212523735,0.004542027529301551,-0.10463617212523735,0.005235296310242616,0.01174753340208731,-0.01380619358962791,0.00930544449264555,118,0.7288135593220338
VWAP reversie,"{""n"": 72, ""k"": 2.0, ""tf"": 200}",4h,0,2.5,-0.020228343627870626,-0.07582027459116403,-0.005597766891148548,-0.10595748919836567,-0.011476219539633181,-0.11515061940013527,0.0048431799544782494,0.007701192311242851,-0.00984623482814194,0.006629437677456125,125,0.496
VWAP reversie,"{""n"": 72, ""k"": 2.0, ""tf"": 200}",4h,1,0.0,-0.012761879272331855,-0.08296597964221863,0.04212666384649211,-0.07350474464888013,0.019775916463668164,-0.08296597964221863,0.004071037433038247,0.010433388247446789,-0.007977509213061382,0.008047506692043585,101,0.7128712871287128
VWAP reversie,"{""n"": 72, ""k"": 2.0, ""tf"": 200}",4h,1,2.5,-0.01958157602885857,-0.07100380298081344,0.00030081562553085917,-0.09084506691302585,-0.007705011831803721,-0.09910371810377816,0.004071037433038247,0.007551596194646456,-0.008118348817441022,0.006246386659043378,107,0.4953271028037383
VWAP reversie,"{""n"": 72, ""k"": 2.5, ""tf"": 0}",1h,0,0.0,-0.1122937401175862,-0.42728753971305056,-0.12097794095725034,-0.47777383378788363,-0.11729768374983107,-0.5845402553784116,0.020793380623611333,0.032571413517058216,-0.05687806531758254,0.028154651182015638,1920,0.6177083333333333
VWAP reversie,"{""n"": 72, ""k"": 2.5, ""tf"": 0}",1h,0,2.5,-0.20030633239207152,-0.43368518346859475,-0.21524904974271253,-0.5560693756901519,-0.20905619213787863,-0.6952579964484635,0.014504537007774605,0.014509387212465344,-0.05777478024781015,0.014507568385706318,3145,0.4222575516693164
VWAP reversie,"{""n"": 72, ""k"": 2.5, ""tf"": 0}",1h,1,0.0,0.027043516401330958,-0.14836854019040546,-0.060633234951222414,-0.3292356663904741,-0.026279404641923576,-0.3292356663904741,0.028364855777506272,0.02069455502140248,-0.025986628350490697,0.023570917804941402,1007,0.5998013902681232
VWAP reversie,"{""n"": 72, ""k"": 2.5, ""tf"": 0}",1h,1,2.5,-0.009716623361057275,-0.18646451274953046,-0.1384821730059551,-0.4268373856815846,-0.08885457472129465,-0.43006922372269474,0.02299585385900486,0.00425530486626627,-0.01965604113073806,0.011283010738543242,1596,0.43609022556390975
VWAP reversie,"{""n"": 72, ""k"": 2.5, ""tf"": 0}",4h,0,0.0,-0.23194847558079157,-0.45783202935398226,0.0396343972124753,-0.3661881269444367,-0.07903521831519023,-0.45783202935398226,0.004873838988256897,0.024202460567677407,-0.07025819819596031,0.016954227475394715,408,0.5808823529411765
VWAP reversie,"{""n"": 72, ""k"": 2.5, ""tf"": 0}",4h,0,2.5,-0.29431245256184013,-0.5188563288128683,-0.012732730254600089,-0.37331558327683945,-0.13687378814427176,-0.5391942467391977,-0.00028104837495081096,0.02011057525597413,-0.07473688658778638,0.012463716394377275,709,0.39774330042313116
VWAP reversie,"{""n"": 72, ""k"": 2.5, ""tf"": 0}",4h,1,0.0,-0.053260344950268435,-0.12560591681305566,0.07051301230855422,-0.13475028030554137,0.019100394409881316,-0.13759637525603052,-0.0006935232958289954,0.013582315867751575,-0.018894655404776535,0.008228876181408861,215,0.5720930232558139
VWAP reversie,"{""n"": 72, ""k"": 2.5, ""tf"": 0}",4h,1,2.5,-0.05133021128016446,-0.12233312951598263,0.041977035507183125,-0.1065944988859685,0.003553461273090086,-0.13559906654001685,-0.00031879593833799506,0.010691977117629132,-0.01888569858438502,0.00656293722164146,311,0.4533762057877814
VWAP reversie,"{""n"": 72, ""k"": 2.5, ""tf"": 200}",1h,0,0.0,-0.01284630947063592,-0.12319859794637533,0.012502906372932499,-0.11140843637660958,0.002272516712911843,-0.12319859794637533,-0.001712018970545527,0.006438037809840735,-0.0020081205059712046,0.003381766517195887,237,0.6244725738396625
VWAP reversie,"{""n"": 72, ""k"": 2.5, ""tf"": 200}",1h,0,2.5,-0.041593021559759746,-0.10939940853821317,0.025099637868299052,-0.05638499378530393,-0.0021477924047151875,-0.11403994854886867,-0.004868727693496037,0.00606462625966245,-0.0019139314598497353,0.0019646185272280173,252,0.4642857142857143
VWAP reversie,"{""n"": 72, ""k"": 2.5, ""tf"": 200}",1h,1,0.0,0.029012499904169653,-0.03073173839499188,0.028742178892142478,-0.08321821902444915,0.028832947503639295,-0.08321821902444915,0.004627087235076309,0.0055192197342672925,0.0012321553852992564,0.0051846700470706735,165,0.6666666666666666
VWAP reversie,"{""n"": 72, ""k"": 2.5, ""tf"": 200}",1h,1,2.5,-0.013429739707175536,-0.059121545079062976,0.03498433161230152,-0.044834641539662434,0.015307467658412621,-0.059121545079062976,-1.5514955029395496e-05,0.0056979534575074394,0.0009096467425414104,0.0035554028028061263,176,0.5113636363636364
VWAP reversie,"{""n"": 72, ""k"": 2.5, ""tf"": 200}",4h,0,0.0,-0.005412230139520746,-0.06512002152982788,0.0214809808457761,-0.06341765247390685,0.01061824416974888,-0.06512002152982788,0.0031630039494885656,0.005658283626547292,-0.005893434174126404,0.00472255374765027,49,0.673469387755102
VWAP reversie,"{""n"": 72, ""k"": 2.5, ""tf"": 200}",4h,0,2.5,-0.013148899750160314,-0.05797514172090035,0.013649338747938833,-0.03589773238291394,0.0028292646730407878,-0.05797514172090035,0.0027708875937241372,0.004455021778912053,-0.004940016795081784,0.0038234714594665847,51,0.49019607843137253
VWAP reversie,"{""n"": 72, ""k"": 2.5, ""tf"": 200}",4h,1,0.0,-0.0007365846303311052,-0.0570422868628484,0.03661890419800895,-0.02809129693892609,0.021481088653309666,-0.0570422868628484,0.002770887593724162,0.006018991609049832,-0.004288973837378467,0.004800952603302706,45,0.7111111111111111
VWAP reversie,"{""n"": 72, ""k"": 2.5, ""tf"": 200}",4h,1,2.5,-0.00539946172119643,-0.04436115492057435,0.02341618599540607,-0.027647928561176927,0.011770181754963138,-0.04436115492057435,0.0027708875937241867,0.00461895125042772,-0.0030794215617237428,0.003925927379163895,46,0.5652173913043478
Squeeze breakout,"{""kk"": 1.5, ""lb"": 1}",1h,0,0.0,-0.11881579492434391,-0.28157615625818977,0.0875516849148601,-0.2644792767879034,-0.00033838842726796603,-0.30442513955601114,0.027042323588893222,0.0455390708201778,-0.026648538857226574,0.03860279060844608,3913,0.30334781497572194
Squeeze breakout,"{""kk"": 1.5, ""lb"": 1}",1h,0,2.5,-0.11778288447995611,-0.26941704467295347,0.08443143701371492,-0.2501493711867261,-0.0015898070313743462,-0.3172079679535259,0.025036307978932488,0.04507782638253809,-0.026166850144966954,0.03756225698118599,3922,0.30086690464048954
Squeeze breakout,"{""kk"": 1.5, ""lb"": 1}",1h,1,0.0,0.006170293301090757,-0.15610576916244068,0.13702214793347345,-0.15214303821946396,0.08263970037303525,-0.21207344822004148,0.023817678089748367,0.03450497255970022,-0.00881267393844136,0.030497237133468275,2042,0.31047992164544563
Squeeze breakout,"{""kk"": 1.5, ""lb"": 1}",1h,1,2.5,0.0070496112167699465,-0.1543983283657625,0.12298001448845941,-0.15825388529395368,0.07498440687190455,-0.23900676494492445,0.02265958637735483,0.03399833267725432,-0.00938727058686687,0.029746302814792014,2048,0.3076171875
Squeeze breakout,"{""kk"": 1.5, ""lb"": 1}",4h,0,0.0,-0.005906812859955646,-0.2168661082083151,0.12604752449770196,-0.22798605539725536,0.07247780223303857,-0.22798605539725536,0.04729584098370592,0.04288805884212619,-0.016788177709336896,0.04454097714521859,954,0.3165618448637317
Squeeze breakout,"{""kk"": 1.5, ""lb"": 1}",4h,0,2.5,-0.016147271990186285,-0.21878416302044823,0.09475398665908985,-0.22478481515530768,0.050157799126873126,-0.22478481515530768,0.045251188545566895,0.0375223990247831,-0.01563458405721243,0.04042069509507702,956,0.3064853556485356
Squeeze breakout,"{""kk"": 1.5, ""lb"": 1}",4h,1,0.0,0.018109612412877674,-0.1634598026631413,0.09313553879956049,-0.130897724705326,0.06369940369768834,-0.1634598026631413,0.015527204536570824,0.024994375805414193,-0.004381310353521052,0.02144418657959793,487,0.33059548254620125
Squeeze breakout,"{""kk"": 1.5, ""lb"": 1}",4h,1,2.5,0.0017097444105305115,-0.17099257888692831,0.05870521933428541,-0.15205671996234738,0.036736581504140275,-0.17099257888692831,0.013811746580294406,0.019272156824323483,-0.004130936705882618,0.01722450298281258,489,0.3128834355828221
Squeeze breakout,"{""kk"": 1.5, ""lb"": 6}",1h,0,0.0,-0.09300510027660958,-0.2880457517351126,0.09573634147760934,-0.29319434067219563,0.01702104236671964,-0.29319434067219563,0.037695054951448884,0.04789901705169971,-0.030481052598867027,0.04407253126410565,4432,0.3104693140794224
Squeeze breakout,"{""kk"": 1.5, ""lb"": 6}",1h,0,2.5,-0.09243681208619714,-0.27539183749592955,0.08435942080249537,-0.28247567951179275,0.010934272165078252,-0.28247567951179275,0.03567333519292296,0.04631521453557553,-0.030419298840415818,0.04232450978208082,4448,0.30800359712230213
Squeeze breakout,"{""kk"": 1.5, ""lb"": 6}",1h,1,0.0,0.02673811448184038,-0.16497548957486474,0.14257144116594977,-0.16166959136689718,0.0959125998680439,-0.16497548957486474,0.029331791424554308,0.03656952353161334,-0.010448537119585308,0.0338553739914662,2308,0.3188908145580589
Squeeze breakout,"{""kk"": 1.5, ""lb"": 6}",1h,1,2.5,0.026614368242136033,-0.16208618789804974,0.12203879138454687,-0.16902473992151212,0.08401741661307294,-0.1935681706874205,0.028195172761187597,0.035181416568392465,-0.011326476780516744,0.03256157514069064,2317,0.3163573586534312
Squeeze breakout,"{""kk"": 1.5, ""lb"": 6}",4h,0,0.0,-0.024647974989327137,-0.26191286836344496,0.17326430398086523,-0.24007012973900577,0.09085899548775522,-0.26191286836344496,0.05114765268261242,0.050271490273838634,-0.019084346798773785,0.05060005117712881,1072,0.31902985074626866
Squeeze breakout,"{""kk"": 1.5, ""lb"": 6}",4h,0,2.5,-0.03010483210531878,-0.257149846740806,0.1224052389890975,-0.23697697698955789,0.059892428653245844,-0.257149846740806,0.04975467173275047,0.04152688413583176,-0.017557995172328138,0.044612304484676284,1078,0.3098330241187384
Squeeze breakout,"{""kk"": 1.5, ""lb"": 6}",4h,1,0.0,0.012345792323937177,-0.1806960179897834,0.1252213856478781,-0.13296717175978945,0.07984130370729736,-0.1806960179897834,0.020382463486423388,0.03131612183278964,-0.005766889466684515,0.027215999952902293,561,0.33689839572192515
Squeeze breakout,"{""kk"": 1.5, ""lb"": 6}",4h,1,2.5,0.00015998974782305275,-0.1935646531693963,0.07082129829901551,-0.15281642403783802,0.043182585698035014,-0.1935646531693963,0.019316109450284738,0.022026838074927054,-0.0054285307550053855,0.021010314840686186,567,0.32098765432098764
Squeeze breakout,"{""kk"": 2.0, ""lb"": 6}",1h,0,0.0,-0.21569116941700717,-0.4505431420899777,0.06878850731091779,-0.37466085727159837,-0.05383608925673966,-0.4505431420899777,0.03417815970476309,0.05700521577771913,-0.043703868988551865,0.048445069750360614,6303,0.32000634618435664
Squeeze breakout,"{""kk"": 2.0, ""lb"": 6}",1h,0,2.5,-0.23446110258364672,-0.45648613604520105,0.04473224636246087,-0.3661176681545234,-0.07565918220441847,-0.465618487499319,0.02994106054201833,0.054047061791934185,-0.044407879401041024,0.04500731132321575,6341,0.31603847973505755
Squeeze breakout,"{""kk"": 2.0, ""lb"": 6}",1h,1,0.0,-0.053250025203994245,-0.2159866828966227,0.12696350577404902,-0.22229875348851802,0.053117397630252805,-0.22778761984058005,0.02227922099260006,0.043068636585381154,-0.016200028040768567,0.03527260573808824,3317,0.32469098583056977
Squeeze breakout,"{""kk"": 2.0, ""lb"": 6}",1h,1,2.5,-0.06879615946656104,-0.21830784725691943,0.0972590398624833,-0.2302473633969806,0.029551658572488204,-0.29586172554995893,0.018827496223965783,0.04026263038428953,-0.01734667788257757,0.03222445507416812,3340,0.3206586826347305
Squeeze breakout,"{""kk"": 2.0, ""lb"": 6}",4h,0,0.0,0.008379562848435107,-0.3157538967540373,0.16408560932789418,-0.3305265245380036,0.10030584866091696,-0.3305265245380036,0.07137730717991025,0.07107965184046469,-0.032225913563878904,0.07119127259275677,1557,0.3236994219653179
Squeeze breakout,"{""kk"": 2.0, ""lb"": 6}",4h,0,2.5,-0.007570803728176312,-0.2997489396228289,0.13191510979913512,-0.3262772286027644,0.0751015964562185,-0.3262772286027644,0.06757344832755968,0.06531487123504025,-0.030747584796912406,0.06616183764473503,1571,0.316995544239338
Squeeze breakout,"{""kk"": 2.0, ""lb"": 6}",4h,1,0.0,0.07168411655259876,-0.20743942620112044,0.19575644772700374,-0.17297769571442845,0.14572866905667436,-0.20743942620112044,0.03301568251841331,0.056251250454788654,-0.009839967546158547,0.047537912478647894,852,0.3415492957746479
Squeeze breakout,"{""kk"": 2.0, ""lb"": 6}",4h,1,2.5,0.03959873275624837,-0.21020738113225856,0.15487201489279356,-0.19447704059299742,0.10852506268495743,-0.21020738113225856,0.02952090284016541,0.05010359008511659,-0.010124493205128371,0.042385082368259906,864,0.3298611111111111
Squeeze breakout,"{""kk"": 2.0, ""lb"": 12}",1h,0,0.0,-0.20858262054287735,-0.4510672158841371,0.07751475472122582,-0.3747899078937671,-0.045351732161492464,-0.4510672158841371,0.0371331145922023,0.05808976326337946,-0.04264670996571631,0.05023102001168803,6446,0.32128451753025133
Squeeze breakout,"{""kk"": 2.0, ""lb"": 12}",1h,0,2.5,-0.23281261256832253,-0.4597207947030568,0.051866084973742455,-0.36647730399449907,-0.07067077057163362,-0.4597207947030568,0.03188060733225284,0.05451763125046423,-0.04341189844406898,0.04602874728113496,6494,0.3169079149984601
Squeeze breakout,"{""kk"": 2.0, ""lb"": 12}",1h,1,0.0,-0.04169850184440749,-0.21480498201295672,0.13649391990489668,-0.2209855896887044,0.06406671216731796,-0.2209855896887044,0.026273838942234118,0.045230444815461755,-0.01684526835580189,0.03812171761300139,3393,0.32567049808429116
Squeeze breakout,"{""kk"": 2.0, ""lb"": 12}",1h,1,2.5,-0.06287759296388484,-0.21920071171497935,0.10427360540200392,-0.2342369151472613,0.036574189921157796,-0.2738820287471,0.02175216293248698,0.04186767251737592,-0.018050610364161356,0.03432435642304257,3423,0.3210633946830266
Squeeze breakout,"{""kk"": 2.0, ""lb"": 12}",4h,0,0.0,0.005109070062887966,-0.31815365840194954,0.1311877214351913,-0.33872608414516125,0.08016230320212303,-0.33872608414516125,0.0725385481636718,0.06970121669910978,-0.03312951834504586,0.07076521599832054,1608,0.3215174129353234
Squeeze breakout,"{""kk"": 2.0, ""lb"": 12}",4h,0,2.5,-0.011479722274597925,-0.3029270538940876,0.10515992852941891,-0.3339817272783201,0.05812985716398078,-0.3339817272783201,0.06871775339391913,0.0643355470816072,-0.031698751809084644,0.06597887444872418,1622,0.3150431565967941
Squeeze breakout,"{""kk"": 2.0, ""lb"": 12}",4h,1,0.0,0.0707423146323356,-0.2092861571672937,0.1862451632704616,-0.188463988292209,0.13985836960658915,-0.2092861571672937,0.033321364095613135,0.05600334730429961,-0.010452538835430944,0.04749760360104218,885,0.33785310734463275
Squeeze breakout,"{""kk"": 2.0, ""lb"": 12}",4h,1,2.5,0.0385337652050306,-0.21223583240558375,0.1463968753327407,-0.21118013388725865,0.10319102240561207,-0.21223583240558375,0.02980956352923673,0.04991868604967496,-0.010644209753076242,0.04237776510451063,897,0.326644370122631
Squeeze breakout,"{""kk"": 1.5, ""lb"": 12}",1h,0,0.0,-0.09953414928634319,-0.2988430445930761,0.1044813018700883,-0.3147392123825573,0.01939183636524744,-0.3147392123825573,0.04060950104457951,0.052693493494878944,-0.032462412945013744,0.048161996326016664,4710,0.3129511677282378
Squeeze breakout,"{""kk"": 1.5, ""lb"": 12}",1h,0,2.5,-0.1102865297875415,-0.29694435761612337,0.09168541142171849,-0.307771009712678,0.0074437057407694684,-0.307771009712678,0.03704788645576012,0.050400998219742685,-0.0321121322495875,0.04539358130824922,4733,0.3097401225438411
Squeeze breakout,"{""kk"": 1.5, ""lb"": 12}",1h,1,0.0,0.005343610131585352,-0.18525106378469014,0.1468943910194087,-0.16703336575138739,0.0896746414728693,-0.18525106378469014,0.027673697468503393,0.040384102137752086,-0.012421731374697431,0.03561770038678382,2470,0.3202429149797571
Squeeze breakout,"{""kk"": 1.5, ""lb"": 12}",1h,1,2.5,-0.0023944252786732845,-0.18649473143351825,0.12667797040403994,-0.17331228537214072,0.07479605677202561,-0.21303025371145312,0.02525418652283283,0.03868975859056456,-0.013106672847646411,0.03365141906516516,2485,0.31670020120724346
Squeeze breakout,"{""kk"": 1.5, ""lb"": 12}",4h,0,0.0,-0.0074117901227201965,-0.2638601492908724,0.16437266739670298,-0.26159282023661623,0.09353823837081077,-0.2638601492908724,0.05508893207367549,0.05054711611198504,-0.02074193919272236,0.05225029709761896,1151,0.3205907906168549
Squeeze breakout,"{""kk"": 1.5, ""lb"": 12}",4h,0,2.5,-0.012351639854252583,-0.24774386966141515,0.1147596997218745,-0.25853964880568747,0.0632517839444604,-0.25853964880568747,0.05370318899792147,0.041998217258544614,-0.019133718532524283,0.04638758166081094,1159,0.31233822260569455
Squeeze breakout,"{""kk"": 1.5, ""lb"": 12}",4h,1,0.0,0.03230947296859532,-0.1710828407219308,0.12114054541677732,-0.14439406994397885,0.08594778105934386,-0.1710828407219308,0.022248371959764552,0.031411510256451815,-0.006017374324614196,0.02797533339519409,611,0.3355155482815057
Squeeze breakout,"{""kk"": 1.5, ""lb"": 12}",4h,1,2.5,0.01938043272758949,-0.17966821996631344,0.0710560714895152,-0.15399494811870917,0.05129857258681536,-0.17966821996631344,0.021181864150898868,0.022888442392054714,-0.005664606730167734,0.02224847555162127,618,0.3220064724919094
Squeeze breakout,"{""kk"": 2.0, ""lb"": 1}",1h,0,0.0,-0.20414469543114022,-0.43397785750586504,0.10826158281169485,-0.34369916115477295,-0.0285352799007329,-0.43397785750586504,0.03409261008248903,0.05925648711079689,-0.04060193889672746,0.04982003322518144,5983,0.31990640147083405
Squeeze breakout,"{""kk"": 2.0, ""lb"": 1}",1h,0,2.5,-0.2203940149617165,-0.4387271868099951,0.08577300593024151,-0.33469742916783696,-0.048285217653404766,-0.4387271868099951,0.030051563787464715,0.05666474087594061,-0.04112977083805692,0.04668479946776214,6012,0.31603459747172324
Squeeze breakout,"{""kk"": 2.0, ""lb"": 1}",1h,1,0.0,-0.047318028301120196,-0.19553953528279133,0.1558426402272961,-0.20913194243388122,0.07060636911506069,-0.2136682559136205,0.02080631653977367,0.04544777922956456,-0.014180748496902547,0.03620723072089298,3145,0.32527821939586643
Squeeze breakout,"{""kk"": 2.0, ""lb"": 1}",1h,1,2.5,-0.05886770039298339,-0.19446126192416202,0.1293845481045739,-0.22180767295340897,0.05071259483784063,-0.2745906518540795,0.01791822297091736,0.043096726437213295,-0.01520697484858674,0.03365478763735232,3160,0.3218354430379747
Squeeze breakout,"{""kk"": 2.0, ""lb"": 1}",4h,0,0.0,-0.043082514664571914,-0.3173558864203162,0.16455879498844417,-0.30414345127057296,0.07773979552671029,-0.3173558864203162,0.05960835121834507,0.06731183868198881,-0.030452524766594484,0.0644230308831224,1482,0.32051282051282054
Squeeze breakout,"{""kk"": 2.0, ""lb"": 1}",4h,0,2.5,-0.058666415957155826,-0.2996089282016634,0.13502563391429057,-0.30005886947705973,0.05432795241080646,-0.30005886947705973,0.05501468677737528,0.06162514281293688,-0.0284645297610907,0.05914622179960128,1494,0.3132530120481928
Squeeze breakout,"{""kk"": 2.0, ""lb"": 1}",4h,1,0.0,0.020363761394962987,-0.21619327910892994,0.18061962157592037,-0.17038447742531837,0.1149026999364604,-0.21619327910892994,0.02082457966702876,0.05235606556206287,-0.009127288173687284,0.04053175835142508,795,0.33584905660377357
Squeeze breakout,"{""kk"": 2.0, ""lb"": 1}",4h,1,2.5,-0.009715610213365311,-0.2223092609087277,0.14432061355734782,-0.1869201317225262,0.08120937305417875,-0.2223092609087277,0.01690854692055864,0.04648064917415708,-0.008912691259000363,0.035391110829057666,805,0.3242236024844721
Volatility breakout,"{""k"": 0.3, ""tf"": 0}",1h,0,0.0,-0.9472705128107493,-0.9954732541639535,-0.9490805630935252,-0.9997187975202414,-0.9481441570837499,-0.999998712612263,-0.1535641848174734,-0.18188092897425331,-0.2728442923083455,-0.17126214991546085,79690,0.26150081566068517
Volatility breakout,"{""k"": 0.3, ""tf"": 0}",1h,0,2.5,-0.9486279543520683,-0.9956847209265891,-0.9511452729847502,-0.999749011892681,-0.9499397343257142,-0.9999989046166335,-0.15477791814232214,-0.18755057563034475,-0.27179924527002564,-0.17526082907233628,79706,0.2613354076230146
Volatility breakout,"{""k"": 0.3, ""tf"": 0}",1h,1,0.0,-0.7141978860603675,-0.9031095795108424,-0.8046230181440466,-0.9887100317201445,-0.7717118730503845,-0.9988936878719449,-0.09353230306791606,-0.1268295186442581,-0.09635064707836616,-0.11434306280312982,41268,0.26671997673742365
Volatility breakout,"{""k"": 0.3, ""tf"": 0}",1h,1,2.5,-0.7155914866243105,-0.9039744552397465,-0.8129113872402695,-0.9899770583960982,-0.7779995783132854,-0.9990266117696852,-0.09405228709300002,-0.1321504802538327,-0.0962845988508376,-0.11786365781852044,41278,0.2664857793497747
Volatility breakout,"{""k"": 0.3, ""tf"": 0}",4h,0,0.0,-0.5106302501444617,-0.7587960459183016,-0.4156055411887687,-0.79433026804001,-0.45185829709318015,-0.9398906391929397,0.004806205813905895,0.0018383746471237823,-0.10709581294151549,0.0029513113346670747,19058,0.2980375695246091
Volatility breakout,"{""k"": 0.3, ""tf"": 0}",4h,0,2.5,-0.5272832303927857,-0.7690924423922227,-0.42888909749408355,-0.8009942381321525,-0.4667979928541828,-0.9457895332818514,0.0006509632750652835,-0.0009461438211549508,-0.1082140588564244,-0.00034722866007236286,19058,0.2978801553153531
Volatility breakout,"{""k"": 0.3, ""tf"": 0}",4h,1,0.0,-0.20177393656490794,-0.4058717475143856,-0.26166924687243875,-0.5967006333201021,-0.2330251389196213,-0.7108120455511516,0.0053688295388202795,-0.0038785791304487118,-0.03740069959541497,-0.00041080087947284,9891,0.29865534324133053
Volatility breakout,"{""k"": 0.3, ""tf"": 0}",4h,1,2.5,-0.2218483079298903,-0.4215965999163841,-0.2785044274567098,-0.618852621475662,-0.25122413744827066,-0.7409509651269288,0.0019463392625941693,-0.00682017635520733,-0.038468387808148555,-0.003532732998531768,9891,0.2983520372055404
Volatility breakout,"{""k"": 0.3, ""tf"": 50}",1h,0,0.0,-0.8265723865487313,-0.9597960311182602,-0.8165065592975995,-0.9904971333241446,-0.8202422462179559,-0.9996161933304928,-0.11380906363377497,-0.11930694749012419,-0.15462259762560826,-0.11724524104399324,47035,0.2525991283087063
Volatility breakout,"{""k"": 0.3, ""tf"": 50}",1h,0,2.5,-0.8326191255949748,-0.9623298795128917,-0.821063119433028,-0.9911311820546035,-0.8254275498137776,-0.9996643770099095,-0.11647711355583251,-0.12260020385163685,-0.1538814306872957,-0.12030404499071022,47047,0.25247093332199716
Volatility breakout,"{""k"": 0.3, ""tf"": 50}",1h,1,0.0,-0.5497239368937177,-0.7752678481660265,-0.6298218249466359,-0.9347127589659547,-0.5989946694519026,-0.985260509234166,-0.07820701202854725,-0.0859469248548001,-0.05074995253449448,-0.08304445754495528,25542,0.2571059431524548
Volatility breakout,"{""k"": 0.3, ""tf"": 50}",1h,1,2.5,-0.5530143273201882,-0.7782711005963339,-0.6407367344679473,-0.9398639386531163,-0.6072760800985052,-0.9866048915376447,-0.07947013638990809,-0.08923633180448526,-0.05121948153931888,-0.08557400852401881,25548,0.25696727728197905
Volatility breakout,"{""k"": 0.3, ""tf"": 50}",4h,0,0.0,-0.26637980218109014,-0.48674160126470467,-0.14486096545246652,-0.4511551048664979,-0.1948324856808139,-0.6564418033642937,0.008900554613977688,0.01846869251693141,-0.047362575477559385,0.014880640803323764,10768,0.300334323922734
Volatility breakout,"{""k"": 0.3, ""tf"": 50}",4h,0,2.5,-0.27880865137769606,-0.4936753059518827,-0.16348122904155105,-0.4617086064839019,-0.21079916803730914,-0.6800711618635829,0.004486307718462923,0.01595664101929054,-0.04780797823128346,0.011655266031480182,10770,0.2999071494893222
Volatility breakout,"{""k"": 0.3, ""tf"": 50}",4h,1,0.0,-0.11913414694806335,-0.28211502350248097,-0.03228584065073947,-0.2631719710058186,-0.06704236389240781,-0.3548872528760806,0.0008731201142035837,0.01562630065874775,-0.01543140825837195,0.010093857954543687,6375,0.3035294117647059
Volatility breakout,"{""k"": 0.3, ""tf"": 50}",4h,1,2.5,-0.1324215802906541,-0.28935680372295236,-0.05169807899641643,-0.2689556917578938,-0.08389128715814764,-0.3901793222607641,-0.003355752241667743,0.013099247711584475,-0.015583114626303962,0.006928622729114893,6377,0.30280696252156186
Volatility breakout,"{""k"": 0.3, ""tf"": 200}",1h,0,0.0,-0.7591398065596621,-0.9265596927758852,-0.7750881730465314,-0.9833817967503897,-0.768869812655934,-0.9987853478283911,-0.10360019618981152,-0.12399150628345915,-0.10679617222703951,-0.11634476499834129,41075,0.2593791844187462
Volatility breakout,"{""k"": 0.3, ""tf"": 200}",1h,0,2.5,-0.7620483063321092,-0.9281782506941609,-0.7830730961538195,-0.9849521676599399,-0.7749190589354634,-0.9989243690201709,-0.10663039359727115,-0.12791503009930477,-0.10703947404398916,-0.11993329141104218,41080,0.25927458617332033
Volatility breakout,"{""k"": 0.3, ""tf"": 200}",1h,1,0.0,-0.5119345502365344,-0.7408765634344826,-0.6003000808266827,-0.9193998025470688,-0.5672476982205072,-0.9792137483807483,-0.06928274336062984,-0.09334866526167925,-0.037123133730053784,-0.08432394454878571,24848,0.2659368963296845
Volatility breakout,"{""k"": 0.3, ""tf"": 200}",1h,1,2.5,-0.5125778830222598,-0.7415027590065608,-0.6140950570705999,-0.9268105621133114,-0.5764832006762133,-0.9811705470172434,-0.07092300736152042,-0.09710572289483901,-0.03781829031054809,-0.08728720456984455,24853,0.26580292117651794
Volatility breakout,"{""k"": 0.3, ""tf"": 200}",4h,0,0.0,-0.20085869195658856,-0.38932621914974597,-0.2075309409973649,-0.531327225607667,-0.2002740169120094,-0.6545474246442322,0.013701214918287205,-0.006149643804423407,-0.03435507867606535,0.0012944282165930725,9375,0.29706666666666665
Volatility breakout,"{""k"": 0.3, ""tf"": 200}",4h,0,2.5,-0.21209635636989366,-0.39505113834909034,-0.2238752508347157,-0.5411096312085081,-0.21466193447372706,-0.6771248672868155,0.011122466923713992,-0.008852709301533339,-0.03465640479318432,-0.0013620182170655897,9375,0.29674666666666666
Volatility breakout,"{""k"": 0.3, ""tf"": 200}",4h,1,0.0,-0.14701781277823756,-0.30846321099550544,-0.12789124263705787,-0.3807623971953439,-0.13065383256089302,-0.4855792615047769,0.002828639384272321,-0.003607482005609401,-0.018856306922388356,-0.0011939364844037552,6806,0.3007640317367029
Volatility breakout,"{""k"": 0.3, ""tf"": 200}",4h,1,2.5,-0.15924399517477794,-0.3185376397144113,-0.1457054960155234,-0.4027527763265494,-0.14628497104727411,-0.5266275226151307,0.00026223254071639564,-0.006364526427962732,-0.018922147755922374,-0.003879491814708059,6806,0.3003232441962974
Volatility breakout,"{""k"": 0.5, ""tf"": 0}",1h,0,0.0,-0.8949184242955425,-0.9839628399316104,-0.8998962048700151,-0.9982004128647114,-0.8976601720869082,-0.9999709681847805,-0.12688500535880343,-0.15214198975687557,-0.21341619708624943,-0.14267062060759853,60402,0.25653124068739447
Volatility breakout,"{""k"": 0.5, ""tf"": 0}",1h,0,2.5,-0.8985217190851528,-0.9849571357892283,-0.9036366512179465,-0.9983790983702153,-0.9013560832827099,-0.9999754720619082,-0.12896891398170596,-0.15693390915645802,-0.21347014995077943,-0.14644703596592598,60414,0.2563975237527725
Volatility breakout,"{""k"": 0.5, ""tf"": 0}",1h,1,0.0,-0.6140435681445686,-0.8310551228279806,-0.7141746056985867,-0.9679064444780774,-0.6770067359977855,-0.994545729053006,-0.07668031681513798,-0.10533772292210092,-0.07401555527636533,-0.09459119563198981,31376,0.2606132075471698
Volatility breakout,"{""k"": 0.5, ""tf"": 0}",1h,1,2.5,-0.6164367982522179,-0.8329718066980393,-0.7237183117719144,-0.9707640691143362,-0.6842994130754433,-0.9950877489152181,-0.07731319268199247,-0.10986607243790833,-0.07410793568958679,-0.09765874252943989,31380,0.2604525175270873
Volatility breakout,"{""k"": 0.5, ""tf"": 0}",4h,0,0.0,-0.39568340370796296,-0.6611590471017734,-0.3113939757466032,-0.6839208627200395,-0.3427275444836876,-0.8600354169703993,0.01526221904508999,0.004194751543235572,-0.08013300764466597,0.008345051856430979,14347,0.2974140935387189
Volatility breakout,"{""k"": 0.5, ""tf"": 0}",4h,0,2.5,-0.4135739111449347,-0.6723095672685657,-0.32356294739839475,-0.6907840053641994,-0.3574865297795582,-0.8727111649518463,0.0105426538807147,0.001965470423840743,-0.08129888017465853,0.0051819142201684765,14347,0.2972049905903673
Volatility breakout,"{""k"": 0.5, ""tf"": 0}",4h,1,0.0,-0.07430451373853675,-0.2746828266383907,-0.1940805711806236,-0.5086492849838382,-0.14334395609542416,-0.5242880711698604,0.01789787120384767,-0.0009673807227514948,-0.027816143947078188,0.0061070887497231925,7458,0.3000804505229284
Volatility breakout,"{""k"": 0.5, ""tf"": 0}",4h,1,2.5,-0.09324006262316398,-0.2837161619234768,-0.21018621484963096,-0.5267782213637499,-0.16061502354373847,-0.5666897208173073,0.014539397841064998,-0.003385367167650936,-0.028919574602511565,0.0033364197106175394,7458,0.2996781979082864
Volatility breakout,"{""k"": 0.5, ""tf"": 50}",1h,0,0.0,-0.7414703543342526,-0.9163757046444122,-0.7372578209065251,-0.9745321972992972,-0.7384817516599863,-0.997860475971071,-0.09427569663052023,-0.10053243203775154,-0.11944722451066705,-0.09818615626003979,37175,0.2517283120376597
Volatility breakout,"{""k"": 0.5, ""tf"": 50}",1h,0,2.5,-0.7507374084732163,-0.9217918680910249,-0.7418915546911387,-0.9757466888888682,-0.745007841212973,-0.9980944683327917,-0.09629553544443883,-0.10285336868971043,-0.11901905508233857,-0.10039418122273358,37185,0.25160683071130835
Volatility breakout,"{""k"": 0.5, ""tf"": 50}",1h,1,0.0,-0.45522316444035904,-0.6797982015698727,-0.5470500960926263,-0.886370356961436,-0.5115983990563844,-0.9634482117115768,-0.06339239546189945,-0.07361946687011282,-0.038896466721911445,-0.0697843150920328,20193,0.25429604318328136
Volatility breakout,"{""k"": 0.5, ""tf"": 50}",1h,1,2.5,-0.4594764462375436,-0.6843690457250116,-0.5563509571105223,-0.8926633857584736,-0.5191431315488735,-0.9659653960828029,-0.0637914987810274,-0.0759105234703848,-0.03929483038862005,-0.07136588921187577,20197,0.2541961677476853
Volatility breakout,"{""k"": 0.5, ""tf"": 50}",4h,0,0.0,-0.18434169446717574,-0.399227038411088,-0.0781932610216407,-0.32253840482227325,-0.12128779238169474,-0.4729202523504106,0.02087658919027935,0.018983499960779075,-0.03491762809053946,0.01969340842184168,8459,0.3039366355361154
Volatility breakout,"{""k"": 0.5, ""tf"": 50}",4h,0,2.5,-0.19357488453535365,-0.40146671513422116,-0.09378147884048083,-0.33329997703167347,-0.13417560292913522,-0.5011227608113786,0.017615914572932694,0.017100366372238676,-0.035287454107285426,0.017293696947498934,8459,0.3035819836860149
Volatility breakout,"{""k"": 0.5, ""tf"": 50}",4h,1,0.0,-0.032166094954285795,-0.18889099161097944,-0.01888909724649701,-0.2390498715102265,-0.02319982752376637,-0.2390498715102265,0.011469330478324633,0.014396759987225161,-0.011585243159519712,0.013298973921387463,4975,0.30592964824120605
Volatility breakout,"{""k"": 0.5, ""tf"": 50}",4h,1,2.5,-0.041988836797731355,-0.18018852832601318,-0.035074309911186874,-0.2353686866982514,-0.036827518155947314,-0.2353686866982514,0.008375989859277603,0.012472154233904471,-0.011763269643548853,0.010936092593419397,4975,0.30532663316582914
Volatility breakout,"{""k"": 0.5, ""tf"": 200}",1h,0,0.0,-0.6687293825357388,-0.8682220573776264,-0.6787561489261712,-0.9557679879153547,-0.6749304363509269,-0.994201598889541,-0.08523123238538222,-0.0976955943891221,-0.08138973264854303,-0.09302145863771966,31750,0.2578267716535433
Volatility breakout,"{""k"": 0.5, ""tf"": 200}",1h,0,2.5,-0.6732622385422109,-0.8715107872034235,-0.6874126608937409,-0.9589645759180591,-0.6819661834587458,-0.9947548920512018,-0.08797565235331722,-0.10065387663515138,-0.08154286888115994,-0.09589954252946357,31753,0.2577709192832173
Volatility breakout,"{""k"": 0.5, ""tf"": 200}",1h,1,0.0,-0.41835331720735136,-0.6414804535028154,-0.5084650843232883,-0.8577708997029408,-0.4745849532943812,-0.9492740560364881,-0.054938397202071575,-0.07535005091394584,-0.02903196036413485,-0.067695680771993,19220,0.2621227887617066
Volatility breakout,"{""k"": 0.5, ""tf"": 200}",1h,1,2.5,-0.4208045828565087,-0.6442471666728613,-0.5211399817809803,-0.8676170120246578,-0.48361879851404077,-0.9531500228717693,-0.05616360396222526,-0.07819709085315886,-0.02974440243112731,-0.06993453326905875,19223,0.2620818810799563
Volatility breakout,"{""k"": 0.5, ""tf"": 200}",4h,0,0.0,-0.12188538706338126,-0.31821586295033133,-0.1412398698294054,-0.420297587374971,-0.1293312329354076,-0.486860184760592,0.023392560081761802,-0.0017416051738491812,-0.026162153821016013,0.007683706797004937,7258,0.2988426563791678
Volatility breakout,"{""k"": 0.5, ""tf"": 200}",4h,0,2.5,-0.13111777225933696,-0.3261988717964701,-0.1567250636960913,-0.43871753166806615,-0.14240793616369052,-0.5212497076601879,0.020757488359970194,-0.003900175202728784,-0.02649927023896416,0.005346448633283332,7258,0.29842931937172773
Volatility breakout,"{""k"": 0.5, ""tf"": 200}",4h,1,0.0,-0.04237439171470603,-0.2147713958675861,-0.09133180024262166,-0.32302043811173264,-0.06756335000682967,-0.32302043811173264,0.014539961366532104,-0.0014239795169052939,-0.013573902355219075,0.00456249831438373,5235,0.30162368672397327
Volatility breakout,"{""k"": 0.5, ""tf"": 200}",4h,1,2.5,-0.05271987745786677,-0.21177061824066845,-0.10827630978619418,-0.34565912253411224,-0.08202025350392361,-0.3460383998047958,0.011903971738631423,-0.003674762787563083,-0.013756604807825083,0.0021672626597598562,5235,0.30105062082139444
Volatility breakout,"{""k"": 0.7, ""tf"": 0}",1h,0,0.0,-0.8093942029852281,-0.9521909134766655,-0.8167949529497679,-0.9905552517989938,-0.813662309129042,-0.9995474466534569,-0.09767346515507527,-0.11929926066830839,-0.16107309505977668,-0.11118958735084598,44165,0.2535265481716291
Volatility breakout,"{""k"": 0.7, ""tf"": 0}",1h,0,2.5,-0.814016047862994,-0.9542959162209704,-0.8223306869774609,-0.9913144837223826,-0.8188451163277373,-0.9996023298385456,-0.09948273335723357,-0.12283996569117245,-0.16106645609931194,-0.11408100356594536,44175,0.2534238822863611
Volatility breakout,"{""k"": 0.7, ""tf"": 0}",1h,1,0.0,-0.48742247882775114,-0.7142167278737899,-0.6008746636805748,-0.9198631845992794,-0.5585586145177774,-0.9770470856994985,-0.0545060656366749,-0.0841511970606582,-0.051654363136600163,-0.07303427277666448,22865,0.26035425322545375
Volatility breakout,"{""k"": 0.7, ""tf"": 0}",1h,1,2.5,-0.4877696400834066,-0.7145716804599453,-0.6113856413150118,-0.9254924063854431,-0.5656791284344254,-0.9786955681097689,-0.05467965003473739,-0.0874170025196323,-0.05234533503659914,-0.07514049533779671,22868,0.26023263949623926
Volatility breakout,"{""k"": 0.7, ""tf"": 0}",4h,0,0.0,-0.2994118258380497,-0.5168983317192675,-0.17993785466729728,-0.48275902702388285,-0.22631194067586824,-0.7070998977837454,0.013649874164126503,0.006916083273198999,-0.052390482843140566,0.009441254857296813,10623,0.30076249646992376
Volatility breakout,"{""k"": 0.7, ""tf"": 0}",4h,0,2.5,-0.32028257920421466,-0.537994307416189,-0.1904974413988627,-0.49074340996718224,-0.24153319375127724,-0.72914230995788,0.009691882756419412,0.004774638109884114,-0.05357697986311468,0.006618604852334851,10623,0.30038595500329474
Volatility breakout,"{""k"": 0.7, ""tf"": 0}",4h,1,0.0,-0.02671055758488805,-0.15980736563322595,-0.10710881276419093,-0.3381787857820526,-0.07135044566049753,-0.3381787857820526,0.01764873817229647,0.005070926936111101,-0.0209557024789127,0.009787606149680614,5504,0.30523255813953487
Volatility breakout,"{""k"": 0.7, ""tf"": 0}",4h,1,2.5,-0.05251667435300378,-0.18075051288281063,-0.12204637181723321,-0.36357881062218855,-0.09052483596887151,-0.3942079791806855,0.014508925256447524,0.0028569697349358474,-0.022251610779504917,0.0072264530555027255,5504,0.30450581395348836
Volatility breakout,"{""k"": 0.7, ""tf"": 50}",1h,0,0.0,-0.6276193045574188,-0.8366812705538225,-0.632355687620892,-0.9360841943692404,-0.6299748937128316,-0.9895013486703951,-0.07079459064772846,-0.0783916803241782,-0.0887993230836155,-0.07554277169550955,28482,0.2540551927533179
Volatility breakout,"{""k"": 0.7, ""tf"": 50}",1h,0,2.5,-0.6384179396115031,-0.8452636488835104,-0.6379246402913202,-0.9386801565423153,-0.6376366715394973,-0.9904613582455706,-0.07243008165328411,-0.08027030899003494,-0.08838252810641387,-0.07733022373875338,28491,0.2539749394545646
Volatility breakout,"{""k"": 0.7, ""tf"": 50}",1h,1,0.0,-0.3425826852488586,-0.5463388110366851,-0.4537795402153749,-0.8104311929634587,-0.4110857821707192,-0.9135056466147933,-0.0438024852082384,-0.059668918964802246,-0.028264375865848332,-0.053719006306090805,15452,0.2595133316075589
Volatility breakout,"{""k"": 0.7, ""tf"": 50}",1h,1,2.5,-0.34467901676543566,-0.5489888777763194,-0.46345465078355264,-0.8194284511853218,-0.4181025470264067,-0.9181290698728884,-0.04395045722968058,-0.06159227572867472,-0.028827501174946424,-0.05497659379155192,15455,0.2594629569718538
Volatility breakout,"{""k"": 0.7, ""tf"": 50}",4h,0,0.0,-0.10877605252101685,-0.30644464659316206,-0.0013871900480805222,-0.16091591097804137,-0.044873079096268254,-0.30644464659316206,0.017944806696994362,0.018473468612773398,-0.018884269259459498,0.01827522039435626,6602,0.31263253559527415
Volatility breakout,"{""k"": 0.7, ""tf"": 50}",4h,0,2.5,-0.12241979642953305,-0.3042294521156309,-0.017470313790407865,-0.18552449357773915,-0.05994232505433461,-0.3042294521156309,0.015065831403107417,0.016423654082937635,-0.0191990709988262,0.015914470578001303,6602,0.3120266585883066
Volatility breakout,"{""k"": 0.7, ""tf"": 50}",4h,1,0.0,-0.0037195432955536845,-0.1383463700171509,0.022748801259162565,-0.1807459636312687,0.013082909695127265,-0.1807459636312687,0.010543317360249518,0.014847847388382896,-0.007198877407570851,0.013233648627832878,3832,0.3134133611691023
Volatility breakout,"{""k"": 0.7, ""tf"": 50}",4h,1,2.5,-0.017893524190203403,-0.14754557830531223,0.006805969125040612,-0.18567129474431565,-0.0021481303406146735,-0.18567129474431565,0.007847047298857693,0.012800762731426992,-0.0073124976065331165,0.010943119444213506,3832,0.3123695198329854
Volatility breakout,"{""k"": 0.7, ""tf"": 200}",1h,0,0.0,-0.5521031426435282,-0.7708420679286281,-0.5681961535941501,-0.9004660707677256,-0.561866120428989,-0.9772266984418612,-0.0617065724063279,-0.07638834711071893,-0.058698634012835996,-0.0708826815965723,23819,0.2597926025441874
Volatility breakout,"{""k"": 0.7, ""tf"": 200}",1h,0,2.5,-0.5561885372711168,-0.7746616768224935,-0.5782041504676728,-0.9066044001333613,-0.5695605372901307,-0.9790028824511686,-0.06350221933080824,-0.0787779643036332,-0.058976572830625136,-0.07304955993882382,23822,0.2597598858198304
Volatility breakout,"{""k"": 0.7, ""tf"": 200}",1h,1,0.0,-0.3060584251398911,-0.5014520943026961,-0.4110608773816534,-0.7666023893772806,-0.37126469833383147,-0.8838221712578618,-0.03849044452952731,-0.0596520098892988,-0.01832125874000365,-0.051716422879384494,14333,0.26623874973836603
Volatility breakout,"{""k"": 0.7, ""tf"": 200}",1h,1,2.5,-0.30653642397600245,-0.5020818477944977,-0.4235667913016401,-0.7797981534770118,-0.37946965903464536,-0.8906101262222171,-0.03899333961914117,-0.06195543131962094,-0.019006784101617664,-0.05334464693194103,14336,0.2661830357142857
Volatility breakout,"{""k"": 0.7, ""tf"": 200}",4h,0,0.0,-0.06869261634597446,-0.23389139084753774,-0.05134038426801035,-0.24149318457393953,-0.05453517772921268,-0.26071484541044443,0.01662233270241109,0.004383308380406296,-0.015025259770279333,0.008972942501158094,5509,0.30531856961335996
Volatility breakout,"{""k"": 0.7, ""tf"": 200}",4h,0,2.5,-0.08084825101523874,-0.23314716338270824,-0.0663059122553743,-0.2670677998534169,-0.06841181275989539,-0.3040948265593655,0.01452498152966671,0.0023926093458595493,-0.015435292683653463,0.0069422489147872345,5509,0.30459248502450537
Volatility breakout,"{""k"": 0.7, ""tf"": 200}",4h,1,0.0,-0.0056510245279025595,-0.13001822100629246,-0.03491271437343846,-0.20082985281767396,-0.019386295380682372,-0.20082985281767396,0.010527339377173131,0.004209929838266202,-0.008816686111090835,0.006578958415356301,3951,0.304986079473551
Volatility breakout,"{""k"": 0.7, ""tf"": 200}",4h,1,2.5,-0.01885183783170108,-0.13168732050773546,-0.0501628096133665,-0.23341154184318602,-0.033881923601796315,-0.23341154184318602,0.008432336444551929,0.0021851481078472607,-0.009000029618847646,0.004527843734111511,3951,0.30397367754998733
Volatility breakout,"{""k"": 1.0, ""tf"": 0}",1h,0,0.0,-0.6191645142908566,-0.8314220266140379,-0.6348759940943582,-0.9372981689383317,-0.6285436173183224,-0.9894148464713683,-0.06166260478671896,-0.08013378344959418,-0.09093253002207766,-0.07320709145101599,25811,0.25140443996745576
Volatility breakout,"{""k"": 1.0, ""tf"": 0}",1h,0,2.5,-0.6233709903761817,-0.8348218736274777,-0.642091731353803,-0.9406425087264082,-0.6345876066648591,-0.9901815217529477,-0.06231015912819033,-0.08246089674977115,-0.09124849159920875,-0.07490437014167835,25811,0.25136569679593973
Volatility breakout,"{""k"": 1.0, ""tf"": 0}",1h,1,0.0,-0.34517258613374535,-0.5437369590947718,-0.44935249819711887,-0.8062375994547474,-0.4097573431106466,-0.9114678713643001,-0.039163806998225664,-0.06130040794825946,-0.03166329058458373,-0.052999182591996784,13521,0.2560461504326603
Volatility breakout,"{""k"": 1.0, ""tf"": 0}",1h,1,2.5,-0.34545692160354446,-0.5441003092720089,-0.45868738687344546,-0.8151248528254993,-0.4158747299909028,-0.9155958229729572,-0.03886656343636484,-0.06340558794740603,-0.03240204950746153,-0.05420345375576558,13521,0.2559721914059611
Volatility breakout,"{""k"": 1.0, ""tf"": 0}",4h,0,0.0,-0.1521177603726508,-0.30512025589884895,-0.09194710280637186,-0.29865488681542895,-0.11400291485607417,-0.44604873884509455,0.01985364818141301,0.008925166436230359,-0.03236421553158303,0.013023347090673853,6498,0.30763311788242537
Volatility breakout,"{""k"": 1.0, ""tf"": 0}",4h,0,2.5,-0.1725249471382948,-0.3088696039581613,-0.09628258405086476,-0.3044343289203356,-0.1251126167184886,-0.4769922309222713,0.017165676265684215,0.008066440779201172,-0.0334855462833474,0.011478654086632312,6498,0.30701754385964913
Volatility breakout,"{""k"": 1.0, ""tf"": 0}",4h,1,0.0,-0.026231026659892742,-0.1671462336854972,-0.03125566988275019,-0.19374081730864445,-0.026513052727416997,-0.22267662492947393,0.009312547009782728,0.010704361462892508,-0.012680849311417997,0.010182431042976342,3357,0.3118856121537087
Volatility breakout,"{""k"": 1.0, ""tf"": 0}",4h,1,2.5,-0.0514929070688015,-0.18623115670957235,-0.04166051578988428,-0.18526311531250594,-0.04291323171312711,-0.25506044137034245,0.006397980527504855,0.00948403724830904,-0.013923028906246873,0.008326765978007472,3357,0.31069407208817396
Volatility breakout,"{""k"": 1.0, ""tf"": 50}",1h,0,0.0,-0.45629703190086124,-0.6729922181023487,-0.4749417741712928,-0.8299697335854644,-0.4671432380897368,-0.9441515033334921,-0.045989579800919986,-0.058953677577241285,-0.04983469253658425,-0.0540921409111208,18025,0.2551456310679612
Volatility breakout,"{""k"": 1.0, ""tf"": 50}",1h,0,2.5,-0.465135338972399,-0.6826770511730507,-0.48294935752465906,-0.836996118660458,-0.47547932433431483,-0.9480450906702061,-0.047041237599579,-0.060854165076989215,-0.05012921897249676,-0.055674317272960384,18025,0.25509015256588075
Volatility breakout,"{""k"": 1.0, ""tf"": 50}",1h,1,0.0,-0.24146488190017323,-0.40239515332913367,-0.34534173472117713,-0.6883845805529976,-0.30514398765697315,-0.812948922374584,-0.03213105229080745,-0.048861967328116054,-0.015323741527973445,-0.042587874189125324,9807,0.2594065463444478
Volatility breakout,"{""k"": 1.0, ""tf"": 50}",1h,1,2.5,-0.24362043688497304,-0.4055066321812759,-0.3553634140624288,-0.7013097011544616,-0.3123207158687401,-0.8216408904428312,-0.032065572234593054,-0.05072866843911939,-0.015945314198972008,-0.04373000736242202,9807,0.25930457836239423
Volatility breakout,"{""k"": 1.0, ""tf"": 50}",4h,0,0.0,-0.044941949896583844,-0.2211859222791538,0.021716284020835586,-0.14854462925855827,-0.004858017739906684,-0.2211859222791538,0.018839744460173717,0.014356248178504139,-0.01068839131828897,0.01603755928413023,4350,0.32045977011494253
Volatility breakout,"{""k"": 1.0, ""tf"": 50}",4h,0,2.5,-0.05391576900239292,-0.2179187911543783,0.009954919509610471,-0.18140380390436228,-0.015464700553643573,-0.2179187911543783,0.016921711777090256,0.013106056883888698,-0.010840052518099018,0.014536927468839283,4350,0.3195402298850575
Volatility breakout,"{""k"": 1.0, ""tf"": 50}",4h,1,0.0,-0.0011452098596579363,-0.14943711141744864,0.03872775587843713,-0.11048873459199926,0.023235481687184478,-0.14943711141744864,0.00509380486950512,0.013606649109302198,-0.0032992294643485534,0.010414332519378294,2489,0.3258336681398152
Volatility breakout,"{""k"": 1.0, ""tf"": 50}",4h,1,2.5,-0.01366301967290795,-0.1491225139725083,0.027348239008381237,-0.109454895759449,0.011386224296496605,-0.1491225139725083,0.0027655713447540067,0.012336156024506292,-0.0033043366180430175,0.008747186769599185,2489,0.3242265970269184
Volatility breakout,"{""k"": 1.0, ""tf"": 200}",1h,0,0.0,-0.39085630924631354,-0.5977004530536834,-0.41517455763023536,-0.7737033302952027,-0.40560761704767245,-0.9078403135737089,-0.04077881641761665,-0.05601322883071724,-0.030393270502858304,-0.050300324175804524,14803,0.2573127068837398
Volatility breakout,"{""k"": 1.0, ""tf"": 200}",1h,0,2.5,-0.3952161916904363,-0.6029598938411262,-0.4255934782918184,-0.7846028640058672,-0.4136633470673541,-0.9134274340453098,-0.041544268865988054,-0.058053234811871045,-0.030897646743396304,-0.05186237258216492,14803,0.2572451530095251
Volatility breakout,"{""k"": 1.0, ""tf"": 200}",1h,1,0.0,-0.2236421622575956,-0.3775799204813264,-0.3023414871989828,-0.6326564783333155,-0.2719835523424361,-0.7685435636782789,-0.03005050088033607,-0.04576182623581181,-0.009913063803419365,-0.03987007922750841,8859,0.26255785077322497
Volatility breakout,"{""k"": 1.0, ""tf"": 200}",1h,1,2.5,-0.22395811957889478,-0.37803405355261943,-0.31411916809445406,-0.6494359733514335,-0.2794898872278636,-0.779280886648668,-0.02993901252272742,-0.04778673710319455,-0.010682795003965975,-0.04109384038551938,8859,0.2624449712157128
Volatility breakout,"{""k"": 1.0, ""tf"": 200}",4h,0,0.0,-0.002724352629877913,-0.16136062967095666,0.010722027566300252,-0.15138273908776,0.007925521372140976,-0.16136062967095666,0.019473828365528578,0.008544741616497735,-0.010041889132291835,0.0126431491473843,3478,0.31771132834962623
Volatility breakout,"{""k"": 1.0, ""tf"": 200}",4h,0,2.5,-0.01281570292801959,-0.1587404171616542,-0.0002626618984686857,-0.1834191811349728,-0.002720080868498398,-0.1834191811349728,0.017843250483921644,0.007351369344119166,-0.010158757359092968,0.011285824771545097,3478,0.316561242093157
Volatility breakout,"{""k"": 1.0, ""tf"": 200}",4h,1,0.0,0.01392003807493003,-0.11587172353018893,0.016508257396609993,-0.11666818015111502,0.01810129803326821,-0.11666818015111502,0.008019220782898899,0.009578841108404368,-0.005431755269746208,0.008993983486339818,2459,0.3200488003253355
Volatility breakout,"{""k"": 1.0, ""tf"": 200}",4h,1,2.5,0.000595663970321958,-0.11750536449581117,0.005548413689380194,-0.12968326749765158,0.006168610493482829,-0.12968326749765158,0.005978493481737944,0.008347363693394358,-0.00547294355773139,0.007459037364023202,2459,0.3184221228141521
Capitulatie-koop,"{""m"": 1.5, ""k"": 2.0, ""tf"": 0}",1h,0,0.0,-0.1204994798681912,-0.3558037737631402,-0.1913035198819274,-0.481124381649611,-0.16316859826234908,-0.5998640087309128,0.011515857375859214,0.006078515740809613,-0.038796830214785895,0.008117518853953213,3988,0.5719658976930793
Capitulatie-koop,"{""m"": 1.5, ""k"": 2.0, ""tf"": 0}",1h,0,2.5,-0.20072728431371656,-0.426853834382359,-0.2163861514814096,-0.5142576273396025,-0.2096618048840061,-0.6860619860343218,0.010626295137203404,0.001922030840210609,-0.04692669434658787,0.005186129951582907,4472,0.5588103756708408
Capitulatie-koop,"{""m"": 1.5, ""k"": 2.0, ""tf"": 0}",1h,1,0.0,0.06131032454724905,-0.08302743687893144,-0.1214845661477767,-0.31758334242685204,-0.051912955490709844,-0.31758334242685204,0.011732007350554229,0.003480541854484357,-0.013832341480630526,0.006574841415510559,2068,0.5831721470019342
Capitulatie-koop,"{""m"": 1.5, ""k"": 2.0, ""tf"": 0}",1h,1,2.5,0.020427889487790507,-0.08890498401390845,-0.1049107045871972,-0.2798633844969224,-0.0561923349707768,-0.2798633844969224,0.008896169728345603,-0.00048493734323549196,-0.007035608527478754,0.0030329778086074185,2290,0.5746724890829694
Capitulatie-koop,"{""m"": 1.5, ""k"": 2.0, ""tf"": 0}",4h,0,0.0,-0.08705556027542172,-0.21272214581561133,0.09369591182752934,-0.16535806744533688,0.01735778009877076,-0.21272214581561133,0.0025607623579835506,0.00875553922827171,-0.008696555068366536,0.00643249790191365,880,0.5965909090909091
Capitulatie-koop,"{""m"": 1.5, ""k"": 2.0, ""tf"": 0}",4h,0,2.5,-0.10316278759144426,-0.23525574966298057,0.06878708462037708,-0.15663584678268294,-0.003712445981365442,-0.23525574966298057,0.0009363480029761506,0.006916561090727846,-0.01790335945618869,0.00467398118282096,963,0.5939771547248183
Capitulatie-koop,"{""m"": 1.5, ""k"": 2.0, ""tf"": 0}",4h,1,0.0,-0.03440055293329258,-0.08235752344685665,0.05186539097276177,-0.13463935838348873,0.016419303586910683,-0.13463935838348873,0.0040497968859123995,0.007165622062902958,-0.008194237788524975,0.005997187621531498,452,0.584070796460177
Capitulatie-koop,"{""m"": 1.5, ""k"": 2.0, ""tf"": 0}",4h,1,2.5,-0.030137037367102493,-0.08643170137031575,0.06607976912170765,-0.1566683376747562,0.02643524088770044,-0.1566683376747562,0.0010121714892681445,0.006042547061340065,-0.008166786856053085,0.004156156221813094,493,0.5801217038539553
Capitulatie-koop,"{""m"": 1.5, ""k"": 2.0, ""tf"": 200}",1h,0,0.0,-0.0396139518370322,-0.11619696602059892,-0.006030160241920157,-0.10081109239752539,-0.01960686114770227,-0.11619696602059892,0.0022680484350533986,0.004366951189554872,-0.006062376461536324,0.0035798626566168196,1063,0.5512699905926622
Capitulatie-koop,"{""m"": 1.5, ""k"": 2.0, ""tf"": 200}",1h,0,2.5,-0.04734616639207123,-0.11367081181938898,-0.027088233051278054,-0.10578703707884707,-0.03523161726636059,-0.1616946519484731,-0.00019855775947701874,0.0003025689205178539,-0.00677577211513624,0.00011464641551977665,1087,0.5482980680772769
Capitulatie-koop,"{""m"": 1.5, ""k"": 2.0, ""tf"": 200}",1h,1,0.0,0.010301968790216609,-0.04020509572350106,0.025620337515803948,-0.03167299693796277,0.019446242441630623,-0.04020509572350106,0.004081312607152832,0.003245892235613394,-0.0012759310910464006,0.003559174874940683,705,0.5758865248226951
Capitulatie-koop,"{""m"": 1.5, ""k"": 2.0, ""tf"": 200}",1h,1,2.5,0.002603670985575235,-0.037341243111929656,-0.005580292604460246,-0.05802873676458198,-0.002309465195322824,-0.06690730724245864,0.0024982777716014487,-0.0006467518932762687,-0.00237935109125427,0.0005326342310528753,722,0.5678670360110804
Capitulatie-koop,"{""m"": 1.5, ""k"": 2.0, ""tf"": 200}",4h,0,0.0,-0.0023432448126271543,-0.06495015067129484,0.04958086529538419,-0.03968706436946656,0.028452367525569455,-0.06495015067129484,0.002980011402875799,0.007189058581812683,-0.0018379117200737413,0.005610665889711351,207,0.6086956521739131
Capitulatie-koop,"{""m"": 1.5, ""k"": 2.0, ""tf"": 200}",4h,0,2.5,-0.001028905370798694,-0.05599311934424034,0.038834338924368605,-0.059003839262266045,0.02266878966315833,-0.059003839262266045,0.0028155104278907933,0.006058406639024224,-0.0033380588977966197,0.004842320559849188,207,0.6086956521739131
Capitulatie-koop,"{""m"": 1.5, ""k"": 2.0, ""tf"": 200}",4h,1,0.0,0.005196720113904263,-0.06495015067129462,0.049505299921648316,-0.04021630167224077,0.031511786562494315,-0.06495015067129462,0.002303425418513089,0.0075063554026935765,-0.000616181032562696,0.005555256658625894,178,0.6404494382022472
Capitulatie-koop,"{""m"": 1.5, ""k"": 2.0, ""tf"": 200}",4h,1,2.5,0.01143946225399639,-0.04523228605601404,0.03995740096216993,-0.06289308941669092,0.028424081567947068,-0.06289308941669092,0.002303425418512966,0.0062757731240701865,-0.0013219329230701668,0.004786142734486229,178,0.6404494382022472
Capitulatie-koop,"{""m"": 1.5, ""k"": 3.0, ""tf"": 0}",1h,0,0.0,-0.06497104144434895,-0.24749032483574862,-0.14541820447175569,-0.3976469101328438,-0.1138918543184787,-0.4689108185709563,0.010424467928182128,-0.001098691011252373,-0.025693721146167935,0.0032224935910355654,2485,0.5653923541247485
Capitulatie-koop,"{""m"": 1.5, ""k"": 3.0, ""tf"": 0}",1h,0,2.5,-0.1445470554858217,-0.33268042858374514,-0.15699931678520218,-0.4391441736186734,-0.15184455675509312,-0.5562702496204843,0.007758472209477563,-0.0016283916084353979,-0.0325238836061218,0.0018916823232819624,2775,0.5524324324324325
Capitulatie-koop,"{""m"": 1.5, ""k"": 3.0, ""tf"": 0}",1h,1,0.0,0.04056064152287875,-0.06681908372619738,-0.1038057188289786,-0.2856809530844058,-0.0484171430528455,-0.2856809530844058,0.00705581071572466,-0.0016511466237583447,-0.007329591057976197,0.0016139623785477823,1292,0.5789473684210527
Capitulatie-koop,"{""m"": 1.5, ""k"": 3.0, ""tf"": 0}",1h,1,2.5,0.0011447138322495665,-0.09984046690590609,-0.068057391642116,-0.24297975682207673,-0.04079290829918758,-0.24297975682207673,0.0038746939184447,-0.0017947608025336236,-0.001501929325772429,0.0003312847178332477,1414,0.5685997171145686
Capitulatie-koop,"{""m"": 1.5, ""k"": 3.0, ""tf"": 0}",4h,0,0.0,-0.0871598863522397,-0.18195162551093624,0.09247258321726393,-0.0799012558216915,0.016629312140999497,-0.18195162551093624,0.005667096924449814,0.005628819829318443,-0.010147163387293531,0.005643173739992707,452,0.6150442477876106
Capitulatie-koop,"{""m"": 1.5, ""k"": 3.0, ""tf"": 0}",4h,0,2.5,-0.09042313992308415,-0.18939001722745796,0.07658007483353368,-0.10423109805720321,0.006298737087222506,-0.18939001722745796,0.004943408817220181,0.005673673640074043,-0.01569492524595372,0.005399824331503845,495,0.6060606060606061
Capitulatie-koop,"{""m"": 1.5, ""k"": 3.0, ""tf"": 0}",4h,1,0.0,-0.038638166342517155,-0.08326290880345999,0.04489484808204369,-0.07990125582169139,0.010597601986134908,-0.08326290880345999,0.003917130010946142,0.0033553908281121073,-0.005647366932213176,0.0035660430216748703,227,0.5726872246696035
Capitulatie-koop,"{""m"": 1.5, ""k"": 3.0, ""tf"": 0}",4h,1,2.5,-0.02589845801825752,-0.06129610787804374,0.058671644993795624,-0.11689093687073715,0.0239412278540323,-0.11689093687073715,0.0032423135794848517,0.003716572740548796,-0.004663902827201673,0.0035387255551498167,252,0.5674603174603174
Capitulatie-koop,"{""m"": 1.5, ""k"": 3.0, ""tf"": 200}",1h,0,0.0,-0.008731676602092175,-0.048560334546268735,0.0034902720549894184,-0.043320955567800135,-0.0014214895222020019,-0.048560334546268735,7.902083025819924e-05,0.0005894412837467167,-0.0014243240813030175,0.00039803361368852264,489,0.5398773006134969
Capitulatie-koop,"{""m"": 1.5, ""k"": 3.0, ""tf"": 200}",1h,0,2.5,-0.01614229043543891,-0.05309161944876428,-0.013512697651229089,-0.06083166607681789,-0.01455799681649228,-0.07580444036285294,-0.0013148843964404027,-0.0013115053477828302,-0.001870478866518456,-0.0013127724910294198,494,0.5303643724696356
Capitulatie-koop,"{""m"": 1.5, ""k"": 3.0, ""tf"": 200}",1h,1,0.0,0.0036146917317716465,-0.031096170030414982,0.002882035496436508,-0.04347929819960605,0.00317348421377317,-0.04347929819960605,0.0011426472864609256,-0.0002642091952339924,-0.0004388366335899632,0.0002633619854016019,346,0.5433526011560693
Capitulatie-koop,"{""m"": 1.5, ""k"": 3.0, ""tf"": 200}",1h,1,2.5,-0.002348439098035393,-0.033988849736857674,-0.01264701335401186,-0.05778669856287899,-0.008530406195809803,-0.06008490892401075,0.0001232344765848856,-0.002017430274599508,-0.0011300935594154501,-0.0012146809929053602,350,0.5285714285714286
Capitulatie-koop,"{""m"": 1.5, ""k"": 3.0, ""tf"": 200}",4h,0,0.0,-0.012522616993604463,-0.06761145175705674,0.0274952899694465,-0.022416515420200067,0.011271126019556599,-0.06761145175705674,0.0014347853318043126,0.004177563455232481,-0.0006246788348729174,0.0031490216589469175,92,0.5978260869565217
Capitulatie-koop,"{""m"": 1.5, ""k"": 3.0, ""tf"": 200}",4h,0,2.5,-0.005621622149261762,-0.05562508857861537,0.023075280119409403,-0.027832607717129032,0.011477793993216912,-0.05562508857861537,0.0013256432031621844,0.0037131657364568213,-0.0011841594864734975,0.0028178447864713324,92,0.5978260869565217
Capitulatie-koop,"{""m"": 1.5, ""k"": 3.0, ""tf"": 200}",4h,1,0.0,-0.00990459098454044,-0.06573657014657353,0.02983723328169008,-0.022416515420200178,0.013725242296998674,-0.06573657014657353,0.0012449509855818732,0.0045258204223972715,-0.0001608101884570598,0.003295494383591497,79,0.6329113924050633
Capitulatie-koop,"{""m"": 1.5, ""k"": 3.0, ""tf"": 200}",4h,1,2.5,-0.002480722374619937,-0.050053810588474135,0.02577437841717134,-0.027832607717129698,0.014355355798813418,-0.050053810588474135,0.0012449509855818855,0.003957142307476806,-0.000565156318367753,0.0029400705617662107,79,0.6329113924050633
Capitulatie-koop,"{""m"": 2.5, ""k"": 2.0, ""tf"": 0}",1h,0,0.0,0.01823254000372132,-0.10370386340747728,-0.022389519544015357,-0.12838830769258525,-0.006315770018743727,-0.12838830769258525,0.010344777197189799,0.0007979648253665668,0.0003842124429538976,0.0043780194648002785,904,0.5763274336283186
Capitulatie-koop,"{""m"": 2.5, ""k"": 2.0, ""tf"": 0}",1h,0,2.5,-0.01579001440951222,-0.10903935165178524,-0.01520282408035134,-0.11851432115930527,-0.015428872317505227,-0.11851432115930527,0.0067656600025269974,0.0003842987079965517,-0.0011976453012964641,0.002777309193445469,949,0.5616438356164384
Capitulatie-koop,"{""m"": 2.5, ""k"": 2.0, ""tf"": 0}",1h,1,0.0,0.01688844436410042,-0.06424865660142054,-0.04669059300262668,-0.15187108164549556,-0.021707425642006783,-0.15187108164549556,0.0049074807351909095,-0.0002397347647345338,-0.00048225845811769585,0.0016904710477375073,439,0.5558086560364465
Capitulatie-koop,"{""m"": 2.5, ""k"": 2.0, ""tf"": 0}",1h,1,2.5,0.0005639940096349161,-0.0779595677390813,-0.03191976963546794,-0.12406461385671907,-0.01902802566762718,-0.12406461385671907,0.0026951299949098274,0.00015052310404308766,-0.0012539739361933297,0.001104750688118115,457,0.5448577680525164
Capitulatie-koop,"{""m"": 2.5, ""k"": 2.0, ""tf"": 0}",4h,0,0.0,-0.012885892832887103,-0.06605158853684223,0.09114688903911894,-0.0718665673361788,0.0481992540412588,-0.0718665673361788,0.0012972112870126686,0.005637216766491441,0.0006421759634516536,0.004009714711686901,174,0.6494252873563219
Capitulatie-koop,"{""m"": 2.5, ""k"": 2.0, ""tf"": 0}",4h,0,2.5,4.9602700018303025e-05,-0.044238156633024994,0.05860885843378871,-0.09855720991405348,0.03473526186866582,-0.09855720991405348,0.001502337512560249,0.005544864650363228,-0.003364312709163056,0.0040289169736871105,180,0.6222222222222222
Capitulatie-koop,"{""m"": 2.5, ""k"": 2.0, ""tf"": 0}",4h,1,0.0,-0.00016923234759280703,-0.021811939117901358,0.04727161335090968,-0.0718665673361788,0.02799121776303992,-0.0718665673361788,-0.000523252615190533,0.005720973458038562,-0.0013534066619645194,0.0033793886805776516,93,0.5698924731182796
Capitulatie-koop,"{""m"": 2.5, ""k"": 2.0, ""tf"": 0}",4h,1,2.5,-0.0013646746152153888,-0.022047543254613555,0.03304664240635091,-0.09855720991405337,0.019114023274235725,-0.09855720991405337,-0.0009397178662996373,0.005966934108186384,-0.004127468120739823,0.003376939617754126,97,0.5463917525773195
Capitulatie-koop,"{""m"": 2.5, ""k"": 2.0, ""tf"": 200}",1h,0,0.0,-0.025530663765984007,-0.05039134049728644,0.00650417848579643,-0.012647194213071034,-0.006445758222240694,-0.05039134049728644,-0.0013215906676043135,0.0007638196876377308,-0.0010603123188864597,-1.820919557803576e-05,118,0.4576271186440678
Capitulatie-koop,"{""m"": 2.5, ""k"": 2.0, ""tf"": 200}",1h,0,2.5,-0.023296684487162045,-0.04639414572610556,0.000852722429073971,-0.01658233453687663,-0.008884167233936702,-0.05026240093542622,-0.0017905502753807632,8.315295334707281e-05,-0.000854853809795289,-0.0006194857574258658,119,0.46218487394957986
Capitulatie-koop,"{""m"": 2.5, ""k"": 2.0, ""tf"": 200}",1h,1,0.0,-0.01523010949465553,-0.0381319550993513,0.007115132463469509,-0.012549036262330615,-0.0018927510709729756,-0.0381319550993513,-0.0005900392513357414,0.0008143032334587612,2.18373375208622e-05,0.0002876748016608227,78,0.5256410256410257
Capitulatie-koop,"{""m"": 2.5, ""k"": 2.0, ""tf"": 200}",1h,1,2.5,-0.015308067076412524,-0.034884598916455345,0.002367085023414761,-0.01658233453687641,-0.004746368989291483,-0.034884598916455345,-0.0009959556482036873,0.00019091338554793797,-0.0001863231452002012,-0.0002541625021089215,78,0.5256410256410257
Capitulatie-koop,"{""m"": 2.5, ""k"": 2.0, ""tf"": 200}",4h,0,0.0,0.0004700878496921579,-0.010227616829514563,0.026326501474624786,-0.014382732856465186,0.015882735738366627,-0.014382732856465186,-0.0005741165298070388,0.00507362433749284,-0.00010592716628475551,0.0029557215122553854,23,0.6521739130434783
Capitulatie-koop,"{""m"": 2.5, ""k"": 2.0, ""tf"": 200}",4h,0,2.5,0.0009055848191201754,-0.010582647518936006,0.027346350433379962,-0.011675854724730539,0.01666452406044705,-0.011675854724730539,-0.0006849235567847087,0.005254650734002146,-0.00010592716628474858,0.0030273103749570754,23,0.6521739130434783
Capitulatie-koop,"{""m"": 2.5, ""k"": 2.0, ""tf"": 200}",4h,1,0.0,0.0026684241745245085,-0.006906516733430568,0.026326501474624786,-0.014382732856465075,0.016775562148063194,-0.014382732856465075,-0.00022777219634753345,0.005073624337492862,-0.00010592716628477633,0.0030856006373027136,21,0.7142857142857143
Capitulatie-koop,"{""m"": 2.5, ""k"": 2.0, ""tf"": 200}",4h,1,2.5,0.0036522412529114145,-0.006157497866835171,0.027346350433379962,-0.011675854724730761,0.017780233812346946,-0.011675854724730761,-0.00022777219634747178,0.005254650734002146,-0.00010592716628476939,0.003198742135121039,21,0.7142857142857143
Capitulatie-koop,"{""m"": 2.5, ""k"": 3.0, ""tf"": 0}",1h,0,0.0,0.03203316944500467,-0.08328973533655548,-0.02587045683431688,-0.13608065831656857,-0.003080058640305583,-0.13608065831656857,0.009860406664362078,0.00048820523318856185,0.0007602831990960457,0.0040027807698786305,818,0.5794621026894865
Capitulatie-koop,"{""m"": 2.5, ""k"": 3.0, ""tf"": 0}",1h,0,2.5,0.0007456159246308491,-0.08310279484003169,-0.01876735530810969,-0.12635620299850092,-0.010992397355449435,-0.12635620299850092,0.006583093245249737,0.0002596131187236006,-0.0005558277483988031,0.0026309181661709016,855,0.5660818713450292
Capitulatie-koop,"{""m"": 2.5, ""k"": 3.0, ""tf"": 0}",1h,1,0.0,0.020507742870670365,-0.058683572529556915,-0.04777027978332582,-0.1527470832509461,-0.020980265033202272,-0.1527470832509461,0.004610575644446373,-0.0005377398292334782,-0.00047582269249776127,0.0013928784733964656,403,0.5558312655086849
Capitulatie-koop,"{""m"": 2.5, ""k"": 3.0, ""tf"": 0}",1h,1,2.5,0.0033600579721870805,-0.07239695800414037,-0.029825719993148758,-0.12069847217008467,-0.016659506614942865,-0.12069847217008467,0.002396874726373424,3.483065791350567e-05,-0.0009142980521930286,0.000920597183585975,420,0.5476190476190477
Capitulatie-koop,"{""m"": 2.5, ""k"": 3.0, ""tf"": 0}",4h,0,0.0,-0.01974064349388438,-0.06321687002780385,0.07872938653080452,-0.07193222883429395,0.038136139634619814,-0.07193222883429395,0.002307225502686546,0.004111944512101906,-9.206395726777533e-05,0.003435174883571146,144,0.6388888888888888
Capitulatie-koop,"{""m"": 2.5, ""k"": 3.0, ""tf"": 0}",4h,0,2.5,-0.009148785306005935,-0.04220692507415891,0.05242963115524324,-0.09238392579593568,0.0273057157271428,-0.09238392579593568,0.0018465235307916464,0.004194551556894366,-0.003338430848773895,0.003314041047105846,149,0.610738255033557
Capitulatie-koop,"{""m"": 2.5, ""k"": 3.0, ""tf"": 0}",4h,1,0.0,-0.00750284700116588,-0.021811939117901802,0.03759875796836698,-0.07193222883429418,0.01928395186116294,-0.07193222883429418,-6.884749819583795e-05,0.004102467333110164,-0.0015447377712548699,0.002538224271370413,74,0.527027027027027
Capitulatie-koop,"{""m"": 2.5, ""k"": 3.0, ""tf"": 0}",4h,1,2.5,-0.008321661896234844,-0.022047543254613666,0.027523572802071072,-0.0923839257959358,0.013007540648861227,-0.0923839257959358,-0.0004088283396659589,0.004348427983257955,-0.003679904557652068,0.0025644568621614877,78,0.5128205128205128
Capitulatie-koop,"{""m"": 2.5, ""k"": 3.0, ""tf"": 200}",1h,0,0.0,-0.01675797230487852,-0.03622873943004978,0.004692917194218937,-0.012647194213071256,-0.003950954640380866,-0.03622873943004978,-0.0014192558468307064,0.0004990895452798998,-0.0004492094119892612,-0.00022028997676157755,99,0.45454545454545453
Capitulatie-koop,"{""m"": 2.5, ""k"": 3.0, ""tf"": 200}",1h,0,2.5,-0.01754578017129338,-0.03492581169310238,-0.0007633234914253828,-0.015511568176817647,-0.0075140005622179595,-0.038838772816059075,-0.0018882154546071808,-0.0001485988071247446,-0.00043153671762714146,-0.0008009550499306581,99,0.45454545454545453
Capitulatie-koop,"{""m"": 2.5, ""k"": 3.0, ""tf"": 200}",1h,1,0.0,-0.010644851647340858,-0.032470639460148276,0.004959312420114825,-0.011689810405970502,-0.0013183567644283745,-0.032470639460148276,-0.0006332212464487612,0.00054957309110093,2.183733752084832e-05,0.00010602521451979578,66,0.5151515151515151
Capitulatie-koop,"{""m"": 2.5, ""k"": 3.0, ""tf"": 200}",1h,1,2.5,-0.012401700617415301,-0.03133809403297316,0.0004066905270534438,-0.013807515714743923,-0.004739786227486498,-0.03133809403297316,-0.001039137643316596,-4.083837492393864e-05,-0.00018632314520019427,-0.0004152006005711852,66,0.5151515151515151
Capitulatie-koop,"{""m"": 2.5, ""k"": 3.0, ""tf"": 200}",4h,0,0.0,-0.0018350801354245494,-0.014406889192524641,0.017830773291606317,-0.014382732856465186,0.009902989025909914,-0.014406889192524641,-0.0010419104387191884,0.0034497877185880378,-0.00010592716628474858,0.001765400909597828,19,0.5789473684210527
Capitulatie-koop,"{""m"": 2.5, ""k"": 3.0, ""tf"": 200}",4h,0,2.5,-0.0013791619463063842,-0.01358094710269142,0.018842180141998455,-0.01167585472473065,0.010688854198881215,-0.01358094710269142,-0.0011479122055791935,0.0036308141150973436,-0.00010592716628475551,0.001838791744843642,19,0.5789473684210527
Capitulatie-koop,"{""m"": 2.5, ""k"": 3.0, ""tf"": 200}",4h,1,0.0,0.002558542792170604,-0.006906516733430568,0.017830773291606317,-0.014382732856465075,0.011679824387806459,-0.014382732856465075,-0.00025011184291408767,0.0034497877185880746,-0.00010592716628478327,0.0020623253830247637,17,0.6470588235294118
Capitulatie-koop,"{""m"": 2.5, ""k"": 3.0, ""tf"": 200}",4h,1,2.5,0.00354225205507408,-0.00615749786683506,0.018842180141998455,-0.011675854724730539,0.012679460975002277,-0.011675854724730539,-0.00025011184291407536,0.003630814115097314,-0.00010592716628476939,0.002175466880843043,17,0.6470588235294118
ATR-momentum,"{""k"": 2.0}",1h,0,0.0,-0.06035995179866205,-0.1601890429137397,0.10401155173252419,-0.2458968878343898,0.03496670198942109,-0.2458968878343898,0.029470864715802722,0.03401674585250979,-0.015693325200745095,0.032312040426244644,2632,0.3533434650455927
ATR-momentum,"{""k"": 2.0}",1h,0,2.5,-0.052817834242623984,-0.15624126919545855,0.09968406587884204,-0.21803207008097114,0.03584320121227713,-0.21803207008097114,0.026472634748447608,0.03161117643443516,-0.014862358076318326,0.029684223302189828,2646,0.3424036281179138
ATR-momentum,"{""k"": 2.0}",1h,1,0.0,-0.016689616604310342,-0.1268932747545658,0.1062887893236295,-0.1507078422621574,0.05525865360396298,-0.16611233521330637,0.009089845018979137,0.028423541368919357,-0.004366023336885044,0.021173405237691775,1355,0.34760147601476016
ATR-momentum,"{""k"": 2.0}",1h,1,2.5,-0.015402510181338647,-0.09698074122953315,0.09073660874499145,-0.148462546549067,0.04689292982665716,-0.15522386112847675,0.006144897806842181,0.025168480964477945,-0.004547864382209617,0.018034637280364533,1367,0.33430870519385514
ATR-momentum,"{""k"": 2.0}",4h,0,0.0,0.2179363908189429,-0.11867457472840548,0.11036756140194126,-0.2824162448859,0.1521467235373335,-0.2824162448859,0.06187411524541014,0.04422303293899675,-0.0149642512715518,0.05084218880390177,679,0.390279823269514
ATR-momentum,"{""k"": 2.0}",4h,0,2.5,0.18880283545695375,-0.10491968861501544,0.09916464100694578,-0.2569568478610845,0.1341242586111162,-0.2569568478610845,0.05710840953060904,0.04001045487845243,-0.014181784814799862,0.04642218787301116,684,0.3757309941520468
ATR-momentum,"{""k"": 2.0}",4h,1,0.0,0.10112209002827854,-0.07303780841467189,0.20192835792318053,-0.12571838821835357,0.16037932857870763,-0.12571838821835357,0.02377115689541487,0.04211525203059321,-0.0059060955839285514,0.03523621635490133,373,0.43699731903485256
ATR-momentum,"{""k"": 2.0}",4h,1,2.5,0.06613905185835178,-0.07312589639544553,0.1733750120174018,-0.13213750637322186,0.12909807834887732,-0.13213750637322186,0.018541826984906227,0.03723319512908648,-0.006246098357431486,0.030223932075018885,377,0.41379310344827586
Dual momentum,"{""n"": 24, ""m"": 168}",1h,0,0.0,-0.352649717351879,-0.6563379247721028,-0.22690623103509455,-0.6412417736195937,-0.27996080673855395,-0.8154341254586612,0.01564429347390528,0.023550513239526536,-0.05130886114029893,0.020585680827418563,12100,0.24636363636363637
Dual momentum,"{""n"": 24, ""m"": 168}",1h,0,2.5,-0.3665472638431174,-0.6453661121194172,-0.23239000326115022,-0.6314931317955814,-0.2892260715725694,-0.8242823085302752,0.0030703009099515783,0.020872091854095273,-0.04755993927997344,0.014196420250041386,12106,0.24458945977201388
Dual momentum,"{""n"": 24, ""m"": 168}",1h,1,0.0,-0.17329113102310045,-0.4778446181921667,-0.09858593555401951,-0.3704971777611621,-0.12938461739076856,-0.5381703370089448,0.011550067238834092,0.019859416995110245,-0.02399536336628598,0.016743410836506687,7055,0.24521615875265768
Dual momentum,"{""n"": 24, ""m"": 168}",1h,1,2.5,-0.20212870672810745,-0.47489630757660806,-0.11796473656243689,-0.3687147514812237,-0.15277333971923512,-0.5831866720599184,0.0017849480849195058,0.016357823123073198,-0.02241716517860591,0.010892994983765563,7059,0.2430939226519337
Dual momentum,"{""n"": 24, ""m"": 168}",4h,0,0.0,0.2154455403677784,-0.20790396557548918,0.06335697364095072,-0.5010493077848197,0.12506078695039946,-0.5010493077848197,0.08495934754529866,0.07073637722997476,-0.02614080438784696,0.07606999109822123,2973,0.3074335687857383
Dual momentum,"{""n"": 24, ""m"": 168}",4h,0,2.5,0.2088385496889993,-0.21227982313713523,0.04104353363863722,-0.508710311506715,0.10843473825095828,-0.508710311506715,0.08613927603708516,0.06749993995225115,-0.024923254076875685,0.0744896909840639,2974,0.3053127101546738
Dual momentum,"{""n"": 24, ""m"": 168}",4h,1,0.0,0.20618394886835167,-0.13964437503856608,0.15749916375575723,-0.27706651785471104,0.18010475531441505,-0.27706651785471104,0.054834500189810634,0.06414009157998637,-0.009340567331858,0.06065049480867046,1972,0.30730223123732253
Dual momentum,"{""n"": 24, ""m"": 168}",4h,1,2.5,0.21293537843807742,-0.13056214411753597,0.13027812616120626,-0.29574014090992196,0.1659990940736784,-0.29574014090992196,0.056329558707896146,0.06090154396982377,-0.00861848685133048,0.05918704949660092,1973,0.30461226558540294
ATR-momentum,"{""k"": 1.0}",1h,0,0.0,-0.3670459334481041,-0.6276257481255304,-0.26177939862183575,-0.7221254638802796,-0.3034691085297656,-0.8575917376155042,0.03549379023644758,0.03375353803293924,-0.08135556958108424,0.03440613260925487,12428,0.2784840682330222
ATR-momentum,"{""k"": 1.0}",1h,0,2.5,-0.3960246464419812,-0.6427673368975781,-0.2834697910219536,-0.7360528968347447,-0.32851832328617026,-0.8792002621831494,0.027737252353255193,0.030262782758797457,-0.08153312572776303,0.029315708856719108,12485,0.2760913095714858
ATR-momentum,"{""k"": 1.0}",1h,1,0.0,-0.1408264429559697,-0.3849909013166798,-0.05643241395997678,-0.4471342112991865,-0.08816019488735904,-0.5328149564247191,0.017898780448581977,0.03357935731490509,-0.025746343684848703,0.027699140990033923,6396,0.2817385866166354
ATR-momentum,"{""k"": 1.0}",1h,1,2.5,-0.17729582744868988,-0.406367110554841,-0.07997820890390028,-0.4549536230157477,-0.1173197615571846,-0.5859661252885356,0.009096979107779414,0.03002709392715843,-0.02677289481933271,0.0221783008698913,6429,0.27858142790480633
ATR-momentum,"{""k"": 1.0}",4h,0,0.0,0.13458597711079823,-0.2797006875629412,-0.06432157077368061,-0.5666331450123921,0.011050729018976302,-0.5666331450123921,0.10178043317134848,0.0599294900882871,-0.04609959197039593,0.07562359374443511,3037,0.3213697728021073
ATR-momentum,"{""k"": 1.0}",4h,0,2.5,0.1215931665622203,-0.2694606825557646,-0.062305875000794875,-0.5541056742624226,0.007699152994494307,-0.5541056742624226,0.10042772563698779,0.05927066232038127,-0.04614057060716784,0.07470456106410872,3043,0.3200788695366415
ATR-momentum,"{""k"": 1.0}",4h,1,0.0,0.11914472887429262,-0.22138055654314703,0.13644126522509437,-0.33634995577568305,0.1297248593495759,-0.33634995577568305,0.05054106160467716,0.054661657963058115,-0.019370325496646155,0.05311643432866525,1549,0.32666236281471916
ATR-momentum,"{""k"": 1.0}",4h,1,2.5,0.09666605868007205,-0.23981513872420268,0.1208455039329559,-0.3358291673884395,0.11134810631193903,-0.3358291673884395,0.048181084978687526,0.053332205038362855,-0.019847252090901865,0.05140053501598461,1557,0.3236994219653179
ATR-momentum,"{""k"": 1.5}",1h,0,0.0,-0.15152851640208642,-0.37676158399503634,0.05188095134882098,-0.3419206105439908,-0.03298115973857829,-0.40244640101717133,0.03013936509931002,0.05040574394333293,-0.02753899159903324,0.04280585187682434,5306,0.3173765548435733
ATR-momentum,"{""k"": 1.5}",1h,0,2.5,-0.17315611788693153,-0.38305916257117323,0.03991609088893533,-0.33221217450743734,-0.04946099569624518,-0.4380755852250271,0.023960364380528128,0.04800918309500712,-0.0270419921006139,0.0389908760770775,5340,0.31086142322097376
ATR-momentum,"{""k"": 1.5}",1h,1,0.0,-0.06086992194087304,-0.23773768269309437,0.09992432732213685,-0.21341162010597292,0.03443302904672563,-0.2539510257874721,0.015656166428440994,0.044530277184351694,-0.01048925444803793,0.03370248565088518,2756,0.3138606676342525
ATR-momentum,"{""k"": 1.5}",1h,1,2.5,-0.07750055510855791,-0.23517550539073906,0.08173905627741429,-0.219156794581442,0.01685387258015969,-0.2939702804102037,0.00929109433409477,0.04200314052613588,-0.01098084063972992,0.029736123204120463,2775,0.3063063063063063
ATR-momentum,"{""k"": 1.5}",4h,0,0.0,0.19310468855597684,-0.18778804340774558,0.06448195020443559,-0.3624685908332629,0.11450290143533359,-0.3624685908332629,0.08042803703199732,0.05601189683587648,-0.02896855926325368,0.06516794940942179,1382,0.34442836468885674
ATR-momentum,"{""k"": 1.5}",4h,0,2.5,0.16683528187114693,-0.1814579538898362,0.049638820170804676,-0.36674741947156386,0.09536117397779797,-0.36674741947156386,0.07675242739858724,0.052755405899949245,-0.028982394429824386,0.0617542889619385,1395,0.33691756272401435
ATR-momentum,"{""k"": 1.5}",4h,1,0.0,0.10788924995424032,-0.16801305507256858,0.2104841346635038,-0.18357264102258453,0.1685476539577868,-0.18357264102258453,0.03232685795111397,0.0471048986729988,-0.008684463461280614,0.04156313340229199,727,0.3782668500687758
ATR-momentum,"{""k"": 1.5}",4h,1,2.5,0.06775714101126717,-0.1792054028218979,0.18355858995298213,-0.1867587813413042,0.13600337019008402,-0.1867587813413042,0.02731380760910946,0.04390722143171966,-0.009607902456745025,0.03768469124824084,738,0.36449864498644985
Dual momentum,"{""n"": 24, ""m"": 500}",1h,0,0.0,-0.28091993990453434,-0.5719744955182497,-0.3011052780827195,-0.7090527993059341,-0.2919271370199683,-0.834403902283466,0.01976923696340564,-0.001355228048645274,-0.04309994022367768,0.006566446330873818,10766,0.24168679175181126
Dual momentum,"{""n"": 24, ""m"": 500}",1h,0,2.5,-0.3144100974441929,-0.5797448797087835,-0.30971628634694226,-0.7067707639300517,-0.31045614867527715,-0.8520050845276402,0.005605264705247482,-0.0038163033306844413,-0.04121370381222436,-0.00028321531720996995,10773,0.23985890652557318
Dual momentum,"{""n"": 24, ""m"": 500}",1h,1,0.0,-0.18629514779051337,-0.45455083982266953,-0.1944412178488436,-0.5165171680041866,-0.18992292851206516,-0.651844072269758,0.011075684621992203,-0.002571582338207157,-0.01927520442613194,0.0025461427718676036,7237,0.2373911841923449
Dual momentum,"{""n"": 24, ""m"": 500}",1h,1,2.5,-0.21787378509175992,-0.45769172400646185,-0.21398984828364553,-0.5301659873538564,-0.21430555771285154,-0.6961521185236008,0.0005298385321961128,-0.00544659831265939,-0.018823315509439352,-0.0032054344958385764,7242,0.23543220104943385
Dual momentum,"{""n"": 24, ""m"": 500}",4h,0,0.0,-0.03415538605843693,-0.3409514147808631,0.15036282796220068,-0.3255749465465352,0.07568651892928302,-0.3409514147808631,0.03621149604684177,0.0768653726863866,-0.02423861867852499,0.06162016894655728,2471,0.29664103601780656
Dual momentum,"{""n"": 24, ""m"": 500}",4h,0,2.5,-0.03513498225229461,-0.3336136658192179,0.10297379626051639,-0.33881533654378493,0.04848647420406671,-0.33881533654378493,0.03492507471765252,0.07151532607704364,-0.02462329660645181,0.05779398181727197,2473,0.29357056207035986
Dual momentum,"{""n"": 24, ""m"": 500}",4h,1,0.0,0.023110200249010004,-0.24437742769672532,0.12719152392441768,-0.33753524179994454,0.08743392955742402,-0.33753524179994454,0.02869090131966698,0.0684593880360509,-0.014875887146453472,0.05354620551740693,1974,0.29432624113475175
Dual momentum,"{""n"": 24, ""m"": 500}",4h,1,2.5,0.012762897417919916,-0.2486809439944302,0.08227493254388363,-0.37192194168565285,0.05695055820391959,-0.37192194168565285,0.026700710673816172,0.06313212500273889,-0.015163494683660926,0.04947034462939287,1976,0.29048582995951416
Dual momentum,"{""n"": 72, ""m"": 168}",1h,0,0.0,-0.02369358163218782,-0.40895776256231375,-0.06394241323124183,-0.5401275778358824,-0.04796582740884081,-0.5401275778358824,0.08239379370956432,0.06950494862182406,-0.05409154524005368,0.07433826552972667,8005,0.25446595877576517
Dual momentum,"{""n"": 72, ""m"": 168}",1h,0,2.5,-0.02691176428624631,-0.3820328406031668,-0.09345955863633715,-0.5245594168779244,-0.0673020273191427,-0.5245594168779244,0.07636762401404927,0.059163128578136194,-0.04923593342610548,0.0656148143666036,8016,0.24787924151696608
Dual momentum,"{""n"": 72, ""m"": 168}",1h,1,0.0,-0.025291607855416176,-0.3616472742595772,0.10220218585998087,-0.25300886948646073,0.049261330713658236,-0.3616472742595772,0.028239928989144205,0.05728429086696921,-0.02174070454008182,0.04639265516278484,4511,0.25626246951895365
Dual momentum,"{""n"": 72, ""m"": 168}",1h,1,2.5,-0.0404305569992679,-0.34989502193442057,0.05138728820870231,-0.263174247096884,0.01363299919656158,-0.34989502193442057,0.02434859574346578,0.04701772666070354,-0.019471606969038796,0.03851680256673938,4517,0.24839495240203674
Dual momentum,"{""n"": 72, ""m"": 168}",4h,0,0.0,0.2532954266336227,-0.2679209409444139,0.10406761038496204,-0.47612140466985053,0.16696815158613232,-0.47612140466985053,0.11710450693574072,0.08242039352768772,-0.03371533376483686,0.09542693605570762,1936,0.27117768595041325
Dual momentum,"{""n"": 72, ""m"": 168}",4h,0,2.5,0.2066195572025944,-0.26214329384091783,0.04420373018182322,-0.4722044810515863,0.11161863183610721,-0.4722044810515863,0.10655524643756362,0.06906287842858491,-0.03220240988231401,0.08312251643195194,1938,0.26625386996904027
Dual momentum,"{""n"": 72, ""m"": 168}",4h,1,0.0,0.2035870093812744,-0.25192509252361395,0.22205557094717188,-0.3009963913706869,0.22023846882670672,-0.3009963913706869,0.07629493602349185,0.08238530769192069,-0.014282264806902908,0.08010141831625987,1174,0.2580919931856899
Dual momentum,"{""n"": 72, ""m"": 168}",4h,1,2.5,0.15208754328164842,-0.24588897994213987,0.1463918018390551,-0.3078145380288735,0.15401606392893274,-0.3078145380288735,0.06541205679771872,0.0694710866374885,-0.013675562623108553,0.0679489504475748,1176,0.2508503401360544
Dual momentum,"{""n"": 72, ""m"": 500}",1h,0,0.0,0.019365864497048912,-0.3055069595079798,-0.06157867744704626,-0.5595005321203749,-0.02664898400169624,-0.5595005321203749,0.06366278745169039,0.05410933106982967,-0.03915116754885229,0.05769187721302745,6739,0.25374684671316217
Dual momentum,"{""n"": 72, ""m"": 500}",1h,0,2.5,0.007748458089085197,-0.28646873608183765,-0.08709666543725536,-0.5554126226228444,-0.046977204800815464,-0.5554126226228444,0.05706378278038847,0.04550254788888608,-0.03768707045530015,0.049838010973199474,6746,0.2472576341535725
Dual momentum,"{""n"": 72, ""m"": 500}",1h,1,0.0,-0.026433175399640962,-0.30548882911972464,0.020650214028282265,-0.30205873635058655,0.004930247417854305,-0.30548882911972464,0.024932133376276817,0.04426331375296876,-0.017776415684116344,0.037014121111709285,4488,0.24866310160427807
Dual momentum,"{""n"": 72, ""m"": 500}",1h,1,2.5,-0.030933056644724233,-0.28721071417973243,-0.024212387957756598,-0.32763764271646245,-0.023586016227376105,-0.32763764271646245,0.0212154328197922,0.0352172693563355,-0.01804558099088035,0.02996658065513176,4491,0.24181696726786908
Dual momentum,"{""n"": 72, ""m"": 500}",4h,0,0.0,-0.009645618162038572,-0.3792200195318466,0.09524289958474808,-0.404004495009062,0.05802229390861591,-0.404004495009062,0.05791056222412272,0.0827678602863504,-0.029138021890575898,0.07344637351301503,1582,0.25663716814159293
Dual momentum,"{""n"": 72, ""m"": 500}",4h,0,2.5,-0.03929624278114918,-0.3580441479208817,0.05588256612476883,-0.4070028196566702,0.02255718852310884,-0.4070028196566702,0.043634966828623556,0.07191499431798058,-0.02757873600761157,0.06130998400947169,1584,0.24873737373737373
Dual momentum,"{""n"": 72, ""m"": 500}",4h,1,0.0,0.030664843926757168,-0.3153160196459085,0.09220849955400601,-0.3881303750870546,0.07326697026563544,-0.3881303750870546,0.04966697671890405,0.07507564264731754,-0.019399991391933248,0.06554739292416246,1251,0.2454036770583533
Dual momentum,"{""n"": 72, ""m"": 500}",4h,1,2.5,-0.017343179535723285,-0.3140783624981799,0.05634937079127078,-0.3849721034805226,0.032119347050343805,-0.3849721034805226,0.035216247596745846,0.06544209280478505,-0.019103633070541845,0.05410740085177035,1253,0.23703112529928172
RSI momentum,"{""hi"": 55, ""tf"": 0}",1h,0,0.0,-0.600660011417138,-0.8303594881143287,-0.4832691828517145,-0.865614078907542,-0.5321094286236643,-0.9747340319841089,-0.01187174616617063,0.00319380537440462,-0.10568894281296418,-0.002455776453311099,21521,0.19413596022489663
RSI momentum,"{""hi"": 55, ""tf"": 0}",1h,0,2.5,-0.6104529002654977,-0.8307159133621282,-0.4987351934515263,-0.8761142227282335,-0.5450943462370784,-0.9777433624404895,-0.017709343188331925,-0.0009378699984904297,-0.10468446759304699,-0.00722717244468099,21521,0.1934389665907718
RSI momentum,"{""hi"": 55, ""tf"": 0}",1h,1,0.0,-0.299137462579276,-0.546189298205531,-0.26053213397376096,-0.5982238016248933,-0.2735905704370011,-0.7980003849094974,-0.007436045351207652,0.007724556797866167,-0.03485760333940447,0.0020393309919634847,11296,0.19210339943342777
RSI momentum,"{""hi"": 55, ""tf"": 0}",1h,1,2.5,-0.3189366653362219,-0.5505150837417021,-0.2828968190091995,-0.6304117103368073,-0.2949678508345335,-0.8236987898069856,-0.013418094522154304,0.0039053287071051674,-0.035564040927884406,-0.0025909550038671347,11296,0.19095254957507082
RSI momentum,"{""hi"": 55, ""tf"": 0}",4h,0,0.0,-0.05017036591368906,-0.39734852118933817,0.045239322657449454,-0.4761008553740457,0.007105374151493926,-0.4761008553740457,0.08745588305201431,0.07366585021318559,-0.05000141194678631,0.07883711252774636,4829,0.22924000828328847
RSI momentum,"{""hi"": 55, ""tf"": 0}",4h,0,2.5,-0.0715286673375104,-0.3899330650590398,0.039015146290487523,-0.4704126838516276,-0.005585337217220654,-0.4704126838516276,0.08053485208587768,0.07268008620043571,-0.04961877676389735,0.07562562340747646,4829,0.22799751501346036
RSI momentum,"{""hi"": 55, ""tf"": 0}",4h,1,0.0,-0.039004190390499294,-0.3310013889225445,0.15924411446498477,-0.24515242211782706,0.07657510649695576,-0.3310013889225445,0.028098702687186124,0.058323360821581266,-0.01584914453702009,0.04698911402118309,2571,0.23298327499027616
RSI momentum,"{""hi"": 55, ""tf"": 0}",4h,1,2.5,-0.0658159544898701,-0.33901895026777973,0.14750187424906924,-0.24656699356033962,0.05797785632655095,-0.33901895026777973,0.021750984539766958,0.05690407614773148,-0.01611303487391387,0.04372166679474478,2571,0.23064955270322832
RSI momentum,"{""hi"": 55, ""tf"": 200}",1h,0,0.0,-0.3412765328217374,-0.5906829891784148,-0.28846182403227716,-0.6213937194114174,-0.3093853409395645,-0.8280775533462454,-0.0055920220419467415,-0.002067743024064961,-0.039611666113925505,-0.0033893476557706284,12530,0.19920191540303273
RSI momentum,"{""hi"": 55, ""tf"": 200}",1h,0,2.5,-0.34549340573998266,-0.5823759928986797,-0.31272758937064227,-0.6513762433639332,-0.32533138496819214,-0.8451791859370535,-0.010496851534070983,-0.006257793615317834,-0.03912228143499807,-0.007847440334850265,12530,0.198244213886672
RSI momentum,"{""hi"": 55, ""tf"": 200}",1h,1,0.0,-0.20772501078020178,-0.43551115313517164,-0.1670209125079577,-0.42826977227025487,-0.18279996811519883,-0.6411540483626401,-0.008383485420480952,-0.003654999836224149,-0.010642005354854718,-0.00542818193032045,7603,0.19715901617782455
RSI momentum,"{""hi"": 55, ""tf"": 200}",1h,1,2.5,-0.21618395470321372,-0.4273063064428252,-0.19099222776647962,-0.45794876459585354,-0.20041561279548303,-0.6698968629837536,-0.012905110800986615,-0.007457340053186997,-0.011233651449016446,-0.009500254083611853,7603,0.19584374588978035
RSI momentum,"{""hi"": 55, ""tf"": 200}",4h,0,0.0,0.10386634625853586,-0.20833034846220677,0.18633039382872196,-0.24231861481042816,0.15381266799998694,-0.24231861481042816,0.05130021504459806,0.06076419960596189,-0.014500499061678343,0.05721520539545045,2715,0.23830570902394108
RSI momentum,"{""hi"": 55, ""tf"": 200}",4h,0,2.5,0.07852683342973643,-0.21841113245800026,0.1748986589940693,-0.24353115666649838,0.13652513548148093,-0.24353115666649838,0.04624993550139608,0.05931294743063701,-0.014543952276067931,0.054414317957171665,2715,0.23646408839779007
RSI momentum,"{""hi"": 55, ""tf"": 200}",4h,1,0.0,-0.001577568999873269,-0.25057539726229405,0.1673216851168997,-0.19895900567386848,0.09769281961857712,-0.25057539726229405,0.021854449992917042,0.04881121284304976,-0.008045448570970413,0.03870242677424999,1966,0.23296032553407936
RSI momentum,"{""hi"": 55, ""tf"": 200}",4h,1,2.5,-0.025194971510378195,-0.2540854978892726,0.15564548854792237,-0.19970398785386778,0.08069665647867774,-0.2540854978892726,0.016810981219472627,0.04735344750262613,-0.008197265619078638,0.03590002264644356,1966,0.23041709053916581
RSI momentum,"{""hi"": 60, ""tf"": 0}",1h,0,0.0,-0.3199449152033056,-0.6073766644309141,-0.06346737820407644,-0.5330345514374604,-0.1728491880849541,-0.6944100748512727,0.03412172589304726,0.06318467460962397,-0.0648332616301093,0.0522860688409077,7319,0.2896570569749966
RSI momentum,"{""hi"": 60, ""tf"": 0}",1h,0,2.5,-0.34125636517353997,-0.6095600155285836,-0.08221899694129775,-0.5320935922695641,-0.1931600924298924,-0.7226922175495403,0.024635113905092654,0.05921617011458271,-0.06452822820433352,0.04624827403602394,7379,0.28594660523106114
RSI momentum,"{""hi"": 60, ""tf"": 0}",1h,1,0.0,-0.10776665034359989,-0.35258933250527924,0.062191286193993056,-0.2979914820657281,-0.005628222337457078,-0.35786209830672844,0.021085315869345762,0.05402112331466454,-0.027290149602611016,0.041670195522670005,3917,0.2874648966045443
RSI momentum,"{""hi"": 60, ""tf"": 0}",1h,1,2.5,-0.1411548164562666,-0.3662891968346321,0.03668296179920616,-0.3011574265917365,-0.03485143463845153,-0.4223970531481023,0.011975668211646837,0.05012440183870013,-0.028126572498507578,0.035818626728555146,3956,0.282103134479272
RSI momentum,"{""hi"": 60, ""tf"": 0}",4h,0,0.0,0.11156549259697979,-0.33173579666636577,0.06678165124626134,-0.49070148226000176,0.08477087342268952,-0.49070148226000176,0.10367793928316812,0.07549669830655166,-0.045572595524151154,0.08606466367278283,1822,0.31394072447859495
RSI momentum,"{""hi"": 60, ""tf"": 0}",4h,0,2.5,0.13450072373707989,-0.30626691475509527,0.06321733557868492,-0.4756565304680356,0.09148342823637523,-0.4756565304680356,0.10246952746245275,0.07306827170331287,-0.04315235925647851,0.08409374261299034,1829,0.3121924548933844
RSI momentum,"{""hi"": 60, ""tf"": 0}",4h,1,0.0,0.08312601850499868,-0.28044131495983016,0.18924747802839303,-0.2142924212028654,0.14580694058255994,-0.28044131495983016,0.04835869322809848,0.05977303503561971,-0.019669292415696094,0.05549265685779925,1039,0.3233878729547642
RSI momentum,"{""hi"": 60, ""tf"": 0}",4h,1,2.5,0.07734854556985193,-0.27897962322738046,0.17178622111657127,-0.2152052338660968,0.13326858804179698,-0.27897962322738046,0.04689354926311288,0.056868825710588225,-0.01966767559297685,0.05312809704278496,1045,0.32057416267942584
RSI momentum,"{""hi"": 60, ""tf"": 200}",1h,0,0.0,-0.10643421007521892,-0.37133069416739806,0.05332612841224371,-0.3815192067455212,-0.01297624385572238,-0.3815192067455212,0.038997598478915325,0.05516518162491553,-0.0240272545268837,0.04910233794516545,5090,0.30392927308447937
RSI momentum,"{""hi"": 60, ""tf"": 200}",1h,0,2.5,-0.13074506913900386,-0.37589767429592746,0.03396477967158695,-0.3789068782626227,-0.034604064215273955,-0.3789068782626227,0.03028276689713954,0.05223342634021659,-0.023561109330974578,0.044001929049062694,5145,0.29931972789115646
RSI momentum,"{""hi"": 60, ""tf"": 200}",1h,1,0.0,-0.0749342017901573,-0.30185769322518596,0.116040121146886,-0.26871570483385543,0.036093147948971005,-0.30185769322518596,0.014647236480324153,0.046244870350687674,-0.009327005171541967,0.034395757649301355,3012,0.300132802124834
RSI momentum,"{""hi"": 60, ""tf"": 200}",1h,1,2.5,-0.10029487928618708,-0.3120652535918882,0.0913534802027951,-0.2627170400853752,0.010989037550247271,-0.3120652535918882,0.007141326338760769,0.04298808994597487,-0.010110224824243466,0.029545553593269578,3048,0.29396325459317585
RSI momentum,"{""hi"": 60, ""tf"": 200}",4h,0,0.0,0.2552409888300011,-0.22179234446394658,0.16872796122609213,-0.31633130371513507,0.20286542330849744,-0.31633130371513507,0.0843837969206584,0.06402979924644937,-0.018371158684354967,0.07166254837427775,1201,0.32972522897585343
RSI momentum,"{""hi"": 60, ""tf"": 200}",4h,0,2.5,0.258127508121196,-0.2185803984313246,0.15151106258536462,-0.3132208910781622,0.19331334170714776,-0.3132208910781622,0.08352055961959806,0.061111963600455566,-0.017585770618756803,0.069515187107634,1208,0.326158940397351
RSI momentum,"{""hi"": 60, ""tf"": 200}",4h,1,0.0,0.08823915963927265,-0.2549265919956012,0.18861381159884694,-0.18852092206926196,0.14760226148810784,-0.2549265919956012,0.03895399023988461,0.050353445329404826,-0.011012702212994496,0.04607864967083475,861,0.32868757259001163
RSI momentum,"{""hi"": 60, ""tf"": 200}",4h,1,2.5,0.08502359384820268,-0.2528450348272643,0.17031941901432912,-0.1915548488483495,0.1356404113482279,-0.2528450348272643,0.03838628856776286,0.047580221268711295,-0.011152887922817739,0.044132496505855635,866,0.325635103926097
RSI momentum,"{""hi"": 65, ""tf"": 0}",1h,0,0.0,-0.17306191845060637,-0.47906388671305933,0.019226525017372653,-0.44814695525682857,-0.06063382668772688,-0.47906388671305933,0.05462661100017066,0.06086268007428335,-0.046474882861538176,0.058524154171491094,3911,0.32088979800562517
RSI momentum,"{""hi"": 65, ""tf"": 0}",1h,0,2.5,-0.2248926829496224,-0.4895270258514345,0.009429292477284301,-0.4324035308861698,-0.08993930574265141,-0.509055286492593,0.036224002515210824,0.05652818542927666,-0.040986598638415424,0.048914116836501965,4094,0.3001954079140205
RSI momentum,"{""hi"": 65, ""tf"": 0}",1h,1,0.0,-0.010014456620442758,-0.2714006335608171,0.0739306418800445,-0.24734455544211675,0.041646256490491806,-0.2714006335608171,0.034613130984896316,0.052332945525765354,-0.02422633548597808,0.04568801507293946,2163,0.32223763291724455
RSI momentum,"{""hi"": 65, ""tf"": 0}",1h,1,2.5,-0.06131915868569171,-0.2790121717567837,0.059260423190241385,-0.2634322991687119,0.011326246891318226,-0.3489570235426278,0.022628567816577776,0.0471628117935894,-0.020781210218649107,0.03796247030221004,2267,0.2999558888398765
RSI momentum,"{""hi"": 65, ""tf"": 0}",4h,0,0.0,0.16625463766412274,-0.31889015508205654,0.07377886525742428,-0.47447985744617305,0.11030164016370292,-0.47447985744617305,0.10226605819663054,0.08652016080954385,-0.043048141619560956,0.09242487232970135,1030,0.3194174757281553
RSI momentum,"{""hi"": 65, ""tf"": 0}",4h,0,2.5,0.17485705697067666,-0.2980364236619807,0.054893939733445585,-0.46400790999296926,0.10179605894941735,-0.46400790999296926,0.10199268740164182,0.08007596152074516,-0.040116741259880795,0.08829473372608139,1070,0.3018691588785047
RSI momentum,"{""hi"": 65, ""tf"": 0}",4h,1,0.0,0.15337991459906286,-0.22635987854782913,0.22436047922920466,-0.2629445261139238,0.19580519154090958,-0.2629445261139238,0.05085755504349941,0.07306927923930052,-0.01852565483519905,0.0647398826658751,635,0.35118110236220473
RSI momentum,"{""hi"": 65, ""tf"": 0}",4h,1,2.5,0.13172899187568743,-0.24565582393019314,0.19954138942794164,-0.2637990494628567,0.17229655896052765,-0.2637990494628567,0.05014906410444707,0.06911870191864826,-0.017809634231738487,0.062005087738322806,659,0.3323216995447648
RSI momentum,"{""hi"": 65, ""tf"": 200}",1h,0,0.0,-0.058097613558004135,-0.3325860995190215,0.06500758123686179,-0.40132083032829424,0.014816673167078465,-0.40132083032829424,0.04903164120776008,0.05212228770988076,-0.024129175071170676,0.0509632952715855,3146,0.32644628099173556
RSI momentum,"{""hi"": 65, ""tf"": 200}",1h,0,2.5,-0.11661053386722531,-0.3511769396810047,0.05160146654108266,-0.39155237764656825,-0.01838054488749441,-0.39155237764656825,0.032354704172549056,0.04771465783963012,-0.019828509823119442,0.04195467521447472,3303,0.3045716015743264
RSI momentum,"{""hi"": 65, ""tf"": 200}",1h,1,0.0,0.005776411853087637,-0.2454660609751974,0.11202360354691465,-0.21777459354904738,0.0691378767757822,-0.2454660609751974,0.027760069121974224,0.044512270147749784,-0.013273211991618877,0.038230194763083945,1857,0.3306408185245019
RSI momentum,"{""hi"": 65, ""tf"": 200}",1h,1,2.5,-0.047809915975139505,-0.2542706568546802,0.08896814000669062,-0.2040745675631821,0.032916530732788996,-0.2565971681746694,0.016399659402154463,0.039146780590425895,-0.011250001311385184,0.03061661014482411,1955,0.3053708439897698
RSI momentum,"{""hi"": 65, ""tf"": 200}",4h,0,0.0,0.2135157109963417,-0.2418458819490631,0.24721663612060585,-0.28561457514467214,0.23397895823762216,-0.28561457514467214,0.08372610675072471,0.08446901148084832,-0.022363936212798106,0.08419042220705196,780,0.35
RSI momentum,"{""hi"": 65, ""tf"": 200}",4h,0,2.5,0.18173781354670537,-0.24460923377056965,0.2136153033909447,-0.3071363087709096,0.20112636793869498,-0.3071363087709096,0.08133207183438546,0.0779945801874393,-0.021854505638750132,0.0792461395550441,822,0.3223844282238443
RSI momentum,"{""hi"": 65, ""tf"": 200}",4h,1,0.0,0.13830047909173993,-0.24951062192075346,0.2722893442028931,-0.2150889640481186,0.21720825200858318,-0.24951062192075346,0.0468273678362974,0.06992187141578551,-0.011953080485848894,0.061261432573477465,558,0.36379928315412186
RSI momentum,"{""hi"": 65, ""tf"": 200}",4h,1,2.5,0.12098111373560627,-0.2642682700065685,0.24836572207504748,-0.21701150926388235,0.1960802234063601,-0.2642682700065685,0.04658490774371519,0.06611163894603327,-0.011648297002147576,0.05878911474516398,582,0.34192439862542956
Trades-piek,"{""n"": 50, ""z"": 2.0, ""tf"": 0}",1h,0,0.0,-0.19402715371682877,-0.4159188653171062,0.0033054655679201073,-0.3947358048756393,-0.07942450209366292,-0.49510463890797696,0.02518186108223608,0.03435192106802787,-0.022091911969742153,0.030913148573355947,6664,0.33463385354141656
Trades-piek,"{""n"": 50, ""z"": 2.0, ""tf"": 0}",1h,0,2.5,-0.21112538695165273,-0.4139982450825552,-0.03654528335446894,-0.4080012194357361,-0.10918850511082367,-0.5622744239750994,0.018636926685676465,0.02685362907387096,-0.0215976871315863,0.023772365678298022,6728,0.3284780023781213
Trades-piek,"{""n"": 50, ""z"": 2.0, ""tf"": 0}",1h,1,0.0,-0.06294408818886743,-0.2456959057995275,0.08349843563358328,-0.24740800674548913,0.02391103757327473,-0.24740800674548913,0.008367538826273021,0.03587009999848324,-0.007630748665361939,0.02555663955890441,3426,0.330122591943958
Trades-piek,"{""n"": 50, ""z"": 2.0, ""tf"": 0}",1h,1,2.5,-0.0790955109615582,-0.2387656293197925,0.03629358273815386,-0.268610567257926,-0.009968653520446069,-0.29574181541176325,0.0016891828752007873,0.028177232483541242,-0.008973053286341057,0.01824421388041357,3471,0.32180927686545663
Trades-piek,"{""n"": 50, ""z"": 2.0, ""tf"": 0}",4h,0,0.0,0.24592169723100388,-0.13877888332497657,0.13659434374572332,-0.31063532267280325,0.17904765553133828,-0.31063532267280325,0.08966138733070059,0.06245557925569203,-0.021041919434152123,0.07265775728382023,1602,0.3776529338327091
Trades-piek,"{""n"": 50, ""z"": 2.0, ""tf"": 0}",4h,0,2.5,0.21296574545466762,-0.14821086978035913,0.11462614189808318,-0.31538395546856146,0.1529036695480419,-0.31538395546856146,0.08668891696300464,0.05761900101905078,-0.022949389170849176,0.06852021949803348,1620,0.37160493827160496
Trades-piek,"{""n"": 50, ""z"": 2.0, ""tf"": 0}",4h,1,0.0,0.14452284645607083,-0.11574082402695518,0.24020274015543364,-0.17828559188570436,0.20081656058253294,-0.17828559188570436,0.03612854964781057,0.05623449962074488,-0.00713954973374329,0.04869476838089452,833,0.375750300120048
Trades-piek,"{""n"": 50, ""z"": 2.0, ""tf"": 0}",4h,1,2.5,0.11615860589978588,-0.11643400794366598,0.2070148190389267,-0.1721736895984035,0.16965139761844283,-0.1721736895984035,0.03287662214833361,0.05041902241703204,-0.007569628859293895,0.04384062231627014,845,0.3668639053254438
Trades-piek,"{""n"": 50, ""z"": 2.0, ""tf"": 200}",1h,0,0.0,-0.09234800521414877,-0.2858957557070928,0.07405407705493583,-0.2359072572255908,0.004771571977385314,-0.2858957557070928,0.024975343864762807,0.03694917273003419,-0.011761796019793803,0.03245898690555742,3928,0.32408350305498984
Trades-piek,"{""n"": 50, ""z"": 2.0, ""tf"": 200}",1h,0,2.5,-0.10098044655330884,-0.27348080322554114,0.04128911866107354,-0.22063807627780807,-0.0174727196136214,-0.3183088612903687,0.019110709158560304,0.030713206918399922,-0.011690069518988044,0.026362270258460066,3981,0.3154986184375785
Trades-piek,"{""n"": 50, ""z"": 2.0, ""tf"": 200}",1h,1,0.0,-0.033299788893827786,-0.2313374269324876,0.08823027140397732,-0.16502995567184242,0.0385678840190844,-0.2313374269324876,0.0072833705638736135,0.031888057285868486,-0.0024027833118211647,0.022661299765120407,2304,0.3224826388888889
Trades-piek,"{""n"": 50, ""z"": 2.0, ""tf"": 200}",1h,1,2.5,-0.044996112925829945,-0.2162546868345333,0.05121501946129081,-0.17166849084581648,0.012311050904674659,-0.2162546868345333,0.0011202862491848837,0.024937316392048294,-0.003233449868407366,0.016005930088474517,2347,0.31103536429484446
Trades-piek,"{""n"": 50, ""z"": 2.0, ""tf"": 200}",4h,0,0.0,0.21965204238074354,-0.2023788327035646,0.22089786741469686,-0.23464715590861018,0.22024081164459863,-0.23464715590861018,0.06765147874056537,0.06116156975234641,-0.010923280758085407,0.06359528562292853,917,0.3675027262813522
Trades-piek,"{""n"": 50, ""z"": 2.0, ""tf"": 200}",4h,0,2.5,0.19912413618148594,-0.19908029223799784,0.1961201145439455,-0.23356009227935548,0.1971809174589283,-0.23356009227935548,0.06500373195310982,0.056182242624077804,-0.010412813324696714,0.05949030112246481,934,0.3576017130620985
Trades-piek,"{""n"": 50, ""z"": 2.0, ""tf"": 200}",4h,1,0.0,0.08049476955735235,-0.19956283194554547,0.2388767221288992,-0.15324092181005566,0.17271264460446356,-0.19956283194554547,0.026759317938060436,0.05378036428123045,-0.00457592644711597,0.0436474719025417,647,0.37094281298299847
Trades-piek,"{""n"": 50, ""z"": 2.0, ""tf"": 200}",4h,1,2.5,0.06382529431741868,-0.18786265717281547,0.20748303846593563,-0.14704712006801568,0.14765179929880845,-0.18786265717281547,0.024383402889172907,0.048221870411094686,-0.00447296877539103,0.03928244509037402,660,0.3606060606060606
Trades-piek,"{""n"": 50, ""z"": 3.0, ""tf"": 0}",1h,0,0.0,-0.18966923036083239,-0.42374739660842575,0.1672464353513221,-0.22644512959212137,0.009900863825935469,-0.42374739660842575,0.01852112729461133,0.037237259843351425,-0.012663635888894194,0.03021871013757389,3584,0.35072544642857145
Trades-piek,"{""n"": 50, ""z"": 3.0, ""tf"": 0}",1h,0,2.5,-0.19204379251263326,-0.41501847837261197,0.14496157527669484,-0.2047368382841549,-0.0028680072946029034,-0.41501847837261197,0.012806131690102486,0.03379107711439826,-0.01214262944297722,0.025921722580287344,3619,0.3412544901906604
Trades-piek,"{""n"": 50, ""z"": 3.0, ""tf"": 0}",1h,1,0.0,-0.043654666170827805,-0.20123023873766022,0.14460854302588433,-0.15547682470792568,0.06654865227937701,-0.20123023873766022,0.006857460931522347,0.03285142508432976,-0.0026205409843287897,0.02310368852702698,1911,0.3532182103610675
Trades-piek,"{""n"": 50, ""z"": 3.0, ""tf"": 0}",1h,1,2.5,-0.04420806998974958,-0.18247587970635237,0.11827750157286476,-0.14973091469927224,0.05153582497675413,-0.18247587970635237,0.0014947584637564873,0.028979670375704186,-0.0033491090831711326,0.018672828408723797,1937,0.34021683014971604
Trades-piek,"{""n"": 50, ""z"": 3.0, ""tf"": 0}",4h,0,0.0,0.14402565758873442,-0.10743221368625999,0.14220645196865012,-0.23184735408640422,0.14283147599999135,-0.23184735408640422,0.05731396209327418,0.04980709634641219,-0.014251657617375353,0.05262217100148544,795,0.379874213836478
Trades-piek,"{""n"": 50, ""z"": 3.0, ""tf"": 0}",4h,0,2.5,0.12056861136150876,-0.12885650698848494,0.11783322536910634,-0.225834806162448,0.1188410600354648,-0.225834806162448,0.0537414888339498,0.043666831235572266,-0.013784241521617696,0.04744482783496384,808,0.3650990099009901
Trades-piek,"{""n"": 50, ""z"": 3.0, ""tf"": 0}",4h,1,0.0,0.04683894758719709,-0.08821586792408631,0.19936330748854592,-0.12366751337835669,0.1356815692123181,-0.12366751337835669,0.011013712867829583,0.042971528083265716,-0.0031138092645826287,0.030987347377477163,430,0.386046511627907
Trades-piek,"{""n"": 50, ""z"": 3.0, ""tf"": 0}",4h,1,2.5,0.017528022656171593,-0.1056204183305286,0.15616723157640244,-0.12711814156387613,0.09843786348555938,-0.12711814156387613,0.007468558801131102,0.03640436502615916,-0.003587889140007683,0.025553437691773637,439,0.36674259681093396
Trades-piek,"{""n"": 50, ""z"": 3.0, ""tf"": 200}",1h,0,0.0,-0.09166806655435555,-0.2670631373221044,0.17855457132229158,-0.19022794386693886,0.06234138888114349,-0.2670631373221044,0.0210754432906477,0.03823469246628722,-0.0033488482019977603,0.0317999740254224,2428,0.34555189456342666
Trades-piek,"{""n"": 50, ""z"": 3.0, ""tf"": 200}",1h,0,2.5,-0.09782091685829575,-0.2648998811934403,0.15977652245805696,-0.17057696418636925,0.04930868756143658,-0.2648998811934403,0.014922922078076217,0.03517473724803145,-0.0033138879077188876,0.027580306559298235,2458,0.3336045565500407
Trades-piek,"{""n"": 50, ""z"": 3.0, ""tf"": 200}",1h,1,0.0,-0.03163269007795377,-0.20019245501587335,0.13712533936785243,-0.13380476529233842,0.06678558981852167,-0.20019245501587335,0.0071532263582331345,0.02891908049203611,0.001297522885648543,0.020756885191859992,1417,0.35003528581510235
Trades-piek,"{""n"": 50, ""z"": 3.0, ""tf"": 200}",1h,1,2.5,-0.03576273769909011,-0.18830527831650068,0.11615803669523572,-0.1266810087977377,0.05315279546765206,-0.18830527831650068,0.0017926467714694096,0.02536194898511449,0.0005214822604381816,0.016523460654997584,1441,0.3337959750173491
Trades-piek,"{""n"": 50, ""z"": 3.0, ""tf"": 200}",4h,0,0.0,0.16532423495385307,-0.13105074979999576,0.21381315365285003,-0.1212898481996747,0.19401770434644394,-0.13105074979999576,0.046956168464763616,0.050255669240889284,-0.0074897861030095575,0.049018356449842156,520,0.40384615384615385
Trades-piek,"{""n"": 50, ""z"": 3.0, ""tf"": 200}",4h,0,2.5,0.147817676825166,-0.12196831654859297,0.1747303740600996,-0.12830089393292132,0.16375979680005348,-0.12830089393292132,0.04560730268452145,0.043838129776879016,-0.007258901950546293,0.04450156961724492,530,0.3849056603773585
Trades-piek,"{""n"": 50, ""z"": 3.0, ""tf"": 200}",4h,1,0.0,0.022764026464720866,-0.1332832575123497,0.2033883618706851,-0.11151661823708114,0.12741602763461746,-0.1332832575123497,0.007443219956691147,0.0419209644869039,-0.0021162286789377857,0.028991810288074116,360,0.39444444444444443
Trades-piek,"{""n"": 50, ""z"": 3.0, ""tf"": 200}",4h,1,2.5,0.007623143636517504,-0.12624861348881566,0.15967935035570768,-0.11501761062784355,0.09613599866283695,-0.12624861348881566,0.005988607446524729,0.035339466883807756,-0.002222219059006429,0.024332894594826623,367,0.3760217983651226
Trades-piek,"{""n"": 200, ""z"": 2.0, ""tf"": 0}",1h,0,0.0,-0.15362686797007818,-0.3560729456234336,0.10210638252311854,-0.3102498326248886,-0.008469137976092722,-0.3560729456234336,0.024733378571625015,0.041183479117376444,-0.021168247908779206,0.03501469141271966,5181,0.35649488515730554
Trades-piek,"{""n"": 200, ""z"": 2.0, ""tf"": 0}",1h,0,2.5,-0.15257942579881123,-0.3407368390641946,0.09117575395680744,-0.298745466226471,-0.01388502677812875,-0.3407368390641946,0.02130099601022744,0.0389466965303649,-0.020134931822301513,0.032329558835313355,5229,0.35111876075731496
Trades-piek,"{""n"": 200, ""z"": 2.0, ""tf"": 0}",1h,1,0.0,-0.01793585868058689,-0.18392584453585537,0.16565563197023492,-0.1664444915086507,0.08827975220069595,-0.18392584453585537,0.00932163124788448,0.04154873526887605,-0.005526693674548874,0.029463571261004212,2582,0.35941130906274205
Trades-piek,"{""n"": 200, ""z"": 2.0, ""tf"": 0}",1h,1,2.5,-0.020671121818981564,-0.16956293662158906,0.14733145036742412,-0.1717164399232527,0.0767941238181753,-0.1717164399232527,0.006100617059836876,0.039450489471348264,-0.006489551166403276,0.026944287317031496,2621,0.3521556657764212
Trades-piek,"{""n"": 200, ""z"": 2.0, ""tf"": 0}",4h,0,0.0,0.15303382789759423,-0.153748605812425,0.18527122683636366,-0.23812648999721864,0.17213047669729797,-0.23812648999721864,0.0712415431680366,0.06017568904858224,-0.023892588882729014,0.06432538434337763,1317,0.37661351556567957
Trades-piek,"{""n"": 200, ""z"": 2.0, ""tf"": 0}",4h,0,2.5,0.12593065648987856,-0.15752455544709987,0.17892581238674676,-0.2492822358745428,0.157296176993172,-0.2492822358745428,0.06877385931961735,0.058707459589166774,-0.02500281213863787,0.06248235948808575,1331,0.37039819684447783
Trades-piek,"{""n"": 200, ""z"": 2.0, ""tf"": 0}",4h,1,0.0,0.16092719831461988,-0.13277168203734613,0.2557522027374546,-0.16908615024680773,0.21672543007868983,-0.16908615024680773,0.03996798022381566,0.053683440638053845,-0.003057093316786094,0.04854014298271453,696,0.3764367816091954
Trades-piek,"{""n"": 200, ""z"": 2.0, ""tf"": 0}",4h,1,2.5,0.13665268778066864,-0.13919219951882333,0.23480505750856273,-0.17232287142645564,0.19437936462959504,-0.17232287142645564,0.037161171640866124,0.05171269656351341,-0.0033900388659724584,0.046255874717520684,707,0.36633663366336633
Trades-piek,"{""n"": 200, ""z"": 2.0, ""tf"": 200}",1h,0,0.0,-0.061483245193591274,-0.23586931253088528,0.1585300716919651,-0.17368473108278837,0.06478314260400819,-0.23586931253088528,0.023401297274103387,0.039413115966157375,-0.003901878680002663,0.03340868395663713,3017,0.3433874709976798
Trades-piek,"{""n"": 200, ""z"": 2.0, ""tf"": 200}",1h,0,2.5,-0.06580961913693062,-0.23012049518912603,0.14784725510825947,-0.17137360855625794,0.05693302903113384,-0.23012049518912603,0.01996230886172036,0.03771424588769128,-0.003494546087053463,0.03105726950295219,3063,0.33529219719229514
Trades-piek,"{""n"": 200, ""z"": 2.0, ""tf"": 200}",1h,1,0.0,-0.005430495463178531,-0.1833144830538067,0.13522280584525714,-0.13427139152230283,0.07660424854568437,-0.1833144830538067,0.008383811917011073,0.03497581670200801,-0.0021135419328281793,0.025003814907634158,1861,0.3487372380440623
Trades-piek,"{""n"": 200, ""z"": 2.0, ""tf"": 200}",1h,1,2.5,-0.01304672534334772,-0.17673868309203777,0.12157650481429316,-0.1318961119249843,0.06554781529066545,-0.17673868309203777,0.005049397626802726,0.033100900353555666,-0.003118487161604691,0.022581586831023317,1900,0.3389473684210526
Trades-piek,"{""n"": 200, ""z"": 2.0, ""tf"": 200}",4h,0,0.0,0.20553318731712844,-0.20206396701384566,0.22871756331475912,-0.16503955449007002,0.2192224385768744,-0.20206396701384566,0.06038271492148972,0.05714247183119007,-0.008474530623298698,0.05835756299005244,808,0.3626237623762376
Trades-piek,"{""n"": 200, ""z"": 2.0, ""tf"": 200}",4h,0,2.5,0.19480708463082608,-0.1919566428643823,0.2160333965580754,-0.17288406445812832,0.20733918845978172,-0.1919566428643823,0.059120008704445795,0.055846656781159514,-0.008105833736776057,0.05707416375239186,819,0.3540903540903541
Trades-piek,"{""n"": 200, ""z"": 2.0, ""tf"": 200}",4h,1,0.0,0.10650490266039259,-0.19682988322915762,0.24404728384609764,-0.15717867852681255,0.18688901359675936,-0.19682988322915762,0.032414312242632075,0.05295284646511281,-0.0037980067387827013,0.04525089613168254,595,0.3663865546218487
Trades-piek,"{""n"": 200, ""z"": 2.0, ""tf"": 200}",4h,1,2.5,0.09304719487329227,-0.1898118017291648,0.2228556697223587,-0.1605480051643512,0.16899404113912397,-0.1898118017291648,0.03070235779086768,0.05098295150222348,-0.0037618478066251126,0.04337772886046506,605,0.35537190082644626
Trades-piek,"{""n"": 200, ""z"": 3.0, ""tf"": 0}",1h,0,0.0,-0.03449330110173332,-0.22118889892720317,0.2131394945076328,-0.16957280998781588,0.1070691343962753,-0.22118889892720317,0.030185310831883187,0.033887328855989586,-0.003913738148050364,0.03249907209694969,2734,0.37856620336503294
Trades-piek,"{""n"": 200, ""z"": 3.0, ""tf"": 0}",1h,0,2.5,-0.02368438480630064,-0.20096783220070868,0.1804319349755561,-0.1727472814971044,0.09395114612959476,-0.20096783220070868,0.02941002590482353,0.02944052509878247,-0.0029154436073561274,0.029429087901047868,2766,0.37129428778018797
Trades-piek,"{""n"": 200, ""z"": 3.0, ""tf"": 0}",1h,1,0.0,0.03326486321552635,-0.11731433955721093,0.16880713803980263,-0.1047549487314805,0.11244133800347411,-0.11731433955721093,0.014248281872701551,0.03251359019471515,-0.0021940439735412404,0.025664099573960052,1485,0.3771043771043771
Trades-piek,"{""n"": 200, ""z"": 3.0, ""tf"": 0}",1h,1,2.5,0.033931568447116645,-0.10274194902475031,0.13402505636628614,-0.10641764892195105,0.09276830289066029,-0.10641764892195105,0.01287082779838173,0.0274929372778805,-0.002741810445799839,0.02200964622306846,1509,0.36646785950960903
Trades-piek,"{""n"": 200, ""z"": 3.0, ""tf"": 0}",4h,0,0.0,0.04029511218210424,-0.1733331439021104,0.08256417935298943,-0.25360014058684077,0.06538248312308115,-0.25360014058684077,0.03857210095513518,0.03887929348622273,-0.017969923873555095,0.0387640962870649,725,0.35586206896551725
Trades-piek,"{""n"": 200, ""z"": 3.0, ""tf"": 0}",4h,0,2.5,0.0162050888041394,-0.1767116084893392,0.08936779095230007,-0.2305051023593292,0.059408113366935966,-0.2305051023593292,0.03575247477960783,0.03759938683871551,-0.018194498578238995,0.03690679481655013,734,0.3474114441416894
Trades-piek,"{""n"": 200, ""z"": 3.0, ""tf"": 0}",4h,1,0.0,0.023205681559711477,-0.14071225613775662,0.1569881325940048,-0.15005846788444133,0.1013551552762908,-0.15005846788444133,0.01396573033109225,0.03564450883156387,-0.0038264349816023516,0.02751496689388701,404,0.36633663366336633
Trades-piek,"{""n"": 200, ""z"": 3.0, ""tf"": 0}",4h,1,2.5,0.0011559127924134494,-0.1423936904381159,0.14831137657597537,-0.13066310939801062,0.08688058182829206,-0.1423936904381159,0.01036943961757835,0.03441323958299173,-0.003595284574943673,0.025396814595961714,411,0.35279805352798055
Trades-piek,"{""n"": 200, ""z"": 3.0, ""tf"": 200}",1h,0,0.0,0.012347889403300227,-0.14651132210677953,0.17819323423198918,-0.1516327434892073,0.10867317874941107,-0.1516327434892073,0.02955079007258325,0.032321718241679204,-0.001541485460799935,0.031282620178268224,1814,0.37045203969129
Trades-piek,"{""n"": 200, ""z"": 3.0, ""tf"": 200}",1h,0,2.5,0.01798200334726907,-0.1395786820486068,0.15170456016869882,-0.15284257143971836,0.09610268266175859,-0.15284257143971836,0.028746558525251445,0.028274058611771895,-0.0007202831003286295,0.028451246079326725,1845,0.35989159891598915
Trades-piek,"{""n"": 200, ""z"": 3.0, ""tf"": 200}",1h,1,0.0,0.03983728117796992,-0.12199468902200195,0.1460148311479652,-0.09135622656507847,0.10218589353864616,-0.12199468902200195,0.014687851960764867,0.02833207930417975,-0.0012900563100605653,0.02321549405039917,1132,0.38162544169611307
Trades-piek,"{""n"": 200, ""z"": 3.0, ""tf"": 200}",1h,1,2.5,0.03664328891769553,-0.11351985126071262,0.11672638432430249,-0.09231993752450218,0.08388557932823382,-0.11351985126071262,0.013213388260747298,0.023565705486807476,-0.0016831460709483687,0.019683586527034908,1156,0.36764705882352944
Trades-piek,"{""n"": 200, ""z"": 3.0, ""tf"": 200}",4h,0,0.0,0.06360111307165495,-0.1900073141396701,0.14478813362530762,-0.15279644472599463,0.11147403654935717,-0.1900073141396701,0.03192849885283063,0.03879532122356,-0.00804834042631613,0.036220262834536485,480,0.35208333333333336
Trades-piek,"{""n"": 200, ""z"": 3.0, ""tf"": 200}",4h,0,2.5,0.052904698184210286,-0.1898324582455767,0.14052580060283382,-0.15156855094311905,0.1045153031270134,-0.1898324582455767,0.030274124635779092,0.037667595001997595,-0.0073734319430317635,0.03489504361466566,488,0.3401639344262295
Trades-piek,"{""n"": 200, ""z"": 3.0, ""tf"": 200}",4h,1,0.0,-0.0037696867875516293,-0.18010396163613218,0.1576030706138143,-0.1400723141687853,0.08998772372428498,-0.18010396163613218,0.010464014133498265,0.035149728212578765,-0.0037977470936312804,0.025892585432923578,358,0.36033519553072624
Trades-piek,"{""n"": 200, ""z"": 3.0, ""tf"": 200}",4h,1,2.5,-0.019771597008054198,-0.17780144273606202,0.1488891020759442,-0.1204759800025389,0.07805457409132077,-0.17780144273606202,0.00802900932234565,0.033914015547612246,-0.0035668133142491704,0.024207138213137275,364,0.34615384615384615
